{"label": 0, "event": null, "tstamp": 1.0, "dist": 0.0, "_child0": {"label": 1, "event": "S", "tstamp": 0.8849145833444826, "dist": 0.11508541665551741, "_child0": {"label": 2, "event": "S", "tstamp": 0.6737331660346613, "dist": 0.21118141730982132, "_child0": {"label": 4, "event": "S", "tstamp": 0.0, "dist": 0.6737331660346613}, "_child1": {"label": 5, "event": "S", "tstamp": 0.0, "dist": 0.6737331660346613}}, "_child1": {"label": 3, "event": "S", "tstamp": 0.1739372911218961, "dist": 0.7109772922225865, "_child0": {"label": 7, "event": "S", "tstamp": 0.05338744302798436, "dist": 0.12054984809391174, "_child0": {"label": 8, "event": "S", "tstamp": 0.0, "dist": 0.05338744302798436}, "_child1": {"label": 9, "event": "S", "tstamp": 0.0, "dist": 0.05338744302798436}}, "_child1": {"label": 6, "event": "S", "tstamp": 0.0, "dist": 0.1739372911218961}}}}