{"label": 1, "event": "S", "reconc": 1, "tstamp": 0.9395116893244078, "transferred": 0, "dist": 0.0, "_child0": {"label": 2, "event": "H", "reconc": [1, 3], "tstamp": 0.8746794238433653, "transferred": 0, "dist": 0.050367575804685184, "_child0": {"label": 4, "event": "S", "reconc": 3, "tstamp": 0.7736141298851029, "transferred": 0, "dist": 0.07851667401864974, "_child0": {"label": 9, "event": "D", "reconc": [5, 7], "tstamp": 0.12141363403383619, "transferred": 0, "dist": 0.5916593246367029, "_child0": {"label": 42, "event": "S", "reconc": 7, "tstamp": 0.0, "transferred": 0, "dist": 0.11046746094438643}, "_child1": {"label": 43, "event": "S", "reconc": 7, "tstamp": 0.0, "transferred": 0, "dist": 0.11046746094438643}}, "_child1": {"label": 7, "event": "S", "reconc": 4, "tstamp": 0.6349702858996513, "transferred": 0, "dist": 0.1111350639048946, "_child0": {"label": 12, "event": "S", "reconc": 9, "tstamp": 0.4908463159218517, "transferred": 0, "dist": 0.12506926550695582, "_child0": {"label": 15, "event": "H", "reconc": [9, 11], "tstamp": 0.38687595384459694, "transferred": 0, "dist": 0.12138706828690256, "_child0": {"label": 20, "event": "H", "reconc": [9, 11], "tstamp": 0.38544688480127115, "transferred": 0, "dist": 0.0016684610698959569, "_child0": {"label": 23, "event": "S", "reconc": 10, "tstamp": 0.0, "transferred": 1, "dist": 0.41761103199554195}, "_child1": {"label": 22, "event": "S", "reconc": 11, "tstamp": 0.0, "transferred": 0, "dist": 0.4500154312397214}}, "_child1": {"label": 21, "event": "S", "reconc": 15, "tstamp": 0.3503871578546595, "transferred": 1, "dist": 0.17661515548849674, "_child0": {"label": 27, "event": "H", "reconc": [15, 29], "tstamp": 0.1532155681778674, "transferred": 0, "dist": 0.33630336478876477, "_child0": {"label": 36, "event": "S", "reconc": 29, "tstamp": 0.0, "transferred": 0, "dist": 0.23621271539631244}, "_child1": {"label": 37, "event": "S", "reconc": 8, "tstamp": 0.0, "transferred": 1, "dist": 1.2305442397519086}}, "_child1": {"label": 29, "event": "D", "reconc": [15, 17], "tstamp": 0.09124446802571468, "transferred": 0, "dist": 0.4009348405024719, "_child0": {"label": 52, "event": "S", "reconc": 17, "tstamp": 0.0, "transferred": 0, "dist": 0.17689787122142317}, "_child1": {"label": 53, "event": "S", "reconc": 17, "tstamp": 0.0, "transferred": 0, "dist": 0.13414895794695939}}, "_child2": {"label": 28, "event": "D", "reconc": [15, 28], "tstamp": 0.05960858453127561, "transferred": 0, "dist": 0.311188455865162, "_child0": {"label": 54, "event": "H", "reconc": [15, 28], "tstamp": 0.041825637347428384, "transferred": 0, "dist": 0.0615722019299481, "_child0": {"label": 56, "event": "S", "reconc": 28, "tstamp": 0.0, "transferred": 0, "dist": 0.14481832296863908}, "_child1": {"label": 57, "event": "S", "reconc": 7, "tstamp": 0.0, "transferred": 1, "dist": 0.08057956280849587}}, "_child1": {"label": 55, "event": "S", "reconc": 28, "tstamp": 0.0, "transferred": 0, "dist": 0.10027144665417421}}}}, "_child1": {"label": 14, "event": "S", "reconc": 10, "tstamp": 0.0, "transferred": 0, "dist": 0.43178380702140706}}, "_child1": {"label": 13, "event": "S", "reconc": 8, "tstamp": 0.0, "transferred": 0, "dist": 0.8815142083892298}}}, "_child1": {"label": 11, "event": "S", "reconc": 6, "tstamp": 0.4368254890442612, "transferred": 1, "dist": 0.669369392854576, "_child0": {"label": 16, "event": "S", "reconc": 13, "tstamp": 0.4223125537814754, "transferred": 0, "dist": 0.01581395613172652, "_child0": {"label": 18, "event": "S", "reconc": 15, "tstamp": 0.3503871578546595, "transferred": 0, "dist": 0.07975538181798257, "_child0": {"label": 25, "event": "S", "reconc": 28, "tstamp": 0.0, "transferred": 0, "dist": 0.3614063581944787}, "_child1": {"label": 26, "event": "S", "reconc": 17, "tstamp": 0.0, "transferred": 0, "dist": 0.4866503029590203}}, "_child1": {"label": 19, "event": "S", "reconc": 14, "tstamp": 0.26058663649860764, "transferred": 0, "dist": 0.18006119322102326, "_child0": {"label": 30, "event": "S", "reconc": 19, "tstamp": 0.20687661361072343, "transferred": 0, "dist": 0.05793237599099366, "_child0": {"label": 32, "event": "S", "reconc": 21, "tstamp": 0.1830126865469236, "transferred": 0, "dist": 0.024702161213307327, "_child0": {"label": 34, "event": "H", "reconc": [21, 22], "tstamp": 0.1374708284949291, "transferred": 0, "dist": 0.04610031250262126, "_child0": {"label": 38, "event": "S", "reconc": 22, "tstamp": 0.09509434284143911, "transferred": 0, "dist": 0.042896124904661805, "_child0": {"label": 46, "event": "S", "reconc": 27, "tstamp": 0.0, "transferred": 0, "dist": 0.09178960342811147}, "_child1": {"label": 47, "event": "S", "reconc": 26, "tstamp": 0.0, "transferred": 0, "dist": 0.09641654280252009}, "_child2": {"label": 48, "event": "S", "reconc": 24, "tstamp": 0.0, "transferred": 0, "dist": 0.09153673150525042}}, "_child1": {"label": 39, "event": "S", "reconc": 12, "tstamp": 0.0, "transferred": 1, "dist": 0.17688379096431772}}, "_child1": {"label": 35, "event": "S", "reconc": 23, "tstamp": 0.0, "transferred": 0, "dist": 0.23843238686266682}}, "_child1": {"label": 33, "event": "H", "reconc": [19, 20], "tstamp": 0.12337316796549092, "transferred": 0, "dist": 0.09446251058672413, "_child0": {"label": 40, "event": "S", "reconc": 20, "tstamp": 0.0, "transferred": 0, "dist": 0.13956476999249734}, "_child1": {"label": 41, "event": "S", "reconc": 12, "tstamp": 0.0, "transferred": 1, "dist": 0.14773557296150858}}}, "_child1": {"label": 31, "event": "H", "reconc": [14, 18], "tstamp": 0.09576138190284364, "transferred": 0, "dist": 0.18092390777658185, "_child0": {"label": 45, "event": "S", "reconc": 22, "tstamp": 0.09509434284143911, "transferred": 1, "dist": 0.0006798621734579668, "_child0": {"label": 50, "event": "H", "reconc": [22, 26], "tstamp": 0.03973668742021635, "transferred": 0, "dist": 0.0751895863984892, "_child0": {"label": 59, "event": "S", "reconc": 27, "tstamp": 0.0, "transferred": 1, "dist": 0.07326218404902697}, "_child1": {"label": 58, "event": "S", "reconc": 26, "tstamp": 0.0, "transferred": 0, "dist": 0.053972392241646}}, "_child1": {"label": 49, "event": "H", "reconc": [22, 27], "tstamp": 0.00988301265029553, "transferred": 0, "dist": 0.09914612872972395, "_child0": {"label": 60, "event": "S", "reconc": 27, "tstamp": 0.0, "transferred": 0, "dist": 0.011499203712296145}, "_child1": {"label": 61, "event": "S", "reconc": 7, "tstamp": 0.0, "transferred": 1, "dist": 0.009668274134755196}}, "_child2": {"label": 51, "event": "S", "reconc": 24, "tstamp": 0.0, "transferred": 0, "dist": 0.10029839503934847}}, "_child1": {"label": 44, "event": "S", "reconc": 18, "tstamp": 0.0, "transferred": 0, "dist": 0.10511449516907576}}}}, "_child1": {"label": 17, "event": "S", "reconc": 12, "tstamp": 0.0, "transferred": 0, "dist": 0.49810410081356055}}}, "_child1": {"label": 3, "event": "S", "reconc": 2, "tstamp": 0.0, "transferred": 0, "dist": 0.980648417110403}}