{"label": 0, "event": null, "tstamp": 1.0, "dist": 0.0, "_child0": {"label": 1, "event": "S", "tstamp": 0.9438810534737759, "dist": 0.05611894652622407, "_child0": {"label": 2, "event": "S", "tstamp": 0.882017555595329, "dist": 0.061863497878446916, "_child0": {"label": 4, "event": "S", "tstamp": 0.6102958686111535, "dist": 0.27172168698417554, "_child0": {"label": 7, "event": "S", "tstamp": 0.5809505845499617, "dist": 0.029345284061191745, "_child0": {"label": 9, "event": "S", "tstamp": 0.5439979225744178, "dist": 0.03695266197554392, "_child0": {"label": 10, "event": "S", "tstamp": 0.0, "dist": 0.5439979225744178}, "_child1": {"label": 11, "event": "S", "tstamp": 0.0, "dist": 0.5439979225744178}}, "_child1": {"label": 8, "event": "S", "tstamp": 0.0, "dist": 0.5809505845499617}}, "_child1": {"label": 6, "event": "S", "tstamp": 0.41268459199309016, "dist": 0.19761127661806333, "_child0": {"label": 16, "event": "S", "tstamp": 0.0, "dist": 0.41268459199309016}, "_child1": {"label": 17, "event": "S", "tstamp": 0.0, "dist": 0.41268459199309016}}}, "_child1": {"label": 12, "event": "S", "tstamp": 0.0, "dist": 0.882017555595329}, "_child2": {"label": 15, "event": "S", "tstamp": 0.0, "dist": 0.882017555595329}, "_child3": {"label": 14, "event": "S", "tstamp": 0.18469887248438357, "dist": 0.6973186831109455, "_child0": {"label": 19, "event": "S", "tstamp": 0.13791619232780222, "dist": 0.04678268015658135, "_child0": {"label": 21, "event": "S", "tstamp": 0.10648221272013848, "dist": 0.03143397960766374, "_child0": {"label": 22, "event": "S", "tstamp": 0.0, "dist": 0.10648221272013848}, "_child1": {"label": 23, "event": "S", "tstamp": 0.0, "dist": 0.10648221272013848}}, "_child1": {"label": 25, "event": "S", "tstamp": 0.0, "dist": 0.13791619232780222}, "_child2": {"label": 24, "event": "S", "tstamp": 0.0, "dist": 0.13791619232780222}}, "_child1": {"label": 18, "event": "S", "tstamp": 0.0, "dist": 0.18469887248438357}}}, "_child1": {"label": 3, "event": "S", "tstamp": 0.0, "dist": 0.9438810534737759}}}