{"label": 0, "event": null, "tstamp": 1.0, "dist": 0.0, "_child0": {"label": 1, "event": "S", "tstamp": 0.7013400229670519, "dist": 0.2986599770329481, "_child0": {"label": 5, "event": "S", "tstamp": 0.0, "dist": 0.7013400229670519}, "_child1": {"label": 4, "event": "S", "tstamp": 0.6324021996343278, "dist": 0.06893782333272414, "_child0": {"label": 9, "event": "S", "tstamp": 0.0, "dist": 0.6324021996343278}, "_child1": {"label": 8, "event": "S", "tstamp": 0.40354683008105596, "dist": 0.2288553695532718, "_child0": {"label": 14, "event": "S", "tstamp": 0.0, "dist": 0.40354683008105596}, "_child1": {"label": 15, "event": "S", "tstamp": 0.0, "dist": 0.40354683008105596}}, "_child2": {"label": 10, "event": "S", "tstamp": 0.015239805733735992, "dist": 0.6171623939005918, "_child0": {"label": 24, "event": "S", "tstamp": 0.0, "dist": 0.015239805733735992}, "_child1": {"label": 25, "event": "S", "tstamp": 0.0, "dist": 0.015239805733735992}}, "_child3": {"label": 11, "event": "S", "tstamp": 0.5192016792154528, "dist": 0.11320052041887496, "_child0": {"label": 13, "event": "S", "tstamp": 0.21332464053661798, "dist": 0.3058770386788348, "_child0": {"label": 23, "event": "S", "tstamp": 0.0, "dist": 0.21332464053661798}, "_child1": {"label": 22, "event": "S", "tstamp": 0.0, "dist": 0.21332464053661798}, "_child2": {"label": 20, "event": "S", "tstamp": 0.0, "dist": 0.21332464053661798}}, "_child1": {"label": 12, "event": "S", "tstamp": 0.0, "dist": 0.5192016792154528}}}, "_child2": {"label": 16, "event": "S", "tstamp": 0.0, "dist": 0.7013400229670519}, "_child3": {"label": 17, "event": "S", "tstamp": 0.2285055805060827, "dist": 0.4728344424609692, "_child0": {"label": 18, "event": "S", "tstamp": 0.0, "dist": 0.2285055805060827}, "_child1": {"label": 19, "event": "S", "tstamp": 0.0, "dist": 0.2285055805060827}}}}