{"label": 2, "event": "D", "reconc": [0, 1], "tstamp": 0.608126108524919, "transferred": 0, "dist": 0.0, "_child0": {"label": 4, "event": "S", "reconc": 1, "tstamp": 0.269356988133561, "transferred": 0, "dist": 0.7602839388062325, "_child0": {"label": 6, "event": "S", "reconc": 3, "tstamp": 0.2516104632982265, "transferred": 0, "dist": 0.035230311138018576, "_child0": {"label": 10, "event": "S", "reconc": 5, "tstamp": 0.05469210198349519, "transferred": 0, "dist": 0.4171838944396723, "_child0": {"label": 14, "event": "S", "reconc": 6, "tstamp": 0.0, "transferred": 0, "dist": 0.18247820629614514}, "_child1": {"label": 15, "event": "S", "reconc": 7, "tstamp": 0.0, "transferred": 0, "dist": 0.08902427805896979}}, "_child1": {"label": 11, "event": "S", "reconc": 4, "tstamp": 0.03623943586537257, "transferred": 0, "dist": 0.8016145670033138, "_child0": {"label": 18, "event": "S", "reconc": 8, "tstamp": 0.0, "transferred": 0, "dist": 0.037281560745322975}, "_child1": {"label": 19, "event": "S", "reconc": 9, "tstamp": 0.0, "transferred": 0, "dist": 0.06496641061402135}}}, "_child1": {"label": 7, "event": "S", "reconc": 2, "tstamp": 0.0, "transferred": 0, "dist": 0.517665383622074}}, "_child1": {"label": 5, "event": "S", "reconc": 1, "tstamp": 0.269356988133561, "transferred": 0, "dist": 0.6252999048192842, "_child0": {"label": 8, "event": "S", "reconc": 3, "tstamp": 0.2516104632982265, "transferred": 0, "dist": 0.10009159890085177, "_child0": {"label": 12, "event": "S", "reconc": 5, "tstamp": 0.05469210198349519, "transferred": 0, "dist": 0.2650720707360159, "_child0": {"label": 16, "event": "S", "reconc": 6, "tstamp": 0.0, "transferred": 0, "dist": 0.13826891857915058}, "_child1": {"label": 17, "event": "S", "reconc": 7, "tstamp": 0.0, "transferred": 0, "dist": 0.0911934910084919}}, "_child1": {"label": 13, "event": "S", "reconc": 4, "tstamp": 0.03623943586537257, "transferred": 0, "dist": 0.37277165185636413, "_child0": {"label": 20, "event": "S", "reconc": 8, "tstamp": 0.0, "transferred": 0, "dist": 0.17494198997498533}, "_child1": {"label": 21, "event": "S", "reconc": 9, "tstamp": 0.0, "transferred": 0, "dist": 0.036542083446277844}}}, "_child1": {"label": 9, "event": "S", "reconc": 2, "tstamp": 0.0, "transferred": 0, "dist": 0.3896741596454993}}}