{"label": 2, "event": "S", "reconc": 2, "tstamp": 0.6231527788632741, "transferred": 0, "dist": 0.0, "_child0": {"label": 4, "event": "H", "reconc": [2, 4], "tstamp": 0.47246550318344116, "transferred": 0, "dist": 0.1297482395640049, "_child0": {"label": 6, "event": "H", "reconc": [2, 4], "tstamp": 0.20557695407246002, "transferred": 0, "dist": 0.22980254471197997, "_child0": {"label": 10, "event": "S", "reconc": 3, "tstamp": 0.04375448438227578, "transferred": 1, "dist": 0.2988215508649614, "_child0": {"label": 16, "event": "H", "reconc": [3, 7], "tstamp": 0.04124854283920691, "transferred": 0, "dist": 0.004360848798512033, "_child0": {"label": 18, "event": "S", "reconc": 7, "tstamp": 0.040614916022335384, "transferred": 0, "dist": 0.0011026397446108618, "_child0": {"label": 22, "event": "S", "reconc": 8, "tstamp": 0.0, "transferred": 0, "dist": 0.039088189686219556}, "_child1": {"label": 23, "event": "S", "reconc": 9, "tstamp": 0.0, "transferred": 0, "dist": 0.0703699231569764}}, "_child1": {"label": 19, "event": "S", "reconc": 5, "tstamp": 0.0, "transferred": 1, "dist": 0.04781150855389169}}, "_child1": {"label": 17, "event": "S", "reconc": 6, "tstamp": 0.0, "transferred": 0, "dist": 0.07497163900864869}}, "_child1": {"label": 8, "event": "D", "reconc": [2, 4], "tstamp": 0.10288008600721832, "transferred": 0, "dist": 0.08842643003589243, "_child0": {"label": 12, "event": "S", "reconc": 4, "tstamp": 0.0, "transferred": 0, "dist": 0.08858418858133534}, "_child1": {"label": 13, "event": "S", "reconc": 4, "tstamp": 0.0, "transferred": 0, "dist": 0.08858418858133534}}}, "_child1": {"label": 7, "event": "S", "reconc": 3, "tstamp": 0.04375448438227578, "transferred": 1, "dist": 0.36867421154421665, "_child0": {"label": 14, "event": "S", "reconc": 7, "tstamp": 0.040614916022335384, "transferred": 0, "dist": 0.0027598630002895414, "_child0": {"label": 20, "event": "S", "reconc": 8, "tstamp": 0.0, "transferred": 0, "dist": 0.0358980321027519}, "_child1": {"label": 21, "event": "S", "reconc": 9, "tstamp": 0.0, "transferred": 0, "dist": 0.034634593544963774}}, "_child1": {"label": 15, "event": "S", "reconc": 6, "tstamp": 0.0, "transferred": 0, "dist": 0.03773383166382068}}}, "_child1": {"label": 5, "event": "S", "reconc": 5, "tstamp": 0.0, "transferred": 0, "dist": 0.5272333207850751}}