{"label": 1, "event": "D", "reconc": [0, 1], "tstamp": 0.9228624820209863, "transferred": 0, "dist": 0.0, "_child0": {"label": 2, "event": "S", "reconc": 1, "tstamp": 0.907355772405038, "transferred": 0, "dist": 0.10999695087722657, "_child0": {"label": 4, "event": "S", "reconc": 3, "tstamp": 0.813242316469698, "transferred": 0, "dist": 0.11018697941075385, "_child0": {"label": 10, "event": "D", "reconc": [3, 8], "tstamp": 0.6088440137499944, "transferred": 0, "dist": 0.16547073160834563, "_child0": {"label": 20, "event": "S", "reconc": 8, "tstamp": 0.0, "transferred": 0, "dist": 0.5324831969850359}, "_child1": {"label": 21, "event": "S", "reconc": 8, "tstamp": 0.0, "transferred": 0, "dist": 0.47839391303111584}}, "_child1": {"label": 9, "event": "S", "reconc": 7, "tstamp": 0.48216774247571653, "transferred": 0, "dist": 0.6016531496574342, "_child0": {"label": 22, "event": "D", "reconc": [7, 13], "tstamp": 0.40737045975973246, "transferred": 0, "dist": 0.14132513416332376, "_child0": {"label": 33, "event": "S", "reconc": 14, "tstamp": 0.0, "transferred": 0, "dist": 0.7221634326612831}, "_child1": {"label": 34, "event": "S", "reconc": 15, "tstamp": 0.2083079614217359, "transferred": 0, "dist": 0.26305048674813225, "_child0": {"label": 40, "event": "S", "reconc": 17, "tstamp": 0.12648735313027298, "transferred": 0, "dist": 0.0893464274151022, "_child0": {"label": 46, "event": "H", "reconc": [17, 18], "tstamp": 0.1092601874822898, "transferred": 0, "dist": 0.005525845386934563, "_child0": {"label": 48, "event": "S", "reconc": 18, "tstamp": 0.0, "transferred": 0, "dist": 0.03504667658694623}, "_child1": {"label": 49, "event": "S", "reconc": 19, "tstamp": 0.0, "transferred": 1, "dist": 0.11768289479881973}}, "_child1": {"label": 47, "event": "S", "reconc": 19, "tstamp": 0.0, "transferred": 0, "dist": 0.044725540209638724}}, "_child1": {"label": 41, "event": "S", "reconc": 16, "tstamp": 0.0, "transferred": 0, "dist": 0.12332296755218536}}}, "_child1": {"label": 23, "event": "S", "reconc": 12, "tstamp": 0.0, "transferred": 0, "dist": 0.5950980147190049}}, "_child2": {"label": 8, "event": "D", "reconc": [3, 6], "tstamp": 0.4261074094437936, "transferred": 0, "dist": 0.5079841275394525, "_child0": {"label": 26, "event": "H", "reconc": [3, 6], "tstamp": 0.17085278572979712, "transferred": 0, "dist": 0.2847423703420753, "_child0": {"label": 42, "event": "S", "reconc": 6, "tstamp": 0.0, "transferred": 0, "dist": 0.1905901898284851}, "_child1": {"label": 43, "event": "S", "reconc": 11, "tstamp": 0.0, "transferred": 1, "dist": 0.1337858026858928}}, "_child1": {"label": 27, "event": "S", "reconc": 6, "tstamp": 0.0, "transferred": 0, "dist": 0.47533256017056036}}, "_child3": {"label": 12, "event": "D", "reconc": [3, 10], "tstamp": 6.796502773508822e-05, "transferred": 0, "dist": 1.1154418904505923, "_child0": {"label": 50, "event": "S", "reconc": 10, "tstamp": 0.0, "transferred": 0, "dist": 0.00012735814046010386}, "_child1": {"label": 51, "event": "S", "reconc": 10, "tstamp": 0.0, "transferred": 0, "dist": 9.669692165147343e-05}}}, "_child1": {"label": 5, "event": "S", "reconc": 2, "tstamp": 0.0, "transferred": 0, "dist": 1.2466517557327061}}, "_child1": {"label": 6, "event": "S", "reconc": 3, "tstamp": 0.813242316469698, "transferred": 0, "dist": 0.12484175069045568, "_child0": {"label": 18, "event": "D", "reconc": [3, 10], "tstamp": 0.15494499612078425, "transferred": 0, "dist": 3.2142504598658252, "_child0": {"label": 44, "event": "S", "reconc": 10, "tstamp": 0.0, "transferred": 0, "dist": 0.17669696646949318}, "_child1": {"label": 45, "event": "S", "reconc": 10, "tstamp": 0.0, "transferred": 0, "dist": 0.212855341165744}}, "_child1": {"label": 14, "event": "S", "reconc": 7, "tstamp": 0.48216774247571653, "transferred": 0, "dist": 0.30508822413034, "_child0": {"label": 24, "event": "S", "reconc": 13, "tstamp": 0.3204393214816693, "transferred": 0, "dist": 0.11098979949035162, "_child0": {"label": 37, "event": "S", "reconc": 16, "tstamp": 0.0, "transferred": 0, "dist": 0.16440051212639428}, "_child1": {"label": 31, "event": "S", "reconc": 14, "tstamp": 0.0, "transferred": 0, "dist": 0.2001006444014042}}, "_child1": {"label": 25, "event": "S", "reconc": 12, "tstamp": 0.0, "transferred": 0, "dist": 0.2951280013851348}}, "_child2": {"label": 15, "event": "S", "reconc": 8, "tstamp": 0.0, "transferred": 0, "dist": 0.6123416144465231}}}