{"label": 1, "event": "S", "reconc": 1, "tstamp": 0.9040901313200284, "transferred": 0, "dist": 0.0, "_child0": {"label": 2, "event": "S", "reconc": 3, "tstamp": 0.880201657640017, "transferred": 0, "dist": 0.02068190717431055, "_child0": {"label": 4, "event": "S", "reconc": 5, "tstamp": 0.6873119883965509, "transferred": 0, "dist": 0.1535346521808032, "_child0": {"label": 6, "event": "S", "reconc": 6, "tstamp": 0.6417350213700509, "transferred": 0, "dist": 0.033593096467400434, "_child0": {"label": 25, "event": "S", "reconc": 16, "tstamp": 0.0, "transferred": 0, "dist": 0.5843328184230407}, "_child1": {"label": 10, "event": "S", "reconc": 10, "tstamp": 0.4561617589875435, "transferred": 0, "dist": 0.15651271855098758, "_child0": {"label": 21, "event": "D", "reconc": [10, 20], "tstamp": 0.3500540950978597, "transferred": 0, "dist": 0.09891081610561882, "_child0": {"label": 28, "event": "S", "reconc": 20, "tstamp": 0.0, "transferred": 0, "dist": 0.32735698081666964}, "_child1": {"label": 29, "event": "S", "reconc": 20, "tstamp": 0.0, "transferred": 0, "dist": 0.3263113611024423}}, "_child1": {"label": 22, "event": "D", "reconc": [10, 21], "tstamp": 0.16828819179837978, "transferred": 0, "dist": 0.29185954567720857, "_child0": {"label": 34, "event": "S", "reconc": 21, "tstamp": 0.1412587423487735, "transferred": 0, "dist": 0.027403706819262696, "_child0": {"label": 40, "event": "S", "reconc": 22, "tstamp": 0.1338662578917037, "transferred": 0, "dist": 0.007956007950673194, "_child0": {"label": 46, "event": "S", "reconc": 25, "tstamp": 0.07888071040695008, "transferred": 0, "dist": 0.0610004003072389, "_child0": {"label": 56, "event": "H", "reconc": [25, 26], "tstamp": 0.041720255935692785, "transferred": 0, "dist": 0.03815864070891963, "_child0": {"label": 62, "event": "H", "reconc": [25, 26], "tstamp": 0.041408468970192354, "transferred": 0, "dist": 0.00032016203686253595, "_child0": {"label": 64, "event": "S", "reconc": 26, "tstamp": 0.0, "transferred": 0, "dist": 0.04252076332818209}, "_child1": {"label": 65, "event": "S", "reconc": 28, "tstamp": 0.0, "transferred": 1, "dist": 0.05498813926027084}}, "_child1": {"label": 63, "event": "S", "reconc": 19, "tstamp": 0.0, "transferred": 1, "dist": 0.1047525903769199}}, "_child1": {"label": 57, "event": "D", "reconc": [25, 27], "tstamp": 0.016055246881927835, "transferred": 0, "dist": 0.06916435721065475, "_child0": {"label": 66, "event": "S", "reconc": 27, "tstamp": 0.0, "transferred": 0, "dist": 0.12047108398922357}, "_child1": {"label": 67, "event": "S", "reconc": 27, "tstamp": 0.0, "transferred": 0, "dist": 0.017675171310190734}}}, "_child1": {"label": 47, "event": "S", "reconc": 24, "tstamp": 0.0, "transferred": 0, "dist": 0.16256895867786852}}, "_child1": {"label": 41, "event": "S", "reconc": 29, "tstamp": 0.0, "transferred": 0, "dist": 0.15959068294964612}}, "_child1": {"label": 35, "event": "S", "reconc": 21, "tstamp": 0.1412587423487735, "transferred": 0, "dist": 0.027403706819262696, "_child0": {"label": 43, "event": "S", "reconc": 22, "tstamp": 0.1338662578917037, "transferred": 0, "dist": 0.007956007950673194, "_child0": {"label": 48, "event": "S", "reconc": 25, "tstamp": 0.07888071040695008, "transferred": 0, "dist": 0.0610004003072389, "_child0": {"label": 58, "event": "S", "reconc": 26, "tstamp": 0.0, "transferred": 0, "dist": 0.08099956607396426}, "_child1": {"label": 59, "event": "S", "reconc": 27, "tstamp": 0.0, "transferred": 0, "dist": 0.08683952852084548}}, "_child1": {"label": 49, "event": "H", "reconc": [22, 24], "tstamp": 0.07123116634799369, "transferred": 0, "dist": 0.07606488572491099, "_child0": {"label": 60, "event": "S", "reconc": 24, "tstamp": 0.0, "transferred": 0, "dist": 0.08650407295295755}, "_child1": {"label": 61, "event": "S", "reconc": 4, "tstamp": 0.0, "transferred": 1, "dist": 0.21881405512882704}}}, "_child1": {"label": 45, "event": "D", "reconc": [21, 28], "tstamp": 0.09627744123529108, "transferred": 0, "dist": 0.05403679883706823, "_child0": {"label": 53, "event": "D", "reconc": [21, 28], "tstamp": 0.0919707649829415, "transferred": 0, "dist": 0.005173683120403101, "_child0": {"label": 54, "event": "S", "reconc": 28, "tstamp": 0.0, "transferred": 0, "dist": 0.11048603760340915}, "_child1": {"label": 55, "event": "S", "reconc": 28, "tstamp": 0.0, "transferred": 0, "dist": 0.15639272638172744}}, "_child1": {"label": 52, "event": "S", "reconc": 28, "tstamp": 0.0, "transferred": 0, "dist": 0.15084586699803731}}, "_child2": {"label": 44, "event": "S", "reconc": 29, "tstamp": 0.0, "transferred": 0, "dist": 0.15959068294964612}}}}, "_child2": {"label": 12, "event": "S", "reconc": 8, "tstamp": 0.0, "transferred": 0, "dist": 0.3651857930320423}}, "_child1": {"label": 15, "event": "D", "reconc": [5, 7], "tstamp": 0.3239993259206728, "transferred": 0, "dist": 0.3186234362034917, "_child0": {"label": 30, "event": "S", "reconc": 7, "tstamp": 0.0, "transferred": 0, "dist": 0.2694456742351846}, "_child1": {"label": 31, "event": "S", "reconc": 7, "tstamp": 0.0, "transferred": 0, "dist": 0.24368262592677667}}}, "_child1": {"label": 5, "event": "S", "reconc": 4, "tstamp": 0.0, "transferred": 0, "dist": 0.780248441705306}}, "_child1": {"label": 3, "event": "D", "reconc": [1, 2], "tstamp": 0.6462578638890574, "transferred": 0, "dist": 0.17901824982080664, "_child0": {"label": 14, "event": "S", "reconc": 11, "tstamp": 0.4990288632259115, "transferred": 1, "dist": 0.37794155094032483, "_child0": {"label": 19, "event": "S", "reconc": 13, "tstamp": 0.45461353330691967, "transferred": 0, "dist": 0.06074923605006779, "_child0": {"label": 26, "event": "S", "reconc": 17, "tstamp": 0.21943132975970506, "transferred": 0, "dist": 0.21497437652497517, "_child0": {"label": 32, "event": "D", "reconc": [17, 18], "tstamp": 0.15796833124284335, "transferred": 0, "dist": 0.05462631322142028, "_child0": {"label": 37, "event": "D", "reconc": [17, 18], "tstamp": 0.128210439516121, "transferred": 0, "dist": 0.026447845915410242, "_child0": {"label": 50, "event": "S", "reconc": 18, "tstamp": 0.0, "transferred": 0, "dist": 0.23338421227505057}, "_child1": {"label": 51, "event": "S", "reconc": 18, "tstamp": 0.0, "transferred": 0, "dist": 0.1368141547146744}}, "_child1": {"label": 36, "event": "S", "reconc": 18, "tstamp": 0.0, "transferred": 0, "dist": 0.14039711289336618}}, "_child1": {"label": 33, "event": "H", "reconc": [17, 19], "tstamp": 0.15727357261006014, "transferred": 0, "dist": 0.05247659931217154, "_child0": {"label": 38, "event": "S", "reconc": 19, "tstamp": 0.0, "transferred": 0, "dist": 0.13277799313740185}, "_child1": {"label": 39, "event": "S", "reconc": 2, "tstamp": 0.0, "transferred": 1, "dist": 0.6175296329907008}}}, "_child1": {"label": 27, "event": "S", "reconc": 16, "tstamp": 0.0, "transferred": 0, "dist": 0.6897001681865329}}, "_child1": {"label": 20, "event": "S", "reconc": 12, "tstamp": 0.0, "transferred": 0, "dist": 0.8849694484501788}}, "_child1": {"label": 9, "event": "S", "reconc": 2, "tstamp": 0.0, "transferred": 0, "dist": 0.44871013577587276}}}