{"label": 1, "event": "S", "reconc": 1, "tstamp": 0.756842317808217, "transferred": 0, "dist": 0.0, "_child0": {"label": 2, "event": "S", "reconc": 2, "tstamp": 0.753239589856813, "transferred": 0, "dist": 0.00380330905955034, "_child0": {"label": 4, "event": "S", "reconc": 4, "tstamp": 0.0, "transferred": 0, "dist": 0.9445566611656344}, "_child1": {"label": 5, "event": "S", "reconc": 5, "tstamp": 0.0, "transferred": 0, "dist": 0.7670481886013205}}, "_child1": {"label": 3, "event": "D", "reconc": [1, 3], "tstamp": 0.6531119471855598, "transferred": 0, "dist": 0.09431303438475634, "_child0": {"label": 7, "event": "H", "reconc": [1, 3], "tstamp": 0.16740043739059784, "transferred": 0, "dist": 0.4906488994052501, "_child0": {"label": 8, "event": "S", "reconc": 3, "tstamp": 0.023720087145190326, "transferred": 0, "dist": 0.14514090008661615, "_child0": {"label": 12, "event": "S", "reconc": 7, "tstamp": 0.0013484291878947598, "transferred": 0, "dist": 0.01990856673409016, "_child0": {"label": 16, "event": "S", "reconc": 8, "tstamp": 0.0, "transferred": 0, "dist": 0.0012461837542104143}, "_child1": {"label": 17, "event": "S", "reconc": 9, "tstamp": 0.0, "transferred": 0, "dist": 0.0011635488043747534}}, "_child1": {"label": 13, "event": "S", "reconc": 6, "tstamp": 0.0, "transferred": 0, "dist": 0.033577085906061}}, "_child1": {"label": 9, "event": "S", "reconc": 4, "tstamp": 0.0, "transferred": 1, "dist": 0.31844313292966575}}, "_child1": {"label": 6, "event": "H", "reconc": [1, 3], "tstamp": 0.13012834283213692, "transferred": 0, "dist": 0.47681478946944905, "_child0": {"label": 10, "event": "S", "reconc": 3, "tstamp": 0.023720087145190326, "transferred": 0, "dist": 0.09701457103212661, "_child0": {"label": 14, "event": "S", "reconc": 7, "tstamp": 0.0013484291878947598, "transferred": 0, "dist": 0.03492715891767965, "_child0": {"label": 18, "event": "S", "reconc": 8, "tstamp": 0.0, "transferred": 0, "dist": 0.0012055178704245743}, "_child1": {"label": 19, "event": "S", "reconc": 9, "tstamp": 0.0, "transferred": 0, "dist": 0.001473198020619164}}, "_child1": {"label": 15, "event": "S", "reconc": 6, "tstamp": 0.0, "transferred": 0, "dist": 0.026430850919923428}}, "_child1": {"label": 11, "event": "S", "reconc": 5, "tstamp": 0.0, "transferred": 1, "dist": 0.1508057665947728}}}}