{"label": 1, "event": "S", "reconc": 1, "tstamp": 0.9650467818691356, "transferred": 0, "dist": 0.0, "_child0": {"label": 2, "event": "S", "reconc": 2, "tstamp": 0.8009754876103962, "transferred": 0, "dist": 0.17239798265613737, "_child0": {"label": 4, "event": "S", "reconc": 5, "tstamp": 0.7600972845038426, "transferred": 0, "dist": 0.0502005663437092, "_child0": {"label": 8, "event": "S", "reconc": 15, "tstamp": 0.2978286178993428, "transferred": 0, "dist": 0.5968062321272398, "_child0": {"label": 30, "event": "D", "reconc": [15, 17], "tstamp": 0.0003033836049138854, "transferred": 0, "dist": 0.33921682595182995, "_child0": {"label": 55, "event": "S", "reconc": 17, "tstamp": 0.0, "transferred": 0, "dist": 0.0003458961178495213}, "_child1": {"label": 56, "event": "S", "reconc": 17, "tstamp": 0.0, "transferred": 0, "dist": 0.0003458961178495213}}, "_child1": {"label": 29, "event": "S", "reconc": 16, "tstamp": 0.0, "transferred": 0, "dist": 0.3302712887807249}}, "_child1": {"label": 7, "event": "S", "reconc": 14, "tstamp": 0.0, "transferred": 0, "dist": 0.694129883299615}}, "_child1": {"label": 5, "event": "H", "reconc": [2, 4], "tstamp": 0.5257455770366216, "transferred": 0, "dist": 0.32109732812791486, "_child0": {"label": 26, "event": "S", "reconc": 15, "tstamp": 0.2978286178993428, "transferred": 1, "dist": 0.4621798190212259, "_child0": {"label": 31, "event": "H", "reconc": [15, 16], "tstamp": 0.04201502564190813, "transferred": 0, "dist": 0.29542142898403706, "_child0": {"label": 42, "event": "S", "reconc": 21, "tstamp": 0.0, "transferred": 1, "dist": 0.12164716267366865}, "_child1": {"label": 41, "event": "S", "reconc": 16, "tstamp": 0.0, "transferred": 0, "dist": 0.048520247905524366}}, "_child1": {"label": 32, "event": "S", "reconc": 17, "tstamp": 0.0, "transferred": 0, "dist": 0.4786202635351717}}, "_child1": {"label": 25, "event": "S", "reconc": 4, "tstamp": 0.0, "transferred": 0, "dist": 0.6133617516700735}}}, "_child1": {"label": 3, "event": "D", "reconc": [1, 3], "tstamp": 0.7140690175616761, "transferred": 0, "dist": 0.21666377649144716, "_child0": {"label": 10, "event": "H", "reconc": [1, 3], "tstamp": 0.6905717365151991, "transferred": 0, "dist": 0.020284703957175576, "_child0": {"label": 11, "event": "S", "reconc": 3, "tstamp": 0.6427198686435962, "transferred": 0, "dist": 0.04130950179526753, "_child0": {"label": 19, "event": "H", "reconc": [3, 10], "tstamp": 0.35436704834126964, "transferred": 0, "dist": 0.2725632482146185, "_child0": {"label": 28, "event": "S", "reconc": 15, "tstamp": 0.2978286178993428, "transferred": 1, "dist": 0.07323181814827637, "_child0": {"label": 33, "event": "H", "reconc": [15, 16], "tstamp": 0.28693991117176776, "transferred": 0, "dist": 0.012927994008460028, "_child0": {"label": 36, "event": "S", "reconc": 10, "tstamp": 0.038839655830851604, "transferred": 1, "dist": 0.24015562363339804, "_child0": {"label": 47, "event": "S", "reconc": 23, "tstamp": 0.008556280538701963, "transferred": 0, "dist": 0.044980788512402406, "_child0": {"label": 53, "event": "S", "reconc": 24, "tstamp": 0.0, "transferred": 0, "dist": 0.009667159566861261}, "_child1": {"label": 54, "event": "S", "reconc": 25, "tstamp": 0.0, "transferred": 0, "dist": 0.008994147770700359}}, "_child1": {"label": 48, "event": "S", "reconc": 22, "tstamp": 0.0, "transferred": 0, "dist": 0.06869952216699847}}, "_child1": {"label": 35, "event": "S", "reconc": 16, "tstamp": 0.0, "transferred": 0, "dist": 0.3406793428481662}}, "_child1": {"label": 34, "event": "H", "reconc": [15, 17], "tstamp": 0.050648706141137145, "transferred": 0, "dist": 1.2985946620450501, "_child0": {"label": 40, "event": "S", "reconc": 21, "tstamp": 0.0, "transferred": 1, "dist": 0.1325985226176756}, "_child1": {"label": 39, "event": "S", "reconc": 17, "tstamp": 0.0, "transferred": 0, "dist": 0.26609014853402874}}}, "_child1": {"label": 27, "event": "S", "reconc": 10, "tstamp": 0.038839655830851604, "transferred": 0, "dist": 0.29824980006493296, "_child0": {"label": 45, "event": "S", "reconc": 23, "tstamp": 0.008556280538701963, "transferred": 0, "dist": 0.0318829420660567, "_child0": {"label": 51, "event": "S", "reconc": 24, "tstamp": 0.0, "transferred": 0, "dist": 0.00887273607785293}, "_child1": {"label": 52, "event": "S", "reconc": 25, "tstamp": 0.0, "transferred": 0, "dist": 0.00882815559271681}}, "_child1": {"label": 46, "event": "S", "reconc": 22, "tstamp": 0.0, "transferred": 0, "dist": 0.04294623319847271}}}, "_child1": {"label": 24, "event": "S", "reconc": 13, "tstamp": 0.0, "transferred": 0, "dist": 0.5778395970642253}}, "_child1": {"label": 12, "event": "S", "reconc": 4, "tstamp": 0.0, "transferred": 1, "dist": 1.0753808111732044}}, "_child1": {"label": 9, "event": "S", "reconc": 3, "tstamp": 0.6427198686435962, "transferred": 0, "dist": 0.06159420575244311, "_child0": {"label": 15, "event": "S", "reconc": 11, "tstamp": 0.6166894396139821, "transferred": 0, "dist": 0.02131401374516973, "_child0": {"label": 21, "event": "D", "reconc": [11, 12], "tstamp": 0.18839931328835233, "transferred": 0, "dist": 0.36026242897573574, "_child0": {"label": 37, "event": "S", "reconc": 12, "tstamp": 0.0, "transferred": 0, "dist": 0.49304279331592643}, "_child1": {"label": 38, "event": "S", "reconc": 12, "tstamp": 0.0, "transferred": 0, "dist": 0.15847480492935367}}, "_child1": {"label": 22, "event": "S", "reconc": 13, "tstamp": 0.0, "transferred": 0, "dist": 0.5565255833190556}}, "_child1": {"label": 16, "event": "S", "reconc": 10, "tstamp": 0.038839655830851604, "transferred": 0, "dist": 0.5708130482795515, "_child0": {"label": 43, "event": "S", "reconc": 23, "tstamp": 0.008556280538701963, "transferred": 0, "dist": 0.0318829420660567, "_child0": {"label": 49, "event": "S", "reconc": 24, "tstamp": 0.0, "transferred": 0, "dist": 0.00887273607785293}, "_child1": {"label": 50, "event": "S", "reconc": 25, "tstamp": 0.0, "transferred": 0, "dist": 0.00882815559271681}}, "_child1": {"label": 44, "event": "S", "reconc": 22, "tstamp": 0.0, "transferred": 0, "dist": 0.04294623319847271}}}}}