{"label": 1, "event": "D", "reconc": [0, 1], "tstamp": 0.945171491299359, "transferred": 0, "dist": 0.0, "_child0": {"label": 2, "event": "S", "reconc": 1, "tstamp": 0.9328879488655233, "transferred": 0, "dist": 0.014518337092289012, "_child0": {"label": 4, "event": "S", "reconc": 2, "tstamp": 0.6182749058984208, "transferred": 0, "dist": 0.9962093646665281, "_child0": {"label": 8, "event": "D", "reconc": [2, 4], "tstamp": 0.18011135569424747, "transferred": 0, "dist": 1.4421523454537268, "_child0": {"label": 39, "event": "S", "reconc": 4, "tstamp": 0.09248821542957478, "transferred": 0, "dist": 0.09908306527040152, "_child0": {"label": 49, "event": "S", "reconc": 26, "tstamp": 0.0, "transferred": 0, "dist": 0.6564947506647729}, "_child1": {"label": 50, "event": "S", "reconc": 27, "tstamp": 0.0, "transferred": 0, "dist": 0.07685515608889834}}, "_child1": {"label": 40, "event": "S", "reconc": 4, "tstamp": 0.09248821542957478, "transferred": 0, "dist": 0.09074242731221127, "_child0": {"label": 54, "event": "S", "reconc": 27, "tstamp": 0.0, "transferred": 0, "dist": 0.11027035536086857}, "_child1": {"label": 51, "event": "S", "reconc": 26, "tstamp": 0.0, "transferred": 0, "dist": 0.5081674570771606}}}, "_child1": {"label": 9, "event": "S", "reconc": 5, "tstamp": 0.0, "transferred": 0, "dist": 1.077686203746382}}, "_child1": {"label": 5, "event": "S", "reconc": 3, "tstamp": 0.5300122876392074, "transferred": 0, "dist": 0.5959095948521103, "_child0": {"label": 13, "event": "S", "reconc": 8, "tstamp": 0.4006450341005744, "transferred": 0, "dist": 0.5022040531048035, "_child0": {"label": 18, "event": "S", "reconc": 11, "tstamp": 0.3627134572443124, "transferred": 0, "dist": 0.10550387622103419, "_child0": {"label": 23, "event": "D", "reconc": [11, 14], "tstamp": 0.2801399915373142, "transferred": 0, "dist": 0.2145252504541659, "_child0": {"label": 34, "event": "S", "reconc": 14, "tstamp": 0.011051799332792565, "transferred": 0, "dist": 0.28857693668565587, "_child0": {"label": 59, "event": "S", "reconc": 28, "tstamp": 0.0, "transferred": 0, "dist": 0.009101920661405829}, "_child1": {"label": 60, "event": "S", "reconc": 29, "tstamp": 0.0, "transferred": 0, "dist": 0.013397516196738435}}, "_child1": {"label": 35, "event": "S", "reconc": 14, "tstamp": 0.011051799332792565, "transferred": 0, "dist": 1.100964293515101, "_child0": {"label": 61, "event": "S", "reconc": 28, "tstamp": 0.0, "transferred": 0, "dist": 0.04691320678323104}, "_child1": {"label": 62, "event": "S", "reconc": 29, "tstamp": 0.0, "transferred": 0, "dist": 0.037266236170691455}}}, "_child1": {"label": 24, "event": "H", "reconc": [11, 17], "tstamp": 0.14293508255685639, "transferred": 0, "dist": 0.7093259207731513, "_child0": {"label": 46, "event": "S", "reconc": 14, "tstamp": 0.011051799332792565, "transferred": 1, "dist": 0.23465241228623124, "_child0": {"label": 63, "event": "S", "reconc": 28, "tstamp": 0.0, "transferred": 0, "dist": 0.012705154083683744}, "_child1": {"label": 64, "event": "S", "reconc": 29, "tstamp": 0.0, "transferred": 0, "dist": 0.01625841681606231}}, "_child1": {"label": 45, "event": "S", "reconc": 17, "tstamp": 0.0, "transferred": 0, "dist": 0.46131726649453325}}, "_child2": {"label": 22, "event": "S", "reconc": 15, "tstamp": 0.0, "transferred": 0, "dist": 2.7221175961672888}}, "_child1": {"label": 19, "event": "S", "reconc": 10, "tstamp": 0.0, "transferred": 0, "dist": 0.4793452674923888}}, "_child1": {"label": 12, "event": "S", "reconc": 9, "tstamp": 0.0, "transferred": 0, "dist": 0.7674772496233566}}}, "_child1": {"label": 3, "event": "S", "reconc": 1, "tstamp": 0.9328879488655233, "transferred": 0, "dist": 0.0122475520197488, "_child0": {"label": 11, "event": "S", "reconc": 5, "tstamp": 0.0, "transferred": 0, "dist": 0.8146047410432569}, "_child1": {"label": 7, "event": "S", "reconc": 3, "tstamp": 0.5300122876392074, "transferred": 0, "dist": 0.43264787555660145, "_child0": {"label": 16, "event": "S", "reconc": 8, "tstamp": 0.4006450341005744, "transferred": 0, "dist": 0.14651178398353773, "_child0": {"label": 20, "event": "S", "reconc": 11, "tstamp": 0.3627134572443124, "transferred": 0, "dist": 0.04396634985330108, "_child0": {"label": 28, "event": "D", "reconc": [11, 17], "tstamp": 0.3621118053182812, "transferred": 0, "dist": 0.000726056371814571, "_child0": {"label": 33, "event": "S", "reconc": 17, "tstamp": 0.0, "transferred": 0, "dist": 0.5158665390909435}, "_child1": {"label": 31, "event": "S", "reconc": 17, "tstamp": 0.0, "transferred": 0, "dist": 0.4369861911602479}}, "_child1": {"label": 29, "event": "S", "reconc": 16, "tstamp": 0.2135832265628511, "transferred": 0, "dist": 0.1822898345878281, "_child0": {"label": 38, "event": "H", "reconc": [16, 18], "tstamp": 0.1513283226053493, "transferred": 0, "dist": 0.0906863049480459, "_child0": {"label": 42, "event": "S", "reconc": 5, "tstamp": 0.0, "transferred": 1, "dist": 0.2377654940754784}, "_child1": {"label": 41, "event": "S", "reconc": 18, "tstamp": 0.0, "transferred": 0, "dist": 0.22043896205242305}}, "_child1": {"label": 43, "event": "S", "reconc": 22, "tstamp": 0.0, "transferred": 0, "dist": 0.23732748815773202}, "_child2": {"label": 36, "event": "S", "reconc": 20, "tstamp": 0.10653580590898501, "transferred": 0, "dist": 0.12988120034486808, "_child0": {"label": 47, "event": "S", "reconc": 24, "tstamp": 0.0, "transferred": 0, "dist": 0.12983528150831342}, "_child1": {"label": 48, "event": "S", "reconc": 25, "tstamp": 0.0, "transferred": 0, "dist": 0.12095751982916439}}}, "_child2": {"label": 27, "event": "S", "reconc": 14, "tstamp": 0.011051799332792565, "transferred": 0, "dist": 0.35891299804622595, "_child0": {"label": 57, "event": "S", "reconc": 28, "tstamp": 0.0, "transferred": 0, "dist": 0.008973944635776354}, "_child1": {"label": 58, "event": "S", "reconc": 29, "tstamp": 0.0, "transferred": 0, "dist": 0.009340118196748499}}, "_child3": {"label": 26, "event": "D", "reconc": [11, 15], "tstamp": 0.007962815846838372, "transferred": 0, "dist": 0.4424717684266885, "_child0": {"label": 65, "event": "S", "reconc": 15, "tstamp": 0.0, "transferred": 0, "dist": 0.009931824775642875}, "_child1": {"label": 66, "event": "S", "reconc": 15, "tstamp": 0.0, "transferred": 0, "dist": 0.009931824775642875}}}, "_child1": {"label": 21, "event": "D", "reconc": [8, 10], "tstamp": 0.0328546039284246, "transferred": 0, "dist": 0.4196526776294532, "_child0": {"label": 55, "event": "S", "reconc": 10, "tstamp": 0.0, "transferred": 0, "dist": 0.041462041500793675}, "_child1": {"label": 56, "event": "S", "reconc": 10, "tstamp": 0.0, "transferred": 0, "dist": 0.03748744224955793}}}, "_child1": {"label": 17, "event": "S", "reconc": 6, "tstamp": 0.0, "transferred": 0, "dist": 0.6350288822766349}}}}