{"label": 1, "event": "D", "reconc": [0, 1], "tstamp": 0.7044785524169364, "transferred": 0, "dist": 0.0, "_child0": {"label": 2, "event": "S", "reconc": 1, "tstamp": 0.6307049509567887, "transferred": 0, "dist": 0.1047542037579693, "_child0": {"label": 4, "event": "S", "reconc": 2, "tstamp": 0.6264742948647715, "transferred": 0, "dist": 0.006318164376271353, "_child0": {"label": 18, "event": "D", "reconc": [4, 6], "tstamp": 0.3030070154948335, "transferred": 0, "dist": 0.538428133505054, "_child0": {"label": 40, "event": "S", "reconc": 6, "tstamp": 0.12969950939793443, "transferred": 0, "dist": 0.1546050615776447, "_child0": {"label": 52, "event": "S", "reconc": 20, "tstamp": 0.11871135746914822, "transferred": 0, "dist": 0.009324901224936857, "_child0": {"label": 58, "event": "S", "reconc": 22, "tstamp": 0.0, "transferred": 0, "dist": 0.16571168030199154}, "_child1": {"label": 59, "event": "S", "reconc": 23, "tstamp": 0.0, "transferred": 0, "dist": 0.20918249395174407}}, "_child1": {"label": 53, "event": "S", "reconc": 21, "tstamp": 0.0, "transferred": 0, "dist": 0.1183628260638386}}, "_child1": {"label": 41, "event": "S", "reconc": 6, "tstamp": 0.12969950939793443, "transferred": 0, "dist": 0.15248680955478447, "_child0": {"label": 54, "event": "S", "reconc": 20, "tstamp": 0.11871135746914822, "transferred": 0, "dist": 0.01638635079464767, "_child0": {"label": 61, "event": "D", "reconc": [20, 23], "tstamp": 0.06893233630697546, "transferred": 0, "dist": 0.0828138446080897, "_child0": {"label": 66, "event": "S", "reconc": 23, "tstamp": 0.0, "transferred": 0, "dist": 0.09473756499093079}, "_child1": {"label": 67, "event": "S", "reconc": 23, "tstamp": 0.0, "transferred": 0, "dist": 0.06491225600681932}}, "_child1": {"label": 60, "event": "S", "reconc": 22, "tstamp": 0.0, "transferred": 0, "dist": 0.08470230473123609}}, "_child1": {"label": 55, "event": "S", "reconc": 21, "tstamp": 0.0, "transferred": 0, "dist": 0.1282190417003813}}}, "_child1": {"label": 11, "event": "S", "reconc": 5, "tstamp": 0.4708766036480775, "transferred": 0, "dist": 0.27212994074531116, "_child0": {"label": 33, "event": "S", "reconc": 14, "tstamp": 0.0, "transferred": 0, "dist": 0.7837547786426001}, "_child1": {"label": 27, "event": "S", "reconc": 12, "tstamp": 0.07765971558992346, "transferred": 0, "dist": 0.4941873265249978, "_child0": {"label": 62, "event": "S", "reconc": 24, "tstamp": 0.0, "transferred": 0, "dist": 0.2164647478528368}, "_child1": {"label": 63, "event": "S", "reconc": 25, "tstamp": 0.0, "transferred": 0, "dist": 0.123685571585473}}}}, "_child1": {"label": 5, "event": "D", "reconc": [1, 8], "tstamp": 0.3071364106782159, "transferred": 0, "dist": 0.5363037911356252, "_child0": {"label": 38, "event": "S", "reconc": 8, "tstamp": 0.0, "transferred": 0, "dist": 0.47866904533643573}, "_child1": {"label": 39, "event": "S", "reconc": 8, "tstamp": 0.0, "transferred": 0, "dist": 0.4099970711675142}}}, "_child1": {"label": 3, "event": "S", "reconc": 1, "tstamp": 0.6307049509567887, "transferred": 0, "dist": 0.08024220195310841, "_child0": {"label": 7, "event": "S", "reconc": 2, "tstamp": 0.6264742948647715, "transferred": 0, "dist": 0.022236657242992505, "_child0": {"label": 12, "event": "S", "reconc": 4, "tstamp": 0.615228255553809, "transferred": 0, "dist": 0.032290919814635916, "_child0": {"label": 17, "event": "H", "reconc": [4, 7], "tstamp": 0.5204764329779215, "transferred": 0, "dist": 0.13100278878733107, "_child0": {"label": 48, "event": "S", "reconc": 8, "tstamp": 0.0, "transferred": 1, "dist": 1.1172884325377093}, "_child1": {"label": 20, "event": "S", "reconc": 7, "tstamp": 0.0, "transferred": 0, "dist": 0.5158522228100748}}, "_child1": {"label": 16, "event": "S", "reconc": 6, "tstamp": 0.12969950939793443, "transferred": 0, "dist": 0.9209464865641236, "_child0": {"label": 50, "event": "S", "reconc": 20, "tstamp": 0.11871135746914822, "transferred": 0, "dist": 0.009149106970297966, "_child0": {"label": 56, "event": "S", "reconc": 22, "tstamp": 0.0, "transferred": 0, "dist": 0.10949736814111004}, "_child1": {"label": 57, "event": "S", "reconc": 23, "tstamp": 0.0, "transferred": 0, "dist": 0.14837550305213687}}, "_child1": {"label": 51, "event": "S", "reconc": 21, "tstamp": 0.0, "transferred": 0, "dist": 0.13018875122459708}}}, "_child1": {"label": 13, "event": "S", "reconc": 5, "tstamp": 0.4708766036480775, "transferred": 0, "dist": 0.4214170033365573, "_child0": {"label": 46, "event": "S", "reconc": 18, "tstamp": 0.0, "transferred": 0, "dist": 0.5669246923239583}, "_child1": {"label": 29, "event": "S", "reconc": 12, "tstamp": 0.07765971558992346, "transferred": 0, "dist": 0.875312810973746, "_child0": {"label": 64, "event": "S", "reconc": 24, "tstamp": 0.0, "transferred": 0, "dist": 0.13756339728588735}, "_child1": {"label": 65, "event": "S", "reconc": 25, "tstamp": 0.0, "transferred": 0, "dist": 0.11145589775988432}}}}, "_child1": {"label": 9, "event": "S", "reconc": 9, "tstamp": 0.4867052464978709, "transferred": 0, "dist": 0.1901567164527093, "_child0": {"label": 24, "event": "S", "reconc": 10, "tstamp": 0.0, "transferred": 0, "dist": 0.8047258318947733}, "_child1": {"label": 25, "event": "S", "reconc": 11, "tstamp": 0.0, "transferred": 0, "dist": 1.0858391501930393}}, "_child2": {"label": 36, "event": "D", "reconc": [1, 8], "tstamp": 0.22493086158015294, "transferred": 0, "dist": 0.4804009363778228, "_child0": {"label": 42, "event": "H", "reconc": [1, 8], "tstamp": 0.013986743552228773, "transferred": 0, "dist": 0.31899472799062406, "_child0": {"label": 69, "event": "S", "reconc": 18, "tstamp": 0.0, "transferred": 1, "dist": 0.01580203849812015}, "_child1": {"label": 68, "event": "S", "reconc": 8, "tstamp": 0.0, "transferred": 0, "dist": 0.02115108729567518}}, "_child1": {"label": 43, "event": "S", "reconc": 8, "tstamp": 0.0, "transferred": 0, "dist": 0.22195859962849282}}}}