{"label": 0, "event": null, "tstamp": 1.0, "dist": 0.0, "_child0": {"label": 1, "event": "S", "tstamp": 0.946779434951378, "dist": 0.05322056504862205, "_child0": {"label": 2, "event": "S", "tstamp": 0.7409789702850975, "dist": 0.20580046466628044, "_child0": {"label": 4, "event": "S", "tstamp": 0.5136442273027046, "dist": 0.22733474298239287, "_child0": {"label": 6, "event": "S", "tstamp": 0.0, "dist": 0.5136442273027046}, "_child1": {"label": 7, "event": "S", "tstamp": 0.0, "dist": 0.5136442273027046}}, "_child1": {"label": 5, "event": "S", "tstamp": 0.0, "dist": 0.7409789702850975}}, "_child1": {"label": 3, "event": "S", "tstamp": 0.34485646898048056, "dist": 0.6019229659708973, "_child0": {"label": 9, "event": "S", "tstamp": 0.32703437007787506, "dist": 0.0178220989026055, "_child0": {"label": 10, "event": "S", "tstamp": 0.0, "dist": 0.32703437007787506}, "_child1": {"label": 11, "event": "S", "tstamp": 0.0, "dist": 0.32703437007787506}}, "_child1": {"label": 8, "event": "S", "tstamp": 0.18681011725418087, "dist": 0.1580463517262997, "_child0": {"label": 13, "event": "S", "tstamp": 0.10358373458374642, "dist": 0.08322638267043445, "_child0": {"label": 14, "event": "S", "tstamp": 0.0, "dist": 0.10358373458374642}, "_child1": {"label": 15, "event": "S", "tstamp": 0.0, "dist": 0.10358373458374642}}, "_child1": {"label": 12, "event": "S", "tstamp": 0.0, "dist": 0.18681011725418087}}}}}