{"label": 0, "event": null, "tstamp": 1.0, "dist": 0.0, "_child0": {"label": 1, "event": "S", "tstamp": 0.840456135895961, "dist": 0.15954386410403898, "_child0": {"label": 2, "event": "S", "tstamp": 0.8114051161019878, "dist": 0.029051019793973176, "_child0": {"label": 5, "event": "S", "tstamp": 0.7039208003452122, "dist": 0.10748431575677564, "_child0": {"label": 7, "event": "S", "tstamp": 0.6676728267948968, "dist": 0.03624797355031539, "_child0": {"label": 9, "event": "S", "tstamp": 0.6461396044142702, "dist": 0.021533222380626604, "_child0": {"label": 13, "event": "S", "tstamp": 0.0, "dist": 0.6461396044142702}, "_child1": {"label": 12, "event": "S", "tstamp": 0.33067386424985173, "dist": 0.3154657401644185, "_child0": {"label": 19, "event": "S", "tstamp": 0.178935105456012, "dist": 0.15173875879383975, "_child0": {"label": 21, "event": "S", "tstamp": 0.11641346253997639, "dist": 0.0625216429160356, "_child0": {"label": 22, "event": "S", "tstamp": 0.0, "dist": 0.11641346253997639}, "_child1": {"label": 23, "event": "S", "tstamp": 0.0, "dist": 0.11641346253997639}}, "_child1": {"label": 20, "event": "S", "tstamp": 0.09136172593404049, "dist": 0.0875733795219715, "_child0": {"label": 24, "event": "S", "tstamp": 0.0, "dist": 0.09136172593404049}, "_child1": {"label": 25, "event": "S", "tstamp": 0.0, "dist": 0.09136172593404049}}}, "_child1": {"label": 18, "event": "S", "tstamp": 0.0, "dist": 0.33067386424985173}}, "_child2": {"label": 10, "event": "S", "tstamp": 0.0, "dist": 0.6461396044142702}}, "_child1": {"label": 8, "event": "S", "tstamp": 0.0, "dist": 0.6676728267948968}}, "_child1": {"label": 6, "event": "S", "tstamp": 0.0, "dist": 0.7039208003452122}}, "_child1": {"label": 4, "event": "S", "tstamp": 0.0, "dist": 0.8114051161019878}}, "_child1": {"label": 3, "event": "S", "tstamp": 0.3934030004193243, "dist": 0.4470531354766367, "_child0": {"label": 15, "event": "S", "tstamp": 0.38607163077999546, "dist": 0.007331369639328844, "_child0": {"label": 16, "event": "S", "tstamp": 0.0, "dist": 0.38607163077999546}, "_child1": {"label": 17, "event": "S", "tstamp": 0.0, "dist": 0.38607163077999546}}, "_child1": {"label": 14, "event": "S", "tstamp": 0.0, "dist": 0.3934030004193243}}}}