{"label": 1, "event": "D", "reconc": [0, 1], "tstamp": 0.949100773229304, "transferred": 0, "dist": 0.0, "_child0": {"label": 2, "event": "S", "reconc": 1, "tstamp": 0.9328944697717992, "transferred": 0, "dist": 0.016516006799272887, "_child0": {"label": 4, "event": "S", "reconc": 3, "tstamp": 0.9310351888095278, "transferred": 0, "dist": 0.001965172442081814, "_child0": {"label": 13, "event": "D", "reconc": [3, 4], "tstamp": 0.717462612324804, "transferred": 0, "dist": 0.2657587838815928, "_child0": {"label": 80, "event": "S", "reconc": 21, "tstamp": 0.0, "transferred": 0, "dist": 1.747166745176874}, "_child1": {"label": 23, "event": "S", "reconc": 4, "tstamp": 0.35292320337780336, "transferred": 0, "dist": 0.4623593752385207, "_child0": {"label": 76, "event": "S", "reconc": 20, "tstamp": 0.0, "transferred": 0, "dist": 0.7429831316131935}, "_child1": {"label": 89, "event": "S", "reconc": 25, "tstamp": 0.0, "transferred": 0, "dist": 0.4717676432267213}}}, "_child1": {"label": 8, "event": "S", "reconc": 5, "tstamp": 0.75864955363251, "transferred": 0, "dist": 0.17252248070379467, "_child0": {"label": 14, "event": "D", "reconc": [5, 6], "tstamp": 0.7427969002231875, "transferred": 0, "dist": 0.017014263542332986, "_child0": {"label": 18, "event": "D", "reconc": [5, 6], "tstamp": 0.6945559068125832, "transferred": 0, "dist": 0.05237136281783669, "_child0": {"label": 24, "event": "S", "reconc": 6, "tstamp": 0.6619458378196896, "transferred": 0, "dist": 0.13183992000907502, "_child0": {"label": 32, "event": "S", "reconc": 11, "tstamp": 0.6571391743117865, "transferred": 0, "dist": 0.008063915348442224, "_child0": {"label": 51, "event": "S", "reconc": 15, "tstamp": 0.0, "transferred": 0, "dist": 2.9781395657987897}, "_child1": {"label": 39, "event": "S", "reconc": 12, "tstamp": 0.3636555859354937, "transferred": 0, "dist": 1.2937091244436858, "_child0": {"label": 64, "event": "S", "reconc": 16, "tstamp": 0.0, "transferred": 0, "dist": 0.5596536389786279}, "_child1": {"label": 65, "event": "S", "reconc": 17, "tstamp": 0.0, "transferred": 0, "dist": 0.38492017749432833}}}, "_child1": {"label": 33, "event": "D", "reconc": [6, 10], "tstamp": 0.6063619628826732, "transferred": 0, "dist": 0.06289844066796904, "_child0": {"label": 45, "event": "H", "reconc": [6, 10], "tstamp": 0.5698818101014729, "transferred": 0, "dist": 0.04209771351257966, "_child0": {"label": 46, "event": "H", "reconc": [6, 10], "tstamp": 0.37145338807330713, "transferred": 0, "dist": 0.22898431685296575, "_child0": {"label": 60, "event": "S", "reconc": 10, "tstamp": 0.0, "transferred": 0, "dist": 0.42865331206742385}, "_child1": {"label": 61, "event": "S", "reconc": 7, "tstamp": 0.0, "transferred": 1, "dist": 0.44989974491897966}}, "_child1": {"label": 47, "event": "S", "reconc": 9, "tstamp": 0.1295031855397656, "transferred": 1, "dist": 0.623367310901951, "_child0": {"label": 94, "event": "S", "reconc": 27, "tstamp": 0.05379096281029054, "transferred": 0, "dist": 0.049412892261065516, "_child0": {"label": 100, "event": "S", "reconc": 28, "tstamp": 0.0, "transferred": 0, "dist": 0.038695798026547566}, "_child1": {"label": 101, "event": "S", "reconc": 29, "tstamp": 0.0, "transferred": 0, "dist": 0.03719244971140762}}, "_child1": {"label": 95, "event": "S", "reconc": 26, "tstamp": 0.0, "transferred": 0, "dist": 0.0754228880237164}}}, "_child1": {"label": 44, "event": "S", "reconc": 10, "tstamp": 0.0, "transferred": 0, "dist": 1.5357652509857018}}}, "_child1": {"label": 34, "event": "S", "reconc": 11, "tstamp": 0.6571391743117865, "transferred": 0, "dist": 0.16598487805938825, "_child0": {"label": 40, "event": "S", "reconc": 13, "tstamp": 0.49065415903576554, "transferred": 0, "dist": 0.3160319787891701, "_child0": {"label": 52, "event": "D", "reconc": [13, 14], "tstamp": 0.09495740191928545, "transferred": 0, "dist": 0.4004294536787808, "_child0": {"label": 97, "event": "D", "reconc": [13, 14], "tstamp": 0.0642352374789103, "transferred": 0, "dist": 0.07601685468317412, "_child0": {"label": 98, "event": "S", "reconc": 14, "tstamp": 0.0, "transferred": 0, "dist": 0.10999817945218379}, "_child1": {"label": 99, "event": "S", "reconc": 14, "tstamp": 0.0, "transferred": 0, "dist": 0.06627346399353211}}, "_child1": {"label": 96, "event": "S", "reconc": 14, "tstamp": 0.0, "transferred": 0, "dist": 0.15229679272740462}}, "_child1": {"label": 53, "event": "S", "reconc": 15, "tstamp": 0.0, "transferred": 0, "dist": 0.8491345086509186}}, "_child1": {"label": 67, "event": "S", "reconc": 17, "tstamp": 0.0, "transferred": 0, "dist": 1.2609297891414504}}}, "_child1": {"label": 19, "event": "S", "reconc": 6, "tstamp": 0.6619458378196896, "transferred": 0, "dist": 0.12387765259819675, "_child0": {"label": 30, "event": "S", "reconc": 11, "tstamp": 0.6571391743117865, "transferred": 0, "dist": 0.014934079697032851, "_child0": {"label": 43, "event": "S", "reconc": 13, "tstamp": 0.49065415903576554, "transferred": 0, "dist": 0.4165126000098089, "_child0": {"label": 54, "event": "D", "reconc": [13, 14], "tstamp": 0.47494749975252115, "transferred": 0, "dist": 0.02773093710218204, "_child0": {"label": 56, "event": "S", "reconc": 14, "tstamp": 0.0, "transferred": 0, "dist": 0.5506403515132037}, "_child1": {"label": 57, "event": "S", "reconc": 14, "tstamp": 0.0, "transferred": 0, "dist": 2.126558626257754}}, "_child1": {"label": 55, "event": "S", "reconc": 15, "tstamp": 0.0, "transferred": 0, "dist": 0.6184517838891345}}, "_child1": {"label": 37, "event": "S", "reconc": 12, "tstamp": 0.3636555859354937, "transferred": 0, "dist": 1.0717940196684466, "_child0": {"label": 62, "event": "D", "reconc": [12, 16], "tstamp": 0.18873163620103783, "transferred": 0, "dist": 0.6256208155139624, "_child0": {"label": 86, "event": "H", "reconc": [12, 16], "tstamp": 0.1455053278086948, "transferred": 0, "dist": 0.5095887084046666, "_child0": {"label": 92, "event": "S", "reconc": 16, "tstamp": 0.0, "transferred": 0, "dist": 1.7153413007427831}, "_child1": {"label": 93, "event": "S", "reconc": 22, "tstamp": 0.0, "transferred": 1, "dist": 0.2754956368466732}}, "_child1": {"label": 87, "event": "S", "reconc": 16, "tstamp": 0.0, "transferred": 0, "dist": 0.6323342695887729}}, "_child1": {"label": 63, "event": "S", "reconc": 17, "tstamp": 0.0, "transferred": 0, "dist": 1.3116410969356687}}}, "_child1": {"label": 58, "event": "S", "reconc": 10, "tstamp": 0.0, "transferred": 0, "dist": 0.9658425047645716}}}, "_child1": {"label": 15, "event": "D", "reconc": [5, 7], "tstamp": 0.28424591164672797, "transferred": 0, "dist": 0.5534340020746167, "_child0": {"label": 84, "event": "S", "reconc": 7, "tstamp": 0.0, "transferred": 0, "dist": 0.33159811294347363}, "_child1": {"label": 79, "event": "S", "reconc": 7, "tstamp": 0.0, "transferred": 0, "dist": 0.33159811294347363}}}}, "_child1": {"label": 27, "event": "S", "reconc": 8, "tstamp": 0.0, "transferred": 0, "dist": 1.0264313568074583}}, "_child1": {"label": 17, "event": "D", "reconc": [5, 7], "tstamp": 0.7249563538927564, "transferred": 0, "dist": 0.23030977129079144, "_child0": {"label": 48, "event": "S", "reconc": 7, "tstamp": 0.0, "transferred": 0, "dist": 0.9384635554801435}, "_child1": {"label": 68, "event": "S", "reconc": 7, "tstamp": 0.0, "transferred": 0, "dist": 0.8457260036724482}}}