{"label": 6, "event": "S", "reconc": 5, "tstamp": 0.4642289686461554, "transferred": 0, "dist": 0.0, "_child0": {"label": 9, "event": "D", "reconc": [5, 7], "tstamp": 0.4604231472176129, "transferred": 0, "dist": 0.0029188336115544044, "_child0": {"label": 11, "event": "D", "reconc": [5, 7], "tstamp": 0.4291295828077765, "transferred": 0, "dist": 0.06958296740201675, "_child0": {"label": 14, "event": "S", "reconc": 7, "tstamp": 0.0, "transferred": 0, "dist": 0.4784277246406239}, "_child1": {"label": 15, "event": "S", "reconc": 7, "tstamp": 0.0, "transferred": 0, "dist": 0.8353522214743566}}, "_child1": {"label": 10, "event": "D", "reconc": [5, 7], "tstamp": 0.2842248502626914, "transferred": 0, "dist": 0.35963917567065695, "_child0": {"label": 27, "event": "S", "reconc": 7, "tstamp": 0.0, "transferred": 0, "dist": 0.3460243874314305}, "_child1": {"label": 18, "event": "S", "reconc": 7, "tstamp": 0.0, "transferred": 0, "dist": 0.23337408005990487}}}, "_child1": {"label": 8, "event": "S", "reconc": 6, "tstamp": 0.45975104334102407, "transferred": 0, "dist": 0.0035377896958405167, "_child0": {"label": 12, "event": "S", "reconc": 9, "tstamp": 0.3907811626020273, "transferred": 0, "dist": 0.056223493896635474, "_child0": {"label": 16, "event": "S", "reconc": 11, "tstamp": 0.26096813359603876, "transferred": 0, "dist": 0.10462757701569932, "_child0": {"label": 21, "event": "D", "reconc": [11, 13], "tstamp": 0.1993328917080124, "transferred": 0, "dist": 0.043603834881501644, "_child0": {"label": 24, "event": "S", "reconc": 13, "tstamp": 0.0, "transferred": 0, "dist": 0.3357583067828197}, "_child1": {"label": 25, "event": "S", "reconc": 13, "tstamp": 0.0, "transferred": 0, "dist": 0.14101799928486888}}, "_child1": {"label": 20, "event": "S", "reconc": 12, "tstamp": 0.0, "transferred": 0, "dist": 0.20418351077020783}}, "_child1": {"label": 17, "event": "D", "reconc": [9, 10], "tstamp": 0.21717246287545897, "transferred": 0, "dist": 0.1364211056867602, "_child0": {"label": 22, "event": "S", "reconc": 10, "tstamp": 0.14836953900859734, "transferred": 0, "dist": 0.060531448557256756, "_child0": {"label": 29, "event": "D", "reconc": [10, 15], "tstamp": 0.1440463942839966, "transferred": 0, "dist": 0.008526289674283004, "_child0": {"label": 32, "event": "S", "reconc": 15, "tstamp": 0.0, "transferred": 0, "dist": 0.19102989811783494}, "_child1": {"label": 33, "event": "S", "reconc": 15, "tstamp": 0.0, "transferred": 0, "dist": 0.20609253728076074}}, "_child1": {"label": 28, "event": "H", "reconc": [10, 14], "tstamp": 0.04436557643609501, "transferred": 0, "dist": 0.1425755423326966, "_child0": {"label": 36, "event": "S", "reconc": 14, "tstamp": 0.0, "transferred": 0, "dist": 0.060819280004542245}, "_child1": {"label": 37, "event": "S", "reconc": 7, "tstamp": 0.0, "transferred": 1, "dist": 0.090367804943917}}}, "_child1": {"label": 23, "event": "S", "reconc": 10, "tstamp": 0.14836953900859734, "transferred": 0, "dist": 0.06065414541019661, "_child0": {"label": 30, "event": "S", "reconc": 14, "tstamp": 0.0, "transferred": 0, "dist": 0.10618226810211186}, "_child1": {"label": 31, "event": "S", "reconc": 15, "tstamp": 0.0, "transferred": 0, "dist": 0.49512753372980745}}}}, "_child1": {"label": 13, "event": "D", "reconc": [6, 8], "tstamp": 0.09308837745436821, "transferred": 0, "dist": 0.3101871957086266, "_child0": {"label": 34, "event": "S", "reconc": 8, "tstamp": 0.0, "transferred": 0, "dist": 0.14930798980024362}, "_child1": {"label": 35, "event": "S", "reconc": 8, "tstamp": 0.0, "transferred": 0, "dist": 0.08981074064972774}}}}