{"label": 0, "event": null, "tstamp": 1.0, "dist": 0.0, "_child0": {"label": 1, "event": "S", "tstamp": 0.9094496623815418, "dist": 0.09055033761845821, "_child0": {"label": 2, "event": "S", "tstamp": 0.8080887926937279, "dist": 0.10136086968781388, "_child0": {"label": 4, "event": "S", "tstamp": 0.20076212257687415, "dist": 0.6073266701168538, "_child0": {"label": 18, "event": "S", "tstamp": 0.0, "dist": 0.20076212257687415}, "_child1": {"label": 19, "event": "S", "tstamp": 0.0, "dist": 0.20076212257687415}}, "_child1": {"label": 5, "event": "S", "tstamp": 0.013479587475120748, "dist": 0.7946092052186071, "_child0": {"label": 24, "event": "S", "tstamp": 0.0, "dist": 0.013479587475120748}, "_child1": {"label": 25, "event": "S", "tstamp": 0.0, "dist": 0.013479587475120748}}}, "_child1": {"label": 3, "event": "S", "tstamp": 0.8012996224280288, "dist": 0.10815003995351302, "_child0": {"label": 7, "event": "S", "tstamp": 0.609581480235146, "dist": 0.19171814219288275, "_child0": {"label": 9, "event": "S", "tstamp": 0.42204062245410384, "dist": 0.18754085778104218, "_child0": {"label": 13, "event": "S", "tstamp": 0.0, "dist": 0.42204062245410384}, "_child1": {"label": 12, "event": "S", "tstamp": 0.0, "dist": 0.42204062245410384}, "_child2": {"label": 10, "event": "S", "tstamp": 0.09866531995546678, "dist": 0.32337530249863705, "_child0": {"label": 21, "event": "S", "tstamp": 0.07816938174994745, "dist": 0.02049593820551933, "_child0": {"label": 22, "event": "S", "tstamp": 0.0, "dist": 0.07816938174994745}, "_child1": {"label": 23, "event": "S", "tstamp": 0.0, "dist": 0.07816938174994745}}, "_child1": {"label": 20, "event": "S", "tstamp": 0.0, "dist": 0.09866531995546678}}}, "_child1": {"label": 8, "event": "S", "tstamp": 0.0, "dist": 0.609581480235146}}, "_child1": {"label": 6, "event": "S", "tstamp": 0.2785947030175511, "dist": 0.5227049194104776, "_child0": {"label": 15, "event": "S", "tstamp": 0.2705958769761286, "dist": 0.007998826041422546, "_child0": {"label": 16, "event": "S", "tstamp": 0.0, "dist": 0.2705958769761286}, "_child1": {"label": 17, "event": "S", "tstamp": 0.0, "dist": 0.2705958769761286}}, "_child1": {"label": 14, "event": "S", "tstamp": 0.0, "dist": 0.2785947030175511}}}}}