{"label": 1, "event": "S", "reconc": 1, "tstamp": 0.9962360071455418, "transferred": 0, "dist": 0.0, "_child0": {"label": 5, "event": "H", "reconc": [1, 12], "tstamp": 0.9408017836032153, "transferred": 0, "dist": 0.04741026524768328, "_child0": {"label": 7, "event": "H", "reconc": [1, 13], "tstamp": 0.11719867062033332, "transferred": 1, "dist": 3.463065482512626, "_child0": {"label": 39, "event": "S", "reconc": 8, "tstamp": 0.0, "transferred": 1, "dist": 0.24169182451422405}, "_child1": {"label": 38, "event": "S", "reconc": 13, "tstamp": 0.0, "transferred": 0, "dist": 0.4927939980116109}}, "_child1": {"label": 6, "event": "S", "reconc": 12, "tstamp": 0.0, "transferred": 0, "dist": 0.8046231958505753}}, "_child1": {"label": 3, "event": "D", "reconc": [1, 5], "tstamp": 0.8934252069060206, "transferred": 0, "dist": 0.10983869355413128, "_child0": {"label": 8, "event": "S", "reconc": 5, "tstamp": 0.7390693849637249, "transferred": 0, "dist": 0.16490720610205434, "_child0": {"label": 10, "event": "S", "reconc": 7, "tstamp": 0.736573446104858, "transferred": 0, "dist": 0.0028066595060174766, "_child0": {"label": 23, "event": "S", "reconc": 11, "tstamp": 0.0, "transferred": 0, "dist": 0.6560448138292886}, "_child1": {"label": 31, "event": "S", "reconc": 4, "tstamp": 0.04684006457297709, "transferred": 1, "dist": 0.6950059120762377, "_child0": {"label": 42, "event": "S", "reconc": 14, "tstamp": 0.0, "transferred": 0, "dist": 0.01859411629183997}, "_child1": {"label": 43, "event": "S", "reconc": 15, "tstamp": 0.0, "transferred": 0, "dist": 0.019017527178125146}}}, "_child1": {"label": 27, "event": "S", "reconc": 6, "tstamp": 0.0, "transferred": 0, "dist": 0.7969425193723444}}, "_child1": {"label": 12, "event": "S", "reconc": 7, "tstamp": 0.736573446104858, "transferred": 0, "dist": 0.2292456070990591, "_child0": {"label": 16, "event": "H", "reconc": [7, 9], "tstamp": 0.6214933798899962, "transferred": 0, "dist": 0.31484084054556205, "_child0": {"label": 25, "event": "S", "reconc": 11, "tstamp": 0.0, "transferred": 0, "dist": 0.7840041040967509}, "_child1": {"label": 29, "event": "S", "reconc": 11, "tstamp": 0.0, "transferred": 1, "dist": 0.9795678898608335}}, "_child1": {"label": 17, "event": "D", "reconc": [7, 8], "tstamp": 0.17097818813861643, "transferred": 0, "dist": 2.1288181146694094, "_child0": {"label": 35, "event": "H", "reconc": [7, 8], "tstamp": 0.14632891344085514, "transferred": 0, "dist": 0.09798618780130657, "_child0": {"label": 36, "event": "D", "reconc": [7, 8], "tstamp": 0.08865846494751274, "transferred": 0, "dist": 0.229252481703547, "_child0": {"label": 40, "event": "S", "reconc": 8, "tstamp": 0.0, "transferred": 0, "dist": 0.12036195530372591}, "_child1": {"label": 41, "event": "S", "reconc": 8, "tstamp": 0.0, "transferred": 0, "dist": 0.2275620844906475}}, "_child1": {"label": 37, "event": "S", "reconc": 11, "tstamp": 0.0, "transferred": 1, "dist": 0.24708933234585087}}, "_child1": {"label": 34, "event": "S", "reconc": 8, "tstamp": 0.0, "transferred": 0, "dist": 0.5623628024926677}}}}, "_child2": {"label": 32, "event": "H", "reconc": [1, 13], "tstamp": 0.0008627035367857749, "transferred": 0, "dist": 2.913170994433983, "_child0": {"label": 44, "event": "S", "reconc": 13, "tstamp": 0.0, "transferred": 0, "dist": 0.005263754603254493}, "_child1": {"label": 45, "event": "S", "reconc": 12, "tstamp": 0.0, "transferred": 1, "dist": 0.0016656272691039657}}}