{"label": 0, "event": null, "tstamp": 1.0, "dist": 0.0, "_child0": {"label": 1, "event": "S", "tstamp": 0.9757754710117843, "dist": 0.0242245289882157, "_child0": {"label": 2, "event": "S", "tstamp": 0.8343774063130112, "dist": 0.14139806469877314, "_child0": {"label": 4, "event": "S", "tstamp": 0.6707480799181483, "dist": 0.16362932639486283, "_child0": {"label": 9, "event": "S", "tstamp": 0.0, "dist": 0.6707480799181483}, "_child1": {"label": 8, "event": "S", "tstamp": 0.0, "dist": 0.6707480799181483}, "_child2": {"label": 7, "event": "S", "tstamp": 0.21572174400399183, "dist": 0.45502633591415653, "_child0": {"label": 15, "event": "S", "tstamp": 0.18548337588794006, "dist": 0.030238368116051767, "_child0": {"label": 16, "event": "S", "tstamp": 0.12312138703344923, "dist": 0.06236198885449083, "_child0": {"label": 20, "event": "S", "tstamp": 0.04663734941893293, "dist": 0.0764840376145163, "_child0": {"label": 24, "event": "S", "tstamp": 0.0, "dist": 0.04663734941893293}, "_child1": {"label": 25, "event": "S", "tstamp": 0.0, "dist": 0.04663734941893293}}, "_child1": {"label": 21, "event": "S", "tstamp": 0.07370804885146894, "dist": 0.04941333818198029, "_child0": {"label": 22, "event": "S", "tstamp": 0.0, "dist": 0.07370804885146894}, "_child1": {"label": 23, "event": "S", "tstamp": 0.0, "dist": 0.07370804885146894}}, "_child2": {"label": 18, "event": "S", "tstamp": 0.0, "dist": 0.12312138703344923}}, "_child1": {"label": 17, "event": "S", "tstamp": 0.0, "dist": 0.18548337588794006}}, "_child1": {"label": 14, "event": "S", "tstamp": 0.0, "dist": 0.21572174400399183}}}, "_child1": {"label": 5, "event": "S", "tstamp": 0.0, "dist": 0.8343774063130112}}, "_child1": {"label": 3, "event": "S", "tstamp": 0.4724516643165014, "dist": 0.503323806695283, "_child0": {"label": 11, "event": "S", "tstamp": 0.37561435699612294, "dist": 0.09683730732037843, "_child0": {"label": 12, "event": "S", "tstamp": 0.0, "dist": 0.37561435699612294}, "_child1": {"label": 13, "event": "S", "tstamp": 0.0, "dist": 0.37561435699612294}}, "_child1": {"label": 10, "event": "S", "tstamp": 0.0, "dist": 0.4724516643165014}}}}