{"label": 0, "event": null, "tstamp": 1.0, "dist": 0.0, "_child0": {"label": 1, "event": "S", "tstamp": 0.7732671546498489, "dist": 0.22673284535015115, "_child0": {"label": 2, "event": "S", "tstamp": 0.6543891616357432, "dist": 0.11887799301410562, "_child0": {"label": 5, "event": "S", "tstamp": 0.5240082205607142, "dist": 0.13038094107502907, "_child0": {"label": 7, "event": "S", "tstamp": 0.2245992240203084, "dist": 0.29940899654040576, "_child0": {"label": 8, "event": "S", "tstamp": 0.14276259474173592, "dist": 0.08183662927857249, "_child0": {"label": 14, "event": "S", "tstamp": 0.0, "dist": 0.14276259474173592}, "_child1": {"label": 15, "event": "S", "tstamp": 0.0, "dist": 0.14276259474173592}}, "_child1": {"label": 9, "event": "S", "tstamp": 0.0, "dist": 0.2245992240203084}}, "_child1": {"label": 6, "event": "S", "tstamp": 0.0, "dist": 0.5240082205607142}}, "_child1": {"label": 4, "event": "S", "tstamp": 0.0, "dist": 0.6543891616357432}}, "_child1": {"label": 3, "event": "S", "tstamp": 0.22017862629522358, "dist": 0.5530885283546253, "_child0": {"label": 11, "event": "S", "tstamp": 0.15925559118144542, "dist": 0.06092303511377817, "_child0": {"label": 12, "event": "S", "tstamp": 0.0, "dist": 0.15925559118144542}, "_child1": {"label": 13, "event": "S", "tstamp": 0.0, "dist": 0.15925559118144542}}, "_child1": {"label": 10, "event": "S", "tstamp": 0.0, "dist": 0.22017862629522358}}}}