{"label": 2, "event": "H", "reconc": [1, 3], "tstamp": 0.6691542940510563, "transferred": 0, "dist": 0.0, "_child0": {"label": 4, "event": "D", "reconc": [1, 3], "tstamp": 0.2961215080819569, "transferred": 0, "dist": 0.32045668851368364, "_child0": {"label": 6, "event": "S", "reconc": 3, "tstamp": 0.1798395320405539, "transferred": 0, "dist": 0.3152659175979098, "_child0": {"label": 8, "event": "S", "reconc": 5, "tstamp": 0.1633131096496409, "transferred": 0, "dist": 0.012940443642354226, "_child0": {"label": 12, "event": "H", "reconc": [5, 6], "tstamp": 0.08120505910401433, "transferred": 0, "dist": 0.16703855425428224, "_child0": {"label": 16, "event": "S", "reconc": 6, "tstamp": 0.06170367056367022, "transferred": 0, "dist": 0.039673134681476326, "_child0": {"label": 20, "event": "S", "reconc": 8, "tstamp": 0.0, "transferred": 0, "dist": 0.057913159460639234}, "_child1": {"label": 21, "event": "S", "reconc": 9, "tstamp": 0.0, "transferred": 0, "dist": 0.09691867416960509}}, "_child1": {"label": 17, "event": "S", "reconc": 4, "tstamp": 0.0, "transferred": 1, "dist": 0.08139034503496514}}, "_child1": {"label": 13, "event": "S", "reconc": 7, "tstamp": 0.0, "transferred": 0, "dist": 0.16407635582300803}}, "_child1": {"label": 9, "event": "S", "reconc": 4, "tstamp": 0.0, "transferred": 0, "dist": 0.13644883205414485}}, "_child1": {"label": 7, "event": "S", "reconc": 3, "tstamp": 0.1798395320405539, "transferred": 0, "dist": 0.21651484180607647, "_child0": {"label": 10, "event": "S", "reconc": 5, "tstamp": 0.1633131096496409, "transferred": 0, "dist": 0.04277828224484512, "_child0": {"label": 14, "event": "S", "reconc": 6, "tstamp": 0.06170367056367022, "transferred": 0, "dist": 0.0978036671965956, "_child0": {"label": 18, "event": "S", "reconc": 8, "tstamp": 0.0, "transferred": 0, "dist": 0.041436444037752686}, "_child1": {"label": 19, "event": "S", "reconc": 9, "tstamp": 0.0, "transferred": 0, "dist": 0.08487635399861396}}, "_child1": {"label": 15, "event": "S", "reconc": 7, "tstamp": 0.0, "transferred": 0, "dist": 0.1757283513631137}}, "_child1": {"label": 11, "event": "S", "reconc": 4, "tstamp": 0.0, "transferred": 0, "dist": 0.15072297499179543}}}, "_child1": {"label": 5, "event": "S", "reconc": 2, "tstamp": 0.0, "transferred": 1, "dist": 0.9516554847242534}}