{"label": 1, "event": "S", "reconc": 1, "tstamp": 0.8919639305702878, "transferred": 0, "dist": 0.0, "_child0": {"label": 3, "event": "D", "reconc": [1, 2], "tstamp": 0.8755324325833713, "transferred": 0, "dist": 0.01403322371489315, "_child0": {"label": 8, "event": "H", "reconc": [1, 2], "tstamp": 0.5991195361540476, "transferred": 0, "dist": 0.23606880007914724, "_child0": {"label": 11, "event": "H", "reconc": [3, 4], "tstamp": 0.5382471706844694, "transferred": 1, "dist": 0.09224711004933031, "_child0": {"label": 12, "event": "S", "reconc": 4, "tstamp": 0.3636842117678909, "transferred": 0, "dist": 0.2645359410217433, "_child0": {"label": 17, "event": "H", "reconc": [4, 9], "tstamp": 0.03775526428437356, "transferred": 0, "dist": 0.6745279720969843, "_child0": {"label": 23, "event": "S", "reconc": 8, "tstamp": 0.0, "transferred": 1, "dist": 0.021564808060167213}, "_child1": {"label": 22, "event": "S", "reconc": 9, "tstamp": 0.0, "transferred": 0, "dist": 0.020773270026224457}}, "_child1": {"label": 16, "event": "S", "reconc": 8, "tstamp": 0.0, "transferred": 0, "dist": 1.2506124409713955}}, "_child1": {"label": 13, "event": "D", "reconc": [1, 2], "tstamp": 0.32025469322708733, "transferred": 1, "dist": 0.196615600121087, "_child0": {"label": 18, "event": "S", "reconc": 2, "tstamp": 0.0, "transferred": 0, "dist": 0.4640584465750989}, "_child1": {"label": 19, "event": "S", "reconc": 2, "tstamp": 0.0, "transferred": 0, "dist": 0.5742331811929222}}}, "_child1": {"label": 10, "event": "H", "reconc": [1, 2], "tstamp": 0.023438730300652848, "transferred": 0, "dist": 0.4916567888906582, "_child0": {"label": 25, "event": "S", "reconc": 7, "tstamp": 0.0, "transferred": 1, "dist": 0.016191674284738052}, "_child1": {"label": 24, "event": "S", "reconc": 2, "tstamp": 0.0, "transferred": 0, "dist": 0.02001770904661333}}}, "_child1": {"label": 4, "event": "D", "reconc": [1, 2], "tstamp": 0.23535069112853305, "transferred": 0, "dist": 0.5467434316201101, "_child0": {"label": 20, "event": "S", "reconc": 2, "tstamp": 0.0, "transferred": 0, "dist": 0.20099986639630874}, "_child1": {"label": 21, "event": "S", "reconc": 2, "tstamp": 0.0, "transferred": 0, "dist": 0.20099986639630874}}}, "_child1": {"label": 14, "event": "S", "reconc": 8, "tstamp": 0.0, "transferred": 0, "dist": 0.5703624874852438}}