{"label": 1, "event": "S", "reconc": 1, "tstamp": 0.8528726072001308, "transferred": 0, "dist": 0.0, "_child0": {"label": 2, "event": "S", "reconc": 3, "tstamp": 0.7706634451847514, "transferred": 0, "dist": 0.07275261165839426, "_child0": {"label": 4, "event": "S", "reconc": 5, "tstamp": 0.7272413016777545, "transferred": 0, "dist": 0.035534441044135986, "_child0": {"label": 6, "event": "H", "reconc": [5, 6], "tstamp": 0.25832851904879045, "transferred": 0, "dist": 0.3473865597040012, "_child0": {"label": 28, "event": "S", "reconc": 6, "tstamp": 0.0, "transferred": 0, "dist": 0.19137856511964013}, "_child1": {"label": 29, "event": "S", "reconc": 14, "tstamp": 0.0, "transferred": 1, "dist": 0.1635025736221166}}, "_child1": {"label": 7, "event": "S", "reconc": 7, "tstamp": 0.0, "transferred": 0, "dist": 0.5208957207390066}}, "_child1": {"label": 5, "event": "S", "reconc": 4, "tstamp": 0.0, "transferred": 0, "dist": 0.4881145568170124}}, "_child1": {"label": 3, "event": "S", "reconc": 2, "tstamp": 0.6458569493787943, "transferred": 0, "dist": 0.16820153803446247, "_child0": {"label": 8, "event": "S", "reconc": 8, "tstamp": 0.6096428950304246, "transferred": 0, "dist": 0.024548429904644172, "_child0": {"label": 10, "event": "S", "reconc": 10, "tstamp": 0.23820950460677157, "transferred": 0, "dist": 0.20263516514848387, "_child0": {"label": 30, "event": "S", "reconc": 16, "tstamp": 0.0, "transferred": 0, "dist": 0.12485761784420925}, "_child1": {"label": 31, "event": "S", "reconc": 17, "tstamp": 0.0, "transferred": 0, "dist": 0.11139614055768787}}, "_child1": {"label": 11, "event": "D", "reconc": [8, 11], "tstamp": 0.22317731713327332, "transferred": 0, "dist": 0.24060418681204446, "_child0": {"label": 32, "event": "S", "reconc": 11, "tstamp": 0.12526015208646954, "transferred": 0, "dist": 0.060960875220035037, "_child0": {"label": 40, "event": "S", "reconc": 23, "tstamp": 0.07684590341696475, "transferred": 0, "dist": 0.027866058940038924, "_child0": {"label": 47, "event": "D", "reconc": [23, 25], "tstamp": 0.05987702551203131, "transferred": 0, "dist": 0.00910413110967472, "_child0": {"label": 50, "event": "S", "reconc": 25, "tstamp": 0.0, "transferred": 0, "dist": 0.03212518198156069}, "_child1": {"label": 51, "event": "S", "reconc": 25, "tstamp": 0.0, "transferred": 0, "dist": 0.03212518198156069}}, "_child1": {"label": 46, "event": "S", "reconc": 24, "tstamp": 0.0, "transferred": 0, "dist": 0.045091527616279575}}, "_child1": {"label": 36, "event": "S", "reconc": 18, "tstamp": 0.0, "transferred": 0, "dist": 0.07868959609810326}}, "_child1": {"label": 33, "event": "S", "reconc": 11, "tstamp": 0.12526015208646954, "transferred": 0, "dist": 0.060960875220035037, "_child0": {"label": 38, "event": "S", "reconc": 21, "tstamp": 0.10576617438185253, "transferred": 0, "dist": 0.01140996597985416, "_child0": {"label": 42, "event": "H", "reconc": [21, 23], "tstamp": 0.09911786038885673, "transferred": 0, "dist": 0.0037829961285655114, "_child0": {"label": 44, "event": "S", "reconc": 23, "tstamp": 0.07684590341696475, "transferred": 0, "dist": 0.012673096831619253, "_child0": {"label": 49, "event": "D", "reconc": [23, 25], "tstamp": 0.037161870286067086, "transferred": 0, "dist": 0.021291251113270637, "_child0": {"label": 58, "event": "S", "reconc": 25, "tstamp": 0.0, "transferred": 0, "dist": 0.06773626870384782}, "_child1": {"label": 59, "event": "S", "reconc": 25, "tstamp": 0.0, "transferred": 0, "dist": 0.04405253831483097}}, "_child1": {"label": 48, "event": "S", "reconc": 24, "tstamp": 0.0, "transferred": 0, "dist": 0.045091527616279575}}, "_child1": {"label": 45, "event": "S", "reconc": 15, "tstamp": 0.0, "transferred": 1, "dist": 0.05366418900221223}}, "_child1": {"label": 43, "event": "S", "reconc": 22, "tstamp": 0.0, "transferred": 0, "dist": 0.0652515859605064}}, "_child1": {"label": 37, "event": "S", "reconc": 20, "tstamp": 0.041336609536209705, "transferred": 0, "dist": 0.054540655961413755, "_child0": {"label": 54, "event": "S", "reconc": 27, "tstamp": 0.03930097153065455, "transferred": 0, "dist": 0.001397652282383563, "_child0": {"label": 57, "event": "D", "reconc": [27, 29], "tstamp": 0.031134901909808686, "transferred": 0, "dist": 0.005430046116894056, "_child0": {"label": 60, "event": "S", "reconc": 29, "tstamp": 0.0, "transferred": 0, "dist": 0.020703222120915722}, "_child1": {"label": 61, "event": "S", "reconc": 29, "tstamp": 0.0, "transferred": 0, "dist": 0.02072814121233779}}, "_child1": {"label": 56, "event": "S", "reconc": 28, "tstamp": 0.0, "transferred": 0, "dist": 0.02702513161763384}}, "_child1": {"label": 55, "event": "S", "reconc": 26, "tstamp": 0.0, "transferred": 0, "dist": 0.026319402406414474}}, "_child2": {"label": 39, "event": "S", "reconc": 18, "tstamp": 0.0, "transferred": 0, "dist": 0.07868959609810326}}}}, "_child1": {"label": 9, "event": "D", "reconc": [2, 9], "tstamp": 0.578093729380703, "transferred": 0, "dist": 0.04467125068993562, "_child0": {"label": 12, "event": "S", "reconc": 9, "tstamp": 0.5733114789609569, "transferred": 0, "dist": 0.003269156541721706, "_child0": {"label": 14, "event": "S", "reconc": 13, "tstamp": 0.5042885499357128, "transferred": 0, "dist": 0.04058476368354814, "_child0": {"label": 19, "event": "D", "reconc": [13, 15], "tstamp": 0.4846645161971891, "transferred": 0, "dist": 0.013381990407538003, "_child0": {"label": 22, "event": "H", "reconc": [13, 15], "tstamp": 0.38636849381295385, "transferred": 0, "dist": 0.04901409877699495, "_child0": {"label": 25, "event": "S", "reconc": 6, "tstamp": 0.0, "transferred": 1, "dist": 0.3023281078436326}, "_child1": {"label": 24, "event": "S", "reconc": 15, "tstamp": 0.0, "transferred": 0, "dist": 0.19265788239162854}}, "_child1": {"label": 23, "event": "S", "reconc": 15, "tstamp": 0.0, "transferred": 0, "dist": 1.239708565201806}}, "_child1": {"label": 26, "event": "S", "reconc": 14, "tstamp": 0.0, "transferred": 0, "dist": 0.4912623409940847}}, "_child1": {"label": 15, "event": "S", "reconc": 12, "tstamp": 0.0, "transferred": 0, "dist": 0.6228803176128048}}, "_child1": {"label": 13, "event": "S", "reconc": 9, "tstamp": 0.5733114789609569, "transferred": 0, "dist": 0.003152581996082031, "_child0": {"label": 16, "event": "S", "reconc": 13, "tstamp": 0.5042885499357128, "transferred": 0, "dist": 0.03810941978847125, "_child0": {"label": 20, "event": "H", "reconc": [13, 14], "tstamp": 0.04594699965665775, "transferred": 0, "dist": 0.2864230316010413, "_child0": {"label": 53, "event": "S", "reconc": 17, "tstamp": 0.0, "transferred": 1, "dist": 0.021549654170939896}, "_child1": {"label": 52, "event": "S", "reconc": 14, "tstamp": 0.0, "transferred": 0, "dist": 0.028712821097322424}}, "_child1": {"label": 21, "event": "S", "reconc": 15, "tstamp": 0.0, "transferred": 0, "dist": 0.2513019952247621}}, "_child1": {"label": 17, "event": "D", "reconc": [9, 12], "tstamp": 0.010346977999908608, "transferred": 0, "dist": 0.3006565447525092, "_child0": {"label": 62, "event": "S", "reconc": 12, "tstamp": 0.0, "transferred": 0, "dist": 0.005525901986310134}, "_child1": {"label": 63, "event": "S", "reconc": 12, "tstamp": 0.0, "transferred": 0, "dist": 0.005525901986310134}}}}}}