{"label": 0, "event": null, "tstamp": 1.0, "dist": 0.0, "_child0": {"label": 1, "event": "S", "tstamp": 0.9530087195396069, "dist": 0.04699128046039314, "_child0": {"label": 3, "event": "S", "tstamp": 0.7948568468486462, "dist": 0.15815187269096065, "_child0": {"label": 5, "event": "S", "tstamp": 0.6043341612222161, "dist": 0.19052268562643015, "_child0": {"label": 8, "event": "S", "tstamp": 0.0, "dist": 0.6043341612222161}, "_child1": {"label": 10, "event": "S", "tstamp": 0.0, "dist": 0.6043341612222161}, "_child2": {"label": 11, "event": "S", "tstamp": 0.34885508943150845, "dist": 0.2554790717907076, "_child0": {"label": 13, "event": "S", "tstamp": 0.20470206051386744, "dist": 0.144153028917641, "_child0": {"label": 14, "event": "S", "tstamp": 0.0, "dist": 0.20470206051386744}, "_child1": {"label": 15, "event": "S", "tstamp": 0.0, "dist": 0.20470206051386744}}, "_child1": {"label": 12, "event": "S", "tstamp": 0.0, "dist": 0.34885508943150845}}, "_child3": {"label": 6, "event": "S", "tstamp": 0.0, "dist": 0.6043341612222161}}, "_child1": {"label": 4, "event": "S", "tstamp": 0.0, "dist": 0.7948568468486462}}, "_child1": {"label": 2, "event": "S", "tstamp": 0.1830232716264646, "dist": 0.7699854479131423, "_child0": {"label": 16, "event": "S", "tstamp": 0.16075056730311374, "dist": 0.02227270432335085, "_child0": {"label": 18, "event": "S", "tstamp": 0.0, "dist": 0.16075056730311374}, "_child1": {"label": 19, "event": "S", "tstamp": 0.0, "dist": 0.16075056730311374}}, "_child1": {"label": 17, "event": "S", "tstamp": 0.0, "dist": 0.1830232716264646}}}}