{"label": 0, "event": null, "tstamp": 1.0, "dist": 0.0, "_child0": {"label": 1, "event": "S", "tstamp": 0.7148247060518944, "dist": 0.2851752939481056, "_child0": {"label": 4, "event": "S", "tstamp": 0.0, "dist": 0.7148247060518944}, "_child1": {"label": 6, "event": "S", "tstamp": 0.0, "dist": 0.7148247060518944}, "_child2": {"label": 9, "event": "S", "tstamp": 0.0, "dist": 0.7148247060518944}, "_child3": {"label": 8, "event": "S", "tstamp": 0.0, "dist": 0.7148247060518944}, "_child4": {"label": 3, "event": "S", "tstamp": 0.0, "dist": 0.7148247060518944}}}