{"label": 0, "event": null, "tstamp": 1.0, "dist": 0.0, "_child0": {"label": 1, "event": "S", "tstamp": 0.4391052064096514, "dist": 0.5608947935903486, "_child0": {"label": 3, "event": "S", "tstamp": 0.2705475012149704, "dist": 0.168557705194681, "_child0": {"label": 7, "event": "S", "tstamp": 0.0, "dist": 0.2705475012149704}, "_child1": {"label": 6, "event": "S", "tstamp": 0.14829383755283845, "dist": 0.12225366366213195, "_child0": {"label": 8, "event": "S", "tstamp": 0.0, "dist": 0.14829383755283845}, "_child1": {"label": 9, "event": "S", "tstamp": 0.0, "dist": 0.14829383755283845}}, "_child2": {"label": 4, "event": "S", "tstamp": 0.0, "dist": 0.2705475012149704}}, "_child1": {"label": 2, "event": "S", "tstamp": 0.0, "dist": 0.4391052064096514}}}