{"label": 1, "event": "D", "reconc": [0, 1], "tstamp": 0.6647448534462419, "transferred": 0, "dist": 0.0, "_child0": {"label": 6, "event": "S", "reconc": 2, "tstamp": 0.07805037884302281, "transferred": 0, "dist": 0.6246949295125404, "_child0": {"label": 16, "event": "S", "reconc": 8, "tstamp": 0.0, "transferred": 0, "dist": 0.08071388246741305}, "_child1": {"label": 17, "event": "S", "reconc": 9, "tstamp": 0.0, "transferred": 0, "dist": 0.09028466827205847}}, "_child1": {"label": 3, "event": "S", "reconc": 1, "tstamp": 0.4718307251611502, "transferred": 0, "dist": 0.20075081323714836, "_child0": {"label": 9, "event": "H", "reconc": [1, 2], "tstamp": 0.2535201343055271, "transferred": 0, "dist": 0.23503329046055357, "_child0": {"label": 11, "event": "S", "reconc": 5, "tstamp": 0.18445737899657746, "transferred": 1, "dist": 0.1491554652920655, "_child0": {"label": 14, "event": "S", "reconc": 6, "tstamp": 0.0, "transferred": 0, "dist": 0.23828844267757596}, "_child1": {"label": 15, "event": "S", "reconc": 7, "tstamp": 0.0, "transferred": 0, "dist": 0.19456182060428473}}, "_child1": {"label": 10, "event": "S", "reconc": 2, "tstamp": 0.07805037884302281, "transferred": 0, "dist": 0.18891082581483848, "_child0": {"label": 19, "event": "D", "reconc": [2, 9], "tstamp": 0.041846922015671646, "transferred": 0, "dist": 0.0418782988425095, "_child0": {"label": 20, "event": "S", "reconc": 9, "tstamp": 0.0, "transferred": 0, "dist": 0.1787606539430669}, "_child1": {"label": 21, "event": "S", "reconc": 9, "tstamp": 0.0, "transferred": 0, "dist": 0.04840636942954897}}, "_child1": {"label": 18, "event": "S", "reconc": 8, "tstamp": 0.0, "transferred": 0, "dist": 0.08071388246741305}}}, "_child1": {"label": 8, "event": "S", "reconc": 5, "tstamp": 0.18445737899657746, "transferred": 0, "dist": 0.2956356492439666, "_child0": {"label": 12, "event": "S", "reconc": 6, "tstamp": 0.0, "transferred": 0, "dist": 0.19388068923451893}, "_child1": {"label": 13, "event": "S", "reconc": 7, "tstamp": 0.0, "transferred": 0, "dist": 0.1935968403175876}}, "_child2": {"label": 7, "event": "S", "reconc": 4, "tstamp": 0.0, "transferred": 0, "dist": 0.5161404631819374}}}