{"label": 1, "event": "S", "reconc": 1, "tstamp": 0.753925005817833, "transferred": 0, "dist": 0.0, "_child0": {"label": 2, "event": "D", "reconc": [1, 2], "tstamp": 0.6013487669677098, "transferred": 0, "dist": 0.16040817159981968, "_child0": {"label": 4, "event": "S", "reconc": 2, "tstamp": 0.5501579621218033, "transferred": 0, "dist": 0.053818494084922265, "_child0": {"label": 14, "event": "S", "reconc": 9, "tstamp": 0.18481344182561102, "transferred": 0, "dist": 0.32210682743089797, "_child0": {"label": 22, "event": "S", "reconc": 11, "tstamp": 0.17854250761667803, "transferred": 0, "dist": 0.004446571987335379, "_child0": {"label": 28, "event": "S", "reconc": 12, "tstamp": 0.0, "transferred": 0, "dist": 0.11426424386389068}, "_child1": {"label": 29, "event": "S", "reconc": 13, "tstamp": 0.0, "transferred": 0, "dist": 0.13886743528717513}}, "_child1": {"label": 23, "event": "S", "reconc": 10, "tstamp": 0.0, "transferred": 0, "dist": 0.136077704301146}}, "_child1": {"label": 6, "event": "S", "reconc": 6, "tstamp": 0.16002000631565289, "transferred": 0, "dist": 0.32678472757953625, "_child0": {"label": 36, "event": "S", "reconc": 15, "tstamp": 0.1052128868068775, "transferred": 0, "dist": 0.034794327472782306, "_child0": {"label": 42, "event": "S", "reconc": 16, "tstamp": 0.0, "transferred": 0, "dist": 0.06660206165913832}, "_child1": {"label": 43, "event": "S", "reconc": 17, "tstamp": 0.0, "transferred": 0, "dist": 0.07778329692548355}}, "_child1": {"label": 37, "event": "S", "reconc": 14, "tstamp": 0.0, "transferred": 0, "dist": 0.1058732359541603}}, "_child2": {"label": 8, "event": "S", "reconc": 4, "tstamp": 0.0, "transferred": 0, "dist": 0.5073419064351127}}, "_child1": {"label": 5, "event": "S", "reconc": 2, "tstamp": 0.5501579621218033, "transferred": 0, "dist": 0.053818494084922265, "_child0": {"label": 10, "event": "D", "reconc": [2, 7], "tstamp": 0.384216179065314, "transferred": 0, "dist": 0.1553600160127173, "_child0": {"label": 12, "event": "S", "reconc": 7, "tstamp": 0.31208145311870006, "transferred": 0, "dist": 0.06753484247137397, "_child0": {"label": 16, "event": "S", "reconc": 9, "tstamp": 0.18481344182561102, "transferred": 0, "dist": 0.09921196894680674, "_child0": {"label": 24, "event": "S", "reconc": 11, "tstamp": 0.17854250761667803, "transferred": 0, "dist": 0.004446571987335379, "_child0": {"label": 30, "event": "S", "reconc": 12, "tstamp": 0.0, "transferred": 0, "dist": 0.11426424386389068}, "_child1": {"label": 31, "event": "S", "reconc": 13, "tstamp": 0.0, "transferred": 0, "dist": 0.13886743528717513}}, "_child1": {"label": 25, "event": "S", "reconc": 10, "tstamp": 0.0, "transferred": 0, "dist": 0.136077704301146}}, "_child1": {"label": 17, "event": "S", "reconc": 8, "tstamp": 0.0, "transferred": 0, "dist": 0.24359371265278593}}, "_child1": {"label": 13, "event": "S", "reconc": 7, "tstamp": 0.31208145311870006, "transferred": 0, "dist": 0.06753484247137397, "_child0": {"label": 20, "event": "D", "reconc": [7, 8], "tstamp": 0.12085488638011802, "transferred": 0, "dist": 0.14926099864056855, "_child0": {"label": 40, "event": "S", "reconc": 8, "tstamp": 0.0, "transferred": 0, "dist": 0.09433271401221738}, "_child1": {"label": 41, "event": "S", "reconc": 8, "tstamp": 0.0, "transferred": 0, "dist": 0.10014434807424483}}, "_child1": {"label": 18, "event": "S", "reconc": 9, "tstamp": 0.18481344182561102, "transferred": 0, "dist": 0.09921196894680674, "_child0": {"label": 26, "event": "S", "reconc": 11, "tstamp": 0.17854250761667803, "transferred": 0, "dist": 0.004446571987335379, "_child0": {"label": 32, "event": "H", "reconc": [11, 12], "tstamp": 0.1686659492556948, "transferred": 0, "dist": 0.006320833554764728, "_child0": {"label": 34, "event": "S", "reconc": 12, "tstamp": 0.0, "transferred": 0, "dist": 0.10794341030912595}, "_child1": {"label": 35, "event": "S", "reconc": 4, "tstamp": 0.0, "transferred": 1, "dist": 0.32023925993621183}}, "_child1": {"label": 33, "event": "S", "reconc": 13, "tstamp": 0.0, "transferred": 0, "dist": 0.13886743528717513}}, "_child1": {"label": 39, "event": "S", "reconc": 8, "tstamp": 0.0, "transferred": 1, "dist": 1.1117190207744083}}}}, "_child1": {"label": 11, "event": "S", "reconc": 4, "tstamp": 0.0, "transferred": 0, "dist": 0.5073419064351127}}}, "_child1": {"label": 3, "event": "S", "reconc": 3, "tstamp": 0.038579199316806236, "transferred": 0, "dist": 0.6466734409485546, "_child0": {"label": 44, "event": "S", "reconc": 18, "tstamp": 0.0, "transferred": 0, "dist": 0.030442350750031818}, "_child1": {"label": 45, "event": "S", "reconc": 19, "tstamp": 0.0, "transferred": 0, "dist": 0.02683861722666822}}}