{"label": 0, "event": null, "tstamp": 1.0, "dist": 0.0, "_child0": {"label": 1, "event": "S", "tstamp": 0.9367411775284674, "dist": 0.06325882247153258, "_child0": {"label": 2, "event": "S", "tstamp": 0.9295532255002432, "dist": 0.007187952028224198, "_child0": {"label": 10, "event": "S", "tstamp": 0.0, "dist": 0.9295532255002432}, "_child1": {"label": 11, "event": "S", "tstamp": 0.544645045659877, "dist": 0.3849081798403662, "_child0": {"label": 14, "event": "S", "tstamp": 0.0, "dist": 0.544645045659877}, "_child1": {"label": 15, "event": "S", "tstamp": 0.3831946071160846, "dist": 0.16145043854379243, "_child0": {"label": 16, "event": "S", "tstamp": 0.2782318371276583, "dist": 0.1049627699884263, "_child0": {"label": 18, "event": "S", "tstamp": 0.0, "dist": 0.2782318371276583}, "_child1": {"label": 19, "event": "S", "tstamp": 0.0, "dist": 0.2782318371276583}}, "_child1": {"label": 17, "event": "S", "tstamp": 0.2773226019560698, "dist": 0.10587200516001483, "_child0": {"label": 21, "event": "S", "tstamp": 0.09141455140068616, "dist": 0.18590805055538362, "_child0": {"label": 25, "event": "S", "tstamp": 0.05678026847846406, "dist": 0.0346342829222221, "_child0": {"label": 27, "event": "S", "tstamp": 0.04852390545943817, "dist": 0.008256363019025895, "_child0": {"label": 28, "event": "S", "tstamp": 0.0, "dist": 0.04852390545943817}, "_child1": {"label": 29, "event": "S", "tstamp": 0.0, "dist": 0.04852390545943817}}, "_child1": {"label": 26, "event": "S", "tstamp": 0.0, "dist": 0.05678026847846406}}, "_child1": {"label": 24, "event": "S", "tstamp": 0.0, "dist": 0.09141455140068616}}, "_child1": {"label": 20, "event": "S", "tstamp": 0.0, "dist": 0.2773226019560698}}}, "_child2": {"label": 13, "event": "S", "tstamp": 0.0, "dist": 0.544645045659877}}, "_child2": {"label": 23, "event": "S", "tstamp": 0.0, "dist": 0.9295532255002432}, "_child3": {"label": 22, "event": "S", "tstamp": 0.0, "dist": 0.9295532255002432}}, "_child1": {"label": 6, "event": "S", "tstamp": 0.0, "dist": 0.9367411775284674}, "_child2": {"label": 7, "event": "S", "tstamp": 0.860201733079722, "dist": 0.07653944444874539, "_child0": {"label": 8, "event": "S", "tstamp": 0.0, "dist": 0.860201733079722}, "_child1": {"label": 9, "event": "S", "tstamp": 0.0, "dist": 0.860201733079722}}}}