{"label": 0, "event": null, "tstamp": 1.0, "dist": 0.0, "_child0": {"label": 1, "event": "S", "tstamp": 0.41953719084112706, "dist": 0.5804628091588729, "_child0": {"label": 2, "event": "S", "tstamp": 0.4109087754436657, "dist": 0.008628415397461342, "_child0": {"label": 4, "event": "S", "tstamp": 0.0, "dist": 0.4109087754436657}, "_child1": {"label": 5, "event": "S", "tstamp": 0.0, "dist": 0.4109087754436657}}, "_child1": {"label": 3, "event": "S", "tstamp": 0.1905262447539354, "dist": 0.22901094608719166, "_child0": {"label": 7, "event": "S", "tstamp": 0.013665039088391107, "dist": 0.17686120566554428, "_child0": {"label": 8, "event": "S", "tstamp": 0.0, "dist": 0.013665039088391107}, "_child1": {"label": 9, "event": "S", "tstamp": 0.0, "dist": 0.013665039088391107}}, "_child1": {"label": 6, "event": "S", "tstamp": 0.0, "dist": 0.1905262447539354}}}}