{"label": 1, "event": "S", "reconc": 1, "tstamp": 0.9902581019029516, "transferred": 0, "dist": 0.0, "_child0": {"label": 2, "event": "S", "reconc": 3, "tstamp": 0.9519738808056667, "transferred": 0, "dist": 0.04121899987736919, "_child0": {"label": 7, "event": "H", "reconc": [3, 14], "tstamp": 0.9428598718664406, "transferred": 0, "dist": 0.008394122364653362, "_child0": {"label": 20, "event": "H", "reconc": [3, 15], "tstamp": 0.011573349191939216, "transferred": 1, "dist": 3.959868040106892, "_child0": {"label": 71, "event": "S", "reconc": 24, "tstamp": 0.0, "transferred": 1, "dist": 0.011627231206752603}, "_child1": {"label": 70, "event": "S", "reconc": 15, "tstamp": 0.0, "transferred": 0, "dist": 0.05319335111189757}}, "_child1": {"label": 8, "event": "H", "reconc": [3, 14], "tstamp": 0.3155974052440535, "transferred": 0, "dist": 0.5777169996971401, "_child0": {"label": 34, "event": "D", "reconc": [3, 14], "tstamp": 0.21898347967681786, "transferred": 0, "dist": 0.08898269891424446, "_child0": {"label": 42, "event": "H", "reconc": [3, 14], "tstamp": 0.1400438268500791, "transferred": 0, "dist": 0.21415900902705023, "_child0": {"label": 49, "event": "H", "reconc": [21, 22], "tstamp": 0.052362980992594524, "transferred": 1, "dist": 0.1222184120606144, "_child0": {"label": 64, "event": "H", "reconc": [21, 22], "tstamp": 0.04187917291857433, "transferred": 0, "dist": 0.014613389761746027, "_child0": {"label": 66, "event": "S", "reconc": 22, "tstamp": 0.0, "transferred": 0, "dist": 0.058375417828877216}, "_child1": {"label": 67, "event": "S", "reconc": 19, "tstamp": 0.0, "transferred": 1, "dist": 0.20388886596860686}}, "_child1": {"label": 65, "event": "S", "reconc": 6, "tstamp": 0.0, "transferred": 1, "dist": 0.4036619051117504}}, "_child1": {"label": 48, "event": "S", "reconc": 14, "tstamp": 0.0, "transferred": 0, "dist": 0.3799313286111876}}, "_child1": {"label": 43, "event": "S", "reconc": 14, "tstamp": 0.0, "transferred": 0, "dist": 0.6582610200522528}}, "_child1": {"label": 35, "event": "S", "reconc": 19, "tstamp": 0.0, "transferred": 1, "dist": 0.30977512513726446}}}, "_child1": {"label": 11, "event": "S", "reconc": 6, "tstamp": 0.0, "transferred": 0, "dist": 1.1396776385154737}, "_child2": {"label": 26, "event": "S", "reconc": 12, "tstamp": 0.349873044350977, "transferred": 1, "dist": 0.9202869382521912, "_child0": {"label": 29, "event": "S", "reconc": 17, "tstamp": 0.32813737004160065, "transferred": 0, "dist": 0.022548633080034245, "_child0": {"label": 32, "event": "S", "reconc": 25, "tstamp": 0.1247244822527721, "transferred": 0, "dist": 0.1570426262105454, "_child0": {"label": 50, "event": "S", "reconc": 27, "tstamp": 0.11637569083806214, "transferred": 0, "dist": 0.004816837810949164, "_child0": {"label": 55, "event": "H", "reconc": [27, 29], "tstamp": 0.0689803846866717, "transferred": 0, "dist": 0.031121080231473437, "_child0": {"label": 63, "event": "S", "reconc": 6, "tstamp": 0.0, "transferred": 1, "dist": 0.1099880250584888}, "_child1": {"label": 62, "event": "S", "reconc": 29, "tstamp": 0.0, "transferred": 0, "dist": 0.045294444968340654}}, "_child1": {"label": 54, "event": "S", "reconc": 28, "tstamp": 0.0, "transferred": 0, "dist": 0.06853470060700646}}, "_child1": {"label": 51, "event": "S", "reconc": 26, "tstamp": 0.0, "transferred": 0, "dist": 0.06872060473387322}}, "_child1": {"label": 31, "event": "S", "reconc": 24, "tstamp": 0.0, "transferred": 0, "dist": 0.3154119732452899}, "_child2": {"label": 33, "event": "S", "reconc": 19, "tstamp": 0.0, "transferred": 0, "dist": 0.294437904354539}}, "_child1": {"label": 30, "event": "S", "reconc": 16, "tstamp": 0.0, "transferred": 0, "dist": 0.33951072368329466}}}, "_child1": {"label": 3, "event": "H", "reconc": [1, 2], "tstamp": 0.7491361082249024, "transferred": 0, "dist": 0.24978472696991408, "_child0": {"label": 15, "event": "S", "reconc": 7, "tstamp": 0.6578153502126766, "transferred": 1, "dist": 0.08691921301733821, "_child0": {"label": 16, "event": "H", "reconc": [7, 11], "tstamp": 0.5767564098565195, "transferred": 0, "dist": 0.0766478805099931, "_child0": {"label": 21, "event": "H", "reconc": [7, 11], "tstamp": 0.35504623776825944, "transferred": 0, "dist": 0.20964516317884707, "_child0": {"label": 45, "event": "H", "reconc": [1, 2], "tstamp": 0.10638959888395107, "transferred": 1, "dist": 0.35792597248343294, "_child0": {"label": 59, "event": "S", "reconc": 26, "tstamp": 0.0, "transferred": 1, "dist": 0.061157089850493}, "_child1": {"label": 58, "event": "S", "reconc": 2, "tstamp": 0.0, "transferred": 0, "dist": 0.11784879312399439}}, "_child1": {"label": 27, "event": "S", "reconc": 11, "tstamp": 0.0, "transferred": 0, "dist": 0.3357253559991435}}, "_child1": {"label": 22, "event": "H", "reconc": [1, 2], "tstamp": 0.08593762279674264, "transferred": 1, "dist": 0.7059067677299354, "_child0": {"label": 61, "event": "D", "reconc": [27, 29], "tstamp": 0.019807500547393952, "transferred": 1, "dist": 0.044555085476025595, "_child0": {"label": 68, "event": "S", "reconc": 29, "tstamp": 0.0, "transferred": 0, "dist": 0.014059121686717942}, "_child1": {"label": 69, "event": "S", "reconc": 29, "tstamp": 0.0, "transferred": 0, "dist": 0.014044293929615832}}, "_child1": {"label": 60, "event": "S", "reconc": 2, "tstamp": 0.0, "transferred": 0, "dist": 0.1235974480484887}}}, "_child1": {"label": 17, "event": "H", "reconc": [7, 10], "tstamp": 0.3120249949894475, "transferred": 0, "dist": 0.26621069180300216, "_child0": {"label": 37, "event": "H", "reconc": [3, 15], "tstamp": 0.2553181138872448, "transferred": 1, "dist": 0.34476865096855425, "_child0": {"label": 39, "event": "S", "reconc": 19, "tstamp": 0.0, "transferred": 1, "dist": 0.3373663673542287}, "_child1": {"label": 38, "event": "S", "reconc": 15, "tstamp": 0.0, "transferred": 0, "dist": 1.552292772619473}}, "_child1": {"label": 36, "event": "S", "reconc": 10, "tstamp": 0.0, "transferred": 0, "dist": 0.2402160399249595}}}, "_child1": {"label": 12, "event": "D", "reconc": [1, 2], "tstamp": 0.4887423444342534, "transferred": 0, "dist": 0.26974886944556964, "_child0": {"label": 41, "event": "H", "reconc": [17, 25], "tstamp": 0.14414899721178914, "transferred": 1, "dist": 0.3333042855126153, "_child0": {"label": 46, "event": "S", "reconc": 25, "tstamp": 0.1247244822527721, "transferred": 0, "dist": 0.015620962423138034, "_child0": {"label": 52, "event": "S", "reconc": 27, "tstamp": 0.11637569083806214, "transferred": 0, "dist": 0.00488877511191327, "_child0": {"label": 56, "event": "S", "reconc": 28, "tstamp": 0.0, "transferred": 0, "dist": 0.06956262726098457}, "_child1": {"label": 57, "event": "S", "reconc": 29, "tstamp": 0.0, "transferred": 0, "dist": 0.11003838923610844}}, "_child1": {"label": 53, "event": "S", "reconc": 26, "tstamp": 0.0, "transferred": 0, "dist": 0.2887345410076603}}, "_child1": {"label": 47, "event": "S", "reconc": 24, "tstamp": 0.0, "transferred": 1, "dist": 0.15829173711860486}}, "_child1": {"label": 24, "event": "S", "reconc": 2, "tstamp": 0.0, "transferred": 0, "dist": 0.5063012759680056}}}}