{"label": 0, "event": null, "tstamp": 1.0, "dist": 0.0, "_child0": {"label": 1, "event": "S", "tstamp": 0.9497086973404705, "dist": 0.050291302659529524, "_child0": {"label": 3, "event": "S", "tstamp": 0.8784956929500133, "dist": 0.07121300439045719, "_child0": {"label": 5, "event": "S", "tstamp": 0.7301442370204811, "dist": 0.14835145592953214, "_child0": {"label": 6, "event": "S", "tstamp": 0.0, "dist": 0.7301442370204811}, "_child1": {"label": 7, "event": "S", "tstamp": 0.0, "dist": 0.7301442370204811}}, "_child1": {"label": 4, "event": "S", "tstamp": 0.6087692252026597, "dist": 0.26972646774735354, "_child0": {"label": 11, "event": "S", "tstamp": 0.0, "dist": 0.6087692252026597}, "_child1": {"label": 12, "event": "S", "tstamp": 0.0, "dist": 0.6087692252026597}, "_child2": {"label": 14, "event": "S", "tstamp": 0.11990446826809317, "dist": 0.48886475693456655, "_child0": {"label": 18, "event": "S", "tstamp": 0.0, "dist": 0.11990446826809317}, "_child1": {"label": 19, "event": "S", "tstamp": 0.0, "dist": 0.11990446826809317}}, "_child3": {"label": 15, "event": "S", "tstamp": 0.12332908669763133, "dist": 0.48544013850502843, "_child0": {"label": 16, "event": "S", "tstamp": 0.0, "dist": 0.12332908669763133}, "_child1": {"label": 17, "event": "S", "tstamp": 0.0, "dist": 0.12332908669763133}}, "_child4": {"label": 8, "event": "S", "tstamp": 0.0, "dist": 0.6087692252026597}}}, "_child1": {"label": 2, "event": "S", "tstamp": 0.0, "dist": 0.9497086973404705}}}