{"label": 1, "event": "S", "reconc": 1, "tstamp": 0.9927898297091634, "transferred": 0, "dist": 0.0, "_child0": {"label": 3, "event": "D", "reconc": [1, 3], "tstamp": 0.8501129393634276, "transferred": 0, "dist": 0.14417209873012918, "_child0": {"label": 4, "event": "D", "reconc": [1, 3], "tstamp": 0.7385620136529107, "transferred": 0, "dist": 0.12368830407058364, "_child0": {"label": 9, "event": "S", "reconc": 2, "tstamp": 0.26301076768886145, "transferred": 1, "dist": 0.6729288241991523, "_child0": {"label": 12, "event": "S", "reconc": 5, "tstamp": 0.08421209117432267, "transferred": 0, "dist": 0.20243227679423093, "_child0": {"label": 16, "event": "S", "reconc": 7, "tstamp": 0.035627434945698665, "transferred": 0, "dist": 0.15592970063533837, "_child0": {"label": 20, "event": "S", "reconc": 8, "tstamp": 0.0, "transferred": 0, "dist": 0.03201616913957015}, "_child1": {"label": 21, "event": "S", "reconc": 9, "tstamp": 0.0, "transferred": 0, "dist": 0.03454119456582925}}, "_child1": {"label": 17, "event": "S", "reconc": 6, "tstamp": 0.0, "transferred": 0, "dist": 0.1317339289135488}}, "_child1": {"label": 13, "event": "S", "reconc": 4, "tstamp": 0.0, "transferred": 0, "dist": 0.871573375480912}}, "_child1": {"label": 6, "event": "S", "reconc": 3, "tstamp": 0.0, "transferred": 0, "dist": 0.8207778917734613}}, "_child1": {"label": 5, "event": "S", "reconc": 3, "tstamp": 0.0, "transferred": 0, "dist": 1.6365888263290052}}, "_child1": {"label": 2, "event": "S", "reconc": 2, "tstamp": 0.26301076768886145, "transferred": 0, "dist": 0.6723810943570666, "_child0": {"label": 10, "event": "S", "reconc": 5, "tstamp": 0.08421209117432267, "transferred": 0, "dist": 0.15790965314124175, "_child0": {"label": 14, "event": "S", "reconc": 7, "tstamp": 0.035627434945698665, "transferred": 0, "dist": 0.045238642819060634, "_child0": {"label": 18, "event": "S", "reconc": 8, "tstamp": 0.0, "transferred": 0, "dist": 0.03201463202417372}, "_child1": {"label": 19, "event": "S", "reconc": 9, "tstamp": 0.0, "transferred": 0, "dist": 0.033557499463786236}}, "_child1": {"label": 15, "event": "S", "reconc": 6, "tstamp": 0.0, "transferred": 0, "dist": 0.07062210039440843}}, "_child1": {"label": 11, "event": "S", "reconc": 4, "tstamp": 0.0, "transferred": 0, "dist": 0.20770245465133824}}}