{"label": 0, "event": null, "tstamp": 1.0, "dist": 0.0, "_child0": {"label": 1, "event": "S", "tstamp": 0.8759444055252859, "dist": 0.12405559447471415, "_child0": {"label": 3, "event": "S", "tstamp": 0.7082746145651312, "dist": 0.16766979096015466, "_child0": {"label": 7, "event": "S", "tstamp": 0.0, "dist": 0.7082746145651312}, "_child1": {"label": 6, "event": "S", "tstamp": 0.6764214883967448, "dist": 0.031853126168386425, "_child0": {"label": 11, "event": "S", "tstamp": 0.0, "dist": 0.6764214883967448}, "_child1": {"label": 10, "event": "S", "tstamp": 0.5591966520066833, "dist": 0.11722483639006143, "_child0": {"label": 13, "event": "S", "tstamp": 0.29238679648624377, "dist": 0.26680985552043956, "_child0": {"label": 14, "event": "S", "tstamp": 0.0, "dist": 0.29238679648624377}, "_child1": {"label": 15, "event": "S", "tstamp": 0.0, "dist": 0.29238679648624377}}, "_child1": {"label": 12, "event": "S", "tstamp": 0.0, "dist": 0.5591966520066833}}, "_child2": {"label": 8, "event": "S", "tstamp": 0.15647999776232013, "dist": 0.5199414906344246, "_child0": {"label": 17, "event": "S", "tstamp": 0.052099388029083565, "dist": 0.10438060973323657, "_child0": {"label": 18, "event": "S", "tstamp": 0.0, "dist": 0.052099388029083565}, "_child1": {"label": 19, "event": "S", "tstamp": 0.0, "dist": 0.052099388029083565}}, "_child1": {"label": 16, "event": "S", "tstamp": 0.0, "dist": 0.15647999776232013}}}, "_child2": {"label": 4, "event": "S", "tstamp": 0.0, "dist": 0.7082746145651312}}, "_child1": {"label": 2, "event": "S", "tstamp": 0.0, "dist": 0.8759444055252859}}}