{"label": 0, "event": null, "tstamp": 1.0, "dist": 0.0, "_child0": {"label": 1, "event": "S", "tstamp": 0.8000263795768949, "dist": 0.19997362042310507, "_child0": {"label": 2, "event": "S", "tstamp": 0.7695652784123023, "dist": 0.030461101164592663, "_child0": {"label": 5, "event": "S", "tstamp": 0.6415784936978555, "dist": 0.1279867847144468, "_child0": {"label": 11, "event": "S", "tstamp": 0.6183513585917204, "dist": 0.023227135106135055, "_child0": {"label": 20, "event": "S", "tstamp": 0.07908273317721316, "dist": 0.5392686254145073, "_child0": {"label": 25, "event": "S", "tstamp": 0.048259040661324304, "dist": 0.03082369251588886, "_child0": {"label": 26, "event": "S", "tstamp": 0.0, "dist": 0.048259040661324304}, "_child1": {"label": 27, "event": "S", "tstamp": 0.0, "dist": 0.048259040661324304}}, "_child1": {"label": 24, "event": "S", "tstamp": 0.0, "dist": 0.07908273317721316}}, "_child1": {"label": 21, "event": "S", "tstamp": 0.16937185423057774, "dist": 0.44897950436114265, "_child0": {"label": 22, "event": "S", "tstamp": 0.0, "dist": 0.16937185423057774}, "_child1": {"label": 23, "event": "S", "tstamp": 0.0, "dist": 0.16937185423057774}}, "_child2": {"label": 12, "event": "S", "tstamp": 0.0, "dist": 0.6183513585917204}}, "_child1": {"label": 10, "event": "S", "tstamp": 0.0, "dist": 0.6415784936978555}}, "_child1": {"label": 4, "event": "S", "tstamp": 0.5378333022412205, "dist": 0.23173197617108177, "_child0": {"label": 15, "event": "S", "tstamp": 0.51732474942144, "dist": 0.02050855281978048, "_child0": {"label": 17, "event": "S", "tstamp": 0.298596821151377, "dist": 0.21872792827006304, "_child0": {"label": 18, "event": "S", "tstamp": 0.0, "dist": 0.298596821151377}, "_child1": {"label": 19, "event": "S", "tstamp": 0.0, "dist": 0.298596821151377}}, "_child1": {"label": 16, "event": "S", "tstamp": 0.0, "dist": 0.51732474942144}}, "_child1": {"label": 14, "event": "S", "tstamp": 0.0, "dist": 0.5378333022412205}}}, "_child1": {"label": 3, "event": "S", "tstamp": 0.7636539300916848, "dist": 0.03637244948521012, "_child0": {"label": 7, "event": "S", "tstamp": 0.6943573257321211, "dist": 0.06929660435956375, "_child0": {"label": 9, "event": "S", "tstamp": 0.015715573164991368, "dist": 0.6786417525671297, "_child0": {"label": 28, "event": "S", "tstamp": 0.0, "dist": 0.015715573164991368}, "_child1": {"label": 29, "event": "S", "tstamp": 0.0, "dist": 0.015715573164991368}}, "_child1": {"label": 8, "event": "S", "tstamp": 0.0, "dist": 0.6943573257321211}}, "_child1": {"label": 6, "event": "S", "tstamp": 0.0, "dist": 0.7636539300916848}}}}