{"label": 0, "event": null, "tstamp": 1.0, "dist": 0.0, "_child0": {"label": 1, "event": "S", "tstamp": 0.877608598713607, "dist": 0.12239140128639303, "_child0": {"label": 2, "event": "S", "tstamp": 0.836182767427281, "dist": 0.04142583128632593, "_child0": {"label": 5, "event": "S", "tstamp": 0.7582535988120761, "dist": 0.07792916861520494, "_child0": {"label": 11, "event": "S", "tstamp": 0.6388850968574894, "dist": 0.1193685019545867, "_child0": {"label": 12, "event": "S", "tstamp": 0.5914665568495677, "dist": 0.04741854000792167, "_child0": {"label": 17, "event": "S", "tstamp": 0.44622370248854926, "dist": 0.14524285436101847, "_child0": {"label": 20, "event": "S", "tstamp": 0.0, "dist": 0.44622370248854926}, "_child1": {"label": 21, "event": "S", "tstamp": 0.0, "dist": 0.44622370248854926}}, "_child1": {"label": 16, "event": "S", "tstamp": 0.5498088301529163, "dist": 0.041657726696651465, "_child0": {"label": 18, "event": "S", "tstamp": 0.0, "dist": 0.5498088301529163}, "_child1": {"label": 19, "event": "S", "tstamp": 0.0, "dist": 0.5498088301529163}}, "_child2": {"label": 14, "event": "S", "tstamp": 0.0, "dist": 0.5914665568495677}}, "_child1": {"label": 13, "event": "S", "tstamp": 0.0, "dist": 0.6388850968574894}}, "_child1": {"label": 10, "event": "S", "tstamp": 0.0, "dist": 0.7582535988120761}}, "_child1": {"label": 4, "event": "S", "tstamp": 0.0, "dist": 0.836182767427281}}, "_child1": {"label": 3, "event": "S", "tstamp": 0.8187868035301059, "dist": 0.05882179518350106, "_child0": {"label": 9, "event": "S", "tstamp": 0.0, "dist": 0.8187868035301059}, "_child1": {"label": 8, "event": "S", "tstamp": 0.09159774074260792, "dist": 0.727189062787498, "_child0": {"label": 23, "event": "S", "tstamp": 0.056322797947091066, "dist": 0.03527494279551685, "_child0": {"label": 24, "event": "S", "tstamp": 0.050494719421660686, "dist": 0.00582807852543038, "_child0": {"label": 27, "event": "S", "tstamp": 0.03766226982547915, "dist": 0.012832449596181537, "_child0": {"label": 28, "event": "S", "tstamp": 0.0, "dist": 0.03766226982547915}, "_child1": {"label": 29, "event": "S", "tstamp": 0.0, "dist": 0.03766226982547915}}, "_child1": {"label": 26, "event": "S", "tstamp": 0.0, "dist": 0.050494719421660686}}, "_child1": {"label": 25, "event": "S", "tstamp": 0.0, "dist": 0.056322797947091066}}, "_child1": {"label": 22, "event": "S", "tstamp": 0.0, "dist": 0.09159774074260792}}, "_child2": {"label": 6, "event": "S", "tstamp": 0.0, "dist": 0.8187868035301059}}}}