{"label": 0, "event": null, "tstamp": 1.0, "dist": 0.0, "_child0": {"label": 1, "event": "S", "tstamp": 0.861242819983174, "dist": 0.13875718001682602, "_child0": {"label": 2, "event": "S", "tstamp": 0.8054992419877937, "dist": 0.05574357799538032, "_child0": {"label": 6, "event": "S", "tstamp": 0.24857560501584708, "dist": 0.5569236369719466, "_child0": {"label": 14, "event": "S", "tstamp": 0.0, "dist": 0.24857560501584708}, "_child1": {"label": 15, "event": "S", "tstamp": 0.0, "dist": 0.24857560501584708}}, "_child1": {"label": 7, "event": "S", "tstamp": 0.40778987422442453, "dist": 0.3977093677633691, "_child0": {"label": 10, "event": "S", "tstamp": 0.0, "dist": 0.40778987422442453}, "_child1": {"label": 11, "event": "S", "tstamp": 0.3064060348240187, "dist": 0.10138383940040585, "_child0": {"label": 12, "event": "S", "tstamp": 0.0, "dist": 0.3064060348240187}, "_child1": {"label": 13, "event": "S", "tstamp": 0.0, "dist": 0.3064060348240187}}, "_child2": {"label": 8, "event": "S", "tstamp": 0.0, "dist": 0.40778987422442453}}, "_child2": {"label": 4, "event": "S", "tstamp": 0.0, "dist": 0.8054992419877937}}, "_child1": {"label": 3, "event": "S", "tstamp": 0.0, "dist": 0.861242819983174}}}