{"label": 1, "event": "D", "reconc": [0, 1], "tstamp": 0.9846667630532452, "transferred": 0, "dist": 0.0, "_child0": {"label": 5, "event": "S", "reconc": 2, "tstamp": 0.3309390795039337, "transferred": 0, "dist": 1.3626816569391653, "_child0": {"label": 18, "event": "H", "reconc": [2, 12], "tstamp": 0.11146569196126441, "transferred": 0, "dist": 0.3881252915680248, "_child0": {"label": 31, "event": "S", "reconc": 14, "tstamp": 0.0, "transferred": 1, "dist": 0.4007541234406319}, "_child1": {"label": 30, "event": "S", "reconc": 12, "tstamp": 0.0, "transferred": 0, "dist": 0.19712027356340137}}, "_child1": {"label": 19, "event": "S", "reconc": 13, "tstamp": 0.0, "transferred": 0, "dist": 0.5606799765439645}}, "_child1": {"label": 3, "event": "S", "reconc": 1, "tstamp": 0.8382532785234765, "transferred": 0, "dist": 0.1547373411347769, "_child0": {"label": 7, "event": "D", "reconc": [1, 2], "tstamp": 0.7095660035535994, "transferred": 0, "dist": 0.17102748780443533, "_child0": {"label": 8, "event": "S", "reconc": 2, "tstamp": 0.3309390795039337, "transferred": 0, "dist": 0.5032013588794461, "_child0": {"label": 20, "event": "S", "reconc": 12, "tstamp": 0.0, "transferred": 0, "dist": 0.4956450177547974}, "_child1": {"label": 21, "event": "S", "reconc": 13, "tstamp": 0.0, "transferred": 0, "dist": 0.5390860595982413}}, "_child1": {"label": 9, "event": "S", "reconc": 2, "tstamp": 0.3309390795039337, "transferred": 0, "dist": 0.5032013588794461, "_child0": {"label": 22, "event": "S", "reconc": 12, "tstamp": 0.0, "transferred": 0, "dist": 0.4956450177547974}, "_child1": {"label": 23, "event": "S", "reconc": 13, "tstamp": 0.0, "transferred": 0, "dist": 0.5390860595982413}}}, "_child1": {"label": 10, "event": "S", "reconc": 5, "tstamp": 0.4825583059973276, "transferred": 0, "dist": 0.36921108014895515, "_child0": {"label": 12, "event": "S", "reconc": 7, "tstamp": 0.38256031674934776, "transferred": 0, "dist": 0.1203071448181265, "_child0": {"label": 14, "event": "S", "reconc": 9, "tstamp": 0.37134038689565213, "transferred": 0, "dist": 0.015117977904468796, "_child0": {"label": 17, "event": "D", "reconc": [9, 11], "tstamp": 0.09502613855240713, "transferred": 0, "dist": 0.5670897562534983, "_child0": {"label": 33, "event": "H", "reconc": [9, 11], "tstamp": 0.019820067248288425, "transferred": 0, "dist": 0.15434814853143822, "_child0": {"label": 34, "event": "S", "reconc": 11, "tstamp": 0.0, "transferred": 0, "dist": 0.040677443064019984}, "_child1": {"label": 35, "event": "S", "reconc": 6, "tstamp": 0.0, "transferred": 1, "dist": 0.08873997027135576}}, "_child1": {"label": 32, "event": "S", "reconc": 11, "tstamp": 0.0, "transferred": 0, "dist": 0.1950255915954582}}, "_child1": {"label": 16, "event": "S", "reconc": 10, "tstamp": 0.0, "transferred": 0, "dist": 0.46676406486325644}}, "_child1": {"label": 15, "event": "S", "reconc": 8, "tstamp": 0.0, "transferred": 0, "dist": 0.456345276721475}}, "_child1": {"label": 13, "event": "H", "reconc": [5, 6], "tstamp": 0.31846954991908116, "transferred": 0, "dist": 0.18079052161621342, "_child0": {"label": 27, "event": "S", "reconc": 4, "tstamp": 0.1979625561590722, "transferred": 1, "dist": 0.2740354285069564, "_child0": {"label": 28, "event": "S", "reconc": 14, "tstamp": 0.0, "transferred": 0, "dist": 0.43842594257027784}, "_child1": {"label": 29, "event": "S", "reconc": 15, "tstamp": 0.0, "transferred": 0, "dist": 0.4171308238259266}}, "_child1": {"label": 24, "event": "S", "reconc": 6, "tstamp": 0.0, "transferred": 0, "dist": 0.3508849565615325}}}}}