{"label": 1, "event": "S", "reconc": 1, "tstamp": 0.9722866522013512, "transferred": 0, "dist": 0.0, "_child0": {"label": 2, "event": "S", "reconc": 2, "tstamp": 0.9168029305193924, "transferred": 0, "dist": 0.06252596144401425, "_child0": {"label": 4, "event": "S", "reconc": 4, "tstamp": 0.8415123949453345, "transferred": 0, "dist": 0.08232190403367669, "_child0": {"label": 6, "event": "S", "reconc": 6, "tstamp": 0.8353629978272856, "transferred": 0, "dist": 0.006702199910878427, "_child0": {"label": 10, "event": "H", "reconc": [6, 9], "tstamp": 0.27763877500005457, "transferred": 0, "dist": 0.4889705691899445, "_child0": {"label": 34, "event": "S", "reconc": 9, "tstamp": 0.0, "transferred": 0, "dist": 0.24341275541663143}, "_child1": {"label": 35, "event": "S", "reconc": 10, "tstamp": 0.0, "transferred": 1, "dist": 0.51968512457267}}, "_child1": {"label": 9, "event": "S", "reconc": 8, "tstamp": 0.0, "transferred": 0, "dist": 1.02781177558729}}, "_child1": {"label": 11, "event": "S", "reconc": 12, "tstamp": 0.7350960193925024, "transferred": 0, "dist": 0.0971310037726115, "_child0": {"label": 13, "event": "H", "reconc": [12, 15], "tstamp": 0.585502397443654, "transferred": 0, "dist": 0.13332151887902713, "_child0": {"label": 15, "event": "S", "reconc": 15, "tstamp": 0.45430466531510666, "transferred": 0, "dist": 0.11692664896396886, "_child0": {"label": 26, "event": "S", "reconc": 18, "tstamp": 0.0, "transferred": 0, "dist": 0.404706305436917}, "_child1": {"label": 25, "event": "S", "reconc": 16, "tstamp": 0.1943202201775136, "transferred": 0, "dist": 0.25303822250530167, "_child0": {"label": 36, "event": "S", "reconc": 21, "tstamp": 0.11651811239350691, "transferred": 0, "dist": 0.08165937361102288, "_child0": {"label": 52, "event": "S", "reconc": 27, "tstamp": 0.04565444366820796, "transferred": 0, "dist": 0.0811098009001841, "_child0": {"label": 56, "event": "S", "reconc": 28, "tstamp": 0.0, "transferred": 0, "dist": 0.05318108717730206}, "_child1": {"label": 57, "event": "S", "reconc": 29, "tstamp": 0.0, "transferred": 0, "dist": 0.05528499754487539}}, "_child1": {"label": 53, "event": "D", "reconc": [21, 26], "tstamp": 0.03058056211417702, "transferred": 0, "dist": 0.09680456733562885, "_child0": {"label": 60, "event": "S", "reconc": 26, "tstamp": 0.0, "transferred": 0, "dist": 0.034447550281815106}, "_child1": {"label": 61, "event": "S", "reconc": 26, "tstamp": 0.0, "transferred": 0, "dist": 0.05651990020519396}}}, "_child1": {"label": 37, "event": "S", "reconc": 20, "tstamp": 0.0, "transferred": 0, "dist": 0.20325200565910265}}, "_child2": {"label": 23, "event": "S", "reconc": 19, "tstamp": 0.0, "transferred": 0, "dist": 0.48850659743820596}}, "_child1": {"label": 16, "event": "S", "reconc": 10, "tstamp": 0.0, "transferred": 1, "dist": 1.382575669432145}}, "_child1": {"label": 14, "event": "S", "reconc": 14, "tstamp": 0.0, "transferred": 0, "dist": 0.6534365579650445}}, "_child2": {"label": 7, "event": "H", "reconc": [4, 10], "tstamp": 0.5065986134601842, "transferred": 0, "dist": 0.47892195370530066, "_child0": {"label": 22, "event": "D", "reconc": [1, 3], "tstamp": 0.3759365536867506, "transferred": 1, "dist": 0.1846730951113486, "_child0": {"label": 28, "event": "H", "reconc": [1, 3], "tstamp": 0.18583010533621105, "transferred": 0, "dist": 0.36621476681232584, "_child0": {"label": 39, "event": "D", "reconc": [6, 8], "tstamp": 0.11294803202714837, "transferred": 1, "dist": 0.18165580248723687, "_child0": {"label": 54, "event": "H", "reconc": [6, 8], "tstamp": 0.028838230733130424, "transferred": 0, "dist": 0.35457311758971555, "_child0": {"label": 62, "event": "S", "reconc": 8, "tstamp": 0.0, "transferred": 0, "dist": 0.12157039036477718}, "_child1": {"label": 63, "event": "S", "reconc": 9, "tstamp": 0.0, "transferred": 1, "dist": 0.16396423312018021}}, "_child1": {"label": 55, "event": "S", "reconc": 8, "tstamp": 0.0, "transferred": 0, "dist": 0.1673188569358581}}, "_child1": {"label": 38, "event": "D", "reconc": [1, 3], "tstamp": 0.043299247495226165, "transferred": 0, "dist": 0.2745667246991567, "_child0": {"label": 58, "event": "S", "reconc": 3, "tstamp": 0.0, "transferred": 0, "dist": 0.05220729074414078}, "_child1": {"label": 59, "event": "S", "reconc": 3, "tstamp": 0.0, "transferred": 0, "dist": 0.04771886908261907}}}, "_child1": {"label": 29, "event": "S", "reconc": 3, "tstamp": 0.0, "transferred": 0, "dist": 1.3885847744994253}}, "_child1": {"label": 30, "event": "H", "reconc": [4, 10], "tstamp": 0.02656012084922114, "transferred": 0, "dist": 0.6864482306924223, "_child0": {"label": 64, "event": "S", "reconc": 10, "tstamp": 0.0, "transferred": 0, "dist": 0.03798059581588726}, "_child1": {"label": 65, "event": "S", "reconc": 20, "tstamp": 0.0, "transferred": 1, "dist": 0.08644339646591186}}}}, "_child1": {"label": 5, "event": "H", "reconc": [2, 5], "tstamp": 0.5490078472178198, "transferred": 0, "dist": 0.6503290182797893, "_child0": {"label": 17, "event": "H", "reconc": [2, 5], "tstamp": 0.5131850591184013, "transferred": 0, "dist": 0.06334124536851891, "_child0": {"label": 19, "event": "D", "reconc": [2, 5], "tstamp": 0.28948061220240445, "transferred": 0, "dist": 0.39555040279974674, "_child0": {"label": 32, "event": "S", "reconc": 5, "tstamp": 0.17964085470802985, "transferred": 0, "dist": 0.19421679327027952, "_child0": {"label": 40, "event": "S", "reconc": 23, "tstamp": 0.1232828303712939, "transferred": 0, "dist": 0.13175334333973823, "_child0": {"label": 48, "event": "S", "reconc": 24, "tstamp": 0.0, "transferred": 0, "dist": 0.27143670814607607}, "_child1": {"label": 49, "event": "S", "reconc": 25, "tstamp": 0.0, "transferred": 0, "dist": 0.23669877497228028}}, "_child1": {"label": 41, "event": "S", "reconc": 22, "tstamp": 0.0, "transferred": 0, "dist": 0.3913251931882541}}, "_child1": {"label": 33, "event": "S", "reconc": 5, "tstamp": 0.17964085470802985, "transferred": 0, "dist": 0.2400791419081991, "_child0": {"label": 43, "event": "H", "reconc": [5, 22], "tstamp": 0.15278115809678527, "transferred": 0, "dist": 0.0624184054861432, "_child0": {"label": 46, "event": "S", "reconc": 14, "tstamp": 0.0, "transferred": 1, "dist": 0.4574625922794269}, "_child1": {"label": 44, "event": "S", "reconc": 22, "tstamp": 0.0, "transferred": 0, "dist": 0.3550433355503868}}, "_child1": {"label": 42, "event": "S", "reconc": 23, "tstamp": 0.1232828303712939, "transferred": 0, "dist": 0.13270383280338363, "_child0": {"label": 50, "event": "S", "reconc": 24, "tstamp": 0.0, "transferred": 0, "dist": 0.4560414435719584}, "_child1": {"label": 51, "event": "S", "reconc": 25, "tstamp": 0.0, "transferred": 0, "dist": 0.737116881878024}}}}, "_child1": {"label": 20, "event": "S", "reconc": 8, "tstamp": 0.0, "transferred": 1, "dist": 1.8632243416516447}}, "_child1": {"label": 18, "event": "S", "reconc": 10, "tstamp": 0.0, "transferred": 1, "dist": 0.8143423505413626}}}, "_child1": {"label": 3, "event": "S", "reconc": 3, "tstamp": 0.0, "transferred": 0, "dist": 1.0526474728190853}}