{"label": 0, "event": null, "tstamp": 1.0, "dist": 0.0, "_child0": {"label": 1, "event": "S", "tstamp": 0.8810029524402581, "dist": 0.11899704755974194, "_child0": {"label": 2, "event": "S", "tstamp": 0.7495467962606048, "dist": 0.13145615617965323, "_child0": {"label": 4, "event": "S", "tstamp": 0.7420215844609639, "dist": 0.007525211799640941, "_child0": {"label": 7, "event": "S", "tstamp": 0.704442843824081, "dist": 0.037578740636882935, "_child0": {"label": 9, "event": "S", "tstamp": 0.6316651415849605, "dist": 0.0727777022391205, "_child0": {"label": 11, "event": "S", "tstamp": 0.5333879756894114, "dist": 0.09827716589554902, "_child0": {"label": 13, "event": "S", "tstamp": 0.5211670539498794, "dist": 0.012220921739532042, "_child0": {"label": 14, "event": "S", "tstamp": 0.0, "dist": 0.5211670539498794}, "_child1": {"label": 15, "event": "S", "tstamp": 0.0, "dist": 0.5211670539498794}}, "_child1": {"label": 12, "event": "S", "tstamp": 0.4220772213558636, "dist": 0.11131075433354781, "_child0": {"label": 17, "event": "S", "tstamp": 0.3536907003116716, "dist": 0.06838652104419202, "_child0": {"label": 18, "event": "S", "tstamp": 0.0, "dist": 0.3536907003116716}, "_child1": {"label": 19, "event": "S", "tstamp": 0.0, "dist": 0.3536907003116716}}, "_child1": {"label": 16, "event": "S", "tstamp": 0.0, "dist": 0.4220772213558636}}}, "_child1": {"label": 10, "event": "S", "tstamp": 0.2647143477000086, "dist": 0.36695079388495183, "_child0": {"label": 21, "event": "S", "tstamp": 0.23277865438662332, "dist": 0.031935693313385305, "_child0": {"label": 23, "event": "S", "tstamp": 0.0063143843813602335, "dist": 0.2264642700052631, "_child0": {"label": 24, "event": "S", "tstamp": 0.0, "dist": 0.0063143843813602335}, "_child1": {"label": 25, "event": "S", "tstamp": 0.0, "dist": 0.0063143843813602335}}, "_child1": {"label": 22, "event": "S", "tstamp": 0.0, "dist": 0.23277865438662332}}, "_child1": {"label": 20, "event": "S", "tstamp": 0.0, "dist": 0.2647143477000086}}}, "_child1": {"label": 8, "event": "S", "tstamp": 0.0, "dist": 0.704442843824081}}, "_child1": {"label": 6, "event": "S", "tstamp": 0.0, "dist": 0.7420215844609639}}, "_child1": {"label": 5, "event": "S", "tstamp": 0.0, "dist": 0.7495467962606048}}, "_child1": {"label": 3, "event": "S", "tstamp": 0.0, "dist": 0.8810029524402581}}}