{"label": 0, "event": null, "tstamp": 1.0, "dist": 0.0, "_child0": {"label": 1, "event": "S", "tstamp": 0.7327536618676329, "dist": 0.2672463381323671, "_child0": {"label": 2, "event": "S", "tstamp": 0.6800921277458459, "dist": 0.05266153412178698, "_child0": {"label": 4, "event": "S", "tstamp": 0.5522050634992306, "dist": 0.12788706424661533, "_child0": {"label": 6, "event": "S", "tstamp": 0.0, "dist": 0.5522050634992306}, "_child1": {"label": 7, "event": "S", "tstamp": 0.0, "dist": 0.5522050634992306}}, "_child1": {"label": 5, "event": "S", "tstamp": 0.5338291346064142, "dist": 0.1462629931394317, "_child0": {"label": 9, "event": "S", "tstamp": 0.13480272918381103, "dist": 0.3990264054226032, "_child0": {"label": 12, "event": "S", "tstamp": 0.0, "dist": 0.13480272918381103}, "_child1": {"label": 13, "event": "S", "tstamp": 0.010621038306943005, "dist": 0.12418169087686803, "_child0": {"label": 14, "event": "S", "tstamp": 0.0, "dist": 0.010621038306943005}, "_child1": {"label": 15, "event": "S", "tstamp": 0.0, "dist": 0.010621038306943005}}, "_child2": {"label": 11, "event": "S", "tstamp": 0.0, "dist": 0.13480272918381103}}, "_child1": {"label": 8, "event": "S", "tstamp": 0.0, "dist": 0.5338291346064142}}}, "_child1": {"label": 3, "event": "S", "tstamp": 0.0, "dist": 0.7327536618676329}}}