{"label": 0, "event": null, "tstamp": 1.0, "dist": 0.0, "_child0": {"label": 1, "event": "S", "tstamp": 0.997109756092652, "dist": 0.0028902439073480446, "_child0": {"label": 2, "event": "S", "tstamp": 0.9317213438736222, "dist": 0.0653884122190298, "_child0": {"label": 10, "event": "S", "tstamp": 0.0, "dist": 0.9317213438736222}, "_child1": {"label": 11, "event": "S", "tstamp": 0.6738206736227293, "dist": 0.2579006702508928, "_child0": {"label": 12, "event": "S", "tstamp": 0.48833744475538277, "dist": 0.18548322886734658, "_child0": {"label": 25, "event": "S", "tstamp": 0.0, "dist": 0.48833744475538277}, "_child1": {"label": 24, "event": "S", "tstamp": 0.0, "dist": 0.48833744475538277}, "_child2": {"label": 21, "event": "S", "tstamp": 0.13355662996631965, "dist": 0.3547808147890631, "_child0": {"label": 22, "event": "S", "tstamp": 0.0, "dist": 0.13355662996631965}, "_child1": {"label": 23, "event": "S", "tstamp": 0.0, "dist": 0.13355662996631965}}, "_child3": {"label": 18, "event": "S", "tstamp": 0.0, "dist": 0.48833744475538277}}, "_child1": {"label": 13, "event": "S", "tstamp": 0.0, "dist": 0.6738206736227293}}, "_child2": {"label": 4, "event": "S", "tstamp": 0.0, "dist": 0.9317213438736222}}, "_child1": {"label": 3, "event": "S", "tstamp": 0.9000015590509524, "dist": 0.0971081970416996, "_child0": {"label": 7, "event": "S", "tstamp": 0.8271168391446402, "dist": 0.07288471990631218, "_child0": {"label": 8, "event": "S", "tstamp": 0.0, "dist": 0.8271168391446402}, "_child1": {"label": 9, "event": "S", "tstamp": 0.0, "dist": 0.8271168391446402}}, "_child1": {"label": 6, "event": "S", "tstamp": 0.6118108222472768, "dist": 0.2881907368036756, "_child0": {"label": 15, "event": "S", "tstamp": 0.5659028636732875, "dist": 0.04590795857398933, "_child0": {"label": 16, "event": "S", "tstamp": 0.0, "dist": 0.5659028636732875}, "_child1": {"label": 17, "event": "S", "tstamp": 0.0, "dist": 0.5659028636732875}}, "_child1": {"label": 14, "event": "S", "tstamp": 0.0, "dist": 0.6118108222472768}}}}}