{"label": 0, "event": null, "tstamp": 1.0, "dist": 0.0, "_child0": {"label": 1, "event": "S", "tstamp": 0.5765746849460093, "dist": 0.4234253150539907, "_child0": {"label": 2, "event": "S", "tstamp": 0.5272732656642161, "dist": 0.04930141928179321, "_child0": {"label": 5, "event": "S", "tstamp": 0.41051424751943394, "dist": 0.11675901814478212, "_child0": {"label": 7, "event": "S", "tstamp": 0.4094039773672982, "dist": 0.0011102701521357172, "_child0": {"label": 9, "event": "S", "tstamp": 0.36181900913592324, "dist": 0.04758496823137498, "_child0": {"label": 11, "event": "S", "tstamp": 0.18879809889050544, "dist": 0.1730209102454178, "_child0": {"label": 12, "event": "S", "tstamp": 0.025757578905537353, "dist": 0.1630405199849681, "_child0": {"label": 14, "event": "S", "tstamp": 0.0, "dist": 0.025757578905537353}, "_child1": {"label": 15, "event": "S", "tstamp": 0.0, "dist": 0.025757578905537353}}, "_child1": {"label": 13, "event": "S", "tstamp": 0.0, "dist": 0.18879809889050544}}, "_child1": {"label": 10, "event": "S", "tstamp": 0.0, "dist": 0.36181900913592324}}, "_child1": {"label": 8, "event": "S", "tstamp": 0.0, "dist": 0.4094039773672982}}, "_child1": {"label": 6, "event": "S", "tstamp": 0.0, "dist": 0.41051424751943394}}, "_child1": {"label": 4, "event": "S", "tstamp": 0.0, "dist": 0.5272732656642161}}, "_child1": {"label": 3, "event": "S", "tstamp": 0.0, "dist": 0.5765746849460093}}}