{"label": 0, "event": null, "tstamp": 1.0, "dist": 0.0, "_child0": {"label": 1, "event": "S", "tstamp": 0.8518669945032942, "dist": 0.14813300549670583, "_child0": {"label": 2, "event": "S", "tstamp": 0.5541039203845377, "dist": 0.29776307411875647, "_child0": {"label": 4, "event": "S", "tstamp": 0.4683825572087135, "dist": 0.08572136317582418, "_child0": {"label": 7, "event": "S", "tstamp": 0.15617764530768072, "dist": 0.31220491190103283, "_child0": {"label": 19, "event": "S", "tstamp": 0.0, "dist": 0.15617764530768072}, "_child1": {"label": 18, "event": "S", "tstamp": 0.0, "dist": 0.15617764530768072}, "_child2": {"label": 16, "event": "S", "tstamp": 0.0, "dist": 0.15617764530768072}}, "_child1": {"label": 6, "event": "S", "tstamp": 0.0, "dist": 0.4683825572087135}}, "_child1": {"label": 8, "event": "S", "tstamp": 0.0, "dist": 0.5541039203845377}, "_child2": {"label": 9, "event": "S", "tstamp": 0.36875781594149604, "dist": 0.18534610444304167, "_child0": {"label": 11, "event": "S", "tstamp": 0.2872014121656387, "dist": 0.08155640377585732, "_child0": {"label": 13, "event": "S", "tstamp": 0.1678007262939499, "dist": 0.11940068587168881, "_child0": {"label": 14, "event": "S", "tstamp": 0.0, "dist": 0.1678007262939499}, "_child1": {"label": 15, "event": "S", "tstamp": 0.0, "dist": 0.1678007262939499}}, "_child1": {"label": 12, "event": "S", "tstamp": 0.0, "dist": 0.2872014121656387}}, "_child1": {"label": 10, "event": "S", "tstamp": 0.0, "dist": 0.36875781594149604}}}, "_child1": {"label": 3, "event": "S", "tstamp": 0.0, "dist": 0.8518669945032942}}}