{"label": 2, "event": "S", "reconc": 2, "tstamp": 0.5541039203845377, "transferred": 0, "dist": 0.0, "_child0": {"label": 8, "event": "S", "reconc": 4, "tstamp": 0.4683825572087135, "transferred": 1, "dist": 0.06459166235083495, "_child0": {"label": 11, "event": "S", "reconc": 7, "tstamp": 0.15617764530768072, "transferred": 0, "dist": 0.3538382216580848, "_child0": {"label": 28, "event": "S", "reconc": 19, "tstamp": 0.0, "transferred": 0, "dist": 0.33445825569322035}, "_child1": {"label": 29, "event": "S", "reconc": 18, "tstamp": 0.0, "transferred": 0, "dist": 0.2434991266284504}, "_child2": {"label": 30, "event": "S", "reconc": 16, "tstamp": 0.0, "transferred": 0, "dist": 0.250066703025089}}, "_child1": {"label": 12, "event": "S", "reconc": 6, "tstamp": 0.0, "transferred": 0, "dist": 0.3852303753434243}}, "_child1": {"label": 4, "event": "S", "reconc": 4, "tstamp": 0.4683825572087135, "transferred": 0, "dist": 0.06025682722913436, "_child0": {"label": 9, "event": "S", "reconc": 7, "tstamp": 0.15617764530768072, "transferred": 0, "dist": 0.28207955656838474, "_child0": {"label": 27, "event": "H", "reconc": [7, 16], "tstamp": 0.07131121932664783, "transferred": 0, "dist": 0.09378142251008832, "_child0": {"label": 35, "event": "S", "reconc": 16, "tstamp": 0.0, "transferred": 0, "dist": 0.07880227677876511}, "_child1": {"label": 36, "event": "S", "reconc": 6, "tstamp": 0.0, "transferred": 1, "dist": 0.055887502505242395}}, "_child1": {"label": 25, "event": "S", "reconc": 19, "tstamp": 0.0, "transferred": 0, "dist": 0.17034120883825757}, "_child2": {"label": 26, "event": "S", "reconc": 18, "tstamp": 0.0, "transferred": 0, "dist": 0.16748965948554564}}, "_child1": {"label": 10, "event": "S", "reconc": 6, "tstamp": 0.0, "transferred": 0, "dist": 0.34578841533179705}}, "_child2": {"label": 5, "event": "H", "reconc": [2, 8], "tstamp": 0.43434496016361485, "transferred": 0, "dist": 0.14151332170671463, "_child0": {"label": 14, "event": "S", "reconc": 9, "tstamp": 0.36875781594149604, "transferred": 1, "dist": 0.08345146712710552, "_child0": {"label": 15, "event": "S", "reconc": 11, "tstamp": 0.2872014121656387, "transferred": 0, "dist": 0.06614415405263502, "_child0": {"label": 17, "event": "S", "reconc": 13, "tstamp": 0.1678007262939499, "transferred": 0, "dist": 0.08629943542274532, "_child0": {"label": 19, "event": "D", "reconc": [13, 14], "tstamp": 0.16410316173595663, "transferred": 0, "dist": 0.0023291733329290996, "_child0": {"label": 22, "event": "D", "reconc": [13, 14], "tstamp": 0.011208073867844497, "transferred": 0, "dist": 0.556879163135806, "_child0": {"label": 37, "event": "S", "reconc": 14, "tstamp": 0.0, "transferred": 0, "dist": 0.012541289633573361}, "_child1": {"label": 38, "event": "S", "reconc": 14, "tstamp": 0.0, "transferred": 0, "dist": 0.008433144437175468}}, "_child1": {"label": 21, "event": "S", "reconc": 14, "tstamp": 0.0, "transferred": 0, "dist": 0.39564153587385426}}, "_child1": {"label": 20, "event": "H", "reconc": [13, 15], "tstamp": 0.16351042098836543, "transferred": 0, "dist": 0.0026156436680775663, "_child0": {"label": 24, "event": "H", "reconc": [2, 8], "tstamp": 0.13598999955123037, "transferred": 1, "dist": 0.03530828847090628, "_child0": {"label": 34, "event": "S", "reconc": 18, "tstamp": 0.0, "transferred": 1, "dist": 0.2573503299305557}, "_child1": {"label": 33, "event": "S", "reconc": 8, "tstamp": 0.0, "transferred": 0, "dist": 0.174473132407565}}, "_child1": {"label": 23, "event": "S", "reconc": 15, "tstamp": 0.0, "transferred": 0, "dist": 0.09968637820861367}}}, "_child1": {"label": 18, "event": "S", "reconc": 12, "tstamp": 0.0, "transferred": 0, "dist": 0.1931458157133502}}, "_child1": {"label": 16, "event": "D", "reconc": [9, 10], "tstamp": 0.00488466424329955, "transferred": 0, "dist": 0.3080605466282498, "_child0": {"label": 39, "event": "S", "reconc": 10, "tstamp": 0.0, "transferred": 0, "dist": 0.004136979888802546}, "_child1": {"label": 40, "event": "S", "reconc": 10, "tstamp": 0.0, "transferred": 0, "dist": 0.04992432325894646}}}, "_child1": {"label": 13, "event": "H", "reconc": [2, 8], "tstamp": 0.1372585313299427, "transferred": 0, "dist": 0.3510525417111412, "_child0": {"label": 32, "event": "S", "reconc": 6, "tstamp": 0.0, "transferred": 1, "dist": 0.1087236685017341}, "_child1": {"label": 31, "event": "S", "reconc": 8, "tstamp": 0.0, "transferred": 0, "dist": 0.16219171129453272}}}}