{"label": 1, "event": "S", "reconc": 1, "tstamp": 0.9676964253280776, "transferred": 0, "dist": 0.0, "_child0": {"label": 2, "event": "S", "reconc": 2, "tstamp": 0.9313027900140457, "transferred": 0, "dist": 0.040277997568698036, "_child0": {"label": 4, "event": "S", "reconc": 4, "tstamp": 0.8063083258822468, "transferred": 0, "dist": 0.13584362688729404, "_child0": {"label": 7, "event": "D", "reconc": [4, 6], "tstamp": 0.6651614205945054, "transferred": 0, "dist": 0.1541303386469442, "_child0": {"label": 12, "event": "H", "reconc": [4, 6], "tstamp": 0.41249268884643275, "transferred": 0, "dist": 0.9089459988208088, "_child0": {"label": 15, "event": "S", "reconc": 6, "tstamp": 0.22783079621837282, "transferred": 0, "dist": 0.6642994060947283, "_child0": {"label": 24, "event": "S", "reconc": 16, "tstamp": 0.0, "transferred": 0, "dist": 1.0073929577979865}, "_child1": {"label": 25, "event": "S", "reconc": 17, "tstamp": 0.0, "transferred": 0, "dist": 0.40151162389331607}}, "_child1": {"label": 16, "event": "S", "reconc": 8, "tstamp": 0.0, "transferred": 1, "dist": 0.3892989481477401}}, "_child1": {"label": 11, "event": "S", "reconc": 6, "tstamp": 0.22783079621837282, "transferred": 0, "dist": 0.482878906867582, "_child0": {"label": 22, "event": "S", "reconc": 16, "tstamp": 0.0, "transferred": 0, "dist": 0.47500986653546773}, "_child1": {"label": 23, "event": "S", "reconc": 17, "tstamp": 0.0, "transferred": 0, "dist": 2.3343843857305075}}}, "_child1": {"label": 8, "event": "S", "reconc": 7, "tstamp": 0.0, "transferred": 0, "dist": 1.3371879360889862}}, "_child1": {"label": 6, "event": "D", "reconc": [2, 23], "tstamp": 0.08962154556819997, "transferred": 0, "dist": 0.6960407776245789, "_child0": {"label": 40, "event": "S", "reconc": 23, "tstamp": 0.03601563540951953, "transferred": 0, "dist": 0.044330201769776895, "_child0": {"label": 44, "event": "S", "reconc": 24, "tstamp": 0.0, "transferred": 0, "dist": 0.017967298563034778}, "_child1": {"label": 45, "event": "S", "reconc": 25, "tstamp": 0.0, "transferred": 0, "dist": 0.01762415916828066}}, "_child1": {"label": 41, "event": "S", "reconc": 23, "tstamp": 0.03601563540951953, "transferred": 0, "dist": 0.044330201769776895, "_child0": {"label": 46, "event": "S", "reconc": 24, "tstamp": 0.0, "transferred": 0, "dist": 0.017967298563034778}, "_child1": {"label": 47, "event": "S", "reconc": 25, "tstamp": 0.0, "transferred": 0, "dist": 0.01762415916828066}}}, "_child2": {"label": 5, "event": "S", "reconc": 22, "tstamp": 0.0, "transferred": 0, "dist": 1.2865499993304192}}, "_child1": {"label": 3, "event": "H", "reconc": [1, 3], "tstamp": 0.6743771296316832, "transferred": 0, "dist": 0.2647791346804101, "_child0": {"label": 9, "event": "S", "reconc": 3, "tstamp": 0.6208020050451374, "transferred": 0, "dist": 0.048362229613096434, "_child0": {"label": 13, "event": "S", "reconc": 9, "tstamp": 0.4035838552783835, "transferred": 0, "dist": 0.16047129846897124, "_child0": {"label": 18, "event": "S", "reconc": 13, "tstamp": 0.24481117502581567, "transferred": 0, "dist": 0.11485717946041805, "_child0": {"label": 21, "event": "D", "reconc": [13, 15], "tstamp": 0.18561326338332343, "transferred": 0, "dist": 0.04680931789949689, "_child0": {"label": 27, "event": "D", "reconc": [13, 15], "tstamp": 0.054842044749558706, "transferred": 0, "dist": 0.10340418057481994, "_child0": {"label": 42, "event": "S", "reconc": 15, "tstamp": 0.0, "transferred": 0, "dist": 0.04336502142919938}, "_child1": {"label": 43, "event": "S", "reconc": 15, "tstamp": 0.0, "transferred": 0, "dist": 0.04374502181993594}}, "_child1": {"label": 26, "event": "S", "reconc": 15, "tstamp": 0.0, "transferred": 0, "dist": 0.14676920200401933}}, "_child1": {"label": 20, "event": "S", "reconc": 14, "tstamp": 0.0, "transferred": 0, "dist": 0.18453707621041718}}, "_child1": {"label": 17, "event": "S", "reconc": 12, "tstamp": 0.15896967531675973, "transferred": 0, "dist": 0.13803256943418532, "_child0": {"label": 28, "event": "S", "reconc": 19, "tstamp": 0.12639475146079973, "transferred": 0, "dist": 0.013273143052205335, "_child0": {"label": 35, "event": "H", "reconc": [19, 21], "tstamp": 0.11723114187213171, "transferred": 0, "dist": 0.003805538747600497, "_child0": {"label": 37, "event": "S", "reconc": 20, "tstamp": 0.0, "transferred": 1, "dist": 0.24562363032621162}, "_child1": {"label": 36, "event": "S", "reconc": 21, "tstamp": 0.0, "transferred": 0, "dist": 0.04868470753834192}}, "_child1": {"label": 34, "event": "H", "reconc": [19, 20], "tstamp": 0.0911290149510316, "transferred": 0, "dist": 0.015918715500814272, "_child0": {"label": 38, "event": "S", "reconc": 20, "tstamp": 0.0, "transferred": 0, "dist": 0.041135022445174495}, "_child1": {"label": 39, "event": "S", "reconc": 15, "tstamp": 0.0, "transferred": 1, "dist": 0.08415349380215396}}}, "_child1": {"label": 29, "event": "S", "reconc": 18, "tstamp": 0.0, "transferred": 0, "dist": 0.06887016483152537}}, "_child2": {"label": 19, "event": "S", "reconc": 10, "tstamp": 0.0, "transferred": 0, "dist": 0.24020029677662624}}, "_child1": {"label": 14, "event": "S", "reconc": 8, "tstamp": 0.0, "transferred": 0, "dist": 0.5801997924675452}}, "_child1": {"label": 10, "event": "H", "reconc": [4, 7], "tstamp": 0.15730468553071253, "transferred": 1, "dist": 2.3331827385873467, "_child0": {"label": 30, "event": "H", "reconc": [4, 7], "tstamp": 0.14184471337248453, "transferred": 0, "dist": 0.06975993516988664, "_child0": {"label": 32, "event": "S", "reconc": 7, "tstamp": 0.0, "transferred": 0, "dist": 0.6400450083468865}, "_child1": {"label": 33, "event": "S", "reconc": 18, "tstamp": 0.0, "transferred": 1, "dist": 0.0638356354570769}}, "_child1": {"label": 31, "event": "S", "reconc": 18, "tstamp": 0.0, "transferred": 1, "dist": 0.07243062143928472}}}}