{"label": 0, "event": null, "tstamp": 1.0, "dist": 0.0, "_child0": {"label": 1, "event": "S", "tstamp": 0.7491854776503365, "dist": 0.2508145223496635, "_child0": {"label": 3, "event": "S", "tstamp": 0.6722744211025746, "dist": 0.07691105654776187, "_child0": {"label": 5, "event": "S", "tstamp": 0.4862831270184791, "dist": 0.18599129408409554, "_child0": {"label": 7, "event": "S", "tstamp": 0.38794659055820785, "dist": 0.09833653646027124, "_child0": {"label": 9, "event": "S", "tstamp": 0.33865664416499675, "dist": 0.049289946393211104, "_child0": {"label": 10, "event": "S", "tstamp": 0.0, "dist": 0.33865664416499675}, "_child1": {"label": 11, "event": "S", "tstamp": 0.0, "dist": 0.33865664416499675}}, "_child1": {"label": 8, "event": "S", "tstamp": 0.0, "dist": 0.38794659055820785}}, "_child1": {"label": 6, "event": "S", "tstamp": 0.22579316442040825, "dist": 0.26048996259807083, "_child0": {"label": 13, "event": "S", "tstamp": 0.05525466734682764, "dist": 0.1705384970735806, "_child0": {"label": 14, "event": "S", "tstamp": 0.0, "dist": 0.05525466734682764}, "_child1": {"label": 15, "event": "S", "tstamp": 0.0, "dist": 0.05525466734682764}}, "_child1": {"label": 12, "event": "S", "tstamp": 0.0, "dist": 0.22579316442040825}}}, "_child1": {"label": 4, "event": "S", "tstamp": 0.0, "dist": 0.6722744211025746}}, "_child1": {"label": 2, "event": "S", "tstamp": 0.0, "dist": 0.7491854776503365}}}