{"label": 1, "event": "S", "reconc": 1, "tstamp": 0.5432851763846689, "transferred": 0, "dist": 0.0, "_child0": {"label": 4, "event": "S", "reconc": 5, "tstamp": 0.5173441398130767, "transferred": 0, "dist": 0.02571963839709672, "_child0": {"label": 7, "event": "H", "reconc": [5, 8], "tstamp": 0.4146944097484646, "transferred": 0, "dist": 0.07883334315456621, "_child0": {"label": 10, "event": "H", "reconc": [2, 4], "tstamp": 0.17651788295761156, "transferred": 1, "dist": 0.25001988069664133, "_child0": {"label": 12, "event": "S", "reconc": 8, "tstamp": 0.034037130958874826, "transferred": 1, "dist": 0.11612515292839966, "_child0": {"label": 25, "event": "S", "reconc": 15, "tstamp": 0.02777214100190976, "transferred": 0, "dist": 0.0153469107738511, "_child0": {"label": 31, "event": "S", "reconc": 16, "tstamp": 0.020293729426747332, "transferred": 0, "dist": 0.004386774890735611, "_child0": {"label": 37, "event": "S", "reconc": 18, "tstamp": 0.0, "transferred": 0, "dist": 0.021174967131964584}, "_child1": {"label": 38, "event": "S", "reconc": 19, "tstamp": 0.0, "transferred": 0, "dist": 0.038563030326610875}}, "_child1": {"label": 32, "event": "S", "reconc": 17, "tstamp": 0.0, "transferred": 0, "dist": 0.032082774221188846}}, "_child1": {"label": 26, "event": "S", "reconc": 14, "tstamp": 0.0, "transferred": 0, "dist": 0.03684611442042233}}, "_child1": {"label": 11, "event": "S", "reconc": 4, "tstamp": 0.0, "transferred": 0, "dist": 0.18529525403920127}}, "_child1": {"label": 9, "event": "H", "reconc": [5, 8], "tstamp": 0.0793292624923807, "transferred": 0, "dist": 0.25755504392538897, "_child0": {"label": 17, "event": "S", "reconc": 8, "tstamp": 0.034037130958874826, "transferred": 0, "dist": 0.03478362919352223, "_child0": {"label": 27, "event": "S", "reconc": 15, "tstamp": 0.02777214100190976, "transferred": 0, "dist": 0.003643311066645684, "_child0": {"label": 33, "event": "S", "reconc": 16, "tstamp": 0.020293729426747332, "transferred": 0, "dist": 0.00437926298212885, "_child0": {"label": 39, "event": "S", "reconc": 18, "tstamp": 0.0, "transferred": 0, "dist": 0.011798950216553673}, "_child1": {"label": 40, "event": "S", "reconc": 19, "tstamp": 0.0, "transferred": 0, "dist": 0.011075119196791891}}, "_child1": {"label": 34, "event": "S", "reconc": 17, "tstamp": 0.0, "transferred": 0, "dist": 0.016977048599403258}}, "_child1": {"label": 28, "event": "S", "reconc": 14, "tstamp": 0.0, "transferred": 0, "dist": 0.01990910080433008}}, "_child1": {"label": 18, "event": "S", "reconc": 4, "tstamp": 0.0, "transferred": 1, "dist": 0.26107849457675303}}}, "_child1": {"label": 8, "event": "S", "reconc": 6, "tstamp": 0.11641955414680746, "transferred": 0, "dist": 0.3992219946217857, "_child0": {"label": 14, "event": "H", "reconc": [6, 10], "tstamp": 0.08338260410762009, "transferred": 0, "dist": 0.03504689708733765, "_child0": {"label": 15, "event": "H", "reconc": [6, 10], "tstamp": 0.04729939382910641, "transferred": 0, "dist": 0.03827848986397957, "_child0": {"label": 24, "event": "S", "reconc": 9, "tstamp": 0.0, "transferred": 1, "dist": 0.06968740816450113}, "_child1": {"label": 23, "event": "S", "reconc": 10, "tstamp": 0.0, "transferred": 0, "dist": 0.05017705889483863}}, "_child1": {"label": 16, "event": "S", "reconc": 9, "tstamp": 0.0, "transferred": 1, "dist": 0.0799568053681066}}, "_child1": {"label": 13, "event": "H", "reconc": [6, 11], "tstamp": 0.055330143068973624, "transferred": 0, "dist": 0.06164631664313246, "_child0": {"label": 19, "event": "S", "reconc": 11, "tstamp": 0.04900294421837584, "transferred": 0, "dist": 0.006384879096494401, "_child0": {"label": 21, "event": "S", "reconc": 12, "tstamp": 0.0, "transferred": 0, "dist": 0.05074450078823521}, "_child1": {"label": 22, "event": "S", "reconc": 13, "tstamp": 0.0, "transferred": 0, "dist": 0.04849383498265519}}, "_child1": {"label": 20, "event": "S", "reconc": 8, "tstamp": 0.034037130958874826, "transferred": 1, "dist": 0.02367685026126275, "_child0": {"label": 29, "event": "S", "reconc": 15, "tstamp": 0.02777214100190976, "transferred": 0, "dist": 0.009402114204525277, "_child0": {"label": 35, "event": "S", "reconc": 16, "tstamp": 0.020293729426747332, "transferred": 0, "dist": 0.004572534398511746, "_child0": {"label": 41, "event": "S", "reconc": 18, "tstamp": 0.0, "transferred": 0, "dist": 0.01386093165622286}, "_child1": {"label": 42, "event": "S", "reconc": 19, "tstamp": 0.0, "transferred": 0, "dist": 0.012772291503728366}}, "_child1": {"label": 36, "event": "S", "reconc": 17, "tstamp": 0.0, "transferred": 0, "dist": 0.021741462651291163}}, "_child1": {"label": 30, "event": "S", "reconc": 14, "tstamp": 0.0, "transferred": 0, "dist": 0.020583334471233415}}}}}, "_child1": {"label": 3, "event": "S", "reconc": 3, "tstamp": 0.0, "transferred": 0, "dist": 0.490485258050824}}