{"label": 1, "event": "S", "reconc": 1, "tstamp": 0.4739607813504429, "transferred": 0, "dist": 0.0, "_child0": {"label": 2, "event": "S", "reconc": 3, "tstamp": 0.4339482048022297, "transferred": 0, "dist": 0.03084217560137866, "_child0": {"label": 4, "event": "S", "reconc": 5, "tstamp": 0.3389503838915031, "transferred": 0, "dist": 0.0728265765165076, "_child0": {"label": 7, "event": "D", "reconc": [5, 7], "tstamp": 0.29238496743130843, "transferred": 0, "dist": 0.041318479366792, "_child0": {"label": 10, "event": "H", "reconc": [5, 7], "tstamp": 0.16707258175386075, "transferred": 0, "dist": 0.11119233146863722, "_child0": {"label": 13, "event": "S", "reconc": 4, "tstamp": 0.1661697631726474, "transferred": 1, "dist": 0.0009199542620259956, "_child0": {"label": 16, "event": "S", "reconc": 11, "tstamp": 0.06406944504247306, "transferred": 0, "dist": 0.10957194063429591, "_child0": {"label": 22, "event": "S", "reconc": 12, "tstamp": 0.0, "transferred": 0, "dist": 0.059300717470899086}, "_child1": {"label": 23, "event": "S", "reconc": 13, "tstamp": 0.0, "transferred": 0, "dist": 0.05428857740762939}}, "_child1": {"label": 17, "event": "S", "reconc": 10, "tstamp": 0.0600899120423631, "transferred": 0, "dist": 0.08060820776128642, "_child0": {"label": 24, "event": "H", "reconc": [10, 14], "tstamp": 0.004534843176993403, "transferred": 0, "dist": 0.04965557534403376, "_child0": {"label": 29, "event": "S", "reconc": 13, "tstamp": 0.0, "transferred": 1, "dist": 0.0037384026416961624}, "_child1": {"label": 28, "event": "S", "reconc": 14, "tstamp": 0.0, "transferred": 0, "dist": 0.004053279955322666}}, "_child1": {"label": 25, "event": "S", "reconc": 15, "tstamp": 0.0, "transferred": 0, "dist": 0.05468672870410259}}}, "_child1": {"label": 12, "event": "S", "reconc": 7, "tstamp": 0.0, "transferred": 0, "dist": 0.14824703710863585}}, "_child1": {"label": 11, "event": "S", "reconc": 7, "tstamp": 0.0, "transferred": 0, "dist": 0.25943936857727307}}, "_child1": {"label": 6, "event": "S", "reconc": 6, "tstamp": 0.0, "transferred": 0, "dist": 0.26064447629375515}}, "_child1": {"label": 5, "event": "S", "reconc": 4, "tstamp": 0.1661697631726474, "transferred": 0, "dist": 0.2001169317539615, "_child0": {"label": 15, "event": "H", "reconc": [4, 10], "tstamp": 0.09976685795711536, "transferred": 0, "dist": 0.05022358538275256, "_child0": {"label": 18, "event": "S", "reconc": 10, "tstamp": 0.0600899120423631, "transferred": 0, "dist": 0.030009507481764616, "_child0": {"label": 26, "event": "S", "reconc": 14, "tstamp": 0.0, "transferred": 0, "dist": 0.048380670277696165}, "_child1": {"label": 27, "event": "S", "reconc": 15, "tstamp": 0.0, "transferred": 0, "dist": 0.045380759422097273}}, "_child1": {"label": 19, "event": "S", "reconc": 8, "tstamp": 0.0, "transferred": 1, "dist": 0.1018212515566849}}, "_child1": {"label": 14, "event": "S", "reconc": 11, "tstamp": 0.06406944504247306, "transferred": 0, "dist": 0.07926024363479921, "_child0": {"label": 20, "event": "S", "reconc": 12, "tstamp": 0.0, "transferred": 0, "dist": 0.057654166343395534}, "_child1": {"label": 21, "event": "S", "reconc": 13, "tstamp": 0.0, "transferred": 0, "dist": 0.052384907252941655}}}}, "_child1": {"label": 3, "event": "S", "reconc": 2, "tstamp": 0.3277695978032495, "transferred": 0, "dist": 0.11246969019275045, "_child0": {"label": 8, "event": "S", "reconc": 8, "tstamp": 0.0, "transferred": 0, "dist": 0.31887642887608025}, "_child1": {"label": 9, "event": "S", "reconc": 9, "tstamp": 0.0, "transferred": 0, "dist": 0.3497969368943257}}}