{"label": 1, "event": "S", "reconc": 1, "tstamp": 0.8472005568966159, "transferred": 0, "dist": 0.0, "_child0": {"label": 7, "event": "H", "reconc": [1, 4], "tstamp": 0.5334511187614683, "transferred": 1, "dist": 1.2290343908069057, "_child0": {"label": 18, "event": "S", "reconc": 4, "tstamp": 0.515322887851426, "transferred": 0, "dist": 0.07390018949454852, "_child0": {"label": 22, "event": "S", "reconc": 9, "tstamp": 0.41422108761322574, "transferred": 0, "dist": 0.1533372254801374, "_child0": {"label": 24, "event": "S", "reconc": 10, "tstamp": 0.402115482022964, "transferred": 0, "dist": 0.01608751233361042, "_child0": {"label": 27, "event": "S", "reconc": 15, "tstamp": 0.35655268585314936, "transferred": 0, "dist": 0.05681814219801287, "_child0": {"label": 29, "event": "S", "reconc": 16, "tstamp": 0.0, "transferred": 0, "dist": 0.3806055234825699}, "_child1": {"label": 30, "event": "S", "reconc": 17, "tstamp": 0.0, "transferred": 0, "dist": 0.5466294275848507}}, "_child1": {"label": 26, "event": "S", "reconc": 14, "tstamp": 0.33899674505748073, "transferred": 0, "dist": 0.07167008412846732, "_child0": {"label": 31, "event": "H", "reconc": [14, 18], "tstamp": 0.2960973316278759, "transferred": 0, "dist": 0.046120665258703834, "_child0": {"label": 33, "event": "S", "reconc": 18, "tstamp": 0.2823610838255631, "transferred": 0, "dist": 0.014767681796876975, "_child0": {"label": 35, "event": "S", "reconc": 21, "tstamp": 0.2754954991928013, "transferred": 0, "dist": 0.007974169492454424, "_child0": {"label": 37, "event": "H", "reconc": [21, 23], "tstamp": 0.16116479359170294, "transferred": 0, "dist": 0.1445669667959443, "_child0": {"label": 43, "event": "S", "reconc": 23, "tstamp": 0.15370199266168638, "transferred": 0, "dist": 0.009436436944757919, "_child0": {"label": 46, "event": "H", "reconc": [23, 25], "tstamp": 0.14454467705105536, "transferred": 0, "dist": 0.010886163270866544, "_child0": {"label": 47, "event": "S", "reconc": 25, "tstamp": 0.0, "transferred": 0, "dist": 0.1718338671745349}, "_child1": {"label": 48, "event": "S", "reconc": 20, "tstamp": 0.0, "transferred": 1, "dist": 1.095227318806946}}, "_child1": {"label": 45, "event": "S", "reconc": 24, "tstamp": 0.0, "transferred": 0, "dist": 0.25568842348706083}}, "_child1": {"label": 44, "event": "H", "reconc": [1, 2], "tstamp": 0.12337912290212275, "transferred": 1, "dist": 0.07364497456548492, "_child0": {"label": 50, "event": "S", "reconc": 17, "tstamp": 0.0, "transferred": 1, "dist": 0.19194761505161823}, "_child1": {"label": 49, "event": "S", "reconc": 2, "tstamp": 0.0, "transferred": 0, "dist": 0.24046820401005348}}}, "_child1": {"label": 38, "event": "S", "reconc": 22, "tstamp": 0.0, "transferred": 0, "dist": 0.32846611246018276}}, "_child1": {"label": 36, "event": "S", "reconc": 20, "tstamp": 0.0, "transferred": 0, "dist": 0.347321491384682}}, "_child1": {"label": 34, "event": "H", "reconc": [1, 7], "tstamp": 0.23251569869031763, "transferred": 1, "dist": 0.08207798892771824, "_child0": {"label": 42, "event": "S", "reconc": 16, "tstamp": 0.0, "transferred": 1, "dist": 0.2577525289539976}, "_child1": {"label": 41, "event": "S", "reconc": 7, "tstamp": 0.0, "transferred": 0, "dist": 0.30015619387074943}}}, "_child1": {"label": 32, "event": "S", "reconc": 19, "tstamp": 0.0, "transferred": 0, "dist": 0.3042830321813838}}, "_child2": {"label": 28, "event": "S", "reconc": 12, "tstamp": 0.0, "transferred": 0, "dist": 0.4856258732603414}}, "_child1": {"label": 25, "event": "S", "reconc": 11, "tstamp": 0.0, "transferred": 0, "dist": 0.5808336935911307}}, "_child1": {"label": 23, "event": "S", "reconc": 8, "tstamp": 0.0, "transferred": 0, "dist": 1.1724559815862312}}, "_child1": {"label": 19, "event": "S", "reconc": 7, "tstamp": 0.0, "transferred": 1, "dist": 0.9858105138774264}}, "_child1": {"label": 5, "event": "D", "reconc": [1, 2], "tstamp": 0.7105210643100788, "transferred": 0, "dist": 0.23266855731517466, "_child0": {"label": 8, "event": "D", "reconc": [1, 2], "tstamp": 0.2583609196426928, "transferred": 0, "dist": 2.966449907568932, "_child0": {"label": 39, "event": "S", "reconc": 2, "tstamp": 0.0, "transferred": 0, "dist": 0.46520879288970723}, "_child1": {"label": 40, "event": "S", "reconc": 2, "tstamp": 0.0, "transferred": 0, "dist": 0.9065135661780129}}, "_child1": {"label": 9, "event": "S", "reconc": 2, "tstamp": 0.0, "transferred": 0, "dist": 1.209515106082213}}, "_child2": {"label": 10, "event": "S", "reconc": 7, "tstamp": 0.0, "transferred": 0, "dist": 1.0276775393122315}, "_child3": {"label": 2, "event": "H", "reconc": [1, 4], "tstamp": 0.6705327786653837, "transferred": 0, "dist": 0.23807781389438862, "_child0": {"label": 12, "event": "H", "reconc": [1, 4], "tstamp": 0.5691423587939219, "transferred": 0, "dist": 0.13663391114387397, "_child0": {"label": 21, "event": "S", "reconc": 8, "tstamp": 0.0, "transferred": 0, "dist": 0.7320009618844319}, "_child1": {"label": 15, "event": "S", "reconc": 2, "tstamp": 0.0, "transferred": 1, "dist": 5.189332352826389}}, "_child1": {"label": 13, "event": "H", "reconc": [1, 7], "tstamp": 0.5378144760722483, "transferred": 1, "dist": 0.28551039516840143, "_child0": {"label": 16, "event": "H", "reconc": [1, 7], "tstamp": 0.08820763706510246, "transferred": 0, "dist": 0.9672172094369866, "_child0": {"label": 52, "event": "S", "reconc": 24, "tstamp": 0.0, "transferred": 1, "dist": 0.8120930116772015}, "_child1": {"label": 51, "event": "S", "reconc": 7, "tstamp": 0.0, "transferred": 0, "dist": 0.18975677674641184}}, "_child1": {"label": 17, "event": "S", "reconc": 2, "tstamp": 0.0, "transferred": 1, "dist": 2.1436410764969795}}}}