{"label": 0, "event": null, "tstamp": 1.0, "dist": 0.0, "_child0": {"label": 1, "event": "S", "tstamp": 0.9041679427655304, "dist": 0.09583205723446964, "_child0": {"label": 3, "event": "S", "tstamp": 0.7624260931236247, "dist": 0.14174184964190562, "_child0": {"label": 5, "event": "S", "tstamp": 0.6239585133746044, "dist": 0.13846757974902035, "_child0": {"label": 6, "event": "S", "tstamp": 0.5492049663652662, "dist": 0.07475354700933823, "_child0": {"label": 11, "event": "S", "tstamp": 0.0, "dist": 0.5492049663652662}, "_child1": {"label": 10, "event": "S", "tstamp": 0.3871641943952898, "dist": 0.16204077196997635, "_child0": {"label": 13, "event": "S", "tstamp": 0.35357857082556815, "dist": 0.03358562356972167, "_child0": {"label": 14, "event": "S", "tstamp": 0.0, "dist": 0.35357857082556815}, "_child1": {"label": 15, "event": "S", "tstamp": 0.0, "dist": 0.35357857082556815}}, "_child1": {"label": 12, "event": "S", "tstamp": 0.0, "dist": 0.3871641943952898}}, "_child2": {"label": 8, "event": "S", "tstamp": 0.2636952937033613, "dist": 0.28550967266190486, "_child0": {"label": 17, "event": "S", "tstamp": 0.24882606243260386, "dist": 0.014869231270757455, "_child0": {"label": 19, "event": "S", "tstamp": 0.2348500332292817, "dist": 0.013976029203322166, "_child0": {"label": 20, "event": "S", "tstamp": 0.0, "dist": 0.2348500332292817}, "_child1": {"label": 21, "event": "S", "tstamp": 0.0, "dist": 0.2348500332292817}}, "_child1": {"label": 22, "event": "S", "tstamp": 0.0, "dist": 0.24882606243260386}, "_child2": {"label": 23, "event": "S", "tstamp": 0.13018435712343945, "dist": 0.1186417053091644, "_child0": {"label": 27, "event": "S", "tstamp": 0.0, "dist": 0.13018435712343945}, "_child1": {"label": 26, "event": "S", "tstamp": 0.00964019289639869, "dist": 0.12054416422704076, "_child0": {"label": 28, "event": "S", "tstamp": 0.0, "dist": 0.00964019289639869}, "_child1": {"label": 29, "event": "S", "tstamp": 0.0, "dist": 0.00964019289639869}}, "_child2": {"label": 24, "event": "S", "tstamp": 0.0, "dist": 0.13018435712343945}}}, "_child1": {"label": 16, "event": "S", "tstamp": 0.0, "dist": 0.2636952937033613}}}, "_child1": {"label": 7, "event": "S", "tstamp": 0.0, "dist": 0.6239585133746044}}, "_child1": {"label": 4, "event": "S", "tstamp": 0.0, "dist": 0.7624260931236247}}, "_child1": {"label": 2, "event": "S", "tstamp": 0.0, "dist": 0.9041679427655304}}}