{"label": 0, "event": null, "tstamp": 1.0, "dist": 0.0, "_child0": {"label": 1, "event": "S", "tstamp": 0.8847214847876844, "dist": 0.11527851521231558, "_child0": {"label": 2, "event": "S", "tstamp": 0.8276349119003229, "dist": 0.05708657288736152, "_child0": {"label": 4, "event": "S", "tstamp": 0.0, "dist": 0.8276349119003229}, "_child1": {"label": 5, "event": "S", "tstamp": 0.0, "dist": 0.8276349119003229}}, "_child1": {"label": 3, "event": "S", "tstamp": 0.46924209573499737, "dist": 0.41547938905268705, "_child0": {"label": 7, "event": "S", "tstamp": 0.14909830624441944, "dist": 0.3201437894905779, "_child0": {"label": 8, "event": "S", "tstamp": 0.0, "dist": 0.14909830624441944}, "_child1": {"label": 9, "event": "S", "tstamp": 0.0, "dist": 0.14909830624441944}}, "_child1": {"label": 6, "event": "S", "tstamp": 0.0, "dist": 0.46924209573499737}}}}