{"label": 0, "event": null, "tstamp": 1.0, "dist": 0.0, "_child0": {"label": 1, "event": "S", "tstamp": 0.9082216332354409, "dist": 0.09177836676455908, "_child0": {"label": 3, "event": "S", "tstamp": 0.8791783707962013, "dist": 0.029043262439239603, "_child0": {"label": 5, "event": "S", "tstamp": 0.5978197762695435, "dist": 0.2813585945266578, "_child0": {"label": 7, "event": "S", "tstamp": 0.5785987435684072, "dist": 0.019221032701136287, "_child0": {"label": 11, "event": "S", "tstamp": 0.0, "dist": 0.5785987435684072}, "_child1": {"label": 10, "event": "S", "tstamp": 0.0, "dist": 0.5785987435684072}, "_child2": {"label": 8, "event": "S", "tstamp": 0.4449987444803197, "dist": 0.13359999908808756, "_child0": {"label": 13, "event": "S", "tstamp": 0.31198112190992283, "dist": 0.13301762257039684, "_child0": {"label": 15, "event": "S", "tstamp": 0.28285294610668005, "dist": 0.029128175803242784, "_child0": {"label": 17, "event": "S", "tstamp": 0.23537960296175547, "dist": 0.047473343144924574, "_child0": {"label": 18, "event": "S", "tstamp": 0.0, "dist": 0.23537960296175547}, "_child1": {"label": 19, "event": "S", "tstamp": 0.0, "dist": 0.23537960296175547}}, "_child1": {"label": 16, "event": "S", "tstamp": 0.0, "dist": 0.28285294610668005}}, "_child1": {"label": 14, "event": "S", "tstamp": 0.0, "dist": 0.31198112190992283}}, "_child1": {"label": 12, "event": "S", "tstamp": 0.0, "dist": 0.4449987444803197}}}, "_child1": {"label": 6, "event": "S", "tstamp": 0.0, "dist": 0.5978197762695435}}, "_child1": {"label": 4, "event": "S", "tstamp": 0.13998237540312963, "dist": 0.7391959953930717, "_child0": {"label": 21, "event": "S", "tstamp": 0.13545694861656146, "dist": 0.004525426786568171, "_child0": {"label": 22, "event": "S", "tstamp": 0.0, "dist": 0.13545694861656146}, "_child1": {"label": 23, "event": "S", "tstamp": 0.0, "dist": 0.13545694861656146}}, "_child1": {"label": 20, "event": "S", "tstamp": 0.0, "dist": 0.13998237540312963}}}, "_child1": {"label": 2, "event": "S", "tstamp": 0.06566517365140667, "dist": 0.8425564595840342, "_child0": {"label": 24, "event": "S", "tstamp": 0.0, "dist": 0.06566517365140667}, "_child1": {"label": 25, "event": "S", "tstamp": 0.0, "dist": 0.06566517365140667}}}}