{"label": 0, "event": null, "tstamp": 1.0, "dist": 0.0, "_child0": {"label": 1, "event": "S", "tstamp": 0.9374330187074355, "dist": 0.06256698129256455, "_child0": {"label": 3, "event": "S", "tstamp": 0.8998342844130158, "dist": 0.03759873429441962, "_child0": {"label": 5, "event": "S", "tstamp": 0.8638016502708714, "dist": 0.036032634142144415, "_child0": {"label": 6, "event": "S", "tstamp": 0.744902673144472, "dist": 0.11889897712639941, "_child0": {"label": 13, "event": "S", "tstamp": 0.6892423293925926, "dist": 0.05566034375187945, "_child0": {"label": 17, "event": "S", "tstamp": 0.0, "dist": 0.6892423293925926}, "_child1": {"label": 16, "event": "S", "tstamp": 0.0, "dist": 0.6892423293925926}, "_child2": {"label": 19, "event": "S", "tstamp": 0.0, "dist": 0.6892423293925926}, "_child3": {"label": 20, "event": "S", "tstamp": 0.0, "dist": 0.6892423293925926}, "_child4": {"label": 21, "event": "S", "tstamp": 0.3633650731781034, "dist": 0.32587725621448915, "_child0": {"label": 22, "event": "S", "tstamp": 0.15800169108121037, "dist": 0.20536338209689303, "_child0": {"label": 24, "event": "S", "tstamp": 0.0, "dist": 0.15800169108121037}, "_child1": {"label": 25, "event": "S", "tstamp": 0.0, "dist": 0.15800169108121037}}, "_child1": {"label": 23, "event": "S", "tstamp": 0.0, "dist": 0.3633650731781034}}}, "_child1": {"label": 12, "event": "S", "tstamp": 0.0, "dist": 0.744902673144472}}, "_child1": {"label": 7, "event": "S", "tstamp": 0.0, "dist": 0.8638016502708714}}, "_child1": {"label": 4, "event": "S", "tstamp": 0.8066841607932371, "dist": 0.0931501236197787, "_child0": {"label": 9, "event": "S", "tstamp": 0.7875435511071358, "dist": 0.019140609686101318, "_child0": {"label": 10, "event": "S", "tstamp": 0.0, "dist": 0.7875435511071358}, "_child1": {"label": 11, "event": "S", "tstamp": 0.0, "dist": 0.7875435511071358}}, "_child1": {"label": 8, "event": "S", "tstamp": 0.0, "dist": 0.8066841607932371}}}, "_child1": {"label": 2, "event": "S", "tstamp": 0.0, "dist": 0.9374330187074355}}}