{"label": 1, "event": "S", "reconc": 1, "tstamp": 0.9374330187074355, "transferred": 0, "dist": 0.0, "_child0": {"label": 2, "event": "S", "reconc": 3, "tstamp": 0.8998342844130158, "transferred": 0, "dist": 0.03230882403203718, "_child0": {"label": 4, "event": "S", "reconc": 5, "tstamp": 0.8638016502708714, "transferred": 0, "dist": 0.030432425934656126, "_child0": {"label": 12, "event": "H", "reconc": [5, 7], "tstamp": 0.5069420324517381, "transferred": 0, "dist": 0.33791833303726726, "_child0": {"label": 32, "event": "S", "reconc": 7, "tstamp": 0.0, "transferred": 0, "dist": 0.4800347195334325}, "_child1": {"label": 30, "event": "S", "reconc": 2, "tstamp": 0.0, "transferred": 1, "dist": 2.132469114874701}}, "_child1": {"label": 14, "event": "S", "reconc": 13, "tstamp": 0.6892423293925926, "transferred": 0, "dist": 0.14352735709270137, "_child0": {"label": 19, "event": "H", "reconc": [13, 20], "tstamp": 0.5760410862954297, "transferred": 0, "dist": 0.07775988632692966, "_child0": {"label": 21, "event": "S", "reconc": 20, "tstamp": 0.0, "transferred": 0, "dist": 0.395692557470655}, "_child1": {"label": 22, "event": "S", "reconc": 2, "tstamp": 0.0, "transferred": 1, "dist": 0.46417542164518977}}, "_child1": {"label": 17, "event": "H", "reconc": [13, 16], "tstamp": 0.5149288797980661, "transferred": 0, "dist": 0.10283684331229369, "_child0": {"label": 28, "event": "D", "reconc": [1, 2], "tstamp": 0.26759116745960027, "transferred": 1, "dist": 0.227677742561544, "_child0": {"label": 41, "event": "S", "reconc": 2, "tstamp": 0.0, "transferred": 0, "dist": 0.34350478954018226}, "_child1": {"label": 42, "event": "S", "reconc": 2, "tstamp": 0.0, "transferred": 0, "dist": 0.26120420261178906}}, "_child1": {"label": 27, "event": "S", "reconc": 16, "tstamp": 0.0, "transferred": 0, "dist": 0.3037841351424407}}, "_child2": {"label": 18, "event": "D", "reconc": [13, 19], "tstamp": 0.4508171592629902, "transferred": 0, "dist": 0.18113391400342732, "_child0": {"label": 35, "event": "S", "reconc": 19, "tstamp": 0.0, "transferred": 0, "dist": 0.34249016793329473}, "_child1": {"label": 36, "event": "S", "reconc": 19, "tstamp": 0.0, "transferred": 0, "dist": 0.8339004949199766}}, "_child3": {"label": 16, "event": "D", "reconc": [13, 17], "tstamp": 0.3737014590294657, "transferred": 0, "dist": 0.18301804039239228, "_child0": {"label": 37, "event": "S", "reconc": 17, "tstamp": 0.0, "transferred": 0, "dist": 0.21693287938318778}, "_child1": {"label": 38, "event": "S", "reconc": 17, "tstamp": 0.0, "transferred": 0, "dist": 0.21675198095461368}}, "_child4": {"label": 20, "event": "S", "reconc": 21, "tstamp": 0.3633650731781034, "transferred": 0, "dist": 0.2620393954709007, "_child0": {"label": 40, "event": "D", "reconc": [21, 23], "tstamp": 0.18315489199351456, "transferred": 0, "dist": 0.1424044602473514, "_child0": {"label": 45, "event": "S", "reconc": 23, "tstamp": 0.0, "transferred": 0, "dist": 0.14473140953830227}, "_child1": {"label": 46, "event": "S", "reconc": 23, "tstamp": 0.0, "transferred": 0, "dist": 0.14473140953830227}}, "_child1": {"label": 39, "event": "H", "reconc": [21, 22], "tstamp": 0.175412044890466, "transferred": 0, "dist": 0.17706701166173555, "_child0": {"label": 47, "event": "S", "reconc": 22, "tstamp": 0.15800169108121037, "transferred": 0, "dist": 0.016401966752355744, "_child0": {"label": 51, "event": "S", "reconc": 24, "tstamp": 0.0, "transferred": 0, "dist": 0.16336731177377203}, "_child1": {"label": 52, "event": "S", "reconc": 25, "tstamp": 0.0, "transferred": 0, "dist": 0.15314159591051432}}, "_child1": {"label": 48, "event": "S", "reconc": 12, "tstamp": 0.0, "transferred": 1, "dist": 0.27919479842016065}}}}}, "_child1": {"label": 5, "event": "S", "reconc": 4, "tstamp": 0.8066841607932371, "transferred": 0, "dist": 0.07364787519558795, "_child0": {"label": 8, "event": "S", "reconc": 9, "tstamp": 0.7875435511071358, "transferred": 0, "dist": 0.014274594439383323, "_child0": {"label": 10, "event": "D", "reconc": [9, 10], "tstamp": 0.4727838184881259, "transferred": 0, "dist": 0.20245418458085981, "_child0": {"label": 33, "event": "D", "reconc": [9, 10], "tstamp": 0.1918504493590701, "transferred": 0, "dist": 0.18086544898486018, "_child0": {"label": 43, "event": "S", "reconc": 10, "tstamp": 0.0, "transferred": 0, "dist": 0.13433694395783546}, "_child1": {"label": 44, "event": "S", "reconc": 10, "tstamp": 0.0, "transferred": 0, "dist": 0.15358514375415327}}, "_child1": {"label": 34, "event": "S", "reconc": 10, "tstamp": 0.0, "transferred": 0, "dist": 0.4426411016677039}}, "_child1": {"label": 11, "event": "D", "reconc": [9, 11], "tstamp": 0.16888415738691478, "transferred": 0, "dist": 0.40075813245032177, "_child0": {"label": 49, "event": "S", "reconc": 11, "tstamp": 0.0, "transferred": 0, "dist": 0.10940058488052985}, "_child1": {"label": 50, "event": "S", "reconc": 11, "tstamp": 0.0, "transferred": 0, "dist": 0.10940058488052985}}}, "_child1": {"label": 9, "event": "D", "reconc": [4, 8], "tstamp": 0.5744633218389494, "transferred": 0, "dist": 0.12246714308996694, "_child0": {"label": 24, "event": "D", "reconc": [4, 8], "tstamp": 0.11799804737003046, "transferred": 0, "dist": 0.2787901834861191, "_child0": {"label": 53, "event": "S", "reconc": 8, "tstamp": 0.0, "transferred": 0, "dist": 0.08835895288355265}, "_child1": {"label": 54, "event": "S", "reconc": 8, "tstamp": 0.0, "transferred": 0, "dist": 0.06663422004894426}}, "_child1": {"label": 23, "event": "S", "reconc": 8, "tstamp": 0.0, "transferred": 0, "dist": 0.36505242348277617}}}}, "_child1": {"label": 3, "event": "S", "reconc": 2, "tstamp": 0.0, "transferred": 0, "dist": 0.7378030458657261}}