{"label": 1, "event": "S", "reconc": 1, "tstamp": 0.7906004815658876, "transferred": 0, "dist": 0.0, "_child0": {"label": 2, "event": "S", "reconc": 2, "tstamp": 0.7380393664982053, "transferred": 0, "dist": 0.06485343743838096, "_child0": {"label": 5, "event": "H", "reconc": [2, 5], "tstamp": 0.6229042513180744, "transferred": 0, "dist": 0.14027813929772603, "_child0": {"label": 10, "event": "D", "reconc": [2, 4], "tstamp": 0.10722233821414139, "transferred": 1, "dist": 1.6506205378318306, "_child0": {"label": 37, "event": "S", "reconc": 4, "tstamp": 0.0, "transferred": 0, "dist": 0.16644981795852326}, "_child1": {"label": 38, "event": "S", "reconc": 4, "tstamp": 0.0, "transferred": 0, "dist": 0.2882891619727815}}, "_child1": {"label": 6, "event": "D", "reconc": [2, 5], "tstamp": 0.47305368119427466, "transferred": 0, "dist": 0.1825747003143453, "_child0": {"label": 15, "event": "H", "reconc": [2, 5], "tstamp": 0.4040689216292723, "transferred": 0, "dist": 0.08404954211006442, "_child0": {"label": 18, "event": "D", "reconc": [2, 5], "tstamp": 0.2794452843343709, "transferred": 0, "dist": 0.15183874984528056, "_child0": {"label": 26, "event": "S", "reconc": 5, "tstamp": 0.0, "transferred": 0, "dist": 1.2316644978055784}, "_child1": {"label": 27, "event": "S", "reconc": 5, "tstamp": 0.0, "transferred": 0, "dist": 2.2989062257899793}}, "_child1": {"label": 19, "event": "S", "reconc": 4, "tstamp": 0.0, "transferred": 1, "dist": 1.3681879788342415}}, "_child1": {"label": 14, "event": "S", "reconc": 5, "tstamp": 0.0, "transferred": 0, "dist": 0.5763583949349644}}}, "_child1": {"label": 4, "event": "H", "reconc": [2, 4], "tstamp": 0.6166844918231035, "transferred": 0, "dist": 0.18091857503127562, "_child0": {"label": 8, "event": "S", "reconc": 4, "tstamp": 0.0, "transferred": 0, "dist": 0.9193671025018391}, "_child1": {"label": 9, "event": "S", "reconc": 5, "tstamp": 0.0, "transferred": 1, "dist": 0.7959262425891251}}}, "_child1": {"label": 3, "event": "S", "reconc": 3, "tstamp": 0.4747656250183401, "transferred": 0, "dist": 0.4484229800837554, "_child0": {"label": 12, "event": "S", "reconc": 7, "tstamp": 0.404437580066206, "transferred": 0, "dist": 0.11603560724759654, "_child0": {"label": 16, "event": "S", "reconc": 9, "tstamp": 0.34791199089501484, "transferred": 0, "dist": 0.08972038302782387, "_child0": {"label": 22, "event": "D", "reconc": [9, 19], "tstamp": 0.2816764320393356, "transferred": 0, "dist": 0.12301175571108142, "_child0": {"label": 24, "event": "S", "reconc": 19, "tstamp": 0.13803232497795984, "transferred": 0, "dist": 0.3314283667496143, "_child0": {"label": 33, "event": "S", "reconc": 20, "tstamp": 0.05882491554120621, "transferred": 0, "dist": 0.18108504381505167, "_child0": {"label": 43, "event": "S", "reconc": 24, "tstamp": 0.0, "transferred": 0, "dist": 0.7161003443364978}, "_child1": {"label": 44, "event": "S", "reconc": 25, "tstamp": 0.0, "transferred": 0, "dist": 0.1295803639180139}}, "_child1": {"label": 32, "event": "S", "reconc": 23, "tstamp": 0.04822922883927244, "transferred": 0, "dist": 0.20871453188959363, "_child0": {"label": 47, "event": "S", "reconc": 27, "tstamp": 0.009756387399312309, "transferred": 0, "dist": 0.2819826928334843, "_child0": {"label": 53, "event": "S", "reconc": 28, "tstamp": 0.0, "transferred": 0, "dist": 0.020802731748824226}, "_child1": {"label": 54, "event": "S", "reconc": 29, "tstamp": 0.0, "transferred": 0, "dist": 0.040671550572594604}}, "_child1": {"label": 48, "event": "S", "reconc": 26, "tstamp": 0.0, "transferred": 0, "dist": 0.23513849735889492}}, "_child2": {"label": 31, "event": "S", "reconc": 22, "tstamp": 0.0, "transferred": 0, "dist": 0.8195015897430041}}, "_child1": {"label": 25, "event": "S", "reconc": 19, "tstamp": 0.13803232497795984, "transferred": 0, "dist": 0.34515940957137636, "_child0": {"label": 36, "event": "H", "reconc": [19, 20], "tstamp": 0.06399216743019603, "transferred": 0, "dist": 0.19007913005079466, "_child0": {"label": 41, "event": "S", "reconc": 20, "tstamp": 0.05882491554120621, "transferred": 0, "dist": 0.01326559500064402, "_child0": {"label": 45, "event": "S", "reconc": 24, "tstamp": 0.0, "transferred": 0, "dist": 0.4750490944823587}, "_child1": {"label": 46, "event": "S", "reconc": 25, "tstamp": 0.0, "transferred": 0, "dist": 0.3782957083321808}}, "_child1": {"label": 42, "event": "S", "reconc": 17, "tstamp": 0.0, "transferred": 1, "dist": 0.5111529218585869}}, "_child1": {"label": 35, "event": "S", "reconc": 23, "tstamp": 0.04822922883927244, "transferred": 0, "dist": 0.2037249280100016, "_child0": {"label": 49, "event": "S", "reconc": 27, "tstamp": 0.009756387399312309, "transferred": 0, "dist": 0.16602504387255831, "_child0": {"label": 55, "event": "S", "reconc": 28, "tstamp": 0.0, "transferred": 0, "dist": 0.033401531754901265}, "_child1": {"label": 56, "event": "S", "reconc": 29, "tstamp": 0.0, "transferred": 0, "dist": 0.03009198331727037}}, "_child1": {"label": 50, "event": "S", "reconc": 26, "tstamp": 0.0, "transferred": 0, "dist": 0.16930265444763648}}, "_child2": {"label": 34, "event": "S", "reconc": 22, "tstamp": 0.0, "transferred": 0, "dist": 0.4452088244599081}}}, "_child1": {"label": 23, "event": "S", "reconc": 10, "tstamp": 0.20806054737149848, "transferred": 0, "dist": 0.20988919476459422, "_child0": {"label": 29, "event": "D", "reconc": [10, 16], "tstamp": 0.07580318532801876, "transferred": 0, "dist": 0.16449441955743024, "_child0": {"label": 39, "event": "H", "reconc": [10, 16], "tstamp": 0.03711359148938281, "transferred": 0, "dist": 0.04811998502818245, "_child0": {"label": 52, "event": "S", "reconc": 25, "tstamp": 0.0, "transferred": 1, "dist": 0.5607109840793428}, "_child1": {"label": 51, "event": "S", "reconc": 16, "tstamp": 0.0, "transferred": 0, "dist": 0.046159840143572446}}, "_child1": {"label": 40, "event": "S", "reconc": 16, "tstamp": 0.0, "transferred": 0, "dist": 0.0942798251717549}}, "_child1": {"label": 28, "event": "S", "reconc": 17, "tstamp": 0.0, "transferred": 0, "dist": 0.32733855320526645}, "_child2": {"label": 30, "event": "S", "reconc": 14, "tstamp": 0.0, "transferred": 0, "dist": 0.3146759049613109}}, "_child2": {"label": 20, "event": "S", "reconc": 13, "tstamp": 0.0, "transferred": 0, "dist": 0.5268534073338136}, "_child3": {"label": 21, "event": "S", "reconc": 18, "tstamp": 0.0, "transferred": 0, "dist": 0.45793704115252}}, "_child1": {"label": 17, "event": "S", "reconc": 8, "tstamp": 0.0, "transferred": 0, "dist": 0.6975860147642445}}, "_child1": {"label": 13, "event": "S", "reconc": 6, "tstamp": 0.0, "transferred": 0, "dist": 0.7812894546771013}}}