{"label": 0, "event": null, "tstamp": 1.0, "dist": 0.0, "_child0": {"label": 1, "event": "S", "tstamp": 0.8516334472416414, "dist": 0.14836655275835864, "_child0": {"label": 3, "event": "S", "tstamp": 0.8116106420699286, "dist": 0.04002280517171275, "_child0": {"label": 5, "event": "S", "tstamp": 0.7634939262713855, "dist": 0.04811671579854315, "_child0": {"label": 7, "event": "S", "tstamp": 0.4304690241086737, "dist": 0.33302490216271174, "_child0": {"label": 13, "event": "S", "tstamp": 0.41965335629525324, "dist": 0.010815667813420471, "_child0": {"label": 14, "event": "S", "tstamp": 0.0, "dist": 0.41965335629525324}, "_child1": {"label": 15, "event": "S", "tstamp": 0.0, "dist": 0.41965335629525324}}, "_child1": {"label": 12, "event": "S", "tstamp": 0.28755993739549, "dist": 0.1429090867131837, "_child0": {"label": 21, "event": "S", "tstamp": 0.26376917713743137, "dist": 0.023790760258058652, "_child0": {"label": 22, "event": "S", "tstamp": 0.0, "dist": 0.26376917713743137}, "_child1": {"label": 23, "event": "S", "tstamp": 0.0, "dist": 0.26376917713743137}}, "_child1": {"label": 20, "event": "S", "tstamp": 0.0, "dist": 0.28755993739549}}}, "_child1": {"label": 6, "event": "S", "tstamp": 0.14731428387618647, "dist": 0.616179642395199, "_child0": {"label": 27, "event": "S", "tstamp": 0.007672922042266921, "dist": 0.13964136183391956, "_child0": {"label": 28, "event": "S", "tstamp": 0.0, "dist": 0.007672922042266921}, "_child1": {"label": 29, "event": "S", "tstamp": 0.0, "dist": 0.007672922042266921}}, "_child1": {"label": 26, "event": "S", "tstamp": 0.0, "dist": 0.14731428387618647}}}, "_child1": {"label": 16, "event": "S", "tstamp": 0.0, "dist": 0.8116106420699286}, "_child2": {"label": 17, "event": "S", "tstamp": 0.2944346449712413, "dist": 0.5171759970986873, "_child0": {"label": 18, "event": "S", "tstamp": 0.0, "dist": 0.2944346449712413}, "_child1": {"label": 19, "event": "S", "tstamp": 0.0, "dist": 0.2944346449712413}}, "_child3": {"label": 9, "event": "S", "tstamp": 0.6010558719824833, "dist": 0.21055477008744528, "_child0": {"label": 10, "event": "S", "tstamp": 0.0, "dist": 0.6010558719824833}, "_child1": {"label": 11, "event": "S", "tstamp": 0.0, "dist": 0.6010558719824833}}}, "_child1": {"label": 2, "event": "S", "tstamp": 0.22712019159068988, "dist": 0.6245132556509515, "_child0": {"label": 24, "event": "S", "tstamp": 0.0, "dist": 0.22712019159068988}, "_child1": {"label": 25, "event": "S", "tstamp": 0.0, "dist": 0.22712019159068988}}}}