{"label": 1, "event": "S", "reconc": 1, "tstamp": 0.9263021076827233, "transferred": 0, "dist": 0.0, "_child0": {"label": 2, "event": "H", "reconc": [1, 4], "tstamp": 0.8893324775412202, "transferred": 0, "dist": 0.04825530429927823, "_child0": {"label": 6, "event": "S", "reconc": 5, "tstamp": 0.3212289868430139, "transferred": 1, "dist": 0.4608371605457102, "_child0": {"label": 15, "event": "S", "reconc": 8, "tstamp": 0.19713999936567378, "transferred": 0, "dist": 0.06411419403207758, "_child0": {"label": 19, "event": "S", "reconc": 11, "tstamp": 0.18790607126924222, "transferred": 0, "dist": 0.028256751479641348, "_child0": {"label": 26, "event": "S", "reconc": 13, "tstamp": 0.1733908352130161, "transferred": 0, "dist": 0.008878543477069626, "_child0": {"label": 29, "event": "S", "reconc": 16, "tstamp": 0.16132842843587503, "transferred": 0, "dist": 0.008369901880409288, "_child0": {"label": 33, "event": "S", "reconc": 19, "tstamp": 0.1321637248641429, "transferred": 0, "dist": 0.06242198958345035, "_child0": {"label": 37, "event": "H", "reconc": [19, 21], "tstamp": 0.11225961406576469, "transferred": 0, "dist": 0.021731176670816133, "_child0": {"label": 41, "event": "S", "reconc": 21, "tstamp": 0.10859673977608791, "transferred": 0, "dist": 0.003999101950258533, "_child0": {"label": 45, "event": "S", "reconc": 22, "tstamp": 0.0, "transferred": 0, "dist": 0.056517088084283185}, "_child1": {"label": 46, "event": "S", "reconc": 23, "tstamp": 0.0, "transferred": 0, "dist": 0.040671643222157994}}, "_child1": {"label": 42, "event": "S", "reconc": 6, "tstamp": 0.0, "transferred": 1, "dist": 0.09006132093445285}}, "_child1": {"label": 38, "event": "S", "reconc": 20, "tstamp": 0.07525876594021172, "transferred": 0, "dist": 0.022381670881138738, "_child0": {"label": 49, "event": "S", "reconc": 24, "tstamp": 0.0, "transferred": 0, "dist": 0.0273824311507815}, "_child1": {"label": 50, "event": "S", "reconc": 25, "tstamp": 0.0, "transferred": 0, "dist": 0.05441740326618986}}}, "_child1": {"label": 34, "event": "S", "reconc": 18, "tstamp": 0.0, "transferred": 0, "dist": 0.16023852935081823}}, "_child1": {"label": 30, "event": "S", "reconc": 17, "tstamp": 0.0, "transferred": 0, "dist": 0.10579360936267598}}, "_child1": {"label": 24, "event": "H", "reconc": [11, 15], "tstamp": 0.031217404576672707, "transferred": 0, "dist": 0.08365324079375415, "_child0": {"label": 55, "event": "S", "reconc": 15, "tstamp": 0.0, "transferred": 0, "dist": 0.016666406812511886}, "_child1": {"label": 56, "event": "S", "reconc": 25, "tstamp": 0.0, "transferred": 1, "dist": 0.017693086877738455}}, "_child2": {"label": 25, "event": "S", "reconc": 14, "tstamp": 0.0, "transferred": 0, "dist": 0.07313339444712554}}, "_child1": {"label": 20, "event": "S", "reconc": 10, "tstamp": 0.0, "transferred": 0, "dist": 0.08206231010969238}}, "_child1": {"label": 12, "event": "S", "reconc": 6, "tstamp": 0.0, "transferred": 0, "dist": 1.2341680808751507}}, "_child1": {"label": 5, "event": "S", "reconc": 4, "tstamp": 0.0, "transferred": 0, "dist": 1.160817924407774}}, "_child1": {"label": 7, "event": "S", "reconc": 3, "tstamp": 0.0, "transferred": 0, "dist": 1.0607158751554884}, "_child2": {"label": 3, "event": "S", "reconc": 5, "tstamp": 0.3212289868430139, "transferred": 0, "dist": 0.45899406655366776, "_child0": {"label": 13, "event": "S", "reconc": 8, "tstamp": 0.19713999936567378, "transferred": 0, "dist": 0.049408860407548945, "_child0": {"label": 17, "event": "S", "reconc": 11, "tstamp": 0.18790607126924222, "transferred": 0, "dist": 0.0033508704276543713, "_child0": {"label": 23, "event": "S", "reconc": 13, "tstamp": 0.1733908352130161, "transferred": 0, "dist": 0.005350788823567501, "_child0": {"label": 27, "event": "S", "reconc": 16, "tstamp": 0.16132842843587503, "transferred": 0, "dist": 0.004459688389438354, "_child0": {"label": 31, "event": "S", "reconc": 19, "tstamp": 0.1321637248641429, "transferred": 0, "dist": 0.010591328257962355, "_child0": {"label": 35, "event": "H", "reconc": [19, 21], "tstamp": 0.11724468336814863, "transferred": 0, "dist": 0.005404225355334824, "_child0": {"label": 39, "event": "S", "reconc": 21, "tstamp": 0.10859673977608791, "transferred": 0, "dist": 0.003132603126297902, "_child0": {"label": 43, "event": "S", "reconc": 22, "tstamp": 0.0, "transferred": 0, "dist": 0.04563045989390837}, "_child1": {"label": 44, "event": "S", "reconc": 23, "tstamp": 0.0, "transferred": 0, "dist": 0.03546319311042076}}, "_child1": {"label": 40, "event": "S", "reconc": 15, "tstamp": 0.0, "transferred": 1, "dist": 0.07809672887870449}}, "_child1": {"label": 51, "event": "S", "reconc": 24, "tstamp": 0.0, "transferred": 0, "dist": 0.04841442219270505}}, "_child1": {"label": 32, "event": "D", "reconc": [16, 18], "tstamp": 0.061452123300833994, "transferred": 0, "dist": 0.03566045174230832, "_child0": {"label": 53, "event": "S", "reconc": 18, "tstamp": 0.0, "transferred": 0, "dist": 0.02688847558397654}, "_child1": {"label": 54, "event": "S", "reconc": 18, "tstamp": 0.0, "transferred": 0, "dist": 0.03133629370653177}}}, "_child1": {"label": 28, "event": "S", "reconc": 17, "tstamp": 0.0, "transferred": 0, "dist": 0.07192697429997434}}, "_child1": {"label": 21, "event": "S", "reconc": 15, "tstamp": 0.0, "transferred": 0, "dist": 0.05699065261293993}, "_child2": {"label": 22, "event": "S", "reconc": 14, "tstamp": 0.0, "transferred": 0, "dist": 0.07278933165004833}}, "_child1": {"label": 18, "event": "S", "reconc": 10, "tstamp": 0.0, "transferred": 0, "dist": 0.07746443550913107}}, "_child1": {"label": 10, "event": "S", "reconc": 6, "tstamp": 0.0, "transferred": 0, "dist": 0.14928550132767163}}}