{"label": 1, "event": "S", "reconc": 1, "tstamp": 0.7565283159819001, "transferred": 0, "dist": 0.0, "_child0": {"label": 5, "event": "D", "reconc": [1, 16], "tstamp": 0.6885185958708921, "transferred": 0, "dist": 0.07809500653842943, "_child0": {"label": 6, "event": "D", "reconc": [1, 16], "tstamp": 0.3302202326808841, "transferred": 0, "dist": 0.4908906810666149, "_child0": {"label": 15, "event": "S", "reconc": 16, "tstamp": 0.0, "transferred": 0, "dist": 0.881056763593755}, "_child1": {"label": 16, "event": "S", "reconc": 16, "tstamp": 0.0, "transferred": 0, "dist": 0.44994721905190177}}, "_child1": {"label": 7, "event": "D", "reconc": [1, 16], "tstamp": 0.3048227233962769, "transferred": 0, "dist": 0.6048397575427416, "_child0": {"label": 20, "event": "D", "reconc": [1, 16], "tstamp": 0.2863639727073188, "transferred": 0, "dist": 0.07460654378301662, "_child0": {"label": 23, "event": "S", "reconc": 16, "tstamp": 0.0, "transferred": 0, "dist": 1.125187098989437}, "_child1": {"label": 24, "event": "S", "reconc": 16, "tstamp": 0.0, "transferred": 0, "dist": 0.5951544749575586}}, "_child1": {"label": 19, "event": "H", "reconc": [1, 16], "tstamp": 0.040024375131002224, "transferred": 0, "dist": 0.5057997140452496, "_child0": {"label": 36, "event": "S", "reconc": 9, "tstamp": 0.0, "transferred": 1, "dist": 0.04433472085494794}, "_child1": {"label": 35, "event": "S", "reconc": 16, "tstamp": 0.0, "transferred": 0, "dist": 0.07645182694198678}}}}, "_child1": {"label": 2, "event": "S", "reconc": 2, "tstamp": 0.5573109048552269, "transferred": 0, "dist": 0.19698365451938277, "_child0": {"label": 8, "event": "S", "reconc": 4, "tstamp": 0.5341061845810912, "transferred": 0, "dist": 0.02054900421639379, "_child0": {"label": 11, "event": "S", "reconc": 6, "tstamp": 0.32292902473090185, "transferred": 0, "dist": 0.17451101683956807, "_child0": {"label": 17, "event": "D", "reconc": [6, 8], "tstamp": 0.28791906908408166, "transferred": 0, "dist": 0.02368222134415686, "_child0": {"label": 21, "event": "S", "reconc": 8, "tstamp": 0.0, "transferred": 0, "dist": 0.25845514144562065}, "_child1": {"label": 22, "event": "S", "reconc": 8, "tstamp": 0.0, "transferred": 0, "dist": 0.22132167388567428}}, "_child1": {"label": 18, "event": "D", "reconc": [6, 9], "tstamp": 0.17250065811379625, "transferred": 0, "dist": 0.122341054771195, "_child0": {"label": 31, "event": "D", "reconc": [6, 9], "tstamp": 0.002764527531745123, "transferred": 0, "dist": 0.29945450139708873, "_child0": {"label": 37, "event": "S", "reconc": 9, "tstamp": 0.0, "transferred": 0, "dist": 0.003276664952111389}, "_child1": {"label": 38, "event": "S", "reconc": 9, "tstamp": 0.0, "transferred": 0, "dist": 0.007321761512387053}}, "_child1": {"label": 32, "event": "S", "reconc": 9, "tstamp": 0.0, "transferred": 0, "dist": 0.14040511460623517}}}, "_child1": {"label": 12, "event": "S", "reconc": 7, "tstamp": 0.25386343907588876, "transferred": 0, "dist": 0.291720373525134, "_child0": {"label": 25, "event": "S", "reconc": 11, "tstamp": 0.20852113933313837, "transferred": 0, "dist": 0.05510666433892046, "_child0": {"label": 28, "event": "D", "reconc": [11, 13], "tstamp": 0.18063181125659028, "transferred": 0, "dist": 0.03459271591746067, "_child0": {"label": 30, "event": "D", "reconc": [11, 13], "tstamp": 0.05013643447208664, "transferred": 0, "dist": 0.16186081949547831, "_child0": {"label": 33, "event": "S", "reconc": 13, "tstamp": 0.0, "transferred": 0, "dist": 0.062187064171893076}, "_child1": {"label": 34, "event": "S", "reconc": 13, "tstamp": 0.0, "transferred": 0, "dist": 0.07532221656363597}}, "_child1": {"label": 29, "event": "S", "reconc": 13, "tstamp": 0.0, "transferred": 0, "dist": 0.22870392811083948}}, "_child1": {"label": 27, "event": "S", "reconc": 12, "tstamp": 0.0, "transferred": 0, "dist": 0.2785487602968876}}, "_child1": {"label": 26, "event": "S", "reconc": 10, "tstamp": 0.0, "transferred": 0, "dist": 0.3780439483075253}}}, "_child1": {"label": 9, "event": "S", "reconc": 19, "tstamp": 0.0, "transferred": 0, "dist": 0.46898182790889326}, "_child2": {"label": 10, "event": "S", "reconc": 18, "tstamp": 0.0, "transferred": 0, "dist": 0.5691332659081999}}, "_child2": {"label": 14, "event": "S", "reconc": 14, "tstamp": 0.0, "transferred": 0, "dist": 0.6424778183466843}, "_child3": {"label": 4, "event": "S", "reconc": 17, "tstamp": 0.0, "transferred": 0, "dist": 0.8053068093085359}}