{"label": 0, "event": null, "tstamp": 1.0, "dist": 0.0, "_child0": {"label": 1, "event": "S", "tstamp": 0.8321998388062055, "dist": 0.16780016119379448, "_child0": {"label": 3, "event": "S", "tstamp": 0.6776783634368788, "dist": 0.1545214753693267, "_child0": {"label": 5, "event": "S", "tstamp": 0.6739021357837482, "dist": 0.0037762276531305705, "_child0": {"label": 7, "event": "S", "tstamp": 0.13834291784327302, "dist": 0.5355592179404752, "_child0": {"label": 8, "event": "S", "tstamp": 0.0, "dist": 0.13834291784327302}, "_child1": {"label": 9, "event": "S", "tstamp": 0.0, "dist": 0.13834291784327302}}, "_child1": {"label": 6, "event": "S", "tstamp": 0.0, "dist": 0.6739021357837482}}, "_child1": {"label": 4, "event": "S", "tstamp": 0.0, "dist": 0.6776783634368788}}, "_child1": {"label": 2, "event": "S", "tstamp": 0.0, "dist": 0.8321998388062055}}}