{"label": 0, "event": null, "tstamp": 1.0, "dist": 0.0, "_child0": {"label": 1, "event": "S", "tstamp": 0.9764793214996353, "dist": 0.023520678500364656, "_child0": {"label": 2, "event": "S", "tstamp": 0.9059581445371502, "dist": 0.07052117696248517, "_child0": {"label": 5, "event": "S", "tstamp": 0.8376356144141555, "dist": 0.06832253012299472, "_child0": {"label": 7, "event": "S", "tstamp": 0.7415669681266787, "dist": 0.0960686462874768, "_child0": {"label": 14, "event": "S", "tstamp": 0.0, "dist": 0.7415669681266787}, "_child1": {"label": 15, "event": "S", "tstamp": 0.4919337177609118, "dist": 0.24963325036576683, "_child0": {"label": 16, "event": "S", "tstamp": 0.4164023488813569, "dist": 0.07553136887955492, "_child0": {"label": 19, "event": "S", "tstamp": 0.3727893540908761, "dist": 0.04361299479048081, "_child0": {"label": 20, "event": "S", "tstamp": 0.0, "dist": 0.3727893540908761}, "_child1": {"label": 21, "event": "S", "tstamp": 0.0, "dist": 0.3727893540908761}}, "_child1": {"label": 18, "event": "S", "tstamp": 0.0, "dist": 0.4164023488813569}}, "_child1": {"label": 17, "event": "S", "tstamp": 0.0, "dist": 0.4919337177609118}}, "_child2": {"label": 9, "event": "S", "tstamp": 0.3490009787802599, "dist": 0.3925659893464188, "_child0": {"label": 23, "event": "S", "tstamp": 0.07895899961358462, "dist": 0.27004197916667527, "_child0": {"label": 24, "event": "S", "tstamp": 0.0, "dist": 0.07895899961358462}, "_child1": {"label": 25, "event": "S", "tstamp": 0.0, "dist": 0.07895899961358462}}, "_child1": {"label": 22, "event": "S", "tstamp": 0.0, "dist": 0.3490009787802599}}}, "_child1": {"label": 6, "event": "S", "tstamp": 0.6807876940785682, "dist": 0.15684792033558725, "_child0": {"label": 13, "event": "S", "tstamp": 0.0, "dist": 0.6807876940785682}, "_child1": {"label": 12, "event": "S", "tstamp": 0.0, "dist": 0.6807876940785682}, "_child2": {"label": 10, "event": "S", "tstamp": 0.0, "dist": 0.6807876940785682}}}, "_child1": {"label": 4, "event": "S", "tstamp": 0.0, "dist": 0.9059581445371502}}, "_child1": {"label": 3, "event": "S", "tstamp": 0.0, "dist": 0.9764793214996353}}}