{"label": 0, "event": null, "tstamp": 1.0, "dist": 0.0, "_child0": {"label": 1, "event": "S", "tstamp": 0.9531908110985425, "dist": 0.046809188901457466, "_child0": {"label": 2, "event": "S", "tstamp": 0.8432280395964724, "dist": 0.10996277150207012, "_child0": {"label": 5, "event": "S", "tstamp": 0.7277304726878188, "dist": 0.11549756690865365, "_child0": {"label": 9, "event": "S", "tstamp": 0.0, "dist": 0.7277304726878188}, "_child1": {"label": 8, "event": "S", "tstamp": 0.3778245144745163, "dist": 0.34990595821330245, "_child0": {"label": 15, "event": "S", "tstamp": 0.3130616719253704, "dist": 0.06476284254914594, "_child0": {"label": 18, "event": "S", "tstamp": 0.0, "dist": 0.3130616719253704}, "_child1": {"label": 19, "event": "S", "tstamp": 0.17018316734298794, "dist": 0.14287850458238244, "_child0": {"label": 20, "event": "S", "tstamp": 0.0, "dist": 0.17018316734298794}, "_child1": {"label": 21, "event": "S", "tstamp": 0.0, "dist": 0.17018316734298794}}, "_child2": {"label": 17, "event": "S", "tstamp": 0.0, "dist": 0.3130616719253704}}, "_child1": {"label": 14, "event": "S", "tstamp": 0.0, "dist": 0.3778245144745163}}, "_child2": {"label": 6, "event": "S", "tstamp": 0.5587358424198047, "dist": 0.1689946302680141, "_child0": {"label": 11, "event": "S", "tstamp": 0.47405435421963626, "dist": 0.08468148820016841, "_child0": {"label": 22, "event": "S", "tstamp": 0.0, "dist": 0.47405435421963626}, "_child1": {"label": 23, "event": "S", "tstamp": 0.07537922863485937, "dist": 0.3986751255847769, "_child0": {"label": 24, "event": "S", "tstamp": 0.0, "dist": 0.07537922863485937}, "_child1": {"label": 25, "event": "S", "tstamp": 0.0, "dist": 0.07537922863485937}}, "_child2": {"label": 12, "event": "S", "tstamp": 0.0, "dist": 0.47405435421963626}}, "_child1": {"label": 10, "event": "S", "tstamp": 0.0, "dist": 0.5587358424198047}}}, "_child1": {"label": 4, "event": "S", "tstamp": 0.0, "dist": 0.8432280395964724}}, "_child1": {"label": 3, "event": "S", "tstamp": 0.0, "dist": 0.9531908110985425}}}