{"label": 0, "event": null, "tstamp": 1.0, "dist": 0.0, "_child0": {"label": 1, "event": "S", "tstamp": 0.5744228092222963, "dist": 0.42557719077770373, "_child0": {"label": 2, "event": "S", "tstamp": 0.48376067798733324, "dist": 0.09066213123496303, "_child0": {"label": 4, "event": "S", "tstamp": 0.482179054542701, "dist": 0.001581623444632252, "_child0": {"label": 8, "event": "S", "tstamp": 0.0, "dist": 0.482179054542701}, "_child1": {"label": 9, "event": "S", "tstamp": 0.38202765778660175, "dist": 0.10015139675609924, "_child0": {"label": 19, "event": "S", "tstamp": 0.3653681484937208, "dist": 0.01665950929288096, "_child0": {"label": 20, "event": "S", "tstamp": 0.0, "dist": 0.3653681484937208}, "_child1": {"label": 21, "event": "S", "tstamp": 0.0, "dist": 0.3653681484937208}}, "_child1": {"label": 18, "event": "S", "tstamp": 0.0, "dist": 0.38202765778660175}}, "_child2": {"label": 7, "event": "S", "tstamp": 0.4110594163851526, "dist": 0.0711196381575484, "_child0": {"label": 15, "event": "S", "tstamp": 0.3973582015905462, "dist": 0.013701214794606398, "_child0": {"label": 16, "event": "S", "tstamp": 0.0, "dist": 0.3973582015905462}, "_child1": {"label": 17, "event": "S", "tstamp": 0.0, "dist": 0.3973582015905462}}, "_child1": {"label": 14, "event": "S", "tstamp": 0.2634761289938716, "dist": 0.14758328739128102, "_child0": {"label": 23, "event": "S", "tstamp": 0.16091611812421172, "dist": 0.10256001086965985, "_child0": {"label": 24, "event": "S", "tstamp": 0.0, "dist": 0.16091611812421172}, "_child1": {"label": 25, "event": "S", "tstamp": 0.0, "dist": 0.16091611812421172}}, "_child1": {"label": 22, "event": "S", "tstamp": 0.14726588033576743, "dist": 0.11621024865810414, "_child0": {"label": 27, "event": "S", "tstamp": 0.14597127197051896, "dist": 0.001294608365248473, "_child0": {"label": 28, "event": "S", "tstamp": 0.0, "dist": 0.14597127197051896}, "_child1": {"label": 29, "event": "S", "tstamp": 0.0, "dist": 0.14597127197051896}}, "_child1": {"label": 26, "event": "S", "tstamp": 0.0, "dist": 0.14726588033576743}}}}}, "_child1": {"label": 10, "event": "S", "tstamp": 0.0, "dist": 0.48376067798733324}, "_child2": {"label": 11, "event": "S", "tstamp": 0.432803192194485, "dist": 0.050957485792848256, "_child0": {"label": 12, "event": "S", "tstamp": 0.0, "dist": 0.432803192194485}, "_child1": {"label": 13, "event": "S", "tstamp": 0.0, "dist": 0.432803192194485}}}, "_child1": {"label": 3, "event": "S", "tstamp": 0.0, "dist": 0.5744228092222963}}}