{"label": 0, "event": null, "tstamp": 1.0, "dist": 0.0, "_child0": {"label": 1, "event": "S", "tstamp": 0.9539969686191524, "dist": 0.0460030313808476, "_child0": {"label": 3, "event": "S", "tstamp": 0.6493720522780236, "dist": 0.30462491634112876, "_child0": {"label": 5, "event": "S", "tstamp": 0.5235028021575105, "dist": 0.1258692501205131, "_child0": {"label": 7, "event": "S", "tstamp": 0.4684257415646252, "dist": 0.05507706059288536, "_child0": {"label": 9, "event": "S", "tstamp": 0.3497330672991855, "dist": 0.11869267426543967, "_child0": {"label": 11, "event": "S", "tstamp": 0.1445990621751191, "dist": 0.20513400512406643, "_child0": {"label": 21, "event": "S", "tstamp": 0.06023881008099403, "dist": 0.08436025209412507, "_child0": {"label": 22, "event": "S", "tstamp": 0.028334578817112842, "dist": 0.031904231263881186, "_child0": {"label": 24, "event": "S", "tstamp": 0.0, "dist": 0.028334578817112842}, "_child1": {"label": 25, "event": "S", "tstamp": 0.0, "dist": 0.028334578817112842}}, "_child1": {"label": 23, "event": "S", "tstamp": 0.0, "dist": 0.06023881008099403}}, "_child1": {"label": 20, "event": "S", "tstamp": 0.0, "dist": 0.1445990621751191}}, "_child1": {"label": 10, "event": "S", "tstamp": 0.0, "dist": 0.3497330672991855}}, "_child1": {"label": 8, "event": "S", "tstamp": 0.0, "dist": 0.4684257415646252}}, "_child1": {"label": 6, "event": "S", "tstamp": 0.298629723700894, "dist": 0.22487307845661653, "_child0": {"label": 13, "event": "S", "tstamp": 0.286588719401987, "dist": 0.012041004298907032, "_child0": {"label": 14, "event": "S", "tstamp": 0.23956157844856452, "dist": 0.047027140953422475, "_child0": {"label": 16, "event": "S", "tstamp": 0.0, "dist": 0.23956157844856452}, "_child1": {"label": 17, "event": "S", "tstamp": 0.0, "dist": 0.23956157844856452}}, "_child1": {"label": 15, "event": "S", "tstamp": 0.17580353779532293, "dist": 0.11078518160666406, "_child0": {"label": 18, "event": "S", "tstamp": 0.0, "dist": 0.17580353779532293}, "_child1": {"label": 19, "event": "S", "tstamp": 0.0, "dist": 0.17580353779532293}}}, "_child1": {"label": 12, "event": "S", "tstamp": 0.0, "dist": 0.298629723700894}}}, "_child1": {"label": 4, "event": "S", "tstamp": 0.0, "dist": 0.6493720522780236}}, "_child1": {"label": 2, "event": "S", "tstamp": 0.0, "dist": 0.9539969686191524}}}