{"label": 1, "event": "S", "reconc": 1, "tstamp": 0.9541024612634414, "transferred": 0, "dist": 0.0, "_child0": {"label": 2, "event": "S", "reconc": 3, "tstamp": 0.9111771861309093, "transferred": 0, "dist": 0.05070392014968391, "_child0": {"label": 7, "event": "S", "reconc": 5, "tstamp": 0.6696240730900808, "transferred": 0, "dist": 0.2963194273403341, "_child0": {"label": 10, "event": "H", "reconc": [5, 6], "tstamp": 0.3231223469973677, "transferred": 0, "dist": 0.3661425668989367, "_child0": {"label": 16, "event": "S", "reconc": 7, "tstamp": 0.2443347832595157, "transferred": 1, "dist": 0.15001926029880264, "_child0": {"label": 26, "event": "S", "reconc": 11, "tstamp": 0.02827190101028964, "transferred": 0, "dist": 0.5175523441208508, "_child0": {"label": 30, "event": "S", "reconc": 14, "tstamp": 0.0, "transferred": 0, "dist": 0.026035577932366636}, "_child1": {"label": 31, "event": "S", "reconc": 15, "tstamp": 0.0, "transferred": 0, "dist": 0.03826408876088436}}, "_child1": {"label": 25, "event": "S", "reconc": 10, "tstamp": 0.0, "transferred": 0, "dist": 0.254961717044186}, "_child2": {"label": 27, "event": "S", "reconc": 8, "tstamp": 0.0, "transferred": 0, "dist": 0.28289615137762014}}, "_child1": {"label": 15, "event": "S", "reconc": 6, "tstamp": 0.0, "transferred": 0, "dist": 0.3414379688266528}}, "_child1": {"label": 9, "event": "S", "reconc": 7, "tstamp": 0.2443347832595157, "transferred": 0, "dist": 0.48418444684916817, "_child0": {"label": 19, "event": "S", "reconc": 10, "tstamp": 0.0, "transferred": 0, "dist": 0.2513563628132102}, "_child1": {"label": 21, "event": "S", "reconc": 8, "tstamp": 0.0, "transferred": 0, "dist": 0.21595241052770472}}}, "_child1": {"label": 17, "event": "S", "reconc": 4, "tstamp": 0.0, "transferred": 0, "dist": 0.9012629846910157}}, "_child1": {"label": 4, "event": "H", "reconc": [1, 12], "tstamp": 0.3745317854363918, "transferred": 0, "dist": 0.6217865180975822, "_child0": {"label": 11, "event": "H", "reconc": [1, 12], "tstamp": 0.3660145056162529, "transferred": 0, "dist": 0.009137677221970642, "_child0": {"label": 14, "event": "S", "reconc": 7, "tstamp": 0.2443347832595157, "transferred": 1, "dist": 0.1385462137741598, "_child0": {"label": 23, "event": "S", "reconc": 11, "tstamp": 0.02827190101028964, "transferred": 0, "dist": 0.31853934384914745, "_child0": {"label": 28, "event": "S", "reconc": 14, "tstamp": 0.0, "transferred": 0, "dist": 0.027990707875168004}, "_child1": {"label": 29, "event": "S", "reconc": 15, "tstamp": 0.0, "transferred": 0, "dist": 0.02723147984712022}}, "_child1": {"label": 22, "event": "S", "reconc": 10, "tstamp": 0.0, "transferred": 0, "dist": 0.28804380868185875}, "_child2": {"label": 24, "event": "S", "reconc": 8, "tstamp": 0.0, "transferred": 0, "dist": 0.3144687966410369}}, "_child1": {"label": 13, "event": "S", "reconc": 12, "tstamp": 0.0, "transferred": 0, "dist": 0.39267494804766684}}, "_child1": {"label": 12, "event": "S", "reconc": 13, "tstamp": 0.0, "transferred": 1, "dist": 0.35888846211741415}}, "_child2": {"label": 3, "event": "S", "reconc": 13, "tstamp": 0.0, "transferred": 0, "dist": 0.912201068310793}}