{"label": 0, "event": null, "tstamp": 1.0, "dist": 0.0, "_child0": {"label": 1, "event": "S", "tstamp": 0.8759650681901074, "dist": 0.12403493180989256, "_child0": {"label": 2, "event": "S", "tstamp": 0.5678384802530296, "dist": 0.3081265879370778, "_child0": {"label": 4, "event": "S", "tstamp": 0.5415032732574369, "dist": 0.026335206995592775, "_child0": {"label": 7, "event": "S", "tstamp": 0.4711151974987749, "dist": 0.07038807575866196, "_child0": {"label": 9, "event": "S", "tstamp": 0.41400521309194244, "dist": 0.05710998440683246, "_child0": {"label": 10, "event": "S", "tstamp": 0.0, "dist": 0.41400521309194244}, "_child1": {"label": 11, "event": "S", "tstamp": 0.0, "dist": 0.41400521309194244}}, "_child1": {"label": 8, "event": "S", "tstamp": 0.0, "dist": 0.4711151974987749}}, "_child1": {"label": 6, "event": "S", "tstamp": 0.045699735812386594, "dist": 0.49580353744505024, "_child0": {"label": 24, "event": "S", "tstamp": 0.0, "dist": 0.045699735812386594}, "_child1": {"label": 25, "event": "S", "tstamp": 0.0, "dist": 0.045699735812386594}}}, "_child1": {"label": 5, "event": "S", "tstamp": 0.3027106015987195, "dist": 0.26512787865431015, "_child0": {"label": 17, "event": "S", "tstamp": 0.1916366917233767, "dist": 0.1110739098753428, "_child0": {"label": 18, "event": "S", "tstamp": 0.0, "dist": 0.1916366917233767}, "_child1": {"label": 19, "event": "S", "tstamp": 0.0, "dist": 0.1916366917233767}}, "_child1": {"label": 16, "event": "S", "tstamp": 0.0, "dist": 0.3027106015987195}}}, "_child1": {"label": 3, "event": "S", "tstamp": 0.38269925265935106, "dist": 0.4932658155307564, "_child0": {"label": 13, "event": "S", "tstamp": 0.3081919355064265, "dist": 0.07450731715292458, "_child0": {"label": 14, "event": "S", "tstamp": 0.0, "dist": 0.3081919355064265}, "_child1": {"label": 15, "event": "S", "tstamp": 0.0, "dist": 0.3081919355064265}}, "_child1": {"label": 12, "event": "S", "tstamp": 0.10524475295021539, "dist": 0.27745449970913566, "_child0": {"label": 21, "event": "S", "tstamp": 0.054349859906518264, "dist": 0.050894893043697126, "_child0": {"label": 22, "event": "S", "tstamp": 0.0, "dist": 0.054349859906518264}, "_child1": {"label": 23, "event": "S", "tstamp": 0.0, "dist": 0.054349859906518264}}, "_child1": {"label": 20, "event": "S", "tstamp": 0.0, "dist": 0.10524475295021539}}}}}