{"label": 0, "event": null, "tstamp": 1.0, "dist": 0.0, "_child0": {"label": 1, "event": "S", "tstamp": 0.920376788407817, "dist": 0.079623211592183, "_child0": {"label": 3, "event": "S", "tstamp": 0.7724420523332386, "dist": 0.1479347360745784, "_child0": {"label": 5, "event": "S", "tstamp": 0.6019233816928728, "dist": 0.17051867064036574, "_child0": {"label": 6, "event": "S", "tstamp": 0.0, "dist": 0.6019233816928728}, "_child1": {"label": 7, "event": "S", "tstamp": 0.0, "dist": 0.6019233816928728}}, "_child1": {"label": 4, "event": "S", "tstamp": 0.6002060527196648, "dist": 0.17223599961357383, "_child0": {"label": 9, "event": "S", "tstamp": 0.5158221378457747, "dist": 0.08438391487389008, "_child0": {"label": 11, "event": "S", "tstamp": 0.4510508342764403, "dist": 0.06477130356933436, "_child0": {"label": 13, "event": "S", "tstamp": 0.41253328925303795, "dist": 0.03851754502340238, "_child0": {"label": 14, "event": "S", "tstamp": 0.0, "dist": 0.41253328925303795}, "_child1": {"label": 15, "event": "S", "tstamp": 0.0, "dist": 0.41253328925303795}}, "_child1": {"label": 12, "event": "S", "tstamp": 0.0, "dist": 0.4510508342764403}}, "_child1": {"label": 10, "event": "S", "tstamp": 0.1648274722804342, "dist": 0.3509946655653405, "_child0": {"label": 17, "event": "S", "tstamp": 0.03834009150325703, "dist": 0.12648738077717717, "_child0": {"label": 21, "event": "S", "tstamp": 0.0, "dist": 0.03834009150325703}, "_child1": {"label": 20, "event": "S", "tstamp": 0.0, "dist": 0.03834009150325703}, "_child2": {"label": 19, "event": "S", "tstamp": 0.03239322694417082, "dist": 0.005946864559086211, "_child0": {"label": 22, "event": "S", "tstamp": 0.0, "dist": 0.03239322694417082}, "_child1": {"label": 23, "event": "S", "tstamp": 0.0, "dist": 0.03239322694417082}}}, "_child1": {"label": 16, "event": "S", "tstamp": 0.0, "dist": 0.1648274722804342}}}, "_child1": {"label": 8, "event": "S", "tstamp": 0.0, "dist": 0.6002060527196648}}}, "_child1": {"label": 2, "event": "S", "tstamp": 0.030421277802066594, "dist": 0.8899555106057504, "_child0": {"label": 24, "event": "S", "tstamp": 0.0, "dist": 0.030421277802066594}, "_child1": {"label": 25, "event": "S", "tstamp": 0.0, "dist": 0.030421277802066594}}}}