{"label": 0, "event": null, "tstamp": 1.0, "dist": 0.0, "_child0": {"label": 1, "event": "S", "tstamp": 0.9981280769102987, "dist": 0.0018719230897012995, "_child0": {"label": 2, "event": "S", "tstamp": 0.6676117277397676, "dist": 0.3305163491705311, "_child0": {"label": 4, "event": "S", "tstamp": 0.5342695508833762, "dist": 0.13334217685639138, "_child0": {"label": 7, "event": "S", "tstamp": 0.4368963890472414, "dist": 0.09737316183613487, "_child0": {"label": 11, "event": "S", "tstamp": 0.0, "dist": 0.4368963890472414}, "_child1": {"label": 10, "event": "S", "tstamp": 0.0, "dist": 0.4368963890472414}, "_child2": {"label": 8, "event": "S", "tstamp": 0.2939424835801283, "dist": 0.14295390546711306, "_child0": {"label": 17, "event": "S", "tstamp": 0.0, "dist": 0.2939424835801283}, "_child1": {"label": 16, "event": "S", "tstamp": 0.0, "dist": 0.2939424835801283}, "_child2": {"label": 14, "event": "S", "tstamp": 0.0, "dist": 0.2939424835801283}}}, "_child1": {"label": 6, "event": "S", "tstamp": 0.3484508773133804, "dist": 0.18581867356999582, "_child0": {"label": 12, "event": "S", "tstamp": 0.0, "dist": 0.3484508773133804}, "_child1": {"label": 13, "event": "S", "tstamp": 0.0, "dist": 0.3484508773133804}}}, "_child1": {"label": 5, "event": "S", "tstamp": 0.0, "dist": 0.6676117277397676}}, "_child1": {"label": 3, "event": "S", "tstamp": 0.2886346751154916, "dist": 0.7094934017948071, "_child0": {"label": 19, "event": "S", "tstamp": 0.24996315630044955, "dist": 0.03867151881504208, "_child0": {"label": 20, "event": "S", "tstamp": 0.2198190489289009, "dist": 0.030144107371548656, "_child0": {"label": 23, "event": "S", "tstamp": 0.1579675670087333, "dist": 0.061851481920167595, "_child0": {"label": 25, "event": "S", "tstamp": 0.03433107984003659, "dist": 0.12363648716869671, "_child0": {"label": 26, "event": "S", "tstamp": 0.0, "dist": 0.03433107984003659}, "_child1": {"label": 27, "event": "S", "tstamp": 0.0, "dist": 0.03433107984003659}}, "_child1": {"label": 29, "event": "S", "tstamp": 0.0, "dist": 0.1579675670087333}, "_child2": {"label": 28, "event": "S", "tstamp": 0.0, "dist": 0.1579675670087333}}, "_child1": {"label": 22, "event": "S", "tstamp": 0.0, "dist": 0.2198190489289009}}, "_child1": {"label": 21, "event": "S", "tstamp": 0.0, "dist": 0.24996315630044955}}, "_child1": {"label": 18, "event": "S", "tstamp": 0.0, "dist": 0.2886346751154916}}}}