{"label": 0, "event": null, "tstamp": 1.0, "dist": 0.0, "_child0": {"label": 1, "event": "S", "tstamp": 0.6393712088943814, "dist": 0.36062879110561863, "_child0": {"label": 2, "event": "S", "tstamp": 0.23976930522240664, "dist": 0.39960190367197473, "_child0": {"label": 6, "event": "S", "tstamp": 0.0, "dist": 0.23976930522240664}, "_child1": {"label": 9, "event": "S", "tstamp": 0.0, "dist": 0.23976930522240664}, "_child2": {"label": 8, "event": "S", "tstamp": 0.0, "dist": 0.23976930522240664}, "_child3": {"label": 5, "event": "S", "tstamp": 0.0, "dist": 0.23976930522240664}}, "_child1": {"label": 3, "event": "S", "tstamp": 0.0, "dist": 0.6393712088943814}}}