{"label": 1, "event": "S", "reconc": 1, "tstamp": 0.9809853256082152, "transferred": 0, "dist": 0.0, "_child0": {"label": 2, "event": "S", "reconc": 3, "tstamp": 0.7585161412703554, "transferred": 0, "dist": 0.22931493653345897, "_child0": {"label": 5, "event": "S", "reconc": 5, "tstamp": 0.7483116738717961, "transferred": 0, "dist": 0.010983051860021915, "_child0": {"label": 7, "event": "H", "reconc": [5, 6], "tstamp": 0.1277386929945067, "transferred": 0, "dist": 0.6993132565697787, "_child0": {"label": 19, "event": "S", "reconc": 6, "tstamp": 0.0, "transferred": 0, "dist": 0.14394658507638028}, "_child1": {"label": 20, "event": "S", "reconc": 9, "tstamp": 0.0, "transferred": 1, "dist": 0.2342646666107173}}, "_child1": {"label": 8, "event": "S", "reconc": 7, "tstamp": 0.0, "transferred": 0, "dist": 0.6501100095664745}}, "_child1": {"label": 6, "event": "S", "reconc": 4, "tstamp": 0.4363304703443248, "transferred": 0, "dist": 0.3490994938277825, "_child0": {"label": 9, "event": "H", "reconc": [4, 11], "tstamp": 0.24582373436102445, "transferred": 0, "dist": 0.183009117204847, "_child0": {"label": 15, "event": "S", "reconc": 11, "tstamp": 0.20553122096788637, "transferred": 0, "dist": 0.03870675369026879, "_child0": {"label": 17, "event": "H", "reconc": [11, 12], "tstamp": 0.11340468595266791, "transferred": 0, "dist": 0.08430549227352578, "_child0": {"label": 21, "event": "S", "reconc": 12, "tstamp": 0.0, "transferred": 0, "dist": 0.10377724369840818}, "_child1": {"label": 22, "event": "S", "reconc": 8, "tstamp": 0.0, "transferred": 1, "dist": 0.1391681498425472}}, "_child1": {"label": 18, "event": "S", "reconc": 13, "tstamp": 0.0, "transferred": 0, "dist": 0.21240475285731192}}, "_child1": {"label": 16, "event": "H", "reconc": [1, 9], "tstamp": 0.03137036696856138, "transferred": 1, "dist": 0.3170357122106665, "_child0": {"label": 24, "event": "S", "reconc": 7, "tstamp": 0.0, "transferred": 1, "dist": 0.06584184116211017}, "_child1": {"label": 23, "event": "S", "reconc": 9, "tstamp": 0.0, "transferred": 0, "dist": 0.04637617378134655}}}, "_child1": {"label": 10, "event": "S", "reconc": 10, "tstamp": 0.007432928120475222, "transferred": 0, "dist": 0.47188458068713895, "_child0": {"label": 25, "event": "S", "reconc": 14, "tstamp": 0.0, "transferred": 0, "dist": 0.008480008805885996}, "_child1": {"label": 26, "event": "S", "reconc": 15, "tstamp": 0.0, "transferred": 0, "dist": 0.008212617127398725}}}}, "_child1": {"label": 3, "event": "D", "reconc": [1, 9], "tstamp": 0.40156110582550447, "transferred": 0, "dist": 0.6477392587968704, "_child0": {"label": 12, "event": "H", "reconc": [1, 9], "tstamp": 0.34502656699509066, "transferred": 0, "dist": 0.10507416441639901, "_child0": {"label": 14, "event": "S", "reconc": 10, "tstamp": 0.007432928120475222, "transferred": 1, "dist": 0.7810988641801316, "_child0": {"label": 27, "event": "S", "reconc": 14, "tstamp": 0.0, "transferred": 0, "dist": 0.027436168553179693}, "_child1": {"label": 28, "event": "S", "reconc": 15, "tstamp": 0.0, "transferred": 0, "dist": 0.015965475010444062}}, "_child1": {"label": 13, "event": "S", "reconc": 9, "tstamp": 0.0, "transferred": 0, "dist": 0.6412607050217005}}, "_child1": {"label": 11, "event": "S", "reconc": 9, "tstamp": 0.0, "transferred": 0, "dist": 0.44890580022113397}}, "_child2": {"label": 4, "event": "S", "reconc": 8, "tstamp": 0.0, "transferred": 0, "dist": 1.1713855918843872}}