{"label": 0, "event": null, "tstamp": 1.0, "dist": 0.0, "_child0": {"label": 1, "event": "S", "tstamp": 0.6576364760537343, "dist": 0.3423635239462657, "_child0": {"label": 3, "event": "S", "tstamp": 0.48476802300781857, "dist": 0.17286845304591575, "_child0": {"label": 5, "event": "S", "tstamp": 0.33376232284856777, "dist": 0.1510057001592508, "_child0": {"label": 6, "event": "S", "tstamp": 0.0, "dist": 0.33376232284856777}, "_child1": {"label": 7, "event": "S", "tstamp": 0.0, "dist": 0.33376232284856777}}, "_child1": {"label": 4, "event": "S", "tstamp": 0.10759358391933159, "dist": 0.37717443908848697, "_child0": {"label": 8, "event": "S", "tstamp": 0.0, "dist": 0.10759358391933159}, "_child1": {"label": 9, "event": "S", "tstamp": 0.0, "dist": 0.10759358391933159}}}, "_child1": {"label": 2, "event": "S", "tstamp": 0.0, "dist": 0.6576364760537343}}}