{"label": 0, "event": null, "tstamp": 1.0, "dist": 0.0, "_child0": {"label": 1, "event": "S", "tstamp": 0.8085336933116246, "dist": 0.1914663066883754, "_child0": {"label": 3, "event": "S", "tstamp": 0.7690440666533359, "dist": 0.0394896266582887, "_child0": {"label": 5, "event": "S", "tstamp": 0.7612046069935386, "dist": 0.007839459659797265, "_child0": {"label": 7, "event": "S", "tstamp": 0.6889392537292637, "dist": 0.07226535326427497, "_child0": {"label": 10, "event": "S", "tstamp": 0.0, "dist": 0.6889392537292637}, "_child1": {"label": 11, "event": "S", "tstamp": 0.022834006322960405, "dist": 0.6661052474063033, "_child0": {"label": 23, "event": "S", "tstamp": 0.01844132564871671, "dist": 0.004392680674243695, "_child0": {"label": 24, "event": "S", "tstamp": 0.0, "dist": 0.01844132564871671}, "_child1": {"label": 25, "event": "S", "tstamp": 0.0, "dist": 0.01844132564871671}}, "_child1": {"label": 22, "event": "S", "tstamp": 0.0, "dist": 0.022834006322960405}}, "_child2": {"label": 8, "event": "S", "tstamp": 0.0, "dist": 0.6889392537292637}}, "_child1": {"label": 6, "event": "S", "tstamp": 0.27803748777186893, "dist": 0.4831671192216697, "_child0": {"label": 16, "event": "S", "tstamp": 0.05799931303897286, "dist": 0.22003817473289605, "_child0": {"label": 20, "event": "S", "tstamp": 0.0, "dist": 0.05799931303897286}, "_child1": {"label": 21, "event": "S", "tstamp": 0.0, "dist": 0.05799931303897286}}, "_child1": {"label": 17, "event": "S", "tstamp": 0.11609662680180205, "dist": 0.16194086097006688, "_child0": {"label": 18, "event": "S", "tstamp": 0.0, "dist": 0.11609662680180205}, "_child1": {"label": 19, "event": "S", "tstamp": 0.0, "dist": 0.11609662680180205}}, "_child2": {"label": 14, "event": "S", "tstamp": 0.0, "dist": 0.27803748777186893}}}, "_child1": {"label": 4, "event": "S", "tstamp": 0.0, "dist": 0.7690440666533359}}, "_child1": {"label": 2, "event": "S", "tstamp": 0.2796325914327319, "dist": 0.5289011018788927, "_child0": {"label": 12, "event": "S", "tstamp": 0.0, "dist": 0.2796325914327319}, "_child1": {"label": 13, "event": "S", "tstamp": 0.0, "dist": 0.2796325914327319}}}}