{"label": 0, "event": null, "tstamp": 1.0, "dist": 0.0, "_child0": {"label": 1, "event": "S", "tstamp": 0.9500428662617408, "dist": 0.04995713373825916, "_child0": {"label": 2, "event": "S", "tstamp": 0.7611335281438438, "dist": 0.188909338117897, "_child0": {"label": 4, "event": "S", "tstamp": 0.6627476257708159, "dist": 0.09838590237302791, "_child0": {"label": 6, "event": "S", "tstamp": 0.0, "dist": 0.6627476257708159}, "_child1": {"label": 7, "event": "S", "tstamp": 0.0, "dist": 0.6627476257708159}}, "_child1": {"label": 5, "event": "S", "tstamp": 0.4689440934166479, "dist": 0.29218943472719594, "_child0": {"label": 11, "event": "S", "tstamp": 0.0, "dist": 0.4689440934166479}, "_child1": {"label": 10, "event": "S", "tstamp": 0.22481061051680373, "dist": 0.24413348289984416, "_child0": {"label": 13, "event": "S", "tstamp": 0.16577365533411767, "dist": 0.05903695518268606, "_child0": {"label": 16, "event": "S", "tstamp": 0.0, "dist": 0.16577365533411767}, "_child1": {"label": 17, "event": "S", "tstamp": 0.09826162953379199, "dist": 0.06751202580032568, "_child0": {"label": 18, "event": "S", "tstamp": 0.07456983289808526, "dist": 0.023691796635706724, "_child0": {"label": 21, "event": "S", "tstamp": 0.0602166851390247, "dist": 0.014353147759060561, "_child0": {"label": 23, "event": "S", "tstamp": 0.03730910471379804, "dist": 0.022907580425226663, "_child0": {"label": 24, "event": "S", "tstamp": 0.0, "dist": 0.03730910471379804}, "_child1": {"label": 25, "event": "S", "tstamp": 0.0, "dist": 0.03730910471379804}}, "_child1": {"label": 22, "event": "S", "tstamp": 0.0, "dist": 0.0602166851390247}}, "_child1": {"label": 20, "event": "S", "tstamp": 0.0, "dist": 0.07456983289808526}}, "_child1": {"label": 19, "event": "S", "tstamp": 0.0, "dist": 0.09826162953379199}}, "_child2": {"label": 15, "event": "S", "tstamp": 0.0, "dist": 0.16577365533411767}}, "_child1": {"label": 12, "event": "S", "tstamp": 0.0, "dist": 0.22481061051680373}}, "_child2": {"label": 8, "event": "S", "tstamp": 0.0, "dist": 0.4689440934166479}}}, "_child1": {"label": 3, "event": "S", "tstamp": 0.0, "dist": 0.9500428662617408}}}