{"label": 0, "event": null, "tstamp": 1.0, "dist": 0.0, "_child0": {"label": 1, "event": "S", "tstamp": 0.8320037603905965, "dist": 0.16799623960940346, "_child0": {"label": 3, "event": "S", "tstamp": 0.8076231543286753, "dist": 0.024380606061921273, "_child0": {"label": 5, "event": "S", "tstamp": 0.659306678931275, "dist": 0.14831647539740023, "_child0": {"label": 10, "event": "S", "tstamp": 0.0, "dist": 0.659306678931275}, "_child1": {"label": 11, "event": "S", "tstamp": 0.17142123012488764, "dist": 0.4878854488063874, "_child0": {"label": 12, "event": "S", "tstamp": 0.0, "dist": 0.17142123012488764}, "_child1": {"label": 13, "event": "S", "tstamp": 0.0, "dist": 0.17142123012488764}}, "_child2": {"label": 6, "event": "S", "tstamp": 0.0, "dist": 0.659306678931275}}, "_child1": {"label": 4, "event": "S", "tstamp": 0.0, "dist": 0.8076231543286753}}, "_child1": {"label": 2, "event": "S", "tstamp": 0.6079656747952424, "dist": 0.2240380855953541, "_child0": {"label": 9, "event": "S", "tstamp": 0.12037812199226952, "dist": 0.48758755280297295, "_child0": {"label": 15, "event": "S", "tstamp": 0.07278271552364078, "dist": 0.04759540646862874, "_child0": {"label": 17, "event": "S", "tstamp": 0.007782920642988946, "dist": 0.06499979488065183, "_child0": {"label": 18, "event": "S", "tstamp": 0.0, "dist": 0.007782920642988946}, "_child1": {"label": 19, "event": "S", "tstamp": 0.0, "dist": 0.007782920642988946}}, "_child1": {"label": 16, "event": "S", "tstamp": 0.0, "dist": 0.07278271552364078}}, "_child1": {"label": 14, "event": "S", "tstamp": 0.0, "dist": 0.12037812199226952}}, "_child1": {"label": 8, "event": "S", "tstamp": 0.0, "dist": 0.6079656747952424}}}}