{"label": 0, "event": null, "tstamp": 1.0, "dist": 0.0, "_child0": {"label": 1, "event": "S", "tstamp": 0.8734526282013418, "dist": 0.12654737179865816, "_child0": {"label": 3, "event": "S", "tstamp": 0.7672298951747474, "dist": 0.10622273302659446, "_child0": {"label": 5, "event": "S", "tstamp": 0.5201916872439134, "dist": 0.24703820793083398, "_child0": {"label": 6, "event": "S", "tstamp": 0.46275840708002536, "dist": 0.057433280163888045, "_child0": {"label": 9, "event": "S", "tstamp": 0.3998634881781745, "dist": 0.06289491890185084, "_child0": {"label": 10, "event": "S", "tstamp": 0.3932797762583904, "dist": 0.00658371191978413, "_child0": {"label": 12, "event": "S", "tstamp": 0.0, "dist": 0.3932797762583904}, "_child1": {"label": 13, "event": "S", "tstamp": 0.0, "dist": 0.3932797762583904}}, "_child1": {"label": 15, "event": "S", "tstamp": 0.0, "dist": 0.3998634881781745}, "_child2": {"label": 14, "event": "S", "tstamp": 0.0, "dist": 0.3998634881781745}}, "_child1": {"label": 8, "event": "S", "tstamp": 0.13742630424741525, "dist": 0.3253321028326101, "_child0": {"label": 25, "event": "S", "tstamp": 0.0, "dist": 0.13742630424741525}, "_child1": {"label": 24, "event": "S", "tstamp": 0.0, "dist": 0.13742630424741525}, "_child2": {"label": 23, "event": "S", "tstamp": 0.0, "dist": 0.13742630424741525}, "_child3": {"label": 22, "event": "S", "tstamp": 0.0, "dist": 0.13742630424741525}, "_child4": {"label": 18, "event": "S", "tstamp": 0.0, "dist": 0.13742630424741525}}}, "_child1": {"label": 7, "event": "S", "tstamp": 0.0, "dist": 0.5201916872439134}}, "_child1": {"label": 4, "event": "S", "tstamp": 0.0, "dist": 0.7672298951747474}}, "_child1": {"label": 17, "event": "S", "tstamp": 0.0, "dist": 0.8734526282013418}, "_child2": {"label": 16, "event": "S", "tstamp": 0.0, "dist": 0.8734526282013418}}}