{"label": 2, "event": "S", "reconc": 2, "tstamp": 0.8336139343595094, "transferred": 0, "dist": 0.0, "_child0": {"label": 4, "event": "S", "reconc": 5, "tstamp": 0.8098538585182552, "transferred": 0, "dist": 0.022952019998695637, "_child0": {"label": 6, "event": "S", "reconc": 7, "tstamp": 0.4020993274830565, "transferred": 0, "dist": 0.4671519731188822, "_child0": {"label": 14, "event": "D", "reconc": [7, 8], "tstamp": 0.05811571614287028, "transferred": 0, "dist": 0.47351181993633334, "_child0": {"label": 43, "event": "S", "reconc": 8, "tstamp": 0.0, "transferred": 0, "dist": 0.08486378406081223}, "_child1": {"label": 44, "event": "S", "reconc": 8, "tstamp": 0.0, "transferred": 0, "dist": 0.11712897389145788}}, "_child1": {"label": 15, "event": "S", "reconc": 9, "tstamp": 0.0, "transferred": 0, "dist": 0.5329200035781572}}, "_child1": {"label": 7, "event": "S", "reconc": 6, "tstamp": 0.18626403080282675, "transferred": 0, "dist": 0.6193377519567597, "_child0": {"label": 27, "event": "D", "reconc": [6, 14], "tstamp": 0.174181928347502, "transferred": 0, "dist": 0.011649020562766612, "_child0": {"label": 29, "event": "D", "reconc": [6, 14], "tstamp": 0.00014169702094724533, "transferred": 0, "dist": 0.8007964728271147, "_child0": {"label": 47, "event": "S", "reconc": 14, "tstamp": 0.0, "transferred": 0, "dist": 0.0001535930226671407}, "_child1": {"label": 48, "event": "S", "reconc": 14, "tstamp": 0.0, "transferred": 0, "dist": 0.00015085203376385053}}, "_child1": {"label": 28, "event": "S", "reconc": 14, "tstamp": 0.0, "transferred": 0, "dist": 0.22473802080351266}}, "_child1": {"label": 26, "event": "S", "reconc": 15, "tstamp": 0.17408340401258163, "transferred": 0, "dist": 0.011988110812775808, "_child0": {"label": 30, "event": "S", "reconc": 16, "tstamp": 0.15234773774806082, "transferred": 0, "dist": 0.021091212352099997, "_child0": {"label": 32, "event": "S", "reconc": 19, "tstamp": 0.12071942745398159, "transferred": 0, "dist": 0.029456431906270612, "_child0": {"label": 36, "event": "S", "reconc": 20, "tstamp": 0.10489457821340836, "transferred": 0, "dist": 0.014404578281462486, "_child0": {"label": 39, "event": "S", "reconc": 22, "tstamp": 0.0, "transferred": 0, "dist": 0.10269078553060677}, "_child1": {"label": 40, "event": "S", "reconc": 23, "tstamp": 0.0, "transferred": 0, "dist": 0.08724654367464393}}, "_child1": {"label": 37, "event": "S", "reconc": 25, "tstamp": 0.0, "transferred": 0, "dist": 0.10444553469171164}, "_child2": {"label": 38, "event": "S", "reconc": 24, "tstamp": 0.0, "transferred": 0, "dist": 0.09958864815554193}}, "_child1": {"label": 33, "event": "S", "reconc": 18, "tstamp": 0.0, "transferred": 0, "dist": 0.16991679576751126}}, "_child1": {"label": 31, "event": "D", "reconc": [15, 17], "tstamp": 0.015018305918252005, "transferred": 0, "dist": 0.17563579619688946, "_child0": {"label": 45, "event": "S", "reconc": 17, "tstamp": 0.0, "transferred": 0, "dist": 0.017034191501246534}, "_child1": {"label": 46, "event": "S", "reconc": 17, "tstamp": 0.0, "transferred": 0, "dist": 0.01658284657716927}}}}}, "_child1": {"label": 5, "event": "D", "reconc": [2, 4], "tstamp": 0.5977726796461053, "transferred": 0, "dist": 0.1720261391438395, "_child0": {"label": 8, "event": "H", "reconc": [2, 4], "tstamp": 0.4312312518371021, "transferred": 0, "dist": 0.4688182143798883, "_child0": {"label": 11, "event": "H", "reconc": [1, 3], "tstamp": 0.4214622494468294, "transferred": 1, "dist": 0.011816331192451708, "_child0": {"label": 12, "event": "D", "reconc": [1, 3], "tstamp": 0.33968616991372413, "transferred": 0, "dist": 0.09891421874823315, "_child0": {"label": 16, "event": "S", "reconc": 3, "tstamp": 0.32637735336396506, "transferred": 0, "dist": 0.01609799832663836, "_child0": {"label": 18, "event": "D", "reconc": [3, 13], "tstamp": 0.2182418377835741, "transferred": 0, "dist": 0.1544488619243687, "_child0": {"label": 24, "event": "S", "reconc": 13, "tstamp": 0.0, "transferred": 0, "dist": 0.3117126069917041}, "_child1": {"label": 25, "event": "S", "reconc": 13, "tstamp": 0.0, "transferred": 0, "dist": 0.4148870053279326}}, "_child1": {"label": 19, "event": "D", "reconc": [3, 12], "tstamp": 0.13293298919372892, "transferred": 0, "dist": 0.2833363693110125, "_child0": {"label": 34, "event": "S", "reconc": 12, "tstamp": 0.0, "transferred": 0, "dist": 0.38383065241782316}, "_child1": {"label": 35, "event": "S", "reconc": 12, "tstamp": 0.0, "transferred": 0, "dist": 0.3380898257747917}}, "_child2": {"label": 20, "event": "S", "reconc": 10, "tstamp": 0.0, "transferred": 0, "dist": 0.5005971794966368}}, "_child1": {"label": 17, "event": "S", "reconc": 3, "tstamp": 0.32637735336396506, "transferred": 0, "dist": 0.016272139996766834, "_child0": {"label": 21, "event": "S", "reconc": 13, "tstamp": 0.0, "transferred": 0, "dist": 0.5248495888429271}, "_child1": {"label": 22, "event": "S", "reconc": 12, "tstamp": 0.0, "transferred": 0, "dist": 6.231233746322656}, "_child2": {"label": 23, "event": "S", "reconc": 10, "tstamp": 0.0, "transferred": 0, "dist": 0.5754004133949692}}}, "_child1": {"label": 13, "event": "S", "reconc": 4, "tstamp": 0.0, "transferred": 1, "dist": 0.5583948197371132}}, "_child1": {"label": 10, "event": "S", "reconc": 4, "tstamp": 0.0, "transferred": 0, "dist": 1.2139265774935608}}, "_child1": {"label": 9, "event": "H", "reconc": [2, 4], "tstamp": 0.10202056943221949, "transferred": 0, "dist": 0.3616105897886039, "_child0": {"label": 42, "event": "S", "reconc": 14, "tstamp": 0.0, "transferred": 1, "dist": 0.09842544109746403}, "_child1": {"label": 41, "event": "S", "reconc": 4, "tstamp": 0.0, "transferred": 0, "dist": 0.07441565557237396}}}}