{"label": 1, "event": "S", "reconc": 1, "tstamp": 0.44138806598506775, "transferred": 0, "dist": 0.0, "_child0": {"label": 5, "event": "D", "reconc": [1, 3], "tstamp": 0.31268853171434063, "transferred": 0, "dist": 0.09024904403023604, "_child0": {"label": 11, "event": "D", "reconc": [1, 3], "tstamp": 0.2826876310886413, "transferred": 0, "dist": 0.02103778088131987, "_child0": {"label": 14, "event": "S", "reconc": 3, "tstamp": 0.0, "transferred": 0, "dist": 0.19823139694705733}, "_child1": {"label": 15, "event": "S", "reconc": 3, "tstamp": 0.0, "transferred": 0, "dist": 0.19823139694705733}}, "_child1": {"label": 10, "event": "S", "reconc": 3, "tstamp": 0.0, "transferred": 0, "dist": 0.2192691778283772}}, "_child1": {"label": 6, "event": "S", "reconc": 5, "tstamp": 0.3178981870904333, "transferred": 0, "dist": 0.05356033215855775, "_child0": {"label": 8, "event": "D", "reconc": [5, 7], "tstamp": 0.29802325724898127, "transferred": 0, "dist": 0.006993428074731223, "_child0": {"label": 12, "event": "S", "reconc": 7, "tstamp": 0.26111856614830514, "transferred": 0, "dist": 0.01849102348938709, "_child0": {"label": 16, "event": "S", "reconc": 8, "tstamp": 0.1865116782070652, "transferred": 0, "dist": 0.03455562147927508, "_child0": {"label": 20, "event": "S", "reconc": 11, "tstamp": 0.18098576421346724, "transferred": 0, "dist": 0.0016732823512192747, "_child0": {"label": 24, "event": "S", "reconc": 12, "tstamp": 0.04525316654730107, "transferred": 0, "dist": 0.0492039840011167, "_child0": {"label": 30, "event": "S", "reconc": 14, "tstamp": 0.0, "transferred": 0, "dist": 0.011453155451794785}, "_child1": {"label": 31, "event": "S", "reconc": 15, "tstamp": 0.0, "transferred": 0, "dist": 0.02831557695535191}}, "_child1": {"label": 25, "event": "S", "reconc": 13, "tstamp": 0.0, "transferred": 0, "dist": 0.05951185575058659}}, "_child1": {"label": 21, "event": "S", "reconc": 10, "tstamp": 0.0, "transferred": 0, "dist": 0.05617593382575383}}, "_child1": {"label": 17, "event": "S", "reconc": 9, "tstamp": 0.0, "transferred": 0, "dist": 0.11133029014354555}}, "_child1": {"label": 13, "event": "S", "reconc": 7, "tstamp": 0.26111856614830514, "transferred": 0, "dist": 0.03479554053819753, "_child0": {"label": 18, "event": "S", "reconc": 8, "tstamp": 0.1865116782070652, "transferred": 0, "dist": 0.05326003412219539, "_child0": {"label": 22, "event": "S", "reconc": 11, "tstamp": 0.18098576421346724, "transferred": 0, "dist": 0.0019632629895883595, "_child0": {"label": 26, "event": "S", "reconc": 12, "tstamp": 0.04525316654730107, "transferred": 0, "dist": 0.05605334768187603, "_child0": {"label": 32, "event": "S", "reconc": 14, "tstamp": 0.0, "transferred": 0, "dist": 0.015301899551264491}, "_child1": {"label": 33, "event": "S", "reconc": 15, "tstamp": 0.0, "transferred": 0, "dist": 0.02626755436324915}}, "_child1": {"label": 27, "event": "S", "reconc": 13, "tstamp": 0.0, "transferred": 0, "dist": 0.06036206132728901}}, "_child1": {"label": 23, "event": "S", "reconc": 10, "tstamp": 0.0, "transferred": 0, "dist": 0.06716971043230112}}, "_child1": {"label": 19, "event": "S", "reconc": 9, "tstamp": 0.0, "transferred": 0, "dist": 0.1697056226128229}}}, "_child1": {"label": 9, "event": "D", "reconc": [5, 6], "tstamp": 0.10018444863050797, "transferred": 0, "dist": 0.0944127306611892, "_child0": {"label": 28, "event": "S", "reconc": 6, "tstamp": 0.0, "transferred": 0, "dist": 0.09368320413479139}, "_child1": {"label": 29, "event": "S", "reconc": 6, "tstamp": 0.0, "transferred": 0, "dist": 0.04384620649349264}}}}