{"label": 1, "event": "S", "reconc": 1, "tstamp": 0.9116183493658331, "transferred": 0, "dist": 0.0, "_child0": {"label": 2, "event": "S", "reconc": 3, "tstamp": 0.8825064489034508, "transferred": 0, "dist": 0.028057480635070412, "_child0": {"label": 4, "event": "S", "reconc": 5, "tstamp": 0.7205949321591034, "transferred": 0, "dist": 0.16870611683274134, "_child0": {"label": 6, "event": "D", "reconc": [5, 6], "tstamp": 0.5485216655757501, "transferred": 0, "dist": 0.2693973952775008, "_child0": {"label": 10, "event": "S", "reconc": 6, "tstamp": 0.2996558700981675, "transferred": 0, "dist": 0.39486400983064734, "_child0": {"label": 21, "event": "S", "reconc": 17, "tstamp": 0.2647511883640681, "transferred": 0, "dist": 0.11432058654582646, "_child0": {"label": 25, "event": "S", "reconc": 19, "tstamp": 0.23757175441490153, "transferred": 0, "dist": 0.07800297048705304, "_child0": {"label": 31, "event": "S", "reconc": 20, "tstamp": 0.0, "transferred": 0, "dist": 0.883282007569461}, "_child1": {"label": 32, "event": "S", "reconc": 21, "tstamp": 0.0, "transferred": 0, "dist": 1.871384317203104}}, "_child1": {"label": 26, "event": "S", "reconc": 23, "tstamp": 0.0, "transferred": 0, "dist": 0.4420822400409608}, "_child2": {"label": 27, "event": "S", "reconc": 22, "tstamp": 0.0, "transferred": 0, "dist": 1.2516950630150392}}, "_child1": {"label": 22, "event": "S", "reconc": 16, "tstamp": 0.0, "transferred": 0, "dist": 2.5370933161123292}}, "_child1": {"label": 11, "event": "S", "reconc": 6, "tstamp": 0.2996558700981675, "transferred": 0, "dist": 1.0586389797760367, "_child0": {"label": 23, "event": "S", "reconc": 17, "tstamp": 0.2647511883640681, "transferred": 0, "dist": 0.06639535414654853, "_child0": {"label": 28, "event": "S", "reconc": 19, "tstamp": 0.23757175441490153, "transferred": 0, "dist": 0.10634582105685261, "_child0": {"label": 33, "event": "H", "reconc": [19, 20], "tstamp": 0.045013831044011444, "transferred": 0, "dist": 0.4003998516417526, "_child0": {"label": 43, "event": "S", "reconc": 20, "tstamp": 0.0, "transferred": 0, "dist": 0.09360056940961903}, "_child1": {"label": 44, "event": "S", "reconc": 10, "tstamp": 0.0, "transferred": 1, "dist": 0.03311586667464823}}, "_child1": {"label": 34, "event": "S", "reconc": 21, "tstamp": 0.0, "transferred": 0, "dist": 0.5560054854772637}}, "_child1": {"label": 30, "event": "D", "reconc": [17, 22], "tstamp": 0.12894683367010962, "transferred": 0, "dist": 0.7727740343307982, "_child0": {"label": 35, "event": "S", "reconc": 22, "tstamp": 0.0, "transferred": 0, "dist": 0.3024067338142188}, "_child1": {"label": 36, "event": "S", "reconc": 22, "tstamp": 0.0, "transferred": 0, "dist": 0.22843042601117441}}, "_child2": {"label": 29, "event": "S", "reconc": 23, "tstamp": 0.0, "transferred": 0, "dist": 1.2120566646164566}}, "_child1": {"label": 24, "event": "S", "reconc": 16, "tstamp": 0.0, "transferred": 0, "dist": 0.5489957103038702}}}, "_child1": {"label": 7, "event": "H", "reconc": [5, 7], "tstamp": 0.018030849431304976, "transferred": 0, "dist": 0.8014772748673478, "_child0": {"label": 45, "event": "S", "reconc": 7, "tstamp": 0.0, "transferred": 0, "dist": 0.020569392061200488}, "_child1": {"label": 46, "event": "S", "reconc": 15, "tstamp": 0.0, "transferred": 1, "dist": 0.03472973443950343}}}, "_child1": {"label": 5, "event": "S", "reconc": 4, "tstamp": 0.6547982538262873, "transferred": 0, "dist": 0.21003178252376298, "_child0": {"label": 8, "event": "S", "reconc": 9, "tstamp": 0.44453075561883826, "transferred": 0, "dist": 0.16472314208112615, "_child0": {"label": 15, "event": "S", "reconc": 13, "tstamp": 0.33185617468527434, "transferred": 0, "dist": 0.08503651578972728, "_child0": {"label": 17, "event": "S", "reconc": 14, "tstamp": 0.0, "transferred": 0, "dist": 0.3259843908413529}, "_child1": {"label": 18, "event": "S", "reconc": 15, "tstamp": 0.0, "transferred": 0, "dist": 0.30726367584916425}}, "_child1": {"label": 14, "event": "S", "reconc": 12, "tstamp": 0.0, "transferred": 0, "dist": 0.3084665910147491}, "_child2": {"label": 16, "event": "S", "reconc": 10, "tstamp": 0.0, "transferred": 0, "dist": 0.26544737026816695}}, "_child1": {"label": 9, "event": "D", "reconc": [4, 8], "tstamp": 0.09833293082319516, "transferred": 0, "dist": 0.5453338340114692, "_child0": {"label": 37, "event": "S", "reconc": 8, "tstamp": 0.06013293408350263, "transferred": 0, "dist": 0.09665694283603812, "_child0": {"label": 39, "event": "S", "reconc": 24, "tstamp": 0.0, "transferred": 0, "dist": 0.0792001534288613}, "_child1": {"label": 40, "event": "S", "reconc": 25, "tstamp": 0.0, "transferred": 0, "dist": 0.06359320987354558}}, "_child1": {"label": 38, "event": "S", "reconc": 8, "tstamp": 0.06013293408350263, "transferred": 0, "dist": 0.10743907099531659, "_child0": {"label": 41, "event": "S", "reconc": 24, "tstamp": 0.0, "transferred": 0, "dist": 0.07037934144047146}, "_child1": {"label": 42, "event": "S", "reconc": 25, "tstamp": 0.0, "transferred": 0, "dist": 0.07629322719986398}}}}}, "_child1": {"label": 3, "event": "D", "reconc": [1, 2], "tstamp": 0.5404116907691207, "transferred": 0, "dist": 0.2670462160785855, "_child0": {"label": 13, "event": "D", "reconc": [1, 2], "tstamp": 0.31715897077486166, "transferred": 0, "dist": 0.16060809450212496, "_child0": {"label": 19, "event": "S", "reconc": 2, "tstamp": 0.0, "transferred": 0, "dist": 0.5829034173262623}, "_child1": {"label": 20, "event": "S", "reconc": 2, "tstamp": 0.0, "transferred": 0, "dist": 0.22816428821882018}}, "_child1": {"label": 12, "event": "S", "reconc": 2, "tstamp": 0.0, "transferred": 0, "dist": 0.38877238272094516}}}