{"label": 0, "event": null, "tstamp": 1.0, "dist": 0.0, "_child0": {"label": 1, "event": "S", "tstamp": 0.3817557610337506, "dist": 0.6182442389662495, "_child0": {"label": 2, "event": "S", "tstamp": 0.25421959584926085, "dist": 0.12753616518448974, "_child0": {"label": 4, "event": "S", "tstamp": 0.0, "dist": 0.25421959584926085}, "_child1": {"label": 5, "event": "S", "tstamp": 0.0, "dist": 0.25421959584926085}}, "_child1": {"label": 3, "event": "S", "tstamp": 0.2533283700638657, "dist": 0.12842739096988487, "_child0": {"label": 7, "event": "S", "tstamp": 0.08567763947886387, "dist": 0.16765073058500185, "_child0": {"label": 8, "event": "S", "tstamp": 0.0, "dist": 0.08567763947886387}, "_child1": {"label": 9, "event": "S", "tstamp": 0.0, "dist": 0.08567763947886387}}, "_child1": {"label": 6, "event": "S", "tstamp": 0.0, "dist": 0.2533283700638657}}}}