{"label": 1, "event": "S", "reconc": 1, "tstamp": 0.9416183768340808, "transferred": 0, "dist": 0.0, "_child0": {"label": 2, "event": "S", "reconc": 2, "tstamp": 0.7082180360231103, "transferred": 0, "dist": 0.2381357887835439, "_child0": {"label": 4, "event": "S", "reconc": 5, "tstamp": 0.4493764741473759, "transferred": 0, "dist": 0.2518594565717926, "_child0": {"label": 14, "event": "S", "reconc": 11, "tstamp": 0.36873661977163696, "transferred": 0, "dist": 0.09726079193434797, "_child0": {"label": 18, "event": "D", "reconc": [11, 12], "tstamp": 0.09030274683484973, "transferred": 0, "dist": 0.36215885839302964, "_child0": {"label": 32, "event": "D", "reconc": [11, 12], "tstamp": 0.0020180556552177736, "transferred": 0, "dist": 0.11671038779151183, "_child0": {"label": 46, "event": "S", "reconc": 12, "tstamp": 0.0, "transferred": 0, "dist": 0.0033789431036961803}, "_child1": {"label": 47, "event": "S", "reconc": 12, "tstamp": 0.0, "transferred": 0, "dist": 0.002665085804397803}}, "_child1": {"label": 33, "event": "S", "reconc": 12, "tstamp": 0.0, "transferred": 0, "dist": 0.11745675681812147}}, "_child1": {"label": 19, "event": "S", "reconc": 13, "tstamp": 0.0, "transferred": 0, "dist": 0.46929368390489323}}, "_child1": {"label": 15, "event": "S", "reconc": 10, "tstamp": 0.0, "transferred": 0, "dist": 0.4853140113957776}}, "_child1": {"label": 5, "event": "D", "reconc": [2, 14], "tstamp": 0.300925986183998, "transferred": 0, "dist": 0.28041925002843465, "_child0": {"label": 23, "event": "D", "reconc": [2, 14], "tstamp": 0.01852900018860626, "transferred": 0, "dist": 1.5291541652567517, "_child0": {"label": 41, "event": "H", "reconc": [2, 14], "tstamp": 0.016322004895238527, "transferred": 0, "dist": 0.004184493388694234, "_child0": {"label": 42, "event": "S", "reconc": 14, "tstamp": 0.0, "transferred": 0, "dist": 0.03094674545958826}, "_child1": {"label": 43, "event": "S", "reconc": 21, "tstamp": 0.0, "transferred": 1, "dist": 0.030199805279376206}}, "_child1": {"label": 40, "event": "S", "reconc": 14, "tstamp": 0.0, "transferred": 0, "dist": 0.01330159594205374}}, "_child1": {"label": 22, "event": "S", "reconc": 14, "tstamp": 0.0, "transferred": 0, "dist": 0.3631477247997214}}, "_child2": {"label": 6, "event": "S", "reconc": 15, "tstamp": 0.05568177108643772, "transferred": 0, "dist": 0.520850020931039, "_child0": {"label": 38, "event": "S", "reconc": 24, "tstamp": 0.0, "transferred": 0, "dist": 0.0367643890101181}, "_child1": {"label": 39, "event": "S", "reconc": 25, "tstamp": 0.0, "transferred": 0, "dist": 0.043029183876777496}}}, "_child1": {"label": 3, "event": "S", "reconc": 3, "tstamp": 0.6764207479082495, "transferred": 0, "dist": 0.29267101925614764, "_child0": {"label": 7, "event": "S", "reconc": 7, "tstamp": 0.6175708378771427, "transferred": 0, "dist": 0.06157109576012013, "_child0": {"label": 11, "event": "D", "reconc": [7, 9], "tstamp": 0.446243109958403, "transferred": 0, "dist": 0.1629089680973537, "_child0": {"label": 16, "event": "S", "reconc": 9, "tstamp": 0.0, "transferred": 0, "dist": 0.42431546514384033}, "_child1": {"label": 17, "event": "S", "reconc": 9, "tstamp": 0.0, "transferred": 0, "dist": 0.42431546514384033}}, "_child1": {"label": 10, "event": "D", "reconc": [7, 17], "tstamp": 0.3439135180363448, "transferred": 0, "dist": 0.2728136412179518, "_child0": {"label": 20, "event": "S", "reconc": 17, "tstamp": 0.13181133852243665, "transferred": 0, "dist": 0.21144827383793696, "_child0": {"label": 24, "event": "S", "reconc": 18, "tstamp": 0.10869043252000297, "transferred": 0, "dist": 0.022074454349450358, "_child0": {"label": 28, "event": "S", "reconc": 20, "tstamp": 0.0, "transferred": 0, "dist": 0.09815282447384452}, "_child1": {"label": 29, "event": "S", "reconc": 21, "tstamp": 0.0, "transferred": 0, "dist": 0.11296588123220117}}, "_child1": {"label": 25, "event": "S", "reconc": 19, "tstamp": 0.06066862605389, "transferred": 0, "dist": 0.07185317557828357, "_child0": {"label": 34, "event": "S", "reconc": 22, "tstamp": 0.0, "transferred": 0, "dist": 0.0712891095587103}, "_child1": {"label": 35, "event": "S", "reconc": 23, "tstamp": 0.0, "transferred": 0, "dist": 0.0617920377101786}}}, "_child1": {"label": 21, "event": "S", "reconc": 17, "tstamp": 0.13181133852243665, "transferred": 0, "dist": 0.21144827383793696, "_child0": {"label": 26, "event": "S", "reconc": 18, "tstamp": 0.10869043252000297, "transferred": 0, "dist": 0.022074454349450358, "_child0": {"label": 30, "event": "S", "reconc": 20, "tstamp": 0.0, "transferred": 0, "dist": 0.09815282447384452}, "_child1": {"label": 31, "event": "S", "reconc": 21, "tstamp": 0.0, "transferred": 0, "dist": 0.11296588123220117}}, "_child1": {"label": 27, "event": "S", "reconc": 19, "tstamp": 0.06066862605389, "transferred": 0, "dist": 0.07185317557828357, "_child0": {"label": 36, "event": "D", "reconc": [19, 22], "tstamp": 0.008129903985965603, "transferred": 0, "dist": 0.061736006848876715, "_child0": {"label": 44, "event": "S", "reconc": 22, "tstamp": 0.0, "transferred": 0, "dist": 0.009553102709833594}, "_child1": {"label": 45, "event": "S", "reconc": 22, "tstamp": 0.0, "transferred": 0, "dist": 0.009553102709833594}}, "_child1": {"label": 37, "event": "S", "reconc": 23, "tstamp": 0.0, "transferred": 0, "dist": 0.0617920377101786}}}}, "_child2": {"label": 9, "event": "S", "reconc": 16, "tstamp": 0.0, "transferred": 0, "dist": 0.7184626136501873}}, "_child1": {"label": 8, "event": "D", "reconc": [3, 6], "tstamp": 0.5266744363231106, "transferred": 0, "dist": 0.1801461780153983, "_child0": {"label": 12, "event": "S", "reconc": 6, "tstamp": 0.0, "transferred": 0, "dist": 0.633594148381272}, "_child1": {"label": 13, "event": "S", "reconc": 6, "tstamp": 0.0, "transferred": 0, "dist": 0.9663077748126379}}}}