{"label": 1, "event": "S", "reconc": 1, "tstamp": 0.8922465618322819, "transferred": 0, "dist": 0.0, "_child0": {"label": 2, "event": "S", "reconc": 2, "tstamp": 0.8224115848770965, "transferred": 0, "dist": 0.07801378363852612, "_child0": {"label": 4, "event": "S", "reconc": 5, "tstamp": 0.6893073141002605, "transferred": 0, "dist": 0.13959188911985249, "_child0": {"label": 7, "event": "D", "reconc": [5, 6], "tstamp": 0.6595610502953104, "transferred": 0, "dist": 0.03289175777330064, "_child0": {"label": 23, "event": "S", "reconc": 3, "tstamp": 0.0, "transferred": 1, "dist": 1.4444716861499218}, "_child1": {"label": 9, "event": "D", "reconc": [5, 6], "tstamp": 0.008334490919487677, "transferred": 0, "dist": 0.7360857735911873, "_child0": {"label": 38, "event": "S", "reconc": 6, "tstamp": 0.0, "transferred": 0, "dist": 0.009215814741814524}, "_child1": {"label": 39, "event": "S", "reconc": 6, "tstamp": 0.0, "transferred": 0, "dist": 0.009215814741814524}}}, "_child1": {"label": 6, "event": "S", "reconc": 7, "tstamp": 0.425011050329131, "transferred": 0, "dist": 0.23555761066315065, "_child0": {"label": 14, "event": "S", "reconc": 9, "tstamp": 0.4030784391388419, "transferred": 0, "dist": 0.01565043672783473, "_child0": {"label": 18, "event": "S", "reconc": 11, "tstamp": 0.21506409816145625, "transferred": 0, "dist": 0.17266538225152953, "_child0": {"label": 25, "event": "S", "reconc": 15, "tstamp": 0.14099538126777292, "transferred": 0, "dist": 0.08065978571344967, "_child0": {"label": 30, "event": "S", "reconc": 19, "tstamp": 0.0, "transferred": 0, "dist": 0.18600057667481498}, "_child1": {"label": 31, "event": "S", "reconc": 18, "tstamp": 0.0, "transferred": 0, "dist": 0.1310995255618809}, "_child2": {"label": 32, "event": "S", "reconc": 16, "tstamp": 0.0, "transferred": 0, "dist": 0.19372158198083553}}, "_child1": {"label": 24, "event": "S", "reconc": 14, "tstamp": 0.0, "transferred": 0, "dist": 0.209979076464355}, "_child2": {"label": 26, "event": "S", "reconc": 13, "tstamp": 0.0, "transferred": 0, "dist": 0.24849124861998387}}, "_child1": {"label": 19, "event": "S", "reconc": 10, "tstamp": 0.0, "transferred": 0, "dist": 0.3120196725588001}}, "_child1": {"label": 15, "event": "S", "reconc": 8, "tstamp": 0.0, "transferred": 0, "dist": 0.31835758154794397}}}, "_child1": {"label": 5, "event": "H", "reconc": [2, 4], "tstamp": 0.5802054269809426, "transferred": 0, "dist": 0.22360953518036283, "_child0": {"label": 11, "event": "S", "reconc": 7, "tstamp": 0.425011050329131, "transferred": 1, "dist": 0.15709504287719, "_child0": {"label": 16, "event": "S", "reconc": 9, "tstamp": 0.4030784391388419, "transferred": 0, "dist": 0.02127188962083422, "_child0": {"label": 20, "event": "S", "reconc": 11, "tstamp": 0.21506409816145625, "transferred": 0, "dist": 0.1853386958898509, "_child0": {"label": 28, "event": "S", "reconc": 15, "tstamp": 0.14099538126777292, "transferred": 0, "dist": 0.17127980728763884, "_child0": {"label": 33, "event": "D", "reconc": [15, 19], "tstamp": 0.04516019587808785, "transferred": 0, "dist": 0.16898608233560686, "_child0": {"label": 36, "event": "S", "reconc": 19, "tstamp": 0.0, "transferred": 0, "dist": 0.14319965253810452}, "_child1": {"label": 37, "event": "S", "reconc": 19, "tstamp": 0.0, "transferred": 0, "dist": 0.06215124831990475}}, "_child1": {"label": 34, "event": "S", "reconc": 18, "tstamp": 0.0, "transferred": 0, "dist": 0.14432455040576098}, "_child2": {"label": 35, "event": "S", "reconc": 16, "tstamp": 0.0, "transferred": 0, "dist": 0.23668934556244356}}, "_child1": {"label": 27, "event": "S", "reconc": 14, "tstamp": 0.0, "transferred": 0, "dist": 0.3333712307953768}, "_child2": {"label": 29, "event": "S", "reconc": 13, "tstamp": 0.0, "transferred": 0, "dist": 0.557327666059414}}, "_child1": {"label": 21, "event": "S", "reconc": 10, "tstamp": 0.0, "transferred": 0, "dist": 0.34410233037840454}}, "_child1": {"label": 17, "event": "S", "reconc": 8, "tstamp": 0.0, "transferred": 0, "dist": 0.38715441588802785}}, "_child1": {"label": 10, "event": "S", "reconc": 4, "tstamp": 0.0, "transferred": 0, "dist": 0.535657173059813}}}, "_child1": {"label": 3, "event": "S", "reconc": 3, "tstamp": 0.0, "transferred": 0, "dist": 1.1119050916361521}}