{"label": 0, "event": null, "tstamp": 1.0, "dist": 0.0, "_child0": {"label": 1, "event": "S", "tstamp": 0.7914932225699122, "dist": 0.20850677743008783, "_child0": {"label": 2, "event": "S", "tstamp": 0.5853095637532227, "dist": 0.20618365881668943, "_child0": {"label": 4, "event": "S", "tstamp": 0.12476293943592437, "dist": 0.46054662431729837, "_child0": {"label": 6, "event": "S", "tstamp": 0.11317552403179684, "dist": 0.011587415404127527, "_child0": {"label": 8, "event": "S", "tstamp": 0.0, "dist": 0.11317552403179684}, "_child1": {"label": 9, "event": "S", "tstamp": 0.0, "dist": 0.11317552403179684}}, "_child1": {"label": 7, "event": "S", "tstamp": 0.0, "dist": 0.12476293943592437}}, "_child1": {"label": 5, "event": "S", "tstamp": 0.0, "dist": 0.5853095637532227}}, "_child1": {"label": 3, "event": "S", "tstamp": 0.0, "dist": 0.7914932225699122}}}