{"label": 1, "event": "S", "reconc": 1, "tstamp": 0.7974089476948385, "transferred": 0, "dist": 0.0, "_child0": {"label": 4, "event": "D", "reconc": [3, 5], "tstamp": 0.5090547724322895, "transferred": 0, "dist": 0.22330139647352507, "_child0": {"label": 7, "event": "H", "reconc": [3, 5], "tstamp": 0.5083820769393641, "transferred": 0, "dist": 0.0004988212468162371, "_child0": {"label": 8, "event": "S", "reconc": 5, "tstamp": 0.4879001458852054, "transferred": 0, "dist": 0.015187885890552774, "_child0": {"label": 14, "event": "D", "reconc": [5, 8], "tstamp": 0.4409854239954111, "transferred": 0, "dist": 0.10750025837197101, "_child0": {"label": 21, "event": "H", "reconc": [5, 8], "tstamp": 0.25336637709989035, "transferred": 0, "dist": 0.23515776184313883, "_child0": {"label": 28, "event": "H", "reconc": [5, 8], "tstamp": 0.0023444918484571836, "transferred": 0, "dist": 0.3234702113153084, "_child0": {"label": 40, "event": "S", "reconc": 8, "tstamp": 0.0, "transferred": 0, "dist": 0.0030211440444240442}, "_child1": {"label": 41, "event": "S", "reconc": 14, "tstamp": 0.0, "transferred": 1, "dist": 0.0014789235702083214}}, "_child1": {"label": 29, "event": "S", "reconc": 2, "tstamp": 0.0, "transferred": 1, "dist": 0.25121542217940795}}, "_child1": {"label": 18, "event": "S", "reconc": 8, "tstamp": 0.0, "transferred": 0, "dist": 0.2937800688267491}}, "_child1": {"label": 15, "event": "D", "reconc": [5, 11], "tstamp": 0.2859125478577526, "transferred": 0, "dist": 0.1648719257911736, "_child0": {"label": 24, "event": "D", "reconc": [5, 11], "tstamp": 0.07747858273989176, "transferred": 0, "dist": 0.767720431892091, "_child0": {"label": 34, "event": "S", "reconc": 11, "tstamp": 0.0, "transferred": 0, "dist": 0.15760381972069568}, "_child1": {"label": 35, "event": "S", "reconc": 11, "tstamp": 0.0, "transferred": 0, "dist": 0.0785904275147886}}, "_child1": {"label": 25, "event": "S", "reconc": 11, "tstamp": 0.0, "transferred": 0, "dist": 0.9902892720306031}}, "_child2": {"label": 16, "event": "S", "reconc": 10, "tstamp": 0.09704888757208589, "transferred": 0, "dist": 0.2845978014763677, "_child0": {"label": 32, "event": "S", "reconc": 17, "tstamp": 0.024250751485321576, "transferred": 0, "dist": 0.06381498946649028, "_child0": {"label": 38, "event": "S", "reconc": 18, "tstamp": 0.0, "transferred": 0, "dist": 0.017702912800209424}, "_child1": {"label": 39, "event": "S", "reconc": 19, "tstamp": 0.0, "transferred": 0, "dist": 0.10731663793372737}}, "_child1": {"label": 33, "event": "S", "reconc": 16, "tstamp": 0.0, "transferred": 0, "dist": 0.10433400339119468}}, "_child3": {"label": 17, "event": "S", "reconc": 6, "tstamp": 0.0, "transferred": 0, "dist": 0.3709622189165849}}, "_child1": {"label": 9, "event": "D", "reconc": [1, 2], "tstamp": 0.28482273146100107, "transferred": 1, "dist": 0.4342691631317609, "_child0": {"label": 26, "event": "S", "reconc": 2, "tstamp": 0.0, "transferred": 0, "dist": 0.3640173759877947}, "_child1": {"label": 27, "event": "S", "reconc": 2, "tstamp": 0.0, "transferred": 0, "dist": 0.3177312038659294}}}, "_child1": {"label": 6, "event": "S", "reconc": 5, "tstamp": 0.4879001458852054, "transferred": 0, "dist": 0.014716182647142442, "_child0": {"label": 11, "event": "D", "reconc": [5, 11], "tstamp": 0.41769791216991614, "transferred": 0, "dist": 0.056776358505447995, "_child0": {"label": 22, "event": "S", "reconc": 11, "tstamp": 0.0, "transferred": 0, "dist": 0.3378149832741197}, "_child1": {"label": 23, "event": "S", "reconc": 11, "tstamp": 0.0, "transferred": 0, "dist": 0.3378149832741197}}, "_child1": {"label": 12, "event": "S", "reconc": 10, "tstamp": 0.09704888757208589, "transferred": 0, "dist": 0.2757700469805417, "_child0": {"label": 30, "event": "S", "reconc": 17, "tstamp": 0.024250751485321576, "transferred": 0, "dist": 0.051484757639981324, "_child0": {"label": 36, "event": "S", "reconc": 18, "tstamp": 0.0, "transferred": 0, "dist": 0.016689813211988574}, "_child1": {"label": 37, "event": "S", "reconc": 19, "tstamp": 0.0, "transferred": 0, "dist": 0.016653507348598964}}, "_child1": {"label": 31, "event": "S", "reconc": 16, "tstamp": 0.0, "transferred": 0, "dist": 0.07589659599457046}}, "_child2": {"label": 10, "event": "S", "reconc": 8, "tstamp": 0.0, "transferred": 0, "dist": 0.3250322995602269}}}, "_child1": {"label": 3, "event": "S", "reconc": 2, "tstamp": 0.0, "transferred": 0, "dist": 0.6387108663862705}}