{"label": 0, "event": null, "tstamp": 1.0, "dist": 0.0, "_child0": {"label": 1, "event": "S", "tstamp": 0.9498825177884703, "dist": 0.050117482211529674, "_child0": {"label": 2, "event": "S", "tstamp": 0.9387999008123651, "dist": 0.011082616976105242, "_child0": {"label": 4, "event": "S", "tstamp": 0.7054220111488134, "dist": 0.23337788966355166, "_child0": {"label": 7, "event": "S", "tstamp": 0.5364596185274217, "dist": 0.16896239262139168, "_child0": {"label": 9, "event": "S", "tstamp": 0.47965638812068434, "dist": 0.056803230406737404, "_child0": {"label": 10, "event": "S", "tstamp": 0.0, "dist": 0.47965638812068434}, "_child1": {"label": 11, "event": "S", "tstamp": 0.0, "dist": 0.47965638812068434}}, "_child1": {"label": 8, "event": "S", "tstamp": 0.0, "dist": 0.5364596185274217}}, "_child1": {"label": 6, "event": "S", "tstamp": 0.0, "dist": 0.7054220111488134}}, "_child1": {"label": 5, "event": "S", "tstamp": 0.46800304594049735, "dist": 0.47079685487186773, "_child0": {"label": 13, "event": "S", "tstamp": 0.45326882712517536, "dist": 0.014734218815321998, "_child0": {"label": 15, "event": "S", "tstamp": 0.2660750373209628, "dist": 0.18719378980421253, "_child0": {"label": 17, "event": "S", "tstamp": 0.07030258919574657, "dist": 0.19577244812521627, "_child0": {"label": 18, "event": "S", "tstamp": 0.0, "dist": 0.07030258919574657}, "_child1": {"label": 19, "event": "S", "tstamp": 0.0, "dist": 0.07030258919574657}}, "_child1": {"label": 16, "event": "S", "tstamp": 0.0, "dist": 0.2660750373209628}}, "_child1": {"label": 14, "event": "S", "tstamp": 0.0, "dist": 0.45326882712517536}}, "_child1": {"label": 12, "event": "S", "tstamp": 0.0, "dist": 0.46800304594049735}}}, "_child1": {"label": 3, "event": "S", "tstamp": 0.0, "dist": 0.9498825177884703}}}