{"label": 0, "event": null, "tstamp": 1.0, "dist": 0.0, "_child0": {"label": 1, "event": "S", "tstamp": 0.8548484253915211, "dist": 0.14515157460847894, "_child0": {"label": 4, "event": "S", "tstamp": 0.00585909757594561, "dist": 0.8489893278155755, "_child0": {"label": 18, "event": "S", "tstamp": 0.0, "dist": 0.00585909757594561}, "_child1": {"label": 19, "event": "S", "tstamp": 0.0, "dist": 0.00585909757594561}}, "_child1": {"label": 5, "event": "S", "tstamp": 0.4674185744808317, "dist": 0.3874298509106894, "_child0": {"label": 8, "event": "S", "tstamp": 0.0, "dist": 0.4674185744808317}, "_child1": {"label": 9, "event": "S", "tstamp": 0.3579120320409732, "dist": 0.10950654243985847, "_child0": {"label": 10, "event": "S", "tstamp": 0.14778718537054072, "dist": 0.2101248466704325, "_child0": {"label": 15, "event": "S", "tstamp": 0.0, "dist": 0.14778718537054072}, "_child1": {"label": 14, "event": "S", "tstamp": 0.0, "dist": 0.14778718537054072}, "_child2": {"label": 12, "event": "S", "tstamp": 0.0, "dist": 0.14778718537054072}}, "_child1": {"label": 11, "event": "S", "tstamp": 0.0, "dist": 0.3579120320409732}}, "_child2": {"label": 7, "event": "S", "tstamp": 0.0, "dist": 0.4674185744808317}}, "_child2": {"label": 2, "event": "S", "tstamp": 0.05710672497112454, "dist": 0.7977417004203965, "_child0": {"label": 16, "event": "S", "tstamp": 0.0, "dist": 0.05710672497112454}, "_child1": {"label": 17, "event": "S", "tstamp": 0.0, "dist": 0.05710672497112454}}}}