{"label": 1, "event": "S", "reconc": 1, "tstamp": 0.9455553192860431, "transferred": 0, "dist": 0.0, "_child0": {"label": 4, "event": "S", "reconc": 3, "tstamp": 0.8698525303572838, "transferred": 0, "dist": 0.08012219642093568, "_child0": {"label": 5, "event": "S", "reconc": 7, "tstamp": 0.849291096519153, "transferred": 0, "dist": 0.023978851613247792, "_child0": {"label": 8, "event": "D", "reconc": [7, 10], "tstamp": 0.6085099295172527, "transferred": 0, "dist": 0.23285893637378946, "_child0": {"label": 21, "event": "S", "reconc": 10, "tstamp": 0.0, "transferred": 0, "dist": 1.6480689781080953}, "_child1": {"label": 12, "event": "S", "reconc": 10, "tstamp": 0.0, "transferred": 0, "dist": 0.5884886128123082}}, "_child1": {"label": 9, "event": "S", "reconc": 11, "tstamp": 0.36698761221229714, "transferred": 0, "dist": 0.7636409208442272, "_child0": {"label": 22, "event": "D", "reconc": [11, 13], "tstamp": 0.2125075589953516, "transferred": 0, "dist": 0.27548993213230155, "_child0": {"label": 25, "event": "D", "reconc": [11, 13], "tstamp": 0.12626307929451888, "transferred": 0, "dist": 0.15380293678563925, "_child0": {"label": 34, "event": "S", "reconc": 13, "tstamp": 0.11246024129353915, "transferred": 0, "dist": 0.024615106124950128, "_child0": {"label": 47, "event": "D", "reconc": [13, 26], "tstamp": 0.030706056428844816, "transferred": 0, "dist": 0.12970875716227767, "_child0": {"label": 56, "event": "S", "reconc": 26, "tstamp": 0.0, "transferred": 0, "dist": 0.048717315490723265}, "_child1": {"label": 57, "event": "S", "reconc": 26, "tstamp": 0.0, "transferred": 0, "dist": 0.048717315490723265}}, "_child1": {"label": 46, "event": "S", "reconc": 27, "tstamp": 0.0033690818800948524, "transferred": 0, "dist": 0.1987869085334349, "_child0": {"label": 60, "event": "S", "reconc": 28, "tstamp": 0.0, "transferred": 0, "dist": 0.0068811185634958015}, "_child1": {"label": 61, "event": "S", "reconc": 29, "tstamp": 0.0, "transferred": 0, "dist": 0.007087146070761864}}}, "_child1": {"label": 35, "event": "S", "reconc": 13, "tstamp": 0.11246024129353915, "transferred": 0, "dist": 0.026357402332727892, "_child0": {"label": 48, "event": "S", "reconc": 27, "tstamp": 0.0033690818800948524, "transferred": 0, "dist": 0.28852547317168903, "_child0": {"label": 62, "event": "S", "reconc": 28, "tstamp": 0.0, "transferred": 0, "dist": 0.006991338903205122}, "_child1": {"label": 63, "event": "S", "reconc": 29, "tstamp": 0.0, "transferred": 0, "dist": 0.013123130194472182}}, "_child1": {"label": 49, "event": "S", "reconc": 26, "tstamp": 0.0, "transferred": 0, "dist": 0.369867403587499}}}, "_child1": {"label": 24, "event": "S", "reconc": 13, "tstamp": 0.11246024129353915, "transferred": 0, "dist": 0.17841804291058938, "_child0": {"label": 45, "event": "H", "reconc": [13, 26], "tstamp": 0.05837721160493789, "transferred": 0, "dist": 0.08580652569760365, "_child0": {"label": 55, "event": "S", "reconc": 27, "tstamp": 0.0033690818800948524, "transferred": 1, "dist": 0.2258000666927747, "_child0": {"label": 64, "event": "S", "reconc": 28, "tstamp": 0.0, "transferred": 0, "dist": 0.008388531499311378}, "_child1": {"label": 65, "event": "S", "reconc": 29, "tstamp": 0.0, "transferred": 0, "dist": 0.0194116065543861}}, "_child1": {"label": 54, "event": "S", "reconc": 26, "tstamp": 0.0, "transferred": 0, "dist": 0.09261954695539727}}, "_child1": {"label": 44, "event": "S", "reconc": 27, "tstamp": 0.0033690818800948524, "transferred": 0, "dist": 0.1987869085334349, "_child0": {"label": 58, "event": "S", "reconc": 28, "tstamp": 0.0, "transferred": 0, "dist": 0.0068811185634958015}, "_child1": {"label": 59, "event": "S", "reconc": 29, "tstamp": 0.0, "transferred": 0, "dist": 0.007087146070761864}}}}, "_child1": {"label": 23, "event": "S", "reconc": 12, "tstamp": 0.0, "transferred": 0, "dist": 0.8062874102702767}}, "_child2": {"label": 11, "event": "S", "reconc": 15, "tstamp": 0.19309169972576334, "transferred": 0, "dist": 0.6897746080604715, "_child0": {"label": 27, "event": "S", "reconc": 21, "tstamp": 0.0, "transferred": 0, "dist": 0.16607270375441577}, "_child1": {"label": 28, "event": "S", "reconc": 20, "tstamp": 0.0, "transferred": 0, "dist": 0.15708869045178706}, "_child2": {"label": 29, "event": "S", "reconc": 17, "tstamp": 0.0, "transferred": 0, "dist": 0.17349859664798428}}}, "_child1": {"label": 7, "event": "D", "reconc": [3, 23], "tstamp": 0.56833468051117, "transferred": 0, "dist": 0.2901477825693347, "_child0": {"label": 14, "event": "D", "reconc": [3, 23], "tstamp": 0.1546119447525052, "transferred": 0, "dist": 0.7899334750658225, "_child0": {"label": 30, "event": "D", "reconc": [3, 23], "tstamp": 0.12959042460203782, "transferred": 0, "dist": 0.06539476217542453, "_child0": {"label": 41, "event": "S", "reconc": 25, "tstamp": 0.0, "transferred": 0, "dist": 0.09902630249942342}, "_child1": {"label": 33, "event": "S", "reconc": 23, "tstamp": 0.11485677541350951, "transferred": 0, "dist": 0.03253857606734098, "_child0": {"label": 42, "event": "D", "reconc": [23, 24], "tstamp": 0.1055806218344448, "transferred": 0, "dist": 0.007274248469131583, "_child0": {"label": 50, "event": "S", "reconc": 24, "tstamp": 0.0, "transferred": 0, "dist": 0.08272606795773503}, "_child1": {"label": 51, "event": "S", "reconc": 24, "tstamp": 0.0, "transferred": 0, "dist": 0.22987973053087626}}, "_child1": {"label": 43, "event": "S", "reconc": 25, "tstamp": 0.0, "transferred": 0, "dist": 0.12239036472164584}}}, "_child1": {"label": 31, "event": "S", "reconc": 23, "tstamp": 0.11485677541350951, "transferred": 0, "dist": 0.0383175579546577, "_child0": {"label": 38, "event": "S", "reconc": 24, "tstamp": 0.0, "transferred": 0, "dist": 0.2856907034583149}, "_child1": {"label": 39, "event": "S", "reconc": 25, "tstamp": 0.0, "transferred": 0, "dist": 0.2371422609439518}}}, "_child1": {"label": 15, "event": "S", "reconc": 23, "tstamp": 0.11485677541350951, "transferred": 0, "dist": 0.44927089203570625, "_child0": {"label": 53, "event": "S", "reconc": 24, "tstamp": 0.0, "transferred": 0, "dist": 0.14801172035376872}, "_child1": {"label": 37, "event": "S", "reconc": 25, "tstamp": 0.0, "transferred": 0, "dist": 0.17874719197577096}}}, "_child2": {"label": 6, "event": "D", "reconc": [3, 22], "tstamp": 0.5408046230765596, "transferred": 0, "dist": 0.37647693885363825, "_child0": {"label": 17, "event": "D", "reconc": [3, 22], "tstamp": 0.5199846710672097, "transferred": 0, "dist": 0.04075807362295995, "_child0": {"label": 18, "event": "S", "reconc": 22, "tstamp": 0.0, "transferred": 0, "dist": 0.7650203207781762}, "_child1": {"label": 19, "event": "S", "reconc": 22, "tstamp": 0.0, "transferred": 0, "dist": 0.9132073007331646}}, "_child1": {"label": 16, "event": "S", "reconc": 22, "tstamp": 0.0, "transferred": 0, "dist": 0.6187563102781231}}}, "_child1": {"label": 2, "event": "S", "reconc": 5, "tstamp": 0.0, "transferred": 0, "dist": 1.4566846281920842}}