{"label": 0, "event": null, "tstamp": 1.0, "dist": 0.0, "_child0": {"label": 1, "event": "S", "tstamp": 0.9662960931455089, "dist": 0.033703906854491095, "_child0": {"label": 3, "event": "S", "tstamp": 0.7574441733594063, "dist": 0.20885191978610262, "_child0": {"label": 5, "event": "S", "tstamp": 0.4702286868752088, "dist": 0.2872154864841975, "_child0": {"label": 6, "event": "S", "tstamp": 0.0, "dist": 0.4702286868752088}, "_child1": {"label": 7, "event": "S", "tstamp": 0.0, "dist": 0.4702286868752088}}, "_child1": {"label": 4, "event": "S", "tstamp": 0.0, "dist": 0.7574441733594063}}, "_child1": {"label": 2, "event": "S", "tstamp": 0.03951822247401471, "dist": 0.9267778706714942, "_child0": {"label": 8, "event": "S", "tstamp": 0.0, "dist": 0.03951822247401471}, "_child1": {"label": 9, "event": "S", "tstamp": 0.0, "dist": 0.03951822247401471}}}}