{"label": 0, "event": null, "tstamp": 1.0, "dist": 0.0, "_child0": {"label": 1, "event": "S", "tstamp": 0.751668792084838, "dist": 0.24833120791516206, "_child0": {"label": 4, "event": "S", "tstamp": 0.0, "dist": 0.751668792084838}, "_child1": {"label": 5, "event": "S", "tstamp": 0.3008980633421187, "dist": 0.45077072874271923, "_child0": {"label": 8, "event": "S", "tstamp": 0.0, "dist": 0.3008980633421187}, "_child1": {"label": 9, "event": "S", "tstamp": 0.14179631619918528, "dist": 0.15910174714293343, "_child0": {"label": 10, "event": "S", "tstamp": 0.025452954181543027, "dist": 0.11634336201764225, "_child0": {"label": 12, "event": "S", "tstamp": 0.0, "dist": 0.025452954181543027}, "_child1": {"label": 13, "event": "S", "tstamp": 0.0, "dist": 0.025452954181543027}}, "_child1": {"label": 11, "event": "S", "tstamp": 0.01908430643576985, "dist": 0.12271200976341544, "_child0": {"label": 14, "event": "S", "tstamp": 0.0, "dist": 0.01908430643576985}, "_child1": {"label": 15, "event": "S", "tstamp": 0.0, "dist": 0.01908430643576985}}}, "_child2": {"label": 7, "event": "S", "tstamp": 0.0, "dist": 0.3008980633421187}}, "_child2": {"label": 2, "event": "S", "tstamp": 0.0, "dist": 0.751668792084838}}}