{"label": 1, "event": "S", "reconc": 1, "tstamp": 0.9884031992223956, "transferred": 0, "dist": 0.0, "_child0": {"label": 3, "event": "S", "reconc": 5, "tstamp": 0.765416461602145, "transferred": 0, "dist": 0.21093016017930805, "_child0": {"label": 5, "event": "S", "reconc": 7, "tstamp": 0.6867799850249221, "transferred": 0, "dist": 0.06398944563388326, "_child0": {"label": 7, "event": "H", "reconc": [7, 9], "tstamp": 0.6519794651049579, "transferred": 0, "dist": 0.025935800793863557, "_child0": {"label": 9, "event": "S", "reconc": 9, "tstamp": 0.49342946246391334, "transferred": 0, "dist": 0.11816263934624849, "_child0": {"label": 12, "event": "H", "reconc": [9, 15], "tstamp": 0.3688463552025192, "transferred": 0, "dist": 0.08563224531373104, "_child0": {"label": 15, "event": "H", "reconc": [9, 15], "tstamp": 0.3243553961618439, "transferred": 0, "dist": 0.030580877316060226, "_child0": {"label": 18, "event": "H", "reconc": [5, 6], "tstamp": 0.2350088176595966, "transferred": 1, "dist": 0.4291275315152131, "_child0": {"label": 22, "event": "S", "reconc": 12, "tstamp": 0.18085611578038743, "transferred": 1, "dist": 0.04633631690922428, "_child0": {"label": 27, "event": "S", "reconc": 17, "tstamp": 0.1084336525396526, "transferred": 0, "dist": 0.1058450834494878, "_child0": {"label": 37, "event": "S", "reconc": 18, "tstamp": 0.0, "transferred": 0, "dist": 0.04601709301468951}, "_child1": {"label": 38, "event": "S", "reconc": 19, "tstamp": 0.0, "transferred": 0, "dist": 0.09087614024991082}}, "_child1": {"label": 28, "event": "S", "reconc": 16, "tstamp": 0.0, "transferred": 0, "dist": 0.11320451649368803}}, "_child1": {"label": 21, "event": "S", "reconc": 6, "tstamp": 0.0, "transferred": 0, "dist": 1.1287366063383717}}, "_child1": {"label": 17, "event": "S", "reconc": 15, "tstamp": 0.0, "transferred": 0, "dist": 0.2229458027137395}}, "_child1": {"label": 16, "event": "S", "reconc": 8, "tstamp": 0.0, "transferred": 1, "dist": 0.26118376151067213}}, "_child1": {"label": 14, "event": "H", "reconc": [9, 10], "tstamp": 0.3211472302334473, "transferred": 0, "dist": 0.13851272873883877, "_child0": {"label": 20, "event": "S", "reconc": 12, "tstamp": 0.18085611578038743, "transferred": 1, "dist": 0.09968209725319058, "_child0": {"label": 25, "event": "S", "reconc": 17, "tstamp": 0.1084336525396526, "transferred": 0, "dist": 0.10410398721102211, "_child0": {"label": 35, "event": "S", "reconc": 18, "tstamp": 0.0, "transferred": 0, "dist": 0.06453191775205765}, "_child1": {"label": 36, "event": "S", "reconc": 19, "tstamp": 0.0, "transferred": 0, "dist": 0.07586273217712222}}, "_child1": {"label": 26, "event": "S", "reconc": 16, "tstamp": 0.0, "transferred": 0, "dist": 0.15576278765581617}}, "_child1": {"label": 19, "event": "S", "reconc": 10, "tstamp": 0.0, "transferred": 0, "dist": 0.2581982982844624}}, "_child2": {"label": 11, "event": "S", "reconc": 12, "tstamp": 0.18085611578038743, "transferred": 0, "dist": 0.1941558146138816, "_child0": {"label": 23, "event": "S", "reconc": 17, "tstamp": 0.1084336525396526, "transferred": 0, "dist": 0.03394585158927298, "_child0": {"label": 33, "event": "S", "reconc": 18, "tstamp": 0.0, "transferred": 0, "dist": 0.04521531690918219}, "_child1": {"label": 34, "event": "S", "reconc": 19, "tstamp": 0.0, "transferred": 0, "dist": 0.04691610617682007}}, "_child1": {"label": 24, "event": "S", "reconc": 16, "tstamp": 0.0, "transferred": 0, "dist": 0.08008819944172899}}, "_child3": {"label": 13, "event": "S", "reconc": 14, "tstamp": 0.0, "transferred": 0, "dist": 0.2984318380108669}}, "_child1": {"label": 10, "event": "S", "reconc": 6, "tstamp": 0.0, "transferred": 1, "dist": 0.8291455102396162}}, "_child1": {"label": 8, "event": "S", "reconc": 8, "tstamp": 0.0, "transferred": 0, "dist": 0.46866104154933613}}, "_child1": {"label": 6, "event": "H", "reconc": [5, 6], "tstamp": 0.1233122747083114, "transferred": 0, "dist": 0.5771133594401852, "_child0": {"label": 32, "event": "S", "reconc": 4, "tstamp": 0.0, "transferred": 1, "dist": 0.1049154556704341}, "_child1": {"label": 31, "event": "S", "reconc": 6, "tstamp": 0.0, "transferred": 0, "dist": 0.1108311743945864}}}, "_child1": {"label": 4, "event": "D", "reconc": [1, 2], "tstamp": 0.17986042555299753, "transferred": 0, "dist": 0.6599326273676479, "_child0": {"label": 29, "event": "S", "reconc": 2, "tstamp": 0.0, "transferred": 0, "dist": 0.3444747059055646}, "_child1": {"label": 30, "event": "S", "reconc": 2, "tstamp": 0.0, "transferred": 0, "dist": 0.146852955614673}}}