{"label": 0, "event": null, "tstamp": 1.0, "dist": 0.0, "_child0": {"label": 1, "event": "S", "tstamp": 0.9667199171922124, "dist": 0.0332800828077876, "_child0": {"label": 3, "event": "S", "tstamp": 0.932717055878351, "dist": 0.03400286131386143, "_child0": {"label": 5, "event": "S", "tstamp": 0.8901490750570007, "dist": 0.04256798082135027, "_child0": {"label": 10, "event": "S", "tstamp": 0.0, "dist": 0.8901490750570007}, "_child1": {"label": 11, "event": "S", "tstamp": 0.5418542551025731, "dist": 0.34829481995442757, "_child0": {"label": 12, "event": "S", "tstamp": 0.20302102670352795, "dist": 0.33883322839904517, "_child0": {"label": 14, "event": "S", "tstamp": 0.0, "dist": 0.20302102670352795}, "_child1": {"label": 15, "event": "S", "tstamp": 0.0, "dist": 0.20302102670352795}}, "_child1": {"label": 17, "event": "S", "tstamp": 0.0, "dist": 0.5418542551025731}, "_child2": {"label": 16, "event": "S", "tstamp": 0.0, "dist": 0.5418542551025731}}, "_child2": {"label": 7, "event": "S", "tstamp": 0.10611195480012307, "dist": 0.7840371202568777, "_child0": {"label": 18, "event": "S", "tstamp": 0.0, "dist": 0.10611195480012307}, "_child1": {"label": 19, "event": "S", "tstamp": 0.0, "dist": 0.10611195480012307}}}, "_child1": {"label": 4, "event": "S", "tstamp": 0.0, "dist": 0.932717055878351}}, "_child1": {"label": 2, "event": "S", "tstamp": 0.5577981159016321, "dist": 0.4089218012905803, "_child0": {"label": 8, "event": "S", "tstamp": 0.0, "dist": 0.5577981159016321}, "_child1": {"label": 9, "event": "S", "tstamp": 0.0, "dist": 0.5577981159016321}}}}