{"label": 1, "event": "D", "reconc": [0, 1], "tstamp": 0.9844588745453695, "transferred": 0, "dist": 0.0, "_child0": {"label": 2, "event": "S", "reconc": 1, "tstamp": 0.9300599186464792, "transferred": 0, "dist": 0.05654105087572036, "_child0": {"label": 4, "event": "S", "reconc": 2, "tstamp": 0.5565268345841532, "transferred": 0, "dist": 0.515001588949044, "_child0": {"label": 10, "event": "S", "reconc": 5, "tstamp": 0.33281369147634854, "transferred": 0, "dist": 0.36453843080269255, "_child0": {"label": 19, "event": "S", "reconc": 8, "tstamp": 0.2534436204690151, "transferred": 0, "dist": 0.12675366698808732, "_child0": {"label": 21, "event": "S", "reconc": 11, "tstamp": 0.12519915735515416, "transferred": 0, "dist": 0.1835851883442481, "_child0": {"label": 25, "event": "S", "reconc": 15, "tstamp": 0.0, "transferred": 0, "dist": 0.16950783673909908}, "_child1": {"label": 26, "event": "S", "reconc": 14, "tstamp": 0.0, "transferred": 0, "dist": 0.15579604309392428}, "_child2": {"label": 27, "event": "S", "reconc": 12, "tstamp": 0.0, "transferred": 0, "dist": 0.1479486815816009}}, "_child1": {"label": 22, "event": "S", "reconc": 10, "tstamp": 0.0, "transferred": 0, "dist": 0.43901518187433936}}, "_child1": {"label": 18, "event": "S", "reconc": 9, "tstamp": 0.0, "transferred": 0, "dist": 0.5407106618298165}, "_child2": {"label": 20, "event": "S", "reconc": 6, "tstamp": 0.0, "transferred": 0, "dist": 0.5538604396075322}}, "_child1": {"label": 11, "event": "D", "reconc": [2, 4], "tstamp": 0.05614797898909099, "transferred": 0, "dist": 0.7924970366598044, "_child0": {"label": 31, "event": "H", "reconc": [2, 4], "tstamp": 0.03795644266169395, "transferred": 0, "dist": 0.02881164635665233, "_child0": {"label": 33, "event": "S", "reconc": 10, "tstamp": 0.0, "transferred": 1, "dist": 0.07145539715243472}, "_child1": {"label": 32, "event": "S", "reconc": 4, "tstamp": 0.0, "transferred": 0, "dist": 0.060115186713411296}}, "_child1": {"label": 30, "event": "S", "reconc": 4, "tstamp": 0.0, "transferred": 0, "dist": 0.09496681638471112}}}, "_child1": {"label": 17, "event": "S", "reconc": 3, "tstamp": 0.0, "transferred": 0, "dist": 1.4054848813639724}}, "_child1": {"label": 3, "event": "S", "reconc": 1, "tstamp": 0.9300599186464792, "transferred": 0, "dist": 0.05654105087572036, "_child0": {"label": 6, "event": "H", "reconc": [1, 2], "tstamp": 0.9207640793905161, "transferred": 0, "dist": 0.01281646041997475, "_child0": {"label": 13, "event": "H", "reconc": [2, 4], "tstamp": 0.08212435081644012, "transferred": 0, "dist": 1.2535409429606368, "_child0": {"label": 29, "event": "S", "reconc": 14, "tstamp": 0.0, "transferred": 1, "dist": 0.10264274520856818}, "_child1": {"label": 28, "event": "S", "reconc": 4, "tstamp": 0.0, "transferred": 0, "dist": 0.13006805529830073}}, "_child1": {"label": 9, "event": "H", "reconc": [1, 3], "tstamp": 0.20523935336438376, "transferred": 1, "dist": 0.8811519229918002, "_child0": {"label": 24, "event": "S", "reconc": 9, "tstamp": 0.0, "transferred": 1, "dist": 1.2424924129088208}, "_child1": {"label": 23, "event": "S", "reconc": 3, "tstamp": 0.0, "transferred": 0, "dist": 0.25274745136342847}}}, "_child1": {"label": 7, "event": "S", "reconc": 3, "tstamp": 0.0, "transferred": 0, "dist": 1.1193864739099595}}}