{"label": 1, "event": "S", "reconc": 1, "tstamp": 0.8253523568312837, "transferred": 0, "dist": 0.0, "_child0": {"label": 2, "event": "S", "reconc": 2, "tstamp": 0.6599869909184073, "transferred": 0, "dist": 0.17903536768964431, "_child0": {"label": 4, "event": "S", "reconc": 5, "tstamp": 0.616923796449952, "transferred": 0, "dist": 0.044424384011767196, "_child0": {"label": 12, "event": "S", "reconc": 6, "tstamp": 0.0, "transferred": 0, "dist": 0.5821961834337004}, "_child1": {"label": 7, "event": "D", "reconc": [5, 7], "tstamp": 0.45979219733669174, "transferred": 0, "dist": 0.17607571893296742, "_child0": {"label": 15, "event": "S", "reconc": 7, "tstamp": 0.44853175994804334, "transferred": 0, "dist": 0.014949541753261594, "_child0": {"label": 17, "event": "S", "reconc": 8, "tstamp": 0.3221317010683506, "transferred": 0, "dist": 0.3032319453524996, "_child0": {"label": 25, "event": "S", "reconc": 13, "tstamp": 0.25076548754323275, "transferred": 0, "dist": 0.1309942285682523, "_child0": {"label": 29, "event": "S", "reconc": 15, "tstamp": 0.23130006150420432, "transferred": 0, "dist": 0.022642789969574893, "_child0": {"label": 42, "event": "S", "reconc": 12, "tstamp": 0.0, "transferred": 1, "dist": 0.7243910080119014}, "_child1": {"label": 33, "event": "S", "reconc": 16, "tstamp": 0.0, "transferred": 0, "dist": 0.5136523809984084}}, "_child1": {"label": 30, "event": "S", "reconc": 14, "tstamp": 0.21624587330761297, "transferred": 0, "dist": 0.07516176784147519, "_child0": {"label": 37, "event": "S", "reconc": 19, "tstamp": 0.07972680660868658, "transferred": 0, "dist": 0.3037641350393639, "_child0": {"label": 47, "event": "S", "reconc": 25, "tstamp": 0.02721748175335647, "transferred": 0, "dist": 0.13021629719766933, "_child0": {"label": 55, "event": "S", "reconc": 26, "tstamp": 0.0005238249827090053, "transferred": 0, "dist": 0.040004506479212346, "_child0": {"label": 59, "event": "S", "reconc": 28, "tstamp": 0.0, "transferred": 0, "dist": 0.0010429864308323725}, "_child1": {"label": 60, "event": "S", "reconc": 29, "tstamp": 0.0, "transferred": 0, "dist": 0.0008506950501443967}}, "_child1": {"label": 56, "event": "S", "reconc": 27, "tstamp": 0.0, "transferred": 0, "dist": 0.0725226492176774}}, "_child1": {"label": 48, "event": "S", "reconc": 24, "tstamp": 0.0, "transferred": 0, "dist": 0.09839162706105116}}, "_child1": {"label": 38, "event": "S", "reconc": 18, "tstamp": 0.0, "transferred": 0, "dist": 0.6541853697013755}}}, "_child1": {"label": 26, "event": "D", "reconc": [8, 12], "tstamp": 0.04455434277379686, "transferred": 0, "dist": 0.26820939878604344, "_child0": {"label": 53, "event": "S", "reconc": 12, "tstamp": 0.0, "transferred": 0, "dist": 0.052872614696314144}, "_child1": {"label": 54, "event": "S", "reconc": 12, "tstamp": 0.0, "transferred": 0, "dist": 0.09750709693998166}}}, "_child1": {"label": 20, "event": "D", "reconc": [7, 22], "tstamp": 0.14713813857667907, "transferred": 0, "dist": 0.35048440175528445, "_child0": {"label": 43, "event": "S", "reconc": 22, "tstamp": 0.0, "transferred": 0, "dist": 0.2593444962782942}, "_child1": {"label": 44, "event": "S", "reconc": 22, "tstamp": 0.0, "transferred": 0, "dist": 0.3056797866365979}}, "_child2": {"label": 18, "event": "S", "reconc": 20, "tstamp": 0.0, "transferred": 0, "dist": 1.5229431921267609}, "_child3": {"label": 19, "event": "S", "reconc": 23, "tstamp": 0.0, "transferred": 0, "dist": 1.0020826073775537}}, "_child1": {"label": 16, "event": "S", "reconc": 7, "tstamp": 0.44853175994804334, "transferred": 0, "dist": 0.022191318193524337, "_child0": {"label": 21, "event": "S", "reconc": 8, "tstamp": 0.3221317010683506, "transferred": 0, "dist": 0.25596412469320007, "_child0": {"label": 27, "event": "S", "reconc": 13, "tstamp": 0.25076548754323275, "transferred": 0, "dist": 0.07123898638622747, "_child0": {"label": 31, "event": "S", "reconc": 15, "tstamp": 0.23130006150420432, "transferred": 0, "dist": 0.0377905244160866, "_child0": {"label": 35, "event": "S", "reconc": 16, "tstamp": 0.0, "transferred": 0, "dist": 0.2781437627905879}, "_child1": {"label": 36, "event": "S", "reconc": 17, "tstamp": 0.0, "transferred": 0, "dist": 0.40034828892223395}}, "_child1": {"label": 32, "event": "S", "reconc": 14, "tstamp": 0.21624587330761297, "transferred": 0, "dist": 0.046306174779814815, "_child0": {"label": 39, "event": "S", "reconc": 19, "tstamp": 0.07972680660868658, "transferred": 0, "dist": 0.3475965348364591, "_child0": {"label": 49, "event": "S", "reconc": 25, "tstamp": 0.02721748175335647, "transferred": 0, "dist": 0.1761167395118352, "_child0": {"label": 57, "event": "S", "reconc": 26, "tstamp": 0.0005238249827090053, "transferred": 0, "dist": 0.0435879572268419, "_child0": {"label": 61, "event": "S", "reconc": 28, "tstamp": 0.0, "transferred": 0, "dist": 0.002418707970084002}, "_child1": {"label": 62, "event": "S", "reconc": 29, "tstamp": 0.0, "transferred": 0, "dist": 0.0019353629552484833}}, "_child1": {"label": 58, "event": "S", "reconc": 27, "tstamp": 0.0, "transferred": 0, "dist": 0.04054077412370289}}, "_child1": {"label": 50, "event": "S", "reconc": 24, "tstamp": 0.0, "transferred": 0, "dist": 0.4679129505430646}}, "_child1": {"label": 40, "event": "D", "reconc": [14, 18], "tstamp": 0.0787916016795488, "transferred": 0, "dist": 0.18304902920564442, "_child0": {"label": 51, "event": "S", "reconc": 18, "tstamp": 0.0, "transferred": 0, "dist": 0.10538735013379996}, "_child1": {"label": 52, "event": "S", "reconc": 18, "tstamp": 0.0, "transferred": 0, "dist": 0.29014051850165223}}}}, "_child1": {"label": 28, "event": "S", "reconc": 12, "tstamp": 0.0, "transferred": 0, "dist": 0.3470512648322075}}, "_child1": {"label": 23, "event": "D", "reconc": [7, 23], "tstamp": 0.08774505144232997, "transferred": 0, "dist": 0.5246108175293888, "_child0": {"label": 45, "event": "S", "reconc": 23, "tstamp": 0.0, "transferred": 0, "dist": 0.11315187834674108}, "_child1": {"label": 46, "event": "S", "reconc": 23, "tstamp": 0.0, "transferred": 0, "dist": 0.262160790949776}}, "_child2": {"label": 22, "event": "S", "reconc": 20, "tstamp": 0.0, "transferred": 0, "dist": 1.9391105391876449}, "_child3": {"label": 24, "event": "S", "reconc": 22, "tstamp": 0.0, "transferred": 0, "dist": 0.7927983416471845}}}}, "_child1": {"label": 9, "event": "D", "reconc": [2, 10], "tstamp": 0.5027601898640258, "transferred": 0, "dist": 0.49354395773617193, "_child0": {"label": 13, "event": "S", "reconc": 10, "tstamp": 0.0, "transferred": 0, "dist": 0.6499044855033059}, "_child1": {"label": 14, "event": "S", "reconc": 10, "tstamp": 0.0, "transferred": 0, "dist": 0.8186821875326743}}}, "_child1": {"label": 3, "event": "S", "reconc": 3, "tstamp": 0.0, "transferred": 0, "dist": 0.8246027215709835}}