{"label": 0, "event": null, "tstamp": 1.0, "dist": 0.0, "_child0": {"label": 1, "event": "S", "tstamp": 0.908316869732537, "dist": 0.091683130267463, "_child0": {"label": 4, "event": "S", "tstamp": 0.030503728991194388, "dist": 0.8778131407413426, "_child0": {"label": 24, "event": "S", "tstamp": 0.0, "dist": 0.030503728991194388}, "_child1": {"label": 25, "event": "S", "tstamp": 0.0, "dist": 0.030503728991194388}}, "_child1": {"label": 5, "event": "S", "tstamp": 0.7412638788773425, "dist": 0.16705299085519454, "_child0": {"label": 6, "event": "S", "tstamp": 0.459781080687214, "dist": 0.28148279819012845, "_child0": {"label": 14, "event": "S", "tstamp": 0.1352158673977364, "dist": 0.3245652132894776, "_child0": {"label": 18, "event": "S", "tstamp": 0.0, "dist": 0.1352158673977364}, "_child1": {"label": 19, "event": "S", "tstamp": 0.0, "dist": 0.1352158673977364}}, "_child1": {"label": 15, "event": "S", "tstamp": 0.14658602647086408, "dist": 0.31319505421634997, "_child0": {"label": 20, "event": "S", "tstamp": 0.0, "dist": 0.14658602647086408}, "_child1": {"label": 21, "event": "S", "tstamp": 0.10675557183307854, "dist": 0.039830454637785534, "_child0": {"label": 22, "event": "S", "tstamp": 0.0, "dist": 0.10675557183307854}, "_child1": {"label": 23, "event": "S", "tstamp": 0.0, "dist": 0.10675557183307854}}, "_child2": {"label": 16, "event": "S", "tstamp": 0.0, "dist": 0.14658602647086408}}, "_child2": {"label": 12, "event": "S", "tstamp": 0.0, "dist": 0.459781080687214}}, "_child1": {"label": 7, "event": "S", "tstamp": 0.0, "dist": 0.7412638788773425}}, "_child2": {"label": 2, "event": "S", "tstamp": 0.5379626096673074, "dist": 0.37035426006522965, "_child0": {"label": 8, "event": "S", "tstamp": 0.4750590183632375, "dist": 0.06290359130406986, "_child0": {"label": 10, "event": "S", "tstamp": 0.0, "dist": 0.4750590183632375}, "_child1": {"label": 11, "event": "S", "tstamp": 0.0, "dist": 0.4750590183632375}}, "_child1": {"label": 9, "event": "S", "tstamp": 0.0, "dist": 0.5379626096673074}}}}