{"label": 2, "event": "S", "reconc": 2, "tstamp": 0.7401019988460876, "transferred": 0, "dist": 0.0, "_child0": {"label": 4, "event": "S", "reconc": 5, "tstamp": 0.6764256276867848, "transferred": 0, "dist": 0.04107671251148831, "_child0": {"label": 7, "event": "D", "reconc": [5, 10], "tstamp": 0.5087472868453478, "transferred": 0, "dist": 0.09261096608927306, "_child0": {"label": 20, "event": "S", "reconc": 10, "tstamp": 0.0, "transferred": 0, "dist": 0.2809878574275639}, "_child1": {"label": 21, "event": "S", "reconc": 10, "tstamp": 0.0, "transferred": 0, "dist": 0.2809878574275639}}, "_child1": {"label": 25, "event": "S", "reconc": 9, "tstamp": 0.0, "transferred": 0, "dist": 0.38406105290143877}, "_child2": {"label": 8, "event": "S", "reconc": 13, "tstamp": 0.20839925878935608, "transferred": 0, "dist": 0.3399286668267589, "_child0": {"label": 29, "event": "D", "reconc": [13, 17], "tstamp": 0.08734290047485263, "transferred": 0, "dist": 0.10663974621910824, "_child0": {"label": 50, "event": "D", "reconc": [13, 17], "tstamp": 0.05980643676519361, "transferred": 0, "dist": 0.02425714388451011, "_child0": {"label": 53, "event": "D", "reconc": [13, 17], "tstamp": 0.018000742318379736, "transferred": 0, "dist": 0.03682705070922073, "_child0": {"label": 56, "event": "S", "reconc": 17, "tstamp": 0.0, "transferred": 0, "dist": 0.07306470357953142}, "_child1": {"label": 57, "event": "S", "reconc": 17, "tstamp": 0.0, "transferred": 0, "dist": 0.015857032371653586}}, "_child1": {"label": 52, "event": "S", "reconc": 17, "tstamp": 0.0, "transferred": 0, "dist": 0.05268408308087432}}, "_child1": {"label": 51, "event": "S", "reconc": 17, "tstamp": 0.0, "transferred": 0, "dist": 0.08166935461885237}}, "_child1": {"label": 28, "event": "D", "reconc": [13, 16], "tstamp": 0.019828576197623494, "transferred": 0, "dist": 0.1655279460494588, "_child0": {"label": 54, "event": "S", "reconc": 16, "tstamp": 0.0, "transferred": 0, "dist": 0.017405587368975795}, "_child1": {"label": 55, "event": "S", "reconc": 16, "tstamp": 0.0, "transferred": 0, "dist": 0.06330742680498798}}}, "_child3": {"label": 9, "event": "S", "reconc": 14, "tstamp": 0.0, "transferred": 0, "dist": 0.3579218278777975}}, "_child1": {"label": 5, "event": "D", "reconc": [2, 4], "tstamp": 0.6501581659393327, "transferred": 0, "dist": 0.07128205221053836, "_child0": {"label": 15, "event": "D", "reconc": [2, 4], "tstamp": 0.2637523904717577, "transferred": 0, "dist": 0.3613744704322108, "_child0": {"label": 26, "event": "S", "reconc": 4, "tstamp": 0.13545835665910944, "transferred": 0, "dist": 0.6002198441707539, "_child0": {"label": 36, "event": "S", "reconc": 18, "tstamp": 0.10682439469971618, "transferred": 0, "dist": 0.029866645476021487, "_child0": {"label": 46, "event": "S", "reconc": 20, "tstamp": 0.0, "transferred": 0, "dist": 0.11454641933938763}, "_child1": {"label": 47, "event": "S", "reconc": 21, "tstamp": 0.0, "transferred": 0, "dist": 0.10527449441269415}}, "_child1": {"label": 37, "event": "S", "reconc": 19, "tstamp": 0.0, "transferred": 0, "dist": 0.8808617306031067}}, "_child1": {"label": 27, "event": "S", "reconc": 4, "tstamp": 0.13545835665910944, "transferred": 0, "dist": 0.49576429640790964, "_child0": {"label": 38, "event": "S", "reconc": 18, "tstamp": 0.10682439469971618, "transferred": 0, "dist": 0.050895439425932366, "_child0": {"label": 48, "event": "S", "reconc": 20, "tstamp": 0.0, "transferred": 0, "dist": 0.10205349863031478}, "_child1": {"label": 49, "event": "S", "reconc": 21, "tstamp": 0.0, "transferred": 0, "dist": 0.43021774730397}}, "_child1": {"label": 39, "event": "S", "reconc": 19, "tstamp": 0.0, "transferred": 0, "dist": 0.1373232906027065}}}, "_child1": {"label": 12, "event": "D", "reconc": [2, 4], "tstamp": 0.6105503825677279, "transferred": 0, "dist": 0.0407201715411505, "_child0": {"label": 16, "event": "D", "reconc": [2, 4], "tstamp": 0.5532768745646458, "transferred": 0, "dist": 0.06324748673540065, "_child0": {"label": 18, "event": "S", "reconc": 4, "tstamp": 0.13545835665910944, "transferred": 0, "dist": 0.5337456948857837, "_child0": {"label": 30, "event": "S", "reconc": 18, "tstamp": 0.10682439469971618, "transferred": 0, "dist": 0.0331728284693891, "_child0": {"label": 40, "event": "S", "reconc": 20, "tstamp": 0.0, "transferred": 0, "dist": 0.10087863914749699}, "_child1": {"label": 41, "event": "S", "reconc": 21, "tstamp": 0.0, "transferred": 0, "dist": 0.11567919343293633}}, "_child1": {"label": 31, "event": "S", "reconc": 19, "tstamp": 0.0, "transferred": 0, "dist": 0.19496474144877154}}, "_child1": {"label": 19, "event": "S", "reconc": 4, "tstamp": 0.13545835665910944, "transferred": 0, "dist": 0.33178627457637994, "_child0": {"label": 32, "event": "S", "reconc": 18, "tstamp": 0.10682439469971618, "transferred": 0, "dist": 0.03376757681763355, "_child0": {"label": 42, "event": "S", "reconc": 20, "tstamp": 0.0, "transferred": 0, "dist": 0.2810327803806456}, "_child1": {"label": 43, "event": "S", "reconc": 21, "tstamp": 0.0, "transferred": 0, "dist": 0.305838491688942}}, "_child1": {"label": 33, "event": "S", "reconc": 19, "tstamp": 0.0, "transferred": 0, "dist": 0.2584130902748037}}}, "_child1": {"label": 23, "event": "S", "reconc": 4, "tstamp": 0.13545835665910944, "transferred": 0, "dist": 1.6425124016233872, "_child0": {"label": 34, "event": "S", "reconc": 18, "tstamp": 0.10682439469971618, "transferred": 0, "dist": 0.025705756525896167, "_child0": {"label": 44, "event": "S", "reconc": 20, "tstamp": 0.0, "transferred": 0, "dist": 0.10128492212816165}, "_child1": {"label": 45, "event": "S", "reconc": 21, "tstamp": 0.0, "transferred": 0, "dist": 0.08928428162516408}}, "_child1": {"label": 35, "event": "S", "reconc": 19, "tstamp": 0.0, "transferred": 0, "dist": 0.16880217261320213}}}}}