{"label": 0, "event": null, "tstamp": 1.0, "dist": 0.0, "_child0": {"label": 1, "event": "S", "tstamp": 0.4923618245071168, "dist": 0.5076381754928831, "_child0": {"label": 5, "event": "S", "tstamp": 0.37497341310876287, "dist": 0.11738841139835393, "_child0": {"label": 11, "event": "S", "tstamp": 0.12968102179287913, "dist": 0.24529239131588373, "_child0": {"label": 15, "event": "S", "tstamp": 0.0, "dist": 0.12968102179287913}, "_child1": {"label": 14, "event": "S", "tstamp": 0.0, "dist": 0.12968102179287913}, "_child2": {"label": 13, "event": "S", "tstamp": 0.0, "dist": 0.12968102179287913}}, "_child1": {"label": 10, "event": "S", "tstamp": 0.0, "dist": 0.37497341310876287}}, "_child1": {"label": 7, "event": "S", "tstamp": 0.0, "dist": 0.4923618245071168}, "_child2": {"label": 9, "event": "S", "tstamp": 0.0, "dist": 0.4923618245071168}, "_child3": {"label": 8, "event": "S", "tstamp": 0.0, "dist": 0.4923618245071168}, "_child4": {"label": 3, "event": "S", "tstamp": 0.0, "dist": 0.4923618245071168}}}