{"label": 0, "event": null, "tstamp": 1.0, "dist": 0.0, "_child0": {"label": 1, "event": "S", "tstamp": 0.9321851096744113, "dist": 0.06781489032558874, "_child0": {"label": 2, "event": "S", "tstamp": 0.8573606900387819, "dist": 0.07482441963562936, "_child0": {"label": 15, "event": "S", "tstamp": 0.0, "dist": 0.8573606900387819}, "_child1": {"label": 14, "event": "S", "tstamp": 0.0, "dist": 0.8573606900387819}, "_child2": {"label": 5, "event": "S", "tstamp": 0.0, "dist": 0.8573606900387819}}, "_child1": {"label": 3, "event": "S", "tstamp": 0.8331306121048334, "dist": 0.09905449756957785, "_child0": {"label": 7, "event": "S", "tstamp": 0.7932459047189814, "dist": 0.039884707385852036, "_child0": {"label": 9, "event": "S", "tstamp": 0.47692412668943046, "dist": 0.3163217780295509, "_child0": {"label": 19, "event": "S", "tstamp": 0.0, "dist": 0.47692412668943046}, "_child1": {"label": 18, "event": "S", "tstamp": 0.0, "dist": 0.47692412668943046}, "_child2": {"label": 16, "event": "S", "tstamp": 0.0, "dist": 0.47692412668943046}}, "_child1": {"label": 8, "event": "S", "tstamp": 0.0, "dist": 0.7932459047189814}}, "_child1": {"label": 6, "event": "S", "tstamp": 0.7203134906648853, "dist": 0.11281712143994815, "_child0": {"label": 11, "event": "S", "tstamp": 0.6614995561168612, "dist": 0.05881393454802408, "_child0": {"label": 29, "event": "S", "tstamp": 0.0, "dist": 0.6614995561168612}, "_child1": {"label": 28, "event": "S", "tstamp": 0.0, "dist": 0.6614995561168612}, "_child2": {"label": 12, "event": "S", "tstamp": 0.0, "dist": 0.6614995561168612}}, "_child1": {"label": 10, "event": "S", "tstamp": 0.39226874697962777, "dist": 0.3280447436852575, "_child0": {"label": 21, "event": "S", "tstamp": 0.19415594502848635, "dist": 0.19811280195114142, "_child0": {"label": 24, "event": "S", "tstamp": 0.0, "dist": 0.19415594502848635}, "_child1": {"label": 27, "event": "S", "tstamp": 0.0, "dist": 0.19415594502848635}, "_child2": {"label": 26, "event": "S", "tstamp": 0.0, "dist": 0.19415594502848635}, "_child3": {"label": 22, "event": "S", "tstamp": 0.0, "dist": 0.19415594502848635}}, "_child1": {"label": 20, "event": "S", "tstamp": 0.0, "dist": 0.39226874697962777}}}}}}