{"label": 1, "event": "S", "reconc": 1, "tstamp": 0.9321851096744113, "transferred": 0, "dist": 0.0, "_child0": {"label": 2, "event": "S", "reconc": 2, "tstamp": 0.8573606900387819, "transferred": 0, "dist": 0.06721889508867823, "_child0": {"label": 4, "event": "H", "reconc": [2, 15], "tstamp": 0.35496461815067953, "transferred": 0, "dist": 0.4516065089805445, "_child0": {"label": 31, "event": "H", "reconc": [10, 21], "tstamp": 0.24498391582526785, "transferred": 1, "dist": 0.15097940154216097, "_child0": {"label": 35, "event": "D", "reconc": [11, 29], "tstamp": 0.20910764473589888, "transferred": 1, "dist": 0.06823353891938842, "_child0": {"label": 36, "event": "H", "reconc": [11, 29], "tstamp": 0.1695132005897246, "transferred": 0, "dist": 0.07256154369141175, "_child0": {"label": 52, "event": "S", "reconc": 29, "tstamp": 0.0, "transferred": 0, "dist": 0.31065316804177995}, "_child1": {"label": 53, "event": "S", "reconc": 20, "tstamp": 0.0, "transferred": 1, "dist": 0.12443317854792318}}, "_child1": {"label": 37, "event": "S", "reconc": 29, "tstamp": 0.0, "transferred": 0, "dist": 0.449478958638389}}, "_child1": {"label": 34, "event": "S", "reconc": 21, "tstamp": 0.19415594502848635, "transferred": 0, "dist": 0.0625723113708212, "_child0": {"label": 46, "event": "S", "reconc": 24, "tstamp": 0.0, "transferred": 0, "dist": 0.5761757109356636}, "_child1": {"label": 47, "event": "S", "reconc": 27, "tstamp": 0.0, "transferred": 0, "dist": 0.8168396605324887}, "_child2": {"label": 48, "event": "S", "reconc": 26, "tstamp": 0.0, "transferred": 0, "dist": 0.2072317867084907}, "_child3": {"label": 49, "event": "S", "reconc": 22, "tstamp": 0.0, "transferred": 0, "dist": 1.3768770276969906}}}, "_child1": {"label": 24, "event": "S", "reconc": 15, "tstamp": 0.0, "transferred": 0, "dist": 0.319079588763872}}, "_child1": {"label": 5, "event": "D", "reconc": [2, 14], "tstamp": 0.34974213883165406, "transferred": 0, "dist": 0.3292254542955912, "_child0": {"label": 26, "event": "S", "reconc": 14, "tstamp": 0.0, "transferred": 0, "dist": 0.329914131868644}, "_child1": {"label": 27, "event": "S", "reconc": 14, "tstamp": 0.0, "transferred": 0, "dist": 0.24454869599562884}}, "_child2": {"label": 6, "event": "H", "reconc": [2, 5], "tstamp": 0.26320206062650675, "transferred": 0, "dist": 0.49778635924697745, "_child0": {"label": 32, "event": "S", "reconc": 5, "tstamp": 0.0, "transferred": 0, "dist": 0.22051080135816709}, "_child1": {"label": 33, "event": "S", "reconc": 8, "tstamp": 0.0, "transferred": 1, "dist": 0.39310180252219395}}}, "_child1": {"label": 3, "event": "S", "reconc": 3, "tstamp": 0.8331306121048334, "transferred": 0, "dist": 0.09919632264893542, "_child0": {"label": 7, "event": "S", "reconc": 7, "tstamp": 0.7932459047189814, "transferred": 0, "dist": 0.042965692498662444, "_child0": {"label": 9, "event": "H", "reconc": [7, 9], "tstamp": 0.6127760766950674, "transferred": 0, "dist": 0.19517351529071966, "_child0": {"label": 15, "event": "S", "reconc": 9, "tstamp": 0.47692412668943046, "transferred": 0, "dist": 0.1469204183991676, "_child0": {"label": 18, "event": "H", "reconc": [9, 18], "tstamp": 0.31226278565425075, "transferred": 0, "dist": 0.1566667445644001, "_child0": {"label": 28, "event": "S", "reconc": 18, "tstamp": 0.0, "transferred": 0, "dist": 0.2971018805598733}, "_child1": {"label": 29, "event": "S", "reconc": 29, "tstamp": 0.0, "transferred": 1, "dist": 0.5038357786857213}}, "_child1": {"label": 17, "event": "S", "reconc": 19, "tstamp": 0.0, "transferred": 0, "dist": 0.4251523247943679}, "_child2": {"label": 19, "event": "S", "reconc": 16, "tstamp": 0.0, "transferred": 0, "dist": 0.34886580479000284}}, "_child1": {"label": 16, "event": "S", "reconc": 10, "tstamp": 0.39226874697962777, "transferred": 1, "dist": 0.7978398845400092, "_child0": {"label": 22, "event": "S", "reconc": 21, "tstamp": 0.19415594502848635, "transferred": 0, "dist": 0.1440985126183316, "_child0": {"label": 44, "event": "D", "reconc": [21, 26], "tstamp": 0.17746703326852634, "transferred": 0, "dist": 0.031168867220290667, "_child0": {"label": 50, "event": "S", "reconc": 26, "tstamp": 0.0, "transferred": 0, "dist": 0.15645340924843368}, "_child1": {"label": 51, "event": "S", "reconc": 26, "tstamp": 0.0, "transferred": 0, "dist": 0.41960644658471374}}, "_child1": {"label": 42, "event": "S", "reconc": 24, "tstamp": 0.0, "transferred": 0, "dist": 0.16913738091004243}, "_child2": {"label": 43, "event": "S", "reconc": 27, "tstamp": 0.0, "transferred": 0, "dist": 0.1520399308024266}, "_child3": {"label": 45, "event": "S", "reconc": 22, "tstamp": 0.0, "transferred": 0, "dist": 0.16109106776044332}}, "_child1": {"label": 23, "event": "S", "reconc": 20, "tstamp": 0.0, "transferred": 0, "dist": 0.3441383785051294}}}, "_child1": {"label": 10, "event": "D", "reconc": [7, 8], "tstamp": 0.061747347424292436, "transferred": 0, "dist": 0.8702797664729952, "_child0": {"label": 54, "event": "S", "reconc": 8, "tstamp": 0.0, "transferred": 0, "dist": 0.0734621641572037}, "_child1": {"label": 55, "event": "S", "reconc": 8, "tstamp": 0.0, "transferred": 0, "dist": 0.11918229489567957}}}, "_child1": {"label": 12, "event": "H", "reconc": [6, 10], "tstamp": 0.7034043015752833, "transferred": 0, "dist": 0.13876178203608072, "_child0": {"label": 20, "event": "S", "reconc": 21, "tstamp": 0.19415594502848635, "transferred": 0, "dist": 0.43574462383615675, "_child0": {"label": 41, "event": "D", "reconc": [21, 22], "tstamp": 0.029519351194093324, "transferred": 0, "dist": 0.09708421588297292, "_child0": {"label": 56, "event": "S", "reconc": 22, "tstamp": 0.0, "transferred": 0, "dist": 0.017407205757277788}, "_child1": {"label": 57, "event": "S", "reconc": 22, "tstamp": 0.0, "transferred": 0, "dist": 0.017407205757277788}}, "_child1": {"label": 38, "event": "S", "reconc": 24, "tstamp": 0.0, "transferred": 0, "dist": 0.14397851538119671}, "_child2": {"label": 39, "event": "S", "reconc": 27, "tstamp": 0.0, "transferred": 0, "dist": 0.15185753082946415}, "_child3": {"label": 40, "event": "S", "reconc": 26, "tstamp": 0.0, "transferred": 0, "dist": 0.16978069744028537}}, "_child1": {"label": 14, "event": "S", "reconc": 8, "tstamp": 0.0, "transferred": 1, "dist": 1.8440764451398566}}}}