{"label": 1, "event": "S", "reconc": 1, "tstamp": 0.695430020090285, "transferred": 0, "dist": 0.0, "_child0": {"label": 3, "event": "H", "reconc": [1, 3], "tstamp": 0.653577888645552, "transferred": 0, "dist": 0.035408079880623826, "_child0": {"label": 4, "event": "H", "reconc": [1, 3], "tstamp": 0.6305495622321418, "transferred": 0, "dist": 0.019482611590280773, "_child0": {"label": 13, "event": "S", "reconc": 5, "tstamp": 0.0, "transferred": 1, "dist": 1.8898056713885967}, "_child1": {"label": 6, "event": "S", "reconc": 3, "tstamp": 0.2065787383426883, "transferred": 0, "dist": 0.3586912370079755, "_child0": {"label": 14, "event": "D", "reconc": [3, 7], "tstamp": 0.2050024256150707, "transferred": 0, "dist": 0.0012215415111218905, "_child0": {"label": 16, "event": "S", "reconc": 7, "tstamp": 0.021100557244661373, "transferred": 0, "dist": 0.14251218191129475, "_child0": {"label": 20, "event": "S", "reconc": 8, "tstamp": 0.0, "transferred": 0, "dist": 0.01666196387586448}, "_child1": {"label": 21, "event": "S", "reconc": 9, "tstamp": 0.0, "transferred": 0, "dist": 0.016092487633702836}}, "_child1": {"label": 17, "event": "S", "reconc": 7, "tstamp": 0.021100557244661373, "transferred": 0, "dist": 0.14251218191129475, "_child0": {"label": 22, "event": "S", "reconc": 8, "tstamp": 0.0, "transferred": 0, "dist": 0.01666196387586448}, "_child1": {"label": 23, "event": "S", "reconc": 9, "tstamp": 0.0, "transferred": 0, "dist": 0.016092487633702836}}}, "_child1": {"label": 15, "event": "S", "reconc": 6, "tstamp": 0.0, "transferred": 0, "dist": 0.15559632096932435}}}, "_child1": {"label": 5, "event": "S", "reconc": 2, "tstamp": 0.22402808833176122, "transferred": 1, "dist": 0.4622456649432586, "_child0": {"label": 19, "event": "S", "reconc": 5, "tstamp": 0.0, "transferred": 1, "dist": 0.1657406093686548}, "_child1": {"label": 11, "event": "S", "reconc": 5, "tstamp": 0.0, "transferred": 0, "dist": 0.36528431088319535}}}, "_child1": {"label": 2, "event": "S", "reconc": 2, "tstamp": 0.22402808833176122, "transferred": 0, "dist": 0.4139337257938131, "_child0": {"label": 8, "event": "S", "reconc": 4, "tstamp": 0.0, "transferred": 0, "dist": 0.19224418580406044}, "_child1": {"label": 9, "event": "S", "reconc": 5, "tstamp": 0.0, "transferred": 0, "dist": 0.15334188940045068}}}