{"label": 1, "event": "S", "reconc": 1, "tstamp": 0.871793479505143, "transferred": 0, "dist": 0.0, "_child0": {"label": 3, "event": "D", "reconc": [1, 2], "tstamp": 0.8395085160864486, "transferred": 0, "dist": 0.029020643541350238, "_child0": {"label": 4, "event": "S", "reconc": 2, "tstamp": 0.0, "transferred": 0, "dist": 0.8139292007938201}, "_child1": {"label": 5, "event": "S", "reconc": 2, "tstamp": 0.0, "transferred": 0, "dist": 0.9426024221690321}}, "_child1": {"label": 2, "event": "S", "reconc": 3, "tstamp": 0.8258391257371694, "transferred": 0, "dist": 0.050451816836866725, "_child0": {"label": 8, "event": "S", "reconc": 5, "tstamp": 0.6618575404834892, "transferred": 0, "dist": 0.23692927635127203, "_child0": {"label": 12, "event": "D", "reconc": [5, 7], "tstamp": 0.3612711654804259, "transferred": 0, "dist": 0.6886584844367655, "_child0": {"label": 14, "event": "H", "reconc": [5, 7], "tstamp": 0.35626240552619576, "transferred": 0, "dist": 0.012592401524916651, "_child0": {"label": 17, "event": "S", "reconc": 4, "tstamp": 0.17547282435034767, "transferred": 1, "dist": 0.6021305063104887, "_child0": {"label": 26, "event": "S", "reconc": 17, "tstamp": 0.1633629691236691, "transferred": 0, "dist": 0.014920857754205395, "_child0": {"label": 37, "event": "H", "reconc": [17, 19], "tstamp": 0.0032022346164759293, "transferred": 0, "dist": 0.2622851485135718, "_child0": {"label": 44, "event": "S", "reconc": 19, "tstamp": 0.0, "transferred": 0, "dist": 0.005244097965347232}, "_child1": {"label": 45, "event": "S", "reconc": 2, "tstamp": 0.0, "transferred": 1, "dist": 0.00690572279689524}}, "_child1": {"label": 33, "event": "S", "reconc": 20, "tstamp": 0.0, "transferred": 0, "dist": 0.3210767961551114}, "_child2": {"label": 34, "event": "S", "reconc": 22, "tstamp": 0.0, "transferred": 0, "dist": 0.8953958301156322}, "_child3": {"label": 35, "event": "S", "reconc": 25, "tstamp": 0.0, "transferred": 0, "dist": 0.5594930038598142}, "_child4": {"label": 36, "event": "S", "reconc": 24, "tstamp": 0.0, "transferred": 0, "dist": 0.30541082794089275}}, "_child1": {"label": 27, "event": "H", "reconc": [4, 16], "tstamp": 0.04201588938961255, "transferred": 0, "dist": 0.1766911736183759, "_child0": {"label": 41, "event": "S", "reconc": 12, "tstamp": 0.0, "transferred": 1, "dist": 0.4947988884288046}, "_child1": {"label": 40, "event": "S", "reconc": 16, "tstamp": 0.0, "transferred": 0, "dist": 0.05562720894987364}}}, "_child1": {"label": 16, "event": "S", "reconc": 7, "tstamp": 0.0, "transferred": 0, "dist": 0.8956706449526902}}, "_child1": {"label": 15, "event": "H", "reconc": [5, 7], "tstamp": 0.1234502282316999, "transferred": 0, "dist": 0.5448597136559157, "_child0": {"label": 38, "event": "S", "reconc": 7, "tstamp": 0.0, "transferred": 0, "dist": 0.2828306741333464}, "_child1": {"label": 39, "event": "S", "reconc": 22, "tstamp": 0.0, "transferred": 1, "dist": 0.1927300862010953}}}, "_child1": {"label": 10, "event": "S", "reconc": 6, "tstamp": 0.3542958352244697, "transferred": 0, "dist": 0.43531010222457495, "_child0": {"label": 20, "event": "S", "reconc": 11, "tstamp": 0.3181470829157092, "transferred": 0, "dist": 0.04156184537002473, "_child0": {"label": 22, "event": "S", "reconc": 12, "tstamp": 0.0, "transferred": 0, "dist": 0.4724891498303227}, "_child1": {"label": 23, "event": "S", "reconc": 13, "tstamp": 0.0, "transferred": 0, "dist": 0.5899796965891932}}, "_child1": {"label": 19, "event": "H", "reconc": [6, 14], "tstamp": 0.017348538551510122, "transferred": 0, "dist": 0.44837853411402984, "_child0": {"label": 42, "event": "S", "reconc": 14, "tstamp": 0.0, "transferred": 0, "dist": 0.023085842686836708}, "_child1": {"label": 43, "event": "S", "reconc": 25, "tstamp": 0.0, "transferred": 1, "dist": 0.03662749902529331}}, "_child2": {"label": 18, "event": "S", "reconc": 15, "tstamp": 0.0, "transferred": 0, "dist": 0.32802292784510095}, "_child3": {"label": 21, "event": "S", "reconc": 8, "tstamp": 0.0, "transferred": 0, "dist": 0.4141067421007097}}}, "_child1": {"label": 7, "event": "S", "reconc": 4, "tstamp": 0.17547282435034767, "transferred": 0, "dist": 0.7720065418829564, "_child0": {"label": 24, "event": "S", "reconc": 17, "tstamp": 0.1633629691236691, "transferred": 0, "dist": 0.014369053275929269, "_child0": {"label": 28, "event": "S", "reconc": 20, "tstamp": 0.0, "transferred": 0, "dist": 0.16417311366230367}, "_child1": {"label": 29, "event": "S", "reconc": 22, "tstamp": 0.0, "transferred": 0, "dist": 0.21150698657817094}, "_child2": {"label": 30, "event": "S", "reconc": 25, "tstamp": 0.0, "transferred": 0, "dist": 0.21365841287775034}, "_child3": {"label": 31, "event": "S", "reconc": 24, "tstamp": 0.0, "transferred": 0, "dist": 0.243114272535239}, "_child4": {"label": 32, "event": "S", "reconc": 19, "tstamp": 0.0, "transferred": 0, "dist": 0.19820266588016283}}, "_child1": {"label": 25, "event": "S", "reconc": 16, "tstamp": 0.0, "transferred": 0, "dist": 0.2314290959458886}}}}