{"label": 1, "event": "S", "reconc": 1, "tstamp": 0.9844126373312793, "transferred": 0, "dist": 0.0, "_child0": {"label": 2, "event": "S", "reconc": 2, "tstamp": 0.7979540417423527, "transferred": 0, "dist": 0.21248441190386522, "_child0": {"label": 4, "event": "D", "reconc": [2, 4], "tstamp": 0.22859992605753562, "transferred": 0, "dist": 0.7562452890692947, "_child0": {"label": 33, "event": "D", "reconc": [2, 4], "tstamp": 0.15230627604664554, "transferred": 0, "dist": 0.10712142231311633, "_child0": {"label": 35, "event": "S", "reconc": 4, "tstamp": 0.0, "transferred": 0, "dist": 0.26334270127608334}, "_child1": {"label": 36, "event": "S", "reconc": 4, "tstamp": 0.0, "transferred": 0, "dist": 0.3710048637509507}}, "_child1": {"label": 34, "event": "S", "reconc": 4, "tstamp": 0.0, "transferred": 0, "dist": 0.3036381267827736}}, "_child1": {"label": 5, "event": "D", "reconc": [2, 5], "tstamp": 0.07249864383708458, "transferred": 0, "dist": 0.6313835668140662, "_child0": {"label": 45, "event": "S", "reconc": 5, "tstamp": 0.0, "transferred": 0, "dist": 0.06680080078644356}, "_child1": {"label": 46, "event": "S", "reconc": 5, "tstamp": 0.0, "transferred": 0, "dist": 0.07555030365059193}}}, "_child1": {"label": 3, "event": "S", "reconc": 3, "tstamp": 0.6485949683767921, "transferred": 0, "dist": 0.35468396359687643, "_child0": {"label": 6, "event": "S", "reconc": 7, "tstamp": 0.49249163927905376, "transferred": 0, "dist": 0.12985963898321987, "_child0": {"label": 9, "event": "D", "reconc": [7, 9], "tstamp": 0.4581597855075909, "transferred": 0, "dist": 0.021939492846050516, "_child0": {"label": 11, "event": "S", "reconc": 9, "tstamp": 0.44332553372997463, "transferred": 0, "dist": 0.029973809510912063, "_child0": {"label": 17, "event": "S", "reconc": 13, "tstamp": 0.2738405340128525, "transferred": 0, "dist": 0.2738544514022978, "_child0": {"label": 23, "event": "S", "reconc": 19, "tstamp": 0.2630873390261585, "transferred": 0, "dist": 0.009825890487067534, "_child0": {"label": 27, "event": "D", "reconc": [19, 20], "tstamp": 0.03235543295261936, "transferred": 0, "dist": 0.17633054613768964, "_child0": {"label": 49, "event": "S", "reconc": 20, "tstamp": 0.0, "transferred": 0, "dist": 0.09429789464876435}, "_child1": {"label": 50, "event": "S", "reconc": 20, "tstamp": 0.0, "transferred": 0, "dist": 0.02505057556748395}}, "_child1": {"label": 28, "event": "S", "reconc": 21, "tstamp": 0.0, "transferred": 0, "dist": 1.2818976164980513}}, "_child1": {"label": 24, "event": "S", "reconc": 18, "tstamp": 0.0, "transferred": 0, "dist": 0.2389238043309214}}, "_child1": {"label": 14, "event": "D", "reconc": [9, 10], "tstamp": 0.26140344911476576, "transferred": 0, "dist": 0.1655125494276538, "_child0": {"label": 31, "event": "S", "reconc": 10, "tstamp": 0.0, "transferred": 0, "dist": 0.24476676279698786}, "_child1": {"label": 32, "event": "S", "reconc": 10, "tstamp": 0.0, "transferred": 0, "dist": 0.21537707466133493}}}, "_child1": {"label": 12, "event": "S", "reconc": 9, "tstamp": 0.44332553372997463, "transferred": 0, "dist": 0.038184626237349, "_child0": {"label": 15, "event": "S", "reconc": 11, "tstamp": 0.3931366034449693, "transferred": 0, "dist": 0.03419941948113861, "_child0": {"label": 19, "event": "S", "reconc": 13, "tstamp": 0.2738405340128525, "transferred": 0, "dist": 0.23733778787710685, "_child0": {"label": 25, "event": "S", "reconc": 19, "tstamp": 0.2630873390261585, "transferred": 0, "dist": 0.008295377973609188, "_child0": {"label": 29, "event": "S", "reconc": 20, "tstamp": 0.0, "transferred": 0, "dist": 0.21809775217579538}, "_child1": {"label": 30, "event": "S", "reconc": 21, "tstamp": 0.0, "transferred": 0, "dist": 0.25596557178198037}}, "_child1": {"label": 26, "event": "H", "reconc": [13, 18], "tstamp": 0.08736134768660696, "transferred": 0, "dist": 0.5945660309400185, "_child0": {"label": 43, "event": "S", "reconc": 18, "tstamp": 0.0, "transferred": 0, "dist": 0.27854095019872144}, "_child1": {"label": 44, "event": "S", "reconc": 10, "tstamp": 0.0, "transferred": 1, "dist": 1.0477873915121523}}}, "_child1": {"label": 20, "event": "S", "reconc": 12, "tstamp": 0.0, "transferred": 0, "dist": 0.3749902754737758}}, "_child1": {"label": 16, "event": "S", "reconc": 10, "tstamp": 0.0, "transferred": 0, "dist": 1.3084819780629042}}}, "_child1": {"label": 10, "event": "S", "reconc": 8, "tstamp": 0.0, "transferred": 0, "dist": 0.29071378162650613}}, "_child1": {"label": 8, "event": "S", "reconc": 15, "tstamp": 0.2846636226766848, "transferred": 0, "dist": 0.40491860930657153, "_child0": {"label": 21, "event": "S", "reconc": 17, "tstamp": 0.12817081521948237, "transferred": 0, "dist": 0.17823406579211212, "_child0": {"label": 37, "event": "S", "reconc": 23, "tstamp": 0.11342609501292727, "transferred": 0, "dist": 0.01605556095246354, "_child0": {"label": 40, "event": "H", "reconc": [23, 25], "tstamp": 0.11036498332280098, "transferred": 0, "dist": 0.0033900650502345303, "_child0": {"label": 41, "event": "D", "reconc": [23, 25], "tstamp": 0.05020557902484036, "transferred": 0, "dist": 0.06662425765491459, "_child0": {"label": 47, "event": "S", "reconc": 25, "tstamp": 0.0, "transferred": 0, "dist": 0.055600773839087535}, "_child1": {"label": 48, "event": "S", "reconc": 25, "tstamp": 0.0, "transferred": 0, "dist": 0.2896473821709149}}, "_child1": {"label": 42, "event": "S", "reconc": 10, "tstamp": 0.0, "transferred": 1, "dist": 0.28938031204420606}}, "_child1": {"label": 39, "event": "S", "reconc": 24, "tstamp": 0.0, "transferred": 0, "dist": 0.1261259374402413}}, "_child1": {"label": 38, "event": "D", "reconc": [17, 22], "tstamp": 0.026158910481265448, "transferred": 0, "dist": 0.10736499077406278, "_child0": {"label": 51, "event": "S", "reconc": 22, "tstamp": 0.0, "transferred": 0, "dist": 0.027531602215328754}, "_child1": {"label": 52, "event": "S", "reconc": 22, "tstamp": 0.0, "transferred": 0, "dist": 0.05952154620988296}}}, "_child1": {"label": 22, "event": "S", "reconc": 16, "tstamp": 0.0, "transferred": 0, "dist": 0.35963019326199674}}}}