{"label": 1, "event": "S", "reconc": 1, "tstamp": 0.8370175691362184, "transferred": 0, "dist": 0.0, "_child0": {"label": 2, "event": "H", "reconc": [1, 3], "tstamp": 0.8087013281630572, "transferred": 0, "dist": 0.023167634056543554, "_child0": {"label": 4, "event": "S", "reconc": 3, "tstamp": 0.7669266526903492, "transferred": 0, "dist": 0.03417898566055736, "_child0": {"label": 6, "event": "S", "reconc": 5, "tstamp": 0.7081970115487556, "transferred": 0, "dist": 0.04705687834329353, "_child0": {"label": 8, "event": "D", "reconc": [5, 6], "tstamp": 0.590827685229006, "transferred": 0, "dist": 0.07188558631363312, "_child0": {"label": 17, "event": "H", "reconc": [1, 2], "tstamp": 0.40839600254981673, "transferred": 1, "dist": 0.21713203361825745, "_child0": {"label": 21, "event": "S", "reconc": 13, "tstamp": 0.3856841043284927, "transferred": 1, "dist": 0.0534684366760071, "_child0": {"label": 24, "event": "H", "reconc": [13, 14], "tstamp": 0.3218056703596363, "transferred": 0, "dist": 0.18071118965004468, "_child0": {"label": 32, "event": "S", "reconc": 2, "tstamp": 0.05137027610321301, "transferred": 1, "dist": 0.3773809364170508, "_child0": {"label": 49, "event": "S", "reconc": 24, "tstamp": 0.0, "transferred": 0, "dist": 0.20185444370289668}, "_child1": {"label": 50, "event": "S", "reconc": 25, "tstamp": 0.0, "transferred": 0, "dist": 0.08291610751809976}}, "_child1": {"label": 31, "event": "S", "reconc": 14, "tstamp": 0.0, "transferred": 0, "dist": 0.9103837072019114}}, "_child1": {"label": 25, "event": "S", "reconc": 15, "tstamp": 0.0, "transferred": 0, "dist": 0.664445862141902}}, "_child1": {"label": 20, "event": "S", "reconc": 2, "tstamp": 0.05137027610321301, "transferred": 0, "dist": 0.42641854682940006, "_child0": {"label": 47, "event": "S", "reconc": 24, "tstamp": 0.0, "transferred": 0, "dist": 0.07067415073862165}, "_child1": {"label": 48, "event": "S", "reconc": 25, "tstamp": 0.0, "transferred": 0, "dist": 0.09011203187488427}}}, "_child1": {"label": 14, "event": "S", "reconc": 6, "tstamp": 0.3582378548846333, "transferred": 0, "dist": 0.14245507620401376, "_child0": {"label": 27, "event": "S", "reconc": 19, "tstamp": 0.2904053856627669, "transferred": 0, "dist": 0.030034696065697683, "_child0": {"label": 33, "event": "S", "reconc": 20, "tstamp": 0.0, "transferred": 0, "dist": 0.13067423080971707}, "_child1": {"label": 34, "event": "S", "reconc": 21, "tstamp": 0.0, "transferred": 0, "dist": 0.14408989518899026}}, "_child1": {"label": 26, "event": "S", "reconc": 18, "tstamp": 0.1399154527533715, "transferred": 0, "dist": 0.1030696178337108, "_child0": {"label": 37, "event": "S", "reconc": 22, "tstamp": 0.0, "transferred": 0, "dist": 0.06006871934456335}, "_child1": {"label": 38, "event": "S", "reconc": 23, "tstamp": 0.0, "transferred": 0, "dist": 0.06753150158733114}}, "_child2": {"label": 28, "event": "S", "reconc": 16, "tstamp": 0.0, "transferred": 0, "dist": 0.14729801134310272}}}, "_child1": {"label": 9, "event": "H", "reconc": [5, 7], "tstamp": 0.15335760541689028, "transferred": 0, "dist": 0.37588073508165526, "_child0": {"label": 35, "event": "H", "reconc": [5, 7], "tstamp": 0.07766082351827497, "transferred": 0, "dist": 0.05128143695079404, "_child0": {"label": 41, "event": "S", "reconc": 7, "tstamp": 0.0, "transferred": 0, "dist": 0.05261199386432585}, "_child1": {"label": 42, "event": "S", "reconc": 12, "tstamp": 0.0, "transferred": 1, "dist": 0.08035966485943478}}, "_child1": {"label": 36, "event": "S", "reconc": 2, "tstamp": 0.05137027610321301, "transferred": 1, "dist": 0.08643465809919143, "_child0": {"label": 51, "event": "S", "reconc": 24, "tstamp": 0.0, "transferred": 0, "dist": 0.2196496739242096}, "_child1": {"label": 52, "event": "S", "reconc": 25, "tstamp": 0.0, "transferred": 0, "dist": 0.20807704866382176}}}}, "_child1": {"label": 7, "event": "S", "reconc": 4, "tstamp": 0.6974589321938919, "transferred": 0, "dist": 0.05697625578499763, "_child0": {"label": 10, "event": "S", "reconc": 9, "tstamp": 0.6914760072594336, "transferred": 0, "dist": 0.004880057061559904, "_child0": {"label": 22, "event": "H", "reconc": [13, 14], "tstamp": 0.3478641897384044, "transferred": 0, "dist": 0.41188084177237316, "_child0": {"label": 29, "event": "D", "reconc": [13, 14], "tstamp": 0.12299173428944012, "transferred": 0, "dist": 0.42964124941262777, "_child0": {"label": 39, "event": "S", "reconc": 14, "tstamp": 0.0, "transferred": 0, "dist": 0.23498797254665887}, "_child1": {"label": 40, "event": "S", "reconc": 14, "tstamp": 0.0, "transferred": 0, "dist": 0.23498797254665887}}, "_child1": {"label": 30, "event": "S", "reconc": 15, "tstamp": 0.0, "transferred": 1, "dist": 0.887826039633459}}, "_child1": {"label": 13, "event": "S", "reconc": 10, "tstamp": 0.0, "transferred": 0, "dist": 0.6890253988806647}}, "_child1": {"label": 11, "event": "H", "reconc": [4, 8], "tstamp": 0.012092336238563622, "transferred": 0, "dist": 0.6229211928502416, "_child0": {"label": 53, "event": "S", "reconc": 8, "tstamp": 0.0, "transferred": 0, "dist": 0.010990574326974091}, "_child1": {"label": 54, "event": "S", "reconc": 24, "tstamp": 0.0, "transferred": 1, "dist": 0.011981023561943964}}}}, "_child1": {"label": 5, "event": "S", "reconc": 2, "tstamp": 0.05137027610321301, "transferred": 1, "dist": 1.1955765861836023, "_child0": {"label": 45, "event": "S", "reconc": 24, "tstamp": 0.0, "transferred": 0, "dist": 0.07569948392011683}, "_child1": {"label": 46, "event": "S", "reconc": 25, "tstamp": 0.0, "transferred": 0, "dist": 0.054684602951007015}}}, "_child1": {"label": 3, "event": "S", "reconc": 2, "tstamp": 0.05137027610321301, "transferred": 0, "dist": 0.6418199665987874, "_child0": {"label": 43, "event": "S", "reconc": 24, "tstamp": 0.0, "transferred": 0, "dist": 0.04439057692176563}, "_child1": {"label": 44, "event": "S", "reconc": 25, "tstamp": 0.0, "transferred": 0, "dist": 0.0434409189103746}}}