{"label": 1, "event": "S", "reconc": 1, "tstamp": 0.5757750166273211, "transferred": 0, "dist": 0.0, "_child0": {"label": 2, "event": "D", "reconc": [1, 2], "tstamp": 0.5609147532198354, "transferred": 0, "dist": 0.012414060222856458, "_child0": {"label": 4, "event": "S", "reconc": 2, "tstamp": 0.5574246671427416, "transferred": 0, "dist": 0.005329049222435682, "_child0": {"label": 6, "event": "S", "reconc": 4, "tstamp": 0.4573327232270405, "transferred": 0, "dist": 0.1036490580947768, "_child0": {"label": 14, "event": "H", "reconc": [4, 6], "tstamp": 0.43194730538024095, "transferred": 0, "dist": 0.027841392625121135, "_child0": {"label": 18, "event": "S", "reconc": 6, "tstamp": 0.42836736582402707, "transferred": 0, "dist": 0.003926289626598312, "_child0": {"label": 22, "event": "D", "reconc": [6, 8], "tstamp": 0.38523487474229573, "transferred": 0, "dist": 0.22571437035669936, "_child0": {"label": 26, "event": "S", "reconc": 8, "tstamp": 0.0, "transferred": 0, "dist": 0.41843762304376}, "_child1": {"label": 27, "event": "S", "reconc": 8, "tstamp": 0.0, "transferred": 0, "dist": 0.48293355442051933}}, "_child1": {"label": 23, "event": "S", "reconc": 9, "tstamp": 0.0, "transferred": 0, "dist": 0.3943482364822907}}, "_child1": {"label": 25, "event": "D", "reconc": [6, 9], "tstamp": 0.040986430963943166, "transferred": 1, "dist": 1.4792409065622343, "_child0": {"label": 35, "event": "S", "reconc": 9, "tstamp": 0.0, "transferred": 0, "dist": 0.06603250733303949}, "_child1": {"label": 36, "event": "S", "reconc": 9, "tstamp": 0.0, "transferred": 0, "dist": 0.12067615754615345}}}, "_child1": {"label": 15, "event": "S", "reconc": 7, "tstamp": 0.0, "transferred": 0, "dist": 0.39219631207837885}}, "_child1": {"label": 7, "event": "S", "reconc": 5, "tstamp": 0.0, "transferred": 0, "dist": 0.9908936865829926}}, "_child1": {"label": 5, "event": "S", "reconc": 2, "tstamp": 0.5574246671427416, "transferred": 0, "dist": 0.007246186107610728, "_child0": {"label": 9, "event": "D", "reconc": [2, 5], "tstamp": 0.48454989047897257, "transferred": 0, "dist": 0.2752241856848829, "_child0": {"label": 31, "event": "S", "reconc": 10, "tstamp": 0.0, "transferred": 1, "dist": 0.6318017479156852}, "_child1": {"label": 10, "event": "S", "reconc": 5, "tstamp": 0.0, "transferred": 0, "dist": 0.3705697935505161}}, "_child1": {"label": 8, "event": "S", "reconc": 4, "tstamp": 0.4573327232270405, "transferred": 0, "dist": 0.09484463523110463, "_child0": {"label": 20, "event": "S", "reconc": 8, "tstamp": 0.0, "transferred": 0, "dist": 0.7137892072139251}, "_child1": {"label": 17, "event": "S", "reconc": 7, "tstamp": 0.0, "transferred": 0, "dist": 0.8571337235827775}}}}, "_child1": {"label": 3, "event": "S", "reconc": 3, "tstamp": 0.36375013050358457, "transferred": 0, "dist": 0.17269595503035026, "_child0": {"label": 28, "event": "S", "reconc": 11, "tstamp": 0.17856842612668047, "transferred": 0, "dist": 0.13392434637299444, "_child0": {"label": 32, "event": "S", "reconc": 15, "tstamp": 0.0, "transferred": 0, "dist": 0.11760145964997971}, "_child1": {"label": 33, "event": "S", "reconc": 14, "tstamp": 0.0, "transferred": 0, "dist": 0.1041108430014388}, "_child2": {"label": 34, "event": "S", "reconc": 13, "tstamp": 0.0, "transferred": 0, "dist": 0.11439774925065135}}, "_child1": {"label": 29, "event": "S", "reconc": 10, "tstamp": 0.0, "transferred": 0, "dist": 0.2793608824870207}}}