{"label": 0, "event": null, "tstamp": 1.0, "dist": 0.0, "_child0": {"label": 1, "event": "S", "tstamp": 0.9032749571473335, "dist": 0.09672504285266648, "_child0": {"label": 3, "event": "S", "tstamp": 0.5428784399664542, "dist": 0.3603965171808793, "_child0": {"label": 5, "event": "S", "tstamp": 0.5117204316147609, "dist": 0.031158008351693356, "_child0": {"label": 7, "event": "S", "tstamp": 0.5063090538424085, "dist": 0.005411377772352344, "_child0": {"label": 9, "event": "S", "tstamp": 0.37482794593857593, "dist": 0.1314811079038326, "_child0": {"label": 12, "event": "S", "tstamp": 0.0, "dist": 0.37482794593857593}, "_child1": {"label": 13, "event": "S", "tstamp": 0.2769778613120795, "dist": 0.09785008462649641, "_child0": {"label": 15, "event": "S", "tstamp": 0.2488816213028674, "dist": 0.028096240009212126, "_child0": {"label": 16, "event": "S", "tstamp": 0.0, "dist": 0.2488816213028674}, "_child1": {"label": 17, "event": "S", "tstamp": 0.0, "dist": 0.2488816213028674}}, "_child1": {"label": 14, "event": "S", "tstamp": 0.24394145046475427, "dist": 0.033036410847325254, "_child0": {"label": 18, "event": "S", "tstamp": 0.22730868260652382, "dist": 0.01663276785823045, "_child0": {"label": 21, "event": "S", "tstamp": 0.18552006358591502, "dist": 0.04178861902060879, "_child0": {"label": 23, "event": "S", "tstamp": 0.17302550650809465, "dist": 0.012494557077820378, "_child0": {"label": 26, "event": "S", "tstamp": 0.0, "dist": 0.17302550650809465}, "_child1": {"label": 29, "event": "S", "tstamp": 0.0, "dist": 0.17302550650809465}, "_child2": {"label": 28, "event": "S", "tstamp": 0.0, "dist": 0.17302550650809465}, "_child3": {"label": 25, "event": "S", "tstamp": 0.0, "dist": 0.17302550650809465}}, "_child1": {"label": 22, "event": "S", "tstamp": 0.0, "dist": 0.18552006358591502}}, "_child1": {"label": 20, "event": "S", "tstamp": 0.0, "dist": 0.22730868260652382}}, "_child1": {"label": 19, "event": "S", "tstamp": 0.0, "dist": 0.24394145046475427}}}, "_child2": {"label": 11, "event": "S", "tstamp": 0.0, "dist": 0.37482794593857593}}, "_child1": {"label": 8, "event": "S", "tstamp": 0.0, "dist": 0.5063090538424085}}, "_child1": {"label": 6, "event": "S", "tstamp": 0.0, "dist": 0.5117204316147609}}, "_child1": {"label": 4, "event": "S", "tstamp": 0.0, "dist": 0.5428784399664542}}, "_child1": {"label": 2, "event": "S", "tstamp": 0.0, "dist": 0.9032749571473335}}}