{"label": 1, "event": "S", "reconc": 1, "tstamp": 0.8136387204220232, "transferred": 0, "dist": 0.0, "_child0": {"label": 2, "event": "S", "reconc": 2, "tstamp": 0.7662149903538118, "transferred": 0, "dist": 0.05038087937785231, "_child0": {"label": 4, "event": "S", "reconc": 4, "tstamp": 0.4969746379291839, "transferred": 0, "dist": 0.30333528796919484, "_child0": {"label": 6, "event": "D", "reconc": [4, 6], "tstamp": 0.4443366741540566, "transferred": 0, "dist": 0.06289230821702028, "_child0": {"label": 8, "event": "S", "reconc": 6, "tstamp": 0.33840244078811565, "transferred": 0, "dist": 0.18624586061302076, "_child0": {"label": 11, "event": "D", "reconc": [6, 9], "tstamp": 0.12207177447779677, "transferred": 0, "dist": 0.5360379909118255, "_child0": {"label": 18, "event": "H", "reconc": [6, 9], "tstamp": 0.06463117874607095, "transferred": 0, "dist": 0.2691957938650652, "_child0": {"label": 20, "event": "S", "reconc": 9, "tstamp": 0.0, "transferred": 0, "dist": 0.30289451648869176}, "_child1": {"label": 21, "event": "S", "reconc": 7, "tstamp": 0.0, "transferred": 1, "dist": 0.34812443075050475}}, "_child1": {"label": 19, "event": "S", "reconc": 9, "tstamp": 0.0, "transferred": 0, "dist": 0.2993243621319174}}, "_child1": {"label": 10, "event": "S", "reconc": 8, "tstamp": 0.0, "transferred": 0, "dist": 0.6892401338682356}}, "_child1": {"label": 9, "event": "S", "reconc": 6, "tstamp": 0.33840244078811565, "transferred": 0, "dist": 0.12657116608930602, "_child0": {"label": 12, "event": "S", "reconc": 8, "tstamp": 0.0, "transferred": 0, "dist": 0.43521344527710815}, "_child1": {"label": 13, "event": "S", "reconc": 9, "tstamp": 0.0, "transferred": 0, "dist": 0.4582862582208423}}}, "_child1": {"label": 16, "event": "S", "reconc": 7, "tstamp": 0.0, "transferred": 0, "dist": 0.6267614058692612}}, "_child1": {"label": 5, "event": "S", "reconc": 5, "tstamp": 0.0, "transferred": 0, "dist": 0.8409904532383828}}, "_child1": {"label": 3, "event": "H", "reconc": [1, 3], "tstamp": 0.3021803862461681, "transferred": 0, "dist": 0.45221730954570377, "_child0": {"label": 15, "event": "S", "reconc": 8, "tstamp": 0.0, "transferred": 1, "dist": 0.649808139357509}, "_child1": {"label": 14, "event": "S", "reconc": 3, "tstamp": 0.0, "transferred": 0, "dist": 0.2671795376761596}}}