{"label": 1, "event": "S", "reconc": 1, "tstamp": 0.8557855981265133, "transferred": 0, "dist": 0.0, "_child0": {"label": 3, "event": "H", "reconc": [1, 3], "tstamp": 0.7375803000395871, "transferred": 0, "dist": 0.12205571885449351, "_child0": {"label": 5, "event": "S", "reconc": 2, "tstamp": 0.7117145996459915, "transferred": 1, "dist": 0.027717504014293397, "_child0": {"label": 8, "event": "S", "reconc": 4, "tstamp": 0.28239994960409964, "transferred": 0, "dist": 0.5167662018228618, "_child0": {"label": 14, "event": "S", "reconc": 6, "tstamp": 0.0, "transferred": 0, "dist": 0.9829323834079418}, "_child1": {"label": 15, "event": "S", "reconc": 7, "tstamp": 0.0, "transferred": 0, "dist": 0.7779177962748709}}, "_child1": {"label": 9, "event": "H", "reconc": [2, 5], "tstamp": 0.22916143252730103, "transferred": 0, "dist": 0.7368171544228762, "_child0": {"label": 20, "event": "S", "reconc": 5, "tstamp": 0.0, "transferred": 0, "dist": 0.3164755223610023}, "_child1": {"label": 21, "event": "S", "reconc": 9, "tstamp": 0.0, "transferred": 1, "dist": 0.2620535190951429}}}, "_child1": {"label": 4, "event": "D", "reconc": [1, 3], "tstamp": 0.5789284996481417, "transferred": 0, "dist": 0.16381972599990602, "_child0": {"label": 16, "event": "D", "reconc": [3, 8], "tstamp": 0.16997103529422072, "transferred": 0, "dist": 0.40999685236352756, "_child0": {"label": 22, "event": "S", "reconc": 8, "tstamp": 0.0, "transferred": 0, "dist": 0.16971735376978747}, "_child1": {"label": 23, "event": "S", "reconc": 8, "tstamp": 0.0, "transferred": 0, "dist": 0.15409350841839825}}, "_child1": {"label": 11, "event": "S", "reconc": 3, "tstamp": 0.26745715016309435, "transferred": 0, "dist": 0.3216172208797245, "_child0": {"label": 18, "event": "S", "reconc": 8, "tstamp": 0.0, "transferred": 0, "dist": 0.24247313990220135}, "_child1": {"label": 19, "event": "S", "reconc": 9, "tstamp": 0.0, "transferred": 0, "dist": 0.27217368331203823}}}}, "_child1": {"label": 6, "event": "S", "reconc": 4, "tstamp": 0.28239994960409964, "transferred": 0, "dist": 0.614410683058376, "_child0": {"label": 12, "event": "S", "reconc": 6, "tstamp": 0.0, "transferred": 0, "dist": 0.33389068581032866}, "_child1": {"label": 13, "event": "S", "reconc": 7, "tstamp": 0.0, "transferred": 0, "dist": 0.29361771815786014}}}