{"label": 1, "event": "S", "reconc": 1, "tstamp": 0.8213305730328196, "transferred": 0, "dist": 0.0, "_child0": {"label": 4, "event": "D", "reconc": [1, 3], "tstamp": 0.7404503587698009, "transferred": 0, "dist": 0.058006303102574264, "_child0": {"label": 5, "event": "S", "reconc": 3, "tstamp": 0.7138700677649803, "transferred": 0, "dist": 0.020650194834379774, "_child0": {"label": 7, "event": "S", "reconc": 7, "tstamp": 0.6240798646769566, "transferred": 0, "dist": 0.23860269798531783, "_child0": {"label": 28, "event": "S", "reconc": 9, "tstamp": 0.28668861340027113, "transferred": 0, "dist": 0.38482459636402755, "_child0": {"label": 69, "event": "S", "reconc": 25, "tstamp": 0.0, "transferred": 0, "dist": 0.2542042053019684}, "_child1": {"label": 61, "event": "S", "reconc": 22, "tstamp": 0.0, "transferred": 0, "dist": 0.20908495592793294}}, "_child1": {"label": 16, "event": "S", "reconc": 8, "tstamp": 0.0, "transferred": 0, "dist": 0.5324954206904664}}, "_child1": {"label": 9, "event": "D", "reconc": [3, 15], "tstamp": 0.48978241599088107, "transferred": 0, "dist": 0.16916521654156935, "_child0": {"label": 26, "event": "D", "reconc": [3, 15], "tstamp": 0.41688069726144295, "transferred": 0, "dist": 0.06908564490653811, "_child0": {"label": 36, "event": "S", "reconc": 17, "tstamp": 0.37251057247693187, "transferred": 0, "dist": 0.03650073302496026, "_child0": {"label": 42, "event": "S", "reconc": 19, "tstamp": 0.3705105918057479, "transferred": 0, "dist": 0.010129289417883748, "_child0": {"label": 48, "event": "S", "reconc": 20, "tstamp": 0.0, "transferred": 0, "dist": 0.6369101760020631}, "_child1": {"label": 49, "event": "S", "reconc": 21, "tstamp": 0.0, "transferred": 0, "dist": 0.995976945895701}}, "_child1": {"label": 43, "event": "S", "reconc": 18, "tstamp": 0.0, "transferred": 0, "dist": 0.6330747283575926}}, "_child1": {"label": 31, "event": "S", "reconc": 15, "tstamp": 0.3816055311798918, "transferred": 0, "dist": 0.02595290760529279, "_child0": {"label": 38, "event": "S", "reconc": 17, "tstamp": 0.37251057247693187, "transferred": 0, "dist": 0.00924698220546999, "_child0": {"label": 44, "event": "S", "reconc": 19, "tstamp": 0.3705105918057479, "transferred": 0, "dist": 0.0019442268963566303, "_child0": {"label": 50, "event": "D", "reconc": [19, 20], "tstamp": 0.1291906530135106, "transferred": 0, "dist": 0.19219180398547103, "_child0": {"label": 70, "event": "S", "reconc": 20, "tstamp": 0.0, "transferred": 0, "dist": 0.7072378162477595}, "_child1": {"label": 71, "event": "S", "reconc": 20, "tstamp": 0.0, "transferred": 0, "dist": 0.11648706237065949}}, "_child1": {"label": 51, "event": "S", "reconc": 21, "tstamp": 0.0, "transferred": 0, "dist": 3.339839896411209}}, "_child1": {"label": 45, "event": "S", "reconc": 18, "tstamp": 0.0, "transferred": 0, "dist": 0.5410727304336808}}, "_child1": {"label": 39, "event": "H", "reconc": [15, 16], "tstamp": 0.3370675314185667, "transferred": 0, "dist": 0.047899085382906464, "_child0": {"label": 52, "event": "D", "reconc": [15, 16], "tstamp": 0.30007838521780317, "transferred": 0, "dist": 0.03978055327149406, "_child0": {"label": 54, "event": "S", "reconc": 16, "tstamp": 0.0, "transferred": 0, "dist": 0.24521177707556224}, "_child1": {"label": 55, "event": "S", "reconc": 16, "tstamp": 0.0, "transferred": 0, "dist": 0.19620496047907107}}, "_child1": {"label": 53, "event": "S", "reconc": 10, "tstamp": 0.0, "transferred": 1, "dist": 0.30666558023675555}}}}, "_child1": {"label": 46, "event": "S", "reconc": 20, "tstamp": 0.0, "transferred": 0, "dist": 0.6669963838508582}}, "_child2": {"label": 8, "event": "S", "reconc": 14, "tstamp": 0.0, "transferred": 0, "dist": 0.8262450147890956}}, "_child1": {"label": 6, "event": "S", "reconc": 3, "tstamp": 0.7138700677649803, "transferred": 0, "dist": 0.025461489252695618, "_child0": {"label": 10, "event": "D", "reconc": [3, 7], "tstamp": 0.6918585403756019, "transferred": 0, "dist": 0.04179443436101567, "_child0": {"label": 17, "event": "S", "reconc": 9, "tstamp": 0.28668861340027113, "transferred": 0, "dist": 0.7168015253666914, "_child0": {"label": 56, "event": "S", "reconc": 23, "tstamp": 0.25670064787576474, "transferred": 0, "dist": 0.07293958916451365, "_child0": {"label": 64, "event": "S", "reconc": 24, "tstamp": 0.0, "transferred": 0, "dist": 0.2193922956265869}, "_child1": {"label": 65, "event": "S", "reconc": 25, "tstamp": 0.0, "transferred": 0, "dist": 0.2024444517023636}}, "_child1": {"label": 57, "event": "S", "reconc": 22, "tstamp": 0.0, "transferred": 0, "dist": 0.5097290971129632}}, "_child1": {"label": 14, "event": "S", "reconc": 7, "tstamp": 0.6240798646769566, "transferred": 0, "dist": 0.07043742840448071, "_child0": {"label": 20, "event": "D", "reconc": [7, 8], "tstamp": 0.41224240223639025, "transferred": 0, "dist": 0.4906854179134404, "_child0": {"label": 32, "event": "S", "reconc": 8, "tstamp": 0.0, "transferred": 0, "dist": 0.33922661364749024}, "_child1": {"label": 33, "event": "S", "reconc": 8, "tstamp": 0.0, "transferred": 0, "dist": 0.5898100057881658}}, "_child1": {"label": 19, "event": "S", "reconc": 9, "tstamp": 0.28668861340027113, "transferred": 0, "dist": 0.32543867965565426, "_child0": {"label": 59, "event": "H", "reconc": [9, 22], "tstamp": 0.26389556537379033, "transferred": 0, "dist": 0.015819353263809843, "_child0": {"label": 62, "event": "S", "reconc": 22, "tstamp": 0.0, "transferred": 0, "dist": 0.18315484478209004}, "_child1": {"label": 63, "event": "S", "reconc": 16, "tstamp": 0.0, "transferred": 1, "dist": 0.1667145319049297}}, "_child1": {"label": 58, "event": "S", "reconc": 23, "tstamp": 0.25670064787576474, "transferred": 0, "dist": 0.023167049728013388, "_child0": {"label": 66, "event": "S", "reconc": 24, "tstamp": 0.0, "transferred": 0, "dist": 0.15494720538833925}, "_child1": {"label": 67, "event": "S", "reconc": 25, "tstamp": 0.0, "transferred": 0, "dist": 0.24002297282243915}}}}}, "_child1": {"label": 11, "event": "S", "reconc": 14, "tstamp": 0.0, "transferred": 0, "dist": 2.0769992831497133}}}, "_child1": {"label": 21, "event": "S", "reconc": 11, "tstamp": 0.5113927249189094, "transferred": 0, "dist": 0.2913304663254149, "_child0": {"label": 24, "event": "S", "reconc": 27, "tstamp": 0.061203065451636014, "transferred": 0, "dist": 0.36324314728723317, "_child0": {"label": 72, "event": "S", "reconc": 28, "tstamp": 0.0, "transferred": 0, "dist": 0.0358516362224949}, "_child1": {"label": 73, "event": "S", "reconc": 29, "tstamp": 0.0, "transferred": 0, "dist": 0.03492712992293504}}, "_child1": {"label": 23, "event": "D", "reconc": [11, 26], "tstamp": 0.051158637820077346, "transferred": 0, "dist": 0.36270034194831813, "_child0": {"label": 74, "event": "S", "reconc": 26, "tstamp": 0.0, "transferred": 0, "dist": 0.07236411064193782}, "_child1": {"label": 75, "event": "S", "reconc": 26, "tstamp": 0.0, "transferred": 0, "dist": 0.1287751565603108}}, "_child2": {"label": 25, "event": "S", "reconc": 13, "tstamp": 0.0, "transferred": 0, "dist": 0.46354163854438507}}}