{"label": 0, "event": null, "tstamp": 1.0, "dist": 0.0, "_child0": {"label": 1, "event": "S", "tstamp": 0.9038779865600184, "dist": 0.09612201343998161, "_child0": {"label": 2, "event": "S", "tstamp": 0.8518035051751813, "dist": 0.05207448138483706, "_child0": {"label": 4, "event": "S", "tstamp": 0.0, "dist": 0.8518035051751813}, "_child1": {"label": 5, "event": "S", "tstamp": 0.0, "dist": 0.8518035051751813}}, "_child1": {"label": 3, "event": "S", "tstamp": 0.8367671911184552, "dist": 0.06711079544156318, "_child0": {"label": 7, "event": "S", "tstamp": 0.7960038704252748, "dist": 0.04076332069318045, "_child0": {"label": 8, "event": "S", "tstamp": 0.0, "dist": 0.7960038704252748}, "_child1": {"label": 9, "event": "S", "tstamp": 0.0, "dist": 0.7960038704252748}}, "_child1": {"label": 6, "event": "S", "tstamp": 0.770870470432968, "dist": 0.06589672068548724, "_child0": {"label": 11, "event": "S", "tstamp": 0.621668921175887, "dist": 0.14920154925708096, "_child0": {"label": 12, "event": "S", "tstamp": 0.0, "dist": 0.621668921175887}, "_child1": {"label": 13, "event": "S", "tstamp": 0.0, "dist": 0.621668921175887}}, "_child1": {"label": 10, "event": "S", "tstamp": 0.5591281494073895, "dist": 0.21174232102557844, "_child0": {"label": 17, "event": "S", "tstamp": 0.0, "dist": 0.5591281494073895}, "_child1": {"label": 16, "event": "S", "tstamp": 0.16659290777133173, "dist": 0.3925352416360578, "_child0": {"label": 23, "event": "S", "tstamp": 0.07008583633116164, "dist": 0.0965070714401701, "_child0": {"label": 24, "event": "S", "tstamp": 0.0, "dist": 0.07008583633116164}, "_child1": {"label": 25, "event": "S", "tstamp": 0.0, "dist": 0.07008583633116164}}, "_child1": {"label": 22, "event": "S", "tstamp": 0.0, "dist": 0.16659290777133173}}, "_child2": {"label": 18, "event": "S", "tstamp": 0.0, "dist": 0.5591281494073895}, "_child3": {"label": 19, "event": "S", "tstamp": 0.32335008426852685, "dist": 0.23577806513886268, "_child0": {"label": 20, "event": "S", "tstamp": 0.0, "dist": 0.32335008426852685}, "_child1": {"label": 21, "event": "S", "tstamp": 0.0, "dist": 0.32335008426852685}}}}}}}