{"label": 1, "event": "S", "reconc": 1, "tstamp": 0.875304671954113, "transferred": 0, "dist": 0.0, "_child0": {"label": 3, "event": "S", "reconc": 5, "tstamp": 0.7668029994233408, "transferred": 0, "dist": 0.12803405120865619, "_child0": {"label": 5, "event": "S", "reconc": 7, "tstamp": 0.7240221805129889, "transferred": 0, "dist": 0.05827631639962989, "_child0": {"label": 13, "event": "S", "reconc": 8, "tstamp": 0.0, "transferred": 0, "dist": 0.9550932274668771}, "_child1": {"label": 7, "event": "S", "reconc": 9, "tstamp": 0.17186195463451223, "transferred": 0, "dist": 0.6552768332697186, "_child0": {"label": 17, "event": "H", "reconc": [9, 11], "tstamp": 0.1695141836507034, "transferred": 0, "dist": 0.002288374943157232, "_child0": {"label": 22, "event": "S", "reconc": 2, "tstamp": 0.1658489408777605, "transferred": 1, "dist": 0.00921797115027456, "_child0": {"label": 27, "event": "S", "reconc": 12, "tstamp": 0.0, "transferred": 0, "dist": 0.3723281634650285}, "_child1": {"label": 28, "event": "S", "reconc": 13, "tstamp": 0.0, "transferred": 0, "dist": 0.3194978801666935}}, "_child1": {"label": 21, "event": "S", "reconc": 11, "tstamp": 0.08574326091284222, "transferred": 0, "dist": 0.08165160992299347, "_child0": {"label": 31, "event": "S", "reconc": 15, "tstamp": 0.022597426978799483, "transferred": 0, "dist": 0.06476787002343744, "_child0": {"label": 39, "event": "S", "reconc": 16, "tstamp": 0.011342337966676795, "transferred": 0, "dist": 0.011352276612515354, "_child0": {"label": 43, "event": "S", "reconc": 18, "tstamp": 0.0, "transferred": 0, "dist": 0.011512406890073953}, "_child1": {"label": 44, "event": "S", "reconc": 19, "tstamp": 0.0, "transferred": 0, "dist": 0.011350845061891277}}, "_child1": {"label": 40, "event": "S", "reconc": 17, "tstamp": 0.0, "transferred": 0, "dist": 0.021935128681732165}}, "_child1": {"label": 32, "event": "S", "reconc": 14, "tstamp": 0.0, "transferred": 0, "dist": 0.0802648713295423}}}, "_child1": {"label": 18, "event": "S", "reconc": 10, "tstamp": 0.0, "transferred": 0, "dist": 0.16068371467586745}}}, "_child1": {"label": 6, "event": "H", "reconc": [5, 6], "tstamp": 0.7136783090234206, "transferred": 0, "dist": 0.09544630318438357, "_child0": {"label": 12, "event": "S", "reconc": 2, "tstamp": 0.1658489408777605, "transferred": 1, "dist": 0.7525593123624991, "_child0": {"label": 23, "event": "S", "reconc": 12, "tstamp": 0.0, "transferred": 0, "dist": 0.31892024105726724}, "_child1": {"label": 24, "event": "S", "reconc": 13, "tstamp": 0.0, "transferred": 0, "dist": 0.22032882665407127}}, "_child1": {"label": 10, "event": "S", "reconc": 8, "tstamp": 0.0, "transferred": 1, "dist": 4.3937889737678235}}}, "_child1": {"label": 4, "event": "H", "reconc": [1, 2], "tstamp": 0.3091660528930209, "transferred": 0, "dist": 0.6537785847119627, "_child0": {"label": 16, "event": "S", "reconc": 9, "tstamp": 0.17186195463451223, "transferred": 1, "dist": 0.359604298112862, "_child0": {"label": 29, "event": "S", "reconc": 15, "tstamp": 0.022597426978799483, "transferred": 0, "dist": 0.3174571563758161, "_child0": {"label": 37, "event": "S", "reconc": 16, "tstamp": 0.011342337966676795, "transferred": 0, "dist": 0.016489067173697348, "_child0": {"label": 41, "event": "S", "reconc": 18, "tstamp": 0.0, "transferred": 0, "dist": 0.013715919524879116}, "_child1": {"label": 42, "event": "S", "reconc": 19, "tstamp": 0.0, "transferred": 0, "dist": 0.047661088122064814}}, "_child1": {"label": 38, "event": "S", "reconc": 17, "tstamp": 0.0, "transferred": 0, "dist": 0.026532369447557755}}, "_child1": {"label": 20, "event": "S", "reconc": 10, "tstamp": 0.0, "transferred": 0, "dist": 0.2592490783140133}}, "_child1": {"label": 15, "event": "S", "reconc": 2, "tstamp": 0.1658489408777605, "transferred": 0, "dist": 0.1655030331859976, "_child0": {"label": 25, "event": "S", "reconc": 12, "tstamp": 0.0, "transferred": 0, "dist": 0.22978457032467986}, "_child1": {"label": 26, "event": "S", "reconc": 13, "tstamp": 0.0, "transferred": 0, "dist": 0.18456837413808502}}}, "_child2": {"label": 2, "event": "H", "reconc": [1, 4], "tstamp": 0.027757686419581366, "transferred": 0, "dist": 1.1655697549569053, "_child0": {"label": 33, "event": "H", "reconc": [1, 4], "tstamp": 0.02296657596965576, "transferred": 0, "dist": 0.006588865901716703, "_child0": {"label": 35, "event": "S", "reconc": 4, "tstamp": 0.0, "transferred": 0, "dist": 0.031584262326492765}, "_child1": {"label": 36, "event": "S", "reconc": 6, "tstamp": 0.0, "transferred": 1, "dist": 0.04126282443445978}}, "_child1": {"label": 34, "event": "S", "reconc": 13, "tstamp": 0.0, "transferred": 1, "dist": 0.03106415408721974}}}