{"label": 0, "event": null, "tstamp": 1.0, "dist": 0.0, "_child0": {"label": 1, "event": "S", "tstamp": 0.613076249378414, "dist": 0.386923750621586, "_child0": {"label": 4, "event": "S", "tstamp": 0.0, "dist": 0.613076249378414}, "_child1": {"label": 5, "event": "S", "tstamp": 0.3365445349819701, "dist": 0.27653171439644386, "_child0": {"label": 6, "event": "S", "tstamp": 0.0, "dist": 0.3365445349819701}, "_child1": {"label": 7, "event": "S", "tstamp": 0.0, "dist": 0.3365445349819701}}, "_child2": {"label": 2, "event": "S", "tstamp": 0.25655055624449685, "dist": 0.35652569313391713, "_child0": {"label": 8, "event": "S", "tstamp": 0.0, "dist": 0.25655055624449685}, "_child1": {"label": 9, "event": "S", "tstamp": 0.0, "dist": 0.25655055624449685}}}}