{"label": 0, "event": null, "tstamp": 1.0, "dist": 0.0, "_child0": {"label": 1, "event": "S", "tstamp": 0.8439929288078891, "dist": 0.15600707119211088, "_child0": {"label": 4, "event": "S", "tstamp": 0.41793965059205995, "dist": 0.42605327821582917, "_child0": {"label": 15, "event": "S", "tstamp": 0.18780479316468915, "dist": 0.2301348574273708, "_child0": {"label": 17, "event": "S", "tstamp": 0.16797812315322727, "dist": 0.019826670011461878, "_child0": {"label": 18, "event": "S", "tstamp": 0.0, "dist": 0.16797812315322727}, "_child1": {"label": 19, "event": "S", "tstamp": 0.0, "dist": 0.16797812315322727}}, "_child1": {"label": 16, "event": "S", "tstamp": 0.0, "dist": 0.18780479316468915}}, "_child1": {"label": 14, "event": "S", "tstamp": 0.0, "dist": 0.41793965059205995}}, "_child1": {"label": 5, "event": "S", "tstamp": 0.6760630192411186, "dist": 0.16792990956677056, "_child0": {"label": 7, "event": "S", "tstamp": 0.6405927856413781, "dist": 0.03547023359974044, "_child0": {"label": 10, "event": "S", "tstamp": 0.0, "dist": 0.6405927856413781}, "_child1": {"label": 11, "event": "S", "tstamp": 0.4301885458190791, "dist": 0.210404239822299, "_child0": {"label": 12, "event": "S", "tstamp": 0.0, "dist": 0.4301885458190791}, "_child1": {"label": 13, "event": "S", "tstamp": 0.0, "dist": 0.4301885458190791}}, "_child2": {"label": 8, "event": "S", "tstamp": 0.07963047191371783, "dist": 0.5609623137276603, "_child0": {"label": 21, "event": "S", "tstamp": 0.04119044470540927, "dist": 0.03844002720830856, "_child0": {"label": 22, "event": "S", "tstamp": 0.015140076931872136, "dist": 0.026050367773537135, "_child0": {"label": 24, "event": "S", "tstamp": 0.0, "dist": 0.015140076931872136}, "_child1": {"label": 25, "event": "S", "tstamp": 0.0, "dist": 0.015140076931872136}}, "_child1": {"label": 23, "event": "S", "tstamp": 0.0, "dist": 0.04119044470540927}}, "_child1": {"label": 20, "event": "S", "tstamp": 0.0, "dist": 0.07963047191371783}}}, "_child1": {"label": 6, "event": "S", "tstamp": 0.0, "dist": 0.6760630192411186}}, "_child2": {"label": 3, "event": "S", "tstamp": 0.0, "dist": 0.8439929288078891}}}