{"label": 2, "event": "S", "reconc": 2, "tstamp": 0.8201725988778041, "transferred": 0, "dist": 0.0, "_child0": {"label": 6, "event": "S", "reconc": 7, "tstamp": 0.3874082743263958, "transferred": 0, "dist": 0.516184412859115, "_child0": {"label": 10, "event": "S", "reconc": 10, "tstamp": 0.03161976449129312, "transferred": 0, "dist": 0.4583738824303144, "_child0": {"label": 36, "event": "S", "reconc": 18, "tstamp": 0.0, "transferred": 0, "dist": 0.040862201597812335}, "_child1": {"label": 37, "event": "S", "reconc": 19, "tstamp": 0.0, "transferred": 0, "dist": 0.03798836513599927}}, "_child1": {"label": 13, "event": "S", "reconc": 9, "tstamp": 0.0, "transferred": 0, "dist": 0.5222763793096926}}, "_child1": {"label": 5, "event": "H", "reconc": [2, 4], "tstamp": 0.5430502518230089, "transferred": 0, "dist": 0.22189891173068216, "_child0": {"label": 9, "event": "S", "reconc": 7, "tstamp": 0.3874082743263958, "transferred": 1, "dist": 0.48360700427057884, "_child0": {"label": 14, "event": "H", "reconc": [7, 10], "tstamp": 0.3660139894106919, "transferred": 0, "dist": 0.027727029691233127, "_child0": {"label": 18, "event": "S", "reconc": 10, "tstamp": 0.03161976449129312, "transferred": 0, "dist": 0.43337548506290013, "_child0": {"label": 38, "event": "S", "reconc": 18, "tstamp": 0.0, "transferred": 0, "dist": 0.045194312609279585}, "_child1": {"label": 39, "event": "S", "reconc": 19, "tstamp": 0.0, "transferred": 0, "dist": 0.05789452279044146}}, "_child1": {"label": 19, "event": "S", "reconc": 6, "tstamp": 0.0, "transferred": 1, "dist": 0.47692028549794413}}, "_child1": {"label": 16, "event": "H", "reconc": [7, 13], "tstamp": 0.23864684714452977, "transferred": 0, "dist": 0.9526116399103028, "_child0": {"label": 24, "event": "S", "reconc": 13, "tstamp": 0.04508513918450179, "transferred": 0, "dist": 0.37029154311927687, "_child0": {"label": 29, "event": "D", "reconc": [13, 15], "tstamp": 0.03715306767394941, "transferred": 0, "dist": 0.010609494497690409, "_child0": {"label": 30, "event": "S", "reconc": 15, "tstamp": 0.0, "transferred": 0, "dist": 0.04969386200498784}, "_child1": {"label": 31, "event": "S", "reconc": 15, "tstamp": 0.0, "transferred": 0, "dist": 0.05808909849360754}}, "_child1": {"label": 28, "event": "S", "reconc": 14, "tstamp": 0.0, "transferred": 0, "dist": 0.06232860078551009}}, "_child1": {"label": 25, "event": "S", "reconc": 3, "tstamp": 0.0, "transferred": 1, "dist": 0.20980831860732868}}, "_child2": {"label": 17, "event": "H", "reconc": [7, 9], "tstamp": 0.1287134018451387, "transferred": 0, "dist": 0.4129721246847146, "_child0": {"label": 27, "event": "S", "reconc": 12, "tstamp": 0.03599822630165105, "transferred": 1, "dist": 0.27350777283976924, "_child0": {"label": 34, "event": "S", "reconc": 16, "tstamp": 0.0, "transferred": 0, "dist": 0.09280797904714716}, "_child1": {"label": 35, "event": "S", "reconc": 17, "tstamp": 0.0, "transferred": 0, "dist": 0.06099898094454526}}, "_child1": {"label": 26, "event": "S", "reconc": 9, "tstamp": 0.0, "transferred": 0, "dist": 0.20547391034677565}}, "_child3": {"label": 15, "event": "S", "reconc": 12, "tstamp": 0.03599822630165105, "transferred": 0, "dist": 0.721180143930314, "_child0": {"label": 32, "event": "S", "reconc": 16, "tstamp": 0.0, "transferred": 0, "dist": 0.06336517868366885}, "_child1": {"label": 33, "event": "S", "reconc": 17, "tstamp": 0.0, "transferred": 0, "dist": 0.06058667932572741}}}, "_child1": {"label": 8, "event": "H", "reconc": [2, 4], "tstamp": 0.28244097642495786, "transferred": 0, "dist": 0.20867647525486172, "_child0": {"label": 20, "event": "H", "reconc": [2, 4], "tstamp": 0.27478213534463514, "transferred": 0, "dist": 0.006132628851132727, "_child0": {"label": 23, "event": "S", "reconc": 6, "tstamp": 0.0, "transferred": 1, "dist": 0.5512655713252003}, "_child1": {"label": 22, "event": "S", "reconc": 4, "tstamp": 0.0, "transferred": 0, "dist": 0.22002504469244855}}, "_child1": {"label": 21, "event": "H", "reconc": [5, 6], "tstamp": 0.0027262509809783085, "transferred": 1, "dist": 2.2543063107368453, "_child0": {"label": 41, "event": "D", "reconc": [1, 3], "tstamp": 0.0012661332867985478, "transferred": 1, "dist": 0.0014257826530614877, "_child0": {"label": 42, "event": "S", "reconc": 3, "tstamp": 0.0, "transferred": 0, "dist": 0.002416824664839574}, "_child1": {"label": 43, "event": "S", "reconc": 3, "tstamp": 0.0, "transferred": 0, "dist": 0.00882000195111674}}, "_child1": {"label": 40, "event": "S", "reconc": 6, "tstamp": 0.0, "transferred": 0, "dist": 0.02197168840974294}}}}}