{"label": 1, "event": "D", "reconc": [0, 1], "tstamp": 0.8665490326927707, "transferred": 0, "dist": 0.0, "_child0": {"label": 8, "event": "S", "reconc": 5, "tstamp": 0.44441649542780204, "transferred": 0, "dist": 0.6640791154328949, "_child0": {"label": 18, "event": "S", "reconc": 15, "tstamp": 0.0, "transferred": 0, "dist": 2.0942066393284895}, "_child1": {"label": 22, "event": "S", "reconc": 8, "tstamp": 0.0, "transferred": 0, "dist": 0.5485934947325164}, "_child2": {"label": 14, "event": "S", "reconc": 14, "tstamp": 0.0, "transferred": 0, "dist": 0.6673730220588987}}, "_child1": {"label": 3, "event": "S", "reconc": 1, "tstamp": 0.7045733167654334, "transferred": 0, "dist": 0.16731808358566727, "_child0": {"label": 6, "event": "S", "reconc": 2, "tstamp": 0.470242298904177, "transferred": 0, "dist": 0.25977545640835153, "_child0": {"label": 10, "event": "S", "reconc": 5, "tstamp": 0.44441649542780204, "transferred": 0, "dist": 0.03160120184407957, "_child0": {"label": 15, "event": "S", "reconc": 7, "tstamp": 0.22353880815343766, "transferred": 0, "dist": 0.2536151244749594, "_child0": {"label": 24, "event": "S", "reconc": 8, "tstamp": 0.0, "transferred": 0, "dist": 0.22319167447660376}, "_child1": {"label": 25, "event": "S", "reconc": 9, "tstamp": 0.0, "transferred": 0, "dist": 0.2234954336784023}}, "_child1": {"label": 16, "event": "S", "reconc": 15, "tstamp": 0.0, "transferred": 0, "dist": 0.6732321883540942}, "_child2": {"label": 17, "event": "S", "reconc": 14, "tstamp": 0.0, "transferred": 0, "dist": 0.6663419187376413}}, "_child1": {"label": 11, "event": "D", "reconc": [2, 4], "tstamp": 0.3339682262889432, "transferred": 0, "dist": 0.16263810716592247, "_child0": {"label": 20, "event": "S", "reconc": 4, "tstamp": 0.18715978969893532, "transferred": 0, "dist": 0.3205877919327471, "_child0": {"label": 26, "event": "S", "reconc": 10, "tstamp": 0.15807757783857873, "transferred": 0, "dist": 0.036553806182653, "_child0": {"label": 30, "event": "S", "reconc": 12, "tstamp": 0.0, "transferred": 0, "dist": 0.6026781476736256}, "_child1": {"label": 31, "event": "S", "reconc": 13, "tstamp": 0.0, "transferred": 0, "dist": 0.8951950055979068}}, "_child1": {"label": 27, "event": "S", "reconc": 11, "tstamp": 0.0, "transferred": 0, "dist": 0.43731465777257006}}, "_child1": {"label": 21, "event": "S", "reconc": 4, "tstamp": 0.18715978969893532, "transferred": 0, "dist": 0.17521048417186663, "_child0": {"label": 28, "event": "S", "reconc": 10, "tstamp": 0.15807757783857873, "transferred": 0, "dist": 0.03594566829952471, "_child0": {"label": 32, "event": "D", "reconc": [10, 12], "tstamp": 0.004409279581296814, "transferred": 0, "dist": 0.18123568355197697, "_child0": {"label": 34, "event": "S", "reconc": 12, "tstamp": 0.0, "transferred": 0, "dist": 0.010438953343465186}, "_child1": {"label": 35, "event": "S", "reconc": 12, "tstamp": 0.0, "transferred": 0, "dist": 0.008752251006930079}}, "_child1": {"label": 33, "event": "S", "reconc": 13, "tstamp": 0.0, "transferred": 0, "dist": 0.2340670587178152}}, "_child1": {"label": 29, "event": "S", "reconc": 11, "tstamp": 0.0, "transferred": 0, "dist": 0.22814601816150196}}}}, "_child1": {"label": 7, "event": "S", "reconc": 3, "tstamp": 0.0, "transferred": 0, "dist": 0.6294302459864926}}}