{"label": 0, "event": null, "tstamp": 1.0, "dist": 0.0, "_child0": {"label": 1, "event": "S", "tstamp": 0.8638992912385334, "dist": 0.13610070876146663, "_child0": {"label": 3, "event": "S", "tstamp": 0.830787003498732, "dist": 0.03311228773980135, "_child0": {"label": 5, "event": "S", "tstamp": 0.7389676263662346, "dist": 0.09181937713249744, "_child0": {"label": 6, "event": "S", "tstamp": 0.0, "dist": 0.7389676263662346}, "_child1": {"label": 7, "event": "S", "tstamp": 0.0, "dist": 0.7389676263662346}}, "_child1": {"label": 4, "event": "S", "tstamp": 0.3726849369115564, "dist": 0.4581020665871756, "_child0": {"label": 17, "event": "S", "tstamp": 0.35969098633794294, "dist": 0.012993950573613466, "_child0": {"label": 18, "event": "S", "tstamp": 0.0, "dist": 0.35969098633794294}, "_child1": {"label": 19, "event": "S", "tstamp": 0.0, "dist": 0.35969098633794294}}, "_child1": {"label": 16, "event": "S", "tstamp": 0.0, "dist": 0.3726849369115564}}}, "_child1": {"label": 2, "event": "S", "tstamp": 0.7209632092784721, "dist": 0.14293608196006125, "_child0": {"label": 8, "event": "S", "tstamp": 0.683061926558192, "dist": 0.03790128272028015, "_child0": {"label": 10, "event": "S", "tstamp": 0.6168818011365632, "dist": 0.06618012542162877, "_child0": {"label": 12, "event": "S", "tstamp": 0.3766276324692705, "dist": 0.2402541686672927, "_child0": {"label": 14, "event": "S", "tstamp": 0.0, "dist": 0.3766276324692705}, "_child1": {"label": 15, "event": "S", "tstamp": 0.0, "dist": 0.3766276324692705}}, "_child1": {"label": 13, "event": "S", "tstamp": 0.0, "dist": 0.6168818011365632}}, "_child1": {"label": 11, "event": "S", "tstamp": 0.0, "dist": 0.683061926558192}}, "_child1": {"label": 9, "event": "S", "tstamp": 0.0, "dist": 0.7209632092784721}}}}