{"label": 0, "event": null, "tstamp": 1.0, "dist": 0.0, "_child0": {"label": 1, "event": "S", "tstamp": 0.6960610360224609, "dist": 0.30393896397753906, "_child0": {"label": 2, "event": "S", "tstamp": 0.616373548263955, "dist": 0.07968748775850598, "_child0": {"label": 4, "event": "S", "tstamp": 0.0, "dist": 0.616373548263955}, "_child1": {"label": 5, "event": "S", "tstamp": 0.0, "dist": 0.616373548263955}}, "_child1": {"label": 3, "event": "S", "tstamp": 0.32998580944445477, "dist": 0.3660752265780062, "_child0": {"label": 9, "event": "S", "tstamp": 0.0, "dist": 0.32998580944445477}, "_child1": {"label": 8, "event": "S", "tstamp": 0.0, "dist": 0.32998580944445477}, "_child2": {"label": 6, "event": "S", "tstamp": 0.0, "dist": 0.32998580944445477}}}}