{"label": 1, "event": "S", "reconc": 1, "tstamp": 0.787266834300661, "transferred": 0, "dist": 0.0, "_child0": {"label": 6, "event": "S", "reconc": 5, "tstamp": 0.6697925777648172, "transferred": 0, "dist": 0.16123908673523293, "_child0": {"label": 9, "event": "H", "reconc": [5, 6], "tstamp": 0.3750301811222516, "transferred": 0, "dist": 0.390987605876042, "_child0": {"label": 10, "event": "S", "reconc": 6, "tstamp": 0.0, "transferred": 0, "dist": 0.49745881536597925}, "_child1": {"label": 11, "event": "S", "reconc": 8, "tstamp": 0.0, "transferred": 1, "dist": 0.6659791199967946}}, "_child1": {"label": 8, "event": "D", "reconc": [5, 7], "tstamp": 0.34652317339400085, "transferred": 0, "dist": 0.5265285943991523, "_child0": {"label": 12, "event": "S", "reconc": 7, "tstamp": 0.2256806589624477, "transferred": 0, "dist": 0.19682357317774363, "_child0": {"label": 16, "event": "S", "reconc": 11, "tstamp": 0.18762599022275844, "transferred": 0, "dist": 0.0687194796696793, "_child0": {"label": 24, "event": "D", "reconc": [11, 13], "tstamp": 0.1107800485833994, "transferred": 0, "dist": 0.12937857338382489, "_child0": {"label": 35, "event": "S", "reconc": 13, "tstamp": 0.0, "transferred": 0, "dist": 0.1955638227833746}, "_child1": {"label": 36, "event": "S", "reconc": 13, "tstamp": 0.0, "transferred": 0, "dist": 0.7456907218866256}}, "_child1": {"label": 22, "event": "D", "reconc": [11, 19], "tstamp": 0.09675443984330144, "transferred": 0, "dist": 0.17355143330684136, "_child0": {"label": 37, "event": "S", "reconc": 19, "tstamp": 0.0, "transferred": 0, "dist": 0.184786895826987}, "_child1": {"label": 38, "event": "S", "reconc": 19, "tstamp": 0.0, "transferred": 0, "dist": 0.184786895826987}}, "_child2": {"label": 23, "event": "S", "reconc": 18, "tstamp": 0.0, "transferred": 0, "dist": 0.2919972136853397}}, "_child1": {"label": 17, "event": "S", "reconc": 10, "tstamp": 0.0, "transferred": 0, "dist": 0.4190559151543854}}, "_child1": {"label": 13, "event": "S", "reconc": 7, "tstamp": 0.2256806589624477, "transferred": 0, "dist": 0.19682357317774363, "_child0": {"label": 18, "event": "S", "reconc": 11, "tstamp": 0.18762599022275844, "transferred": 0, "dist": 0.0687194796696793, "_child0": {"label": 25, "event": "S", "reconc": 19, "tstamp": 0.0, "transferred": 0, "dist": 0.3583383291338284}, "_child1": {"label": 26, "event": "S", "reconc": 18, "tstamp": 0.0, "transferred": 0, "dist": 0.2919972136853397}, "_child2": {"label": 27, "event": "S", "reconc": 13, "tstamp": 0.0, "transferred": 0, "dist": 0.3158889386595125}}, "_child1": {"label": 19, "event": "S", "reconc": 10, "tstamp": 0.0, "transferred": 0, "dist": 0.4190559151543854}}}}, "_child1": {"label": 5, "event": "H", "reconc": [1, 15], "tstamp": 0.29000609801961535, "transferred": 0, "dist": 0.7460107231182038, "_child0": {"label": 15, "event": "S", "reconc": 7, "tstamp": 0.2256806589624477, "transferred": 1, "dist": 0.10477080044077063, "_child0": {"label": 20, "event": "S", "reconc": 11, "tstamp": 0.18762599022275844, "transferred": 0, "dist": 0.07201433997806903, "_child0": {"label": 28, "event": "S", "reconc": 19, "tstamp": 0.0, "transferred": 0, "dist": 0.7943913873071741}, "_child1": {"label": 29, "event": "S", "reconc": 18, "tstamp": 0.0, "transferred": 0, "dist": 0.6248822691870646}, "_child2": {"label": 30, "event": "S", "reconc": 13, "tstamp": 0.0, "transferred": 0, "dist": 1.0201502119832122}}, "_child1": {"label": 21, "event": "S", "reconc": 10, "tstamp": 0.0, "transferred": 0, "dist": 0.47502966743465147}}, "_child1": {"label": 14, "event": "S", "reconc": 15, "tstamp": 0.12035879133741668, "transferred": 0, "dist": 0.2545117695789947, "_child0": {"label": 31, "event": "D", "reconc": [15, 16], "tstamp": 0.11567592965050687, "transferred": 0, "dist": 0.006866394113327732, "_child0": {"label": 33, "event": "S", "reconc": 16, "tstamp": 0.0, "transferred": 0, "dist": 0.16961349181553342}, "_child1": {"label": 34, "event": "S", "reconc": 16, "tstamp": 0.0, "transferred": 0, "dist": 0.17574761269462513}}, "_child1": {"label": 32, "event": "S", "reconc": 17, "tstamp": 0.0, "transferred": 0, "dist": 0.19607274466761393}}}, "_child2": {"label": 3, "event": "S", "reconc": 8, "tstamp": 0.0, "transferred": 0, "dist": 0.9908258827180433}}