{"label": 0, "event": null, "tstamp": 1.0, "dist": 0.0, "_child0": {"label": 1, "event": "S", "tstamp": 0.9037793992285615, "dist": 0.09622060077143846, "_child0": {"label": 3, "event": "S", "tstamp": 0.8901400628970818, "dist": 0.013639336331479734, "_child0": {"label": 5, "event": "S", "tstamp": 0.8334920295090853, "dist": 0.05664803338799651, "_child0": {"label": 7, "event": "S", "tstamp": 0.7749301786914587, "dist": 0.05856185081762655, "_child0": {"label": 9, "event": "S", "tstamp": 0.7398303390002684, "dist": 0.03509983969119035, "_child0": {"label": 11, "event": "S", "tstamp": 0.652934538849075, "dist": 0.08689580015119336, "_child0": {"label": 13, "event": "S", "tstamp": 0.39922642993555335, "dist": 0.2537081089135217, "_child0": {"label": 14, "event": "S", "tstamp": 0.0, "dist": 0.39922642993555335}, "_child1": {"label": 15, "event": "S", "tstamp": 0.0, "dist": 0.39922642993555335}}, "_child1": {"label": 12, "event": "S", "tstamp": 0.0, "dist": 0.652934538849075}}, "_child1": {"label": 10, "event": "S", "tstamp": 0.16629212821027117, "dist": 0.5735382107899972, "_child0": {"label": 23, "event": "S", "tstamp": 0.0, "dist": 0.16629212821027117}, "_child1": {"label": 22, "event": "S", "tstamp": 0.10391557262709207, "dist": 0.0623765555831791, "_child0": {"label": 24, "event": "S", "tstamp": 0.0, "dist": 0.10391557262709207}, "_child1": {"label": 25, "event": "S", "tstamp": 0.0, "dist": 0.10391557262709207}}, "_child2": {"label": 20, "event": "S", "tstamp": 0.0, "dist": 0.16629212821027117}}}, "_child1": {"label": 16, "event": "S", "tstamp": 0.0, "dist": 0.7749301786914587}, "_child2": {"label": 17, "event": "S", "tstamp": 0.2706276487896363, "dist": 0.5043025299018224, "_child0": {"label": 18, "event": "S", "tstamp": 0.0, "dist": 0.2706276487896363}, "_child1": {"label": 19, "event": "S", "tstamp": 0.0, "dist": 0.2706276487896363}}}, "_child1": {"label": 6, "event": "S", "tstamp": 0.0, "dist": 0.8334920295090853}}, "_child1": {"label": 4, "event": "S", "tstamp": 0.0, "dist": 0.8901400628970818}}, "_child1": {"label": 2, "event": "S", "tstamp": 0.0, "dist": 0.9037793992285615}}}