{"label": 1, "event": "S", "reconc": 1, "tstamp": 0.8517226402487846, "transferred": 0, "dist": 0.0, "_child0": {"label": 2, "event": "D", "reconc": [1, 2], "tstamp": 0.7169855187873733, "transferred": 0, "dist": 0.11659173128994618, "_child0": {"label": 4, "event": "S", "reconc": 2, "tstamp": 0.679890155435853, "transferred": 0, "dist": 0.03845192764040632, "_child0": {"label": 7, "event": "D", "reconc": [2, 4], "tstamp": 0.6154388777705868, "transferred": 0, "dist": 0.05263742988152755, "_child0": {"label": 10, "event": "H", "reconc": [2, 4], "tstamp": 0.5187698325011646, "transferred": 0, "dist": 0.07039147269913848, "_child0": {"label": 13, "event": "S", "reconc": 3, "tstamp": 0.5047976601770782, "transferred": 1, "dist": 0.015336770023294683, "_child0": {"label": 24, "event": "S", "reconc": 11, "tstamp": 0.410453931527996, "transferred": 0, "dist": 0.3506822303051613, "_child0": {"label": 31, "event": "D", "reconc": [11, 12], "tstamp": 0.31644562369167445, "transferred": 0, "dist": 0.2180160762395958, "_child0": {"label": 32, "event": "S", "reconc": 12, "tstamp": 0.2540918451426922, "transferred": 0, "dist": 0.1228225168751666, "_child0": {"label": 42, "event": "S", "reconc": 23, "tstamp": 0.06637443109870596, "transferred": 0, "dist": 0.20719347516159978, "_child0": {"label": 59, "event": "S", "reconc": 24, "tstamp": 0.0, "transferred": 0, "dist": 0.058844213211667475}, "_child1": {"label": 60, "event": "S", "reconc": 25, "tstamp": 0.0, "transferred": 0, "dist": 0.06060318761384985}}, "_child1": {"label": 41, "event": "S", "reconc": 22, "tstamp": 0.0, "transferred": 0, "dist": 0.5249216823707253}, "_child2": {"label": 43, "event": "S", "reconc": 17, "tstamp": 0.0, "transferred": 0, "dist": 0.2520693615939896}}, "_child1": {"label": 45, "event": "S", "reconc": 23, "tstamp": 0.06637443109870596, "transferred": 0, "dist": 0.23803114415806093, "_child0": {"label": 61, "event": "S", "reconc": 24, "tstamp": 0.0, "transferred": 0, "dist": 0.06307898149737774}, "_child1": {"label": 62, "event": "S", "reconc": 25, "tstamp": 0.0, "transferred": 0, "dist": 0.12616326987529483}}}, "_child1": {"label": 36, "event": "S", "reconc": 14, "tstamp": 0.0, "transferred": 0, "dist": 1.1230975986252256}}, "_child1": {"label": 17, "event": "S", "reconc": 6, "tstamp": 0.0, "transferred": 0, "dist": 0.6785172430437617}}, "_child1": {"label": 12, "event": "S", "reconc": 4, "tstamp": 0.0, "transferred": 0, "dist": 0.3777524894330698}}, "_child1": {"label": 11, "event": "S", "reconc": 4, "tstamp": 0.0, "transferred": 0, "dist": 0.3989098194349993}}, "_child1": {"label": 6, "event": "S", "reconc": 5, "tstamp": 0.20588976070838721, "transferred": 0, "dist": 0.5349217346992039, "_child0": {"label": 53, "event": "S", "reconc": 20, "tstamp": 0.0, "transferred": 0, "dist": 0.38299470881957653}, "_child1": {"label": 50, "event": "S", "reconc": 18, "tstamp": 0.0, "transferred": 0, "dist": 0.3505656275580585}}}, "_child1": {"label": 8, "event": "S", "reconc": 5, "tstamp": 0.20588976070838721, "transferred": 0, "dist": 0.595834641227661, "_child0": {"label": 51, "event": "S", "reconc": 19, "tstamp": 0.19905044801316477, "transferred": 0, "dist": 0.028612555940874234, "_child0": {"label": 55, "event": "S", "reconc": 20, "tstamp": 0.0, "transferred": 0, "dist": 0.2893066024686267}, "_child1": {"label": 56, "event": "S", "reconc": 21, "tstamp": 0.0, "transferred": 0, "dist": 0.39671807593741365}}, "_child1": {"label": 52, "event": "S", "reconc": 18, "tstamp": 0.0, "transferred": 0, "dist": 0.3275030123791009}}}, "_child1": {"label": 14, "event": "S", "reconc": 7, "tstamp": 0.4969517363807775, "transferred": 0, "dist": 0.3112466383153403, "_child0": {"label": 18, "event": "S", "reconc": 8, "tstamp": 0.48599037918494314, "transferred": 0, "dist": 0.010092839823170328, "_child0": {"label": 23, "event": "D", "reconc": [8, 10], "tstamp": 0.48330435480451567, "transferred": 0, "dist": 0.0023489621214560536, "_child0": {"label": 26, "event": "S", "reconc": 10, "tstamp": 0.0, "transferred": 0, "dist": 1.4955093470548397}, "_child1": {"label": 27, "event": "S", "reconc": 10, "tstamp": 0.0, "transferred": 0, "dist": 1.0876072786308186}}, "_child1": {"label": 22, "event": "S", "reconc": 11, "tstamp": 0.410453931527996, "transferred": 0, "dist": 0.07105462237069886, "_child0": {"label": 28, "event": "S", "reconc": 13, "tstamp": 0.2950209367278767, "transferred": 0, "dist": 0.1026274549508809, "_child0": {"label": 34, "event": "S", "reconc": 14, "tstamp": 0.0, "transferred": 0, "dist": 0.264197671070134}, "_child1": {"label": 35, "event": "S", "reconc": 15, "tstamp": 0.0, "transferred": 0, "dist": 0.23075075514276208}}, "_child1": {"label": 29, "event": "S", "reconc": 12, "tstamp": 0.2540918451426922, "transferred": 0, "dist": 0.15685639252160424, "_child0": {"label": 39, "event": "S", "reconc": 23, "tstamp": 0.06637443109870596, "transferred": 0, "dist": 0.17453525338083456, "_child0": {"label": 57, "event": "S", "reconc": 24, "tstamp": 0.0, "transferred": 0, "dist": 0.057324830767262164}, "_child1": {"label": 58, "event": "S", "reconc": 25, "tstamp": 0.0, "transferred": 0, "dist": 0.05367641467661694}}, "_child1": {"label": 38, "event": "S", "reconc": 22, "tstamp": 0.0, "transferred": 0, "dist": 0.32678595253196413}, "_child2": {"label": 40, "event": "S", "reconc": 17, "tstamp": 0.0, "transferred": 0, "dist": 0.25158342132675365}}}}, "_child1": {"label": 19, "event": "D", "reconc": [7, 9], "tstamp": 0.21558859447035467, "transferred": 0, "dist": 0.29362025910671924, "_child0": {"label": 47, "event": "S", "reconc": 9, "tstamp": 0.0, "transferred": 0, "dist": 0.22742075765599312}, "_child1": {"label": 48, "event": "S", "reconc": 9, "tstamp": 0.0, "transferred": 0, "dist": 0.22498035293120253}}}}