{"label": 0, "event": null, "tstamp": 1.0, "dist": 0.0, "_child0": {"label": 1, "event": "S", "tstamp": 0.9306257830189284, "dist": 0.0693742169810716, "_child0": {"label": 2, "event": "S", "tstamp": 0.7384671653254861, "dist": 0.19215861769344234, "_child0": {"label": 4, "event": "S", "tstamp": 0.5195345204094469, "dist": 0.21893264491603914, "_child0": {"label": 7, "event": "S", "tstamp": 0.4333264334498464, "dist": 0.08620808695960053, "_child0": {"label": 9, "event": "S", "tstamp": 0.3810762817541058, "dist": 0.0522501516957406, "_child0": {"label": 12, "event": "S", "tstamp": 0.0, "dist": 0.3810762817541058}, "_child1": {"label": 13, "event": "S", "tstamp": 0.2788193532024301, "dist": 0.10225692855167567, "_child0": {"label": 15, "event": "S", "tstamp": 0.1218433280636378, "dist": 0.15697602513879233, "_child0": {"label": 16, "event": "S", "tstamp": 0.0, "dist": 0.1218433280636378}, "_child1": {"label": 17, "event": "S", "tstamp": 0.0, "dist": 0.1218433280636378}}, "_child1": {"label": 14, "event": "S", "tstamp": 0.06567152080107025, "dist": 0.21314783240135987, "_child0": {"label": 18, "event": "S", "tstamp": 0.0, "dist": 0.06567152080107025}, "_child1": {"label": 19, "event": "S", "tstamp": 0.0, "dist": 0.06567152080107025}}}, "_child2": {"label": 11, "event": "S", "tstamp": 0.0, "dist": 0.3810762817541058}}, "_child1": {"label": 8, "event": "S", "tstamp": 0.0, "dist": 0.4333264334498464}}, "_child1": {"label": 6, "event": "S", "tstamp": 0.0, "dist": 0.5195345204094469}}, "_child1": {"label": 5, "event": "S", "tstamp": 0.0, "dist": 0.7384671653254861}}, "_child1": {"label": 3, "event": "S", "tstamp": 0.0, "dist": 0.9306257830189284}}}