{"label": 1, "event": "S", "reconc": 1, "tstamp": 0.9932414548775063, "transferred": 0, "dist": 0.0, "_child0": {"label": 2, "event": "D", "reconc": [1, 3], "tstamp": 0.8622886949765842, "transferred": 0, "dist": 0.14705349514299532, "_child0": {"label": 4, "event": "S", "reconc": 3, "tstamp": 0.7857057141887698, "transferred": 0, "dist": 0.08599891290445175, "_child0": {"label": 12, "event": "S", "reconc": 6, "tstamp": 0.0, "transferred": 0, "dist": 0.9946058805974558}, "_child1": {"label": 7, "event": "H", "reconc": [3, 4], "tstamp": 0.3124487864919822, "transferred": 0, "dist": 0.5516016483168947, "_child0": {"label": 25, "event": "S", "reconc": 11, "tstamp": 0.0, "transferred": 1, "dist": 0.5526824844061587}, "_child1": {"label": 24, "event": "S", "reconc": 4, "tstamp": 0.0, "transferred": 0, "dist": 0.3641727263927399}}}, "_child1": {"label": 5, "event": "S", "reconc": 3, "tstamp": 0.7857057141887698, "transferred": 0, "dist": 0.08599891290445175, "_child0": {"label": 8, "event": "S", "reconc": 5, "tstamp": 0.72983942811765, "transferred": 0, "dist": 0.07678553796260543, "_child0": {"label": 14, "event": "D", "reconc": [5, 9], "tstamp": 0.6822450366915928, "transferred": 0, "dist": 0.08063847160788076, "_child0": {"label": 16, "event": "S", "reconc": 9, "tstamp": 0.4722920484903323, "transferred": 0, "dist": 0.3557202344809891, "_child0": {"label": 19, "event": "D", "reconc": [9, 11], "tstamp": 0.1784819404736914, "transferred": 0, "dist": 0.5015693570173019, "_child0": {"label": 29, "event": "S", "reconc": 11, "tstamp": 0.0, "transferred": 0, "dist": 0.304690239307626}, "_child1": {"label": 30, "event": "S", "reconc": 11, "tstamp": 0.0, "transferred": 0, "dist": 0.304690239307626}}, "_child1": {"label": 18, "event": "S", "reconc": 10, "tstamp": 0.0, "transferred": 0, "dist": 0.7448394821353309}}, "_child1": {"label": 17, "event": "S", "reconc": 9, "tstamp": 0.4722920484903323, "transferred": 0, "dist": 0.3557202344809891, "_child0": {"label": 20, "event": "D", "reconc": [9, 10], "tstamp": 0.13865003070331203, "transferred": 0, "dist": 0.5261781318178556, "_child0": {"label": 32, "event": "H", "reconc": [9, 10], "tstamp": 0.02973108443167395, "transferred": 0, "dist": 0.17219627339626073, "_child0": {"label": 35, "event": "S", "reconc": 10, "tstamp": 0.0, "transferred": 0, "dist": 0.047003594125817866}, "_child1": {"label": 36, "event": "S", "reconc": 4, "tstamp": 0.0, "transferred": 1, "dist": 0.05131007301577224}}, "_child1": {"label": 31, "event": "H", "reconc": [9, 10], "tstamp": 0.028034318860227763, "transferred": 0, "dist": 0.17444915659409074, "_child0": {"label": 37, "event": "S", "reconc": 10, "tstamp": 0.0, "transferred": 0, "dist": 0.04421219372338474}, "_child1": {"label": 38, "event": "S", "reconc": 2, "tstamp": 0.0, "transferred": 1, "dist": 0.1349470105150779}}}, "_child1": {"label": 21, "event": "S", "reconc": 11, "tstamp": 0.0, "transferred": 0, "dist": 0.8062595963249279}}}, "_child1": {"label": 13, "event": "S", "reconc": 8, "tstamp": 0.39696049646893133, "transferred": 0, "dist": 0.4633066979631883, "_child0": {"label": 22, "event": "S", "reconc": 13, "tstamp": 0.21001933468816728, "transferred": 0, "dist": 0.25531283494895063, "_child0": {"label": 27, "event": "S", "reconc": 17, "tstamp": 0.014860747643530162, "transferred": 0, "dist": 0.30385354801665765, "_child0": {"label": 39, "event": "S", "reconc": 18, "tstamp": 0.0, "transferred": 0, "dist": 0.024202893774105075}, "_child1": {"label": 40, "event": "S", "reconc": 19, "tstamp": 0.0, "transferred": 0, "dist": 0.023960790830650978}}, "_child1": {"label": 26, "event": "S", "reconc": 16, "tstamp": 0.0, "transferred": 0, "dist": 0.31438133202478774}, "_child2": {"label": 28, "event": "S", "reconc": 14, "tstamp": 0.0, "transferred": 0, "dist": 0.3297254643275624}}, "_child1": {"label": 23, "event": "S", "reconc": 12, "tstamp": 0.0, "transferred": 0, "dist": 0.42190673567005743}}, "_child2": {"label": 15, "event": "S", "reconc": 6, "tstamp": 0.0, "transferred": 0, "dist": 0.9178203426348504}}, "_child1": {"label": 9, "event": "H", "reconc": [3, 4], "tstamp": 0.13738636797513473, "transferred": 0, "dist": 0.7556445538950324, "_child0": {"label": 34, "event": "S", "reconc": 12, "tstamp": 0.0, "transferred": 1, "dist": 0.22937661075898283}, "_child1": {"label": 33, "event": "S", "reconc": 4, "tstamp": 0.0, "transferred": 0, "dist": 0.16012982081460223}}}}, "_child1": {"label": 3, "event": "S", "reconc": 2, "tstamp": 0.0, "transferred": 0, "dist": 0.7751578783048143}}