{"label": 1, "event": "S", "reconc": 1, "tstamp": 0.9587339556804375, "transferred": 0, "dist": 0.0, "_child0": {"label": 2, "event": "S", "reconc": 3, "tstamp": 0.890053456079391, "transferred": 0, "dist": 0.07845315848211047, "_child0": {"label": 18, "event": "S", "reconc": 8, "tstamp": 0.0, "transferred": 0, "dist": 0.8266651095246802}, "_child1": {"label": 5, "event": "H", "reconc": [3, 4], "tstamp": 0.06813838609995508, "transferred": 0, "dist": 0.6893160961132007, "_child0": {"label": 25, "event": "S", "reconc": 8, "tstamp": 0.0, "transferred": 1, "dist": 0.23732838154236044}, "_child1": {"label": 24, "event": "S", "reconc": 4, "tstamp": 0.0, "transferred": 0, "dist": 0.05714566871617302}}}, "_child1": {"label": 3, "event": "D", "reconc": [1, 2], "tstamp": 0.7730098428662494, "transferred": 0, "dist": 0.20826959991770713, "_child0": {"label": 7, "event": "H", "reconc": [1, 2], "tstamp": 0.6506906115439035, "transferred": 0, "dist": 0.13716785065617124, "_child0": {"label": 9, "event": "S", "reconc": 5, "tstamp": 0.6492207100790208, "transferred": 1, "dist": 0.0016962876129487494, "_child0": {"label": 21, "event": "S", "reconc": 9, "tstamp": 0.0, "transferred": 0, "dist": 0.962181503144491}, "_child1": {"label": 13, "event": "S", "reconc": 7, "tstamp": 0.0, "transferred": 0, "dist": 1.0489992762268097}}, "_child1": {"label": 8, "event": "H", "reconc": [1, 2], "tstamp": 0.6329466668435865, "transferred": 0, "dist": 0.019897923902827956, "_child0": {"label": 15, "event": "S", "reconc": 7, "tstamp": 0.0, "transferred": 1, "dist": 0.9592643082532062}, "_child1": {"label": 14, "event": "S", "reconc": 2, "tstamp": 0.0, "transferred": 0, "dist": 0.7097815521921264}}}, "_child1": {"label": 6, "event": "H", "reconc": [1, 2], "tstamp": 0.3378549691219613, "transferred": 0, "dist": 0.4879793478816378, "_child0": {"label": 17, "event": "S", "reconc": 6, "tstamp": 0.25872117138368944, "transferred": 1, "dist": 0.1810564344247425, "_child0": {"label": 22, "event": "S", "reconc": 8, "tstamp": 0.0, "transferred": 0, "dist": 0.5380584028686125}, "_child1": {"label": 23, "event": "S", "reconc": 9, "tstamp": 0.0, "transferred": 0, "dist": 0.22822491612832257}}, "_child1": {"label": 16, "event": "S", "reconc": 2, "tstamp": 0.0, "transferred": 0, "dist": 0.37886797886948775}}}}