{"label": 0, "event": null, "tstamp": 1.0, "dist": 0.0, "_child0": {"label": 1, "event": "S", "tstamp": 0.7909621062479308, "dist": 0.20903789375206916, "_child0": {"label": 3, "event": "S", "tstamp": 0.6249829996135983, "dist": 0.16597910663433257, "_child0": {"label": 5, "event": "S", "tstamp": 0.40858523616850384, "dist": 0.21639776344509443, "_child0": {"label": 7, "event": "S", "tstamp": 0.3825577704261158, "dist": 0.026027465742388067, "_child0": {"label": 9, "event": "S", "tstamp": 0.252552199273188, "dist": 0.13000557115292777, "_child0": {"label": 11, "event": "S", "tstamp": 0.06433204003759815, "dist": 0.18822015923558985, "_child0": {"label": 13, "event": "S", "tstamp": 0.05451217160179171, "dist": 0.009819868435806442, "_child0": {"label": 14, "event": "S", "tstamp": 0.0, "dist": 0.05451217160179171}, "_child1": {"label": 15, "event": "S", "tstamp": 0.0, "dist": 0.05451217160179171}}, "_child1": {"label": 12, "event": "S", "tstamp": 0.0, "dist": 0.06433204003759815}}, "_child1": {"label": 10, "event": "S", "tstamp": 0.0, "dist": 0.252552199273188}}, "_child1": {"label": 8, "event": "S", "tstamp": 0.0, "dist": 0.3825577704261158}}, "_child1": {"label": 6, "event": "S", "tstamp": 0.0, "dist": 0.40858523616850384}}, "_child1": {"label": 4, "event": "S", "tstamp": 0.042128274765599105, "dist": 0.5828547248479992, "_child0": {"label": 17, "event": "S", "tstamp": 0.03141319962824807, "dist": 0.010715075137351038, "_child0": {"label": 18, "event": "S", "tstamp": 0.0, "dist": 0.03141319962824807}, "_child1": {"label": 19, "event": "S", "tstamp": 0.0, "dist": 0.03141319962824807}}, "_child1": {"label": 16, "event": "S", "tstamp": 0.0, "dist": 0.042128274765599105}}}, "_child1": {"label": 2, "event": "S", "tstamp": 0.0, "dist": 0.7909621062479308}}}