{"label": 0, "event": null, "tstamp": 1.0, "dist": 0.0, "_child0": {"label": 1, "event": "S", "tstamp": 0.9194388876735144, "dist": 0.08056111232648555, "_child0": {"label": 4, "event": "S", "tstamp": 0.0, "dist": 0.9194388876735144}, "_child1": {"label": 5, "event": "S", "tstamp": 0.8010100397850162, "dist": 0.11842884788849828, "_child0": {"label": 7, "event": "S", "tstamp": 0.34799706790955853, "dist": 0.45301297187545764, "_child0": {"label": 8, "event": "S", "tstamp": 0.0, "dist": 0.34799706790955853}, "_child1": {"label": 9, "event": "S", "tstamp": 0.0, "dist": 0.34799706790955853}}, "_child1": {"label": 6, "event": "S", "tstamp": 0.0, "dist": 0.8010100397850162}}, "_child2": {"label": 10, "event": "S", "tstamp": 0.029039733272804215, "dist": 0.8903991544007103, "_child0": {"label": 14, "event": "S", "tstamp": 0.0, "dist": 0.029039733272804215}, "_child1": {"label": 15, "event": "S", "tstamp": 0.0, "dist": 0.029039733272804215}}, "_child3": {"label": 11, "event": "S", "tstamp": 0.3151567084734022, "dist": 0.6042821792001123, "_child0": {"label": 12, "event": "S", "tstamp": 0.0, "dist": 0.3151567084734022}, "_child1": {"label": 13, "event": "S", "tstamp": 0.0, "dist": 0.3151567084734022}}}}