{"label": 0, "event": null, "tstamp": 1.0, "dist": 0.0, "_child0": {"label": 1, "event": "S", "tstamp": 0.7960507771149528, "dist": 0.20394922288504724, "_child0": {"label": 5, "event": "S", "tstamp": 0.0, "dist": 0.7960507771149528}, "_child1": {"label": 4, "event": "S", "tstamp": 0.5545580236427962, "dist": 0.2414927534721566, "_child0": {"label": 6, "event": "S", "tstamp": 0.0, "dist": 0.5545580236427962}, "_child1": {"label": 7, "event": "S", "tstamp": 0.0, "dist": 0.5545580236427962}}, "_child2": {"label": 3, "event": "S", "tstamp": 0.4170472027892433, "dist": 0.37900357432570947, "_child0": {"label": 9, "event": "S", "tstamp": 0.4166409944140235, "dist": 0.00040620837521976316, "_child0": {"label": 10, "event": "S", "tstamp": 0.0, "dist": 0.4166409944140235}, "_child1": {"label": 11, "event": "S", "tstamp": 0.0, "dist": 0.4166409944140235}}, "_child1": {"label": 8, "event": "S", "tstamp": 0.2802268410025182, "dist": 0.13682036178672508, "_child0": {"label": 13, "event": "S", "tstamp": 0.25971319484199423, "dist": 0.02051364616052398, "_child0": {"label": 14, "event": "S", "tstamp": 0.0, "dist": 0.25971319484199423}, "_child1": {"label": 15, "event": "S", "tstamp": 0.0, "dist": 0.25971319484199423}}, "_child1": {"label": 12, "event": "S", "tstamp": 0.18653524026675578, "dist": 0.09369160073576244, "_child0": {"label": 17, "event": "S", "tstamp": 0.11332353394445198, "dist": 0.0732117063223038, "_child0": {"label": 18, "event": "S", "tstamp": 0.0, "dist": 0.11332353394445198}, "_child1": {"label": 19, "event": "S", "tstamp": 0.0, "dist": 0.11332353394445198}}, "_child1": {"label": 16, "event": "S", "tstamp": 0.0, "dist": 0.18653524026675578}}}}}}