{"label": 0, "event": null, "tstamp": 1.0, "dist": 0.0, "_child0": {"label": 1, "event": "S", "tstamp": 0.8924883442210033, "dist": 0.10751165577899668, "_child0": {"label": 2, "event": "S", "tstamp": 0.84707938245384, "dist": 0.04540896176716336, "_child0": {"label": 5, "event": "S", "tstamp": 0.8401334663253701, "dist": 0.006945916128469842, "_child0": {"label": 7, "event": "S", "tstamp": 0.698252235789961, "dist": 0.14188123053540913, "_child0": {"label": 9, "event": "S", "tstamp": 0.46650562578279064, "dist": 0.23174661000717034, "_child0": {"label": 11, "event": "S", "tstamp": 0.4446739193899321, "dist": 0.02183170639285853, "_child0": {"label": 13, "event": "S", "tstamp": 0.2480843109083465, "dist": 0.1965896084815856, "_child0": {"label": 17, "event": "S", "tstamp": 0.16667999902800745, "dist": 0.08140431188033906, "_child0": {"label": 18, "event": "S", "tstamp": 0.0, "dist": 0.16667999902800745}, "_child1": {"label": 19, "event": "S", "tstamp": 0.0, "dist": 0.16667999902800745}}, "_child1": {"label": 16, "event": "S", "tstamp": 0.0, "dist": 0.2480843109083465}}, "_child1": {"label": 12, "event": "S", "tstamp": 0.0, "dist": 0.4446739193899321}}, "_child1": {"label": 10, "event": "S", "tstamp": 0.0, "dist": 0.46650562578279064}}, "_child1": {"label": 8, "event": "S", "tstamp": 0.0, "dist": 0.698252235789961}}, "_child1": {"label": 6, "event": "S", "tstamp": 0.0, "dist": 0.8401334663253701}}, "_child1": {"label": 4, "event": "S", "tstamp": 0.3198105049482539, "dist": 0.527268877505586, "_child0": {"label": 14, "event": "S", "tstamp": 0.0, "dist": 0.3198105049482539}, "_child1": {"label": 15, "event": "S", "tstamp": 0.0, "dist": 0.3198105049482539}}}, "_child1": {"label": 3, "event": "S", "tstamp": 0.0, "dist": 0.8924883442210033}}}