{"label": 1, "event": "S", "reconc": 1, "tstamp": 0.9046241313773006, "transferred": 0, "dist": 0.0, "_child0": {"label": 3, "event": "D", "reconc": [1, 3], "tstamp": 0.7957975804257946, "transferred": 0, "dist": 0.08976063253537131, "_child0": {"label": 4, "event": "S", "reconc": 3, "tstamp": 0.6705312088765942, "transferred": 0, "dist": 0.10332027108602833, "_child0": {"label": 8, "event": "S", "reconc": 7, "tstamp": 0.6277372742857028, "transferred": 0, "dist": 0.036569185584661934, "_child0": {"label": 13, "event": "D", "reconc": [7, 8], "tstamp": 0.44502423375581757, "transferred": 0, "dist": 0.16575991428163667, "_child0": {"label": 20, "event": "S", "reconc": 8, "tstamp": 0.0, "transferred": 0, "dist": 0.4037324244984567}, "_child1": {"label": 21, "event": "S", "reconc": 8, "tstamp": 0.0, "transferred": 0, "dist": 0.4037324244984567}}, "_child1": {"label": 12, "event": "S", "reconc": 9, "tstamp": 0.332640644263076, "transferred": 0, "dist": 0.2365499272502624, "_child0": {"label": 36, "event": "S", "reconc": 17, "tstamp": 0.21931255981343975, "transferred": 0, "dist": 0.08530955324799142, "_child0": {"label": 44, "event": "S", "reconc": 19, "tstamp": 0.21502861841661708, "transferred": 0, "dist": 0.0032557278929994573, "_child0": {"label": 50, "event": "S", "reconc": 20, "tstamp": 0.0, "transferred": 0, "dist": 0.19235778564755862}, "_child1": {"label": 51, "event": "S", "reconc": 21, "tstamp": 0.0, "transferred": 0, "dist": 0.1382620986592534}}, "_child1": {"label": 45, "event": "D", "reconc": [17, 18], "tstamp": 0.14635782596341257, "transferred": 0, "dist": 0.04472465100532888, "_child0": {"label": 60, "event": "S", "reconc": 18, "tstamp": 0.0, "transferred": 0, "dist": 0.12690371719450205}, "_child1": {"label": 61, "event": "S", "reconc": 18, "tstamp": 0.0, "transferred": 0, "dist": 0.0897241665163014}}}, "_child1": {"label": 27, "event": "S", "reconc": 14, "tstamp": 0.0, "transferred": 0, "dist": 0.20451539097644683}}}, "_child1": {"label": 16, "event": "S", "reconc": 11, "tstamp": 0.4319767500365124, "transferred": 0, "dist": 0.21039171813833524, "_child0": {"label": 22, "event": "D", "reconc": [11, 12], "tstamp": 0.32389623964941566, "transferred": 0, "dist": 0.07619863062212846, "_child0": {"label": 32, "event": "S", "reconc": 12, "tstamp": 0.0, "transferred": 0, "dist": 0.4248889607478578}, "_child1": {"label": 33, "event": "S", "reconc": 12, "tstamp": 0.0, "transferred": 0, "dist": 0.22835245537375543}}, "_child1": {"label": 23, "event": "S", "reconc": 13, "tstamp": 0.0, "transferred": 0, "dist": 0.37008913950612005}}}, "_child1": {"label": 10, "event": "S", "reconc": 7, "tstamp": 0.6277372742857028, "transferred": 0, "dist": 0.13988945667069025, "_child0": {"label": 14, "event": "D", "reconc": [7, 9], "tstamp": 0.5221026060246655, "transferred": 0, "dist": 0.08467691782972243, "_child0": {"label": 18, "event": "S", "reconc": 9, "tstamp": 0.332640644263076, "transferred": 0, "dist": 0.35239650813286527, "_child0": {"label": 38, "event": "S", "reconc": 17, "tstamp": 0.21931255981343975, "transferred": 0, "dist": 0.08673887085494814, "_child0": {"label": 53, "event": "S", "reconc": 21, "tstamp": 0.0, "transferred": 0, "dist": 0.4348559121304706}, "_child1": {"label": 47, "event": "S", "reconc": 18, "tstamp": 0.0, "transferred": 0, "dist": 0.1350398392672692}}, "_child1": {"label": 29, "event": "S", "reconc": 14, "tstamp": 0.0, "transferred": 0, "dist": 0.21253942939574635}}, "_child1": {"label": 19, "event": "S", "reconc": 9, "tstamp": 0.332640644263076, "transferred": 0, "dist": 0.15205152260052973, "_child0": {"label": 30, "event": "S", "reconc": 15, "tstamp": 0.2958598034238102, "transferred": 0, "dist": 0.03128327087119901, "_child0": {"label": 41, "event": "H", "reconc": [15, 16], "tstamp": 0.23899203083718862, "transferred": 0, "dist": 0.18855433639493047, "_child0": {"label": 42, "event": "S", "reconc": 16, "tstamp": 0.0, "transferred": 0, "dist": 0.24981491939287503}, "_child1": {"label": 43, "event": "S", "reconc": 10, "tstamp": 0.0, "transferred": 1, "dist": 0.2626901376666992}}, "_child1": {"label": 40, "event": "S", "reconc": 17, "tstamp": 0.21931255981343975, "transferred": 0, "dist": 0.060365895176543484, "_child0": {"label": 48, "event": "S", "reconc": 19, "tstamp": 0.21502861841661708, "transferred": 0, "dist": 0.006288031391832116, "_child0": {"label": 54, "event": "S", "reconc": 20, "tstamp": 0.0, "transferred": 0, "dist": 0.19236806466347392}, "_child1": {"label": 55, "event": "S", "reconc": 21, "tstamp": 0.0, "transferred": 0, "dist": 0.1588175374200183}}, "_child1": {"label": 49, "event": "S", "reconc": 18, "tstamp": 0.0, "transferred": 0, "dist": 0.21841984607143}}}, "_child1": {"label": 31, "event": "S", "reconc": 14, "tstamp": 0.0, "transferred": 0, "dist": 0.8660454483895241}}}, "_child1": {"label": 15, "event": "D", "reconc": [7, 8], "tstamp": 0.3139423475400634, "transferred": 0, "dist": 0.28467929825108423, "_child0": {"label": 34, "event": "S", "reconc": 8, "tstamp": 0.0, "transferred": 0, "dist": 0.28481304052900913}, "_child1": {"label": 35, "event": "S", "reconc": 8, "tstamp": 0.0, "transferred": 0, "dist": 0.28481304052900913}}}}, "_child1": {"label": 2, "event": "S", "reconc": 2, "tstamp": 0.7882351210516217, "transferred": 0, "dist": 0.07851061800773577, "_child0": {"label": 7, "event": "D", "reconc": [2, 4], "tstamp": 0.35994305588267417, "transferred": 0, "dist": 0.2529151956921713, "_child0": {"label": 65, "event": "S", "reconc": 4, "tstamp": 0.06503517735424916, "transferred": 0, "dist": 0.18691407889127193, "_child0": {"label": 68, "event": "S", "reconc": 26, "tstamp": 0.0, "transferred": 0, "dist": 0.10140952289503746}, "_child1": {"label": 69, "event": "S", "reconc": 27, "tstamp": 0.0, "transferred": 0, "dist": 0.12245488778154036}}, "_child1": {"label": 25, "event": "H", "reconc": [2, 4], "tstamp": 0.08950381929638077, "transferred": 0, "dist": 0.15969988240870844, "_child0": {"label": 71, "event": "S", "reconc": 27, "tstamp": 0.0, "transferred": 0, "dist": 0.052464396651640155}, "_child1": {"label": 67, "event": "S", "reconc": 22, "tstamp": 0.0, "transferred": 1, "dist": 0.06900004067883174}}}, "_child1": {"label": 6, "event": "S", "reconc": 5, "tstamp": 0.1842910668908185, "transferred": 0, "dist": 0.36689207167159726, "_child0": {"label": 56, "event": "S", "reconc": 23, "tstamp": 0.1466891917304525, "transferred": 0, "dist": 0.024394453316734434, "_child0": {"label": 62, "event": "S", "reconc": 24, "tstamp": 0.060076453017143656, "transferred": 0, "dist": 0.048987525528939146, "_child0": {"label": 72, "event": "H", "reconc": [24, 28], "tstamp": 0.028379652017043663, "transferred": 0, "dist": 0.014630271872454609, "_child0": {"label": 74, "event": "S", "reconc": 28, "tstamp": 0.0, "transferred": 0, "dist": 0.013099177568540553}, "_child1": {"label": 75, "event": "S", "reconc": 29, "tstamp": 0.0, "transferred": 1, "dist": 0.019218101750378552}}, "_child1": {"label": 77, "event": "S", "reconc": 29, "tstamp": 0.0, "transferred": 0, "dist": 0.05076845792789576}}, "_child1": {"label": 59, "event": "S", "reconc": 25, "tstamp": 0.0, "transferred": 0, "dist": 0.08639740777912051}}, "_child1": {"label": 57, "event": "S", "reconc": 22, "tstamp": 0.0, "transferred": 0, "dist": 0.10619566277861368}}}}