{"label": 1, "event": "S", "reconc": 1, "tstamp": 0.7882602121238538, "transferred": 0, "dist": 0.0, "_child0": {"label": 2, "event": "S", "reconc": 2, "tstamp": 0.7804942106469811, "transferred": 0, "dist": 0.007600342136782568, "_child0": {"label": 4, "event": "S", "reconc": 5, "tstamp": 0.620262770422434, "transferred": 0, "dist": 0.15936255243664657, "_child0": {"label": 8, "event": "H", "reconc": [5, 6], "tstamp": 0.44974362029292364, "transferred": 0, "dist": 0.1754955776161778, "_child0": {"label": 14, "event": "H", "reconc": [5, 9], "tstamp": 0.26566853221769615, "transferred": 1, "dist": 0.2246995108828758, "_child0": {"label": 17, "event": "H", "reconc": [5, 9], "tstamp": 0.23528293859819455, "transferred": 0, "dist": 0.03709153745670103, "_child0": {"label": 19, "event": "H", "reconc": [5, 9], "tstamp": 0.022728379940359877, "transferred": 0, "dist": 0.25946425377681814, "_child0": {"label": 43, "event": "S", "reconc": 9, "tstamp": 0.0, "transferred": 0, "dist": 0.027744416200805436}, "_child1": {"label": 44, "event": "S", "reconc": 17, "tstamp": 0.0, "transferred": 1, "dist": 0.027917087742069982}}, "_child1": {"label": 20, "event": "S", "reconc": 17, "tstamp": 0.0, "transferred": 1, "dist": 0.19929938133871083}}, "_child1": {"label": 18, "event": "S", "reconc": 10, "tstamp": 0.0, "transferred": 1, "dist": 0.5091257326496486}}, "_child1": {"label": 13, "event": "H", "reconc": [5, 6], "tstamp": 0.19143355939542073, "transferred": 0, "dist": 0.26584857657833255, "_child0": {"label": 26, "event": "H", "reconc": [8, 14], "tstamp": 0.17780079809867427, "transferred": 1, "dist": 0.013216021601028057, "_child0": {"label": 29, "event": "S", "reconc": 14, "tstamp": 0.0, "transferred": 0, "dist": 0.17236560790607452}, "_child1": {"label": 30, "event": "S", "reconc": 13, "tstamp": 0.0, "transferred": 1, "dist": 0.24675839006539094}}, "_child1": {"label": 25, "event": "H", "reconc": [5, 6], "tstamp": 0.044388027127047314, "transferred": 0, "dist": 0.15133690615814585, "_child0": {"label": 40, "event": "H", "reconc": [15, 17], "tstamp": 0.04044492819416566, "transferred": 1, "dist": 0.003340628916294724, "_child0": {"label": 41, "event": "S", "reconc": 17, "tstamp": 0.0, "transferred": 0, "dist": 0.03426530729832661}, "_child1": {"label": 42, "event": "S", "reconc": 14, "tstamp": 0.0, "transferred": 1, "dist": 0.04107104918247301}}, "_child1": {"label": 39, "event": "S", "reconc": 6, "tstamp": 0.0, "transferred": 0, "dist": 0.04568344642808303}}}}, "_child1": {"label": 6, "event": "D", "reconc": [5, 9], "tstamp": 0.40341384324715845, "transferred": 0, "dist": 0.18809498318592968, "_child0": {"label": 16, "event": "H", "reconc": [5, 9], "tstamp": 0.23496161482935193, "transferred": 0, "dist": 0.14611563674589542, "_child0": {"label": 21, "event": "D", "reconc": [5, 9], "tstamp": 0.19842507269688076, "transferred": 0, "dist": 0.03169183434568884, "_child0": {"label": 23, "event": "S", "reconc": 9, "tstamp": 0.0, "transferred": 0, "dist": 0.22919642530280146}, "_child1": {"label": 24, "event": "S", "reconc": 9, "tstamp": 0.0, "transferred": 0, "dist": 0.1769171688479461}}, "_child1": {"label": 22, "event": "S", "reconc": 16, "tstamp": 0.1669433941840303, "transferred": 1, "dist": 0.058442911011111986, "_child0": {"label": 32, "event": "D", "reconc": [16, 19], "tstamp": 0.07286341522277157, "transferred": 0, "dist": 0.08273593579324998, "_child0": {"label": 35, "event": "S", "reconc": 19, "tstamp": 0.0, "transferred": 0, "dist": 0.12497820367881866}, "_child1": {"label": 36, "event": "S", "reconc": 19, "tstamp": 0.0, "transferred": 0, "dist": 0.06407763809163466}}, "_child1": {"label": 31, "event": "S", "reconc": 18, "tstamp": 0.0, "transferred": 0, "dist": 0.1484548439459106}}}, "_child1": {"label": 15, "event": "D", "reconc": [5, 9], "tstamp": 0.0986121159545049, "transferred": 0, "dist": 0.26438533276124393, "_child0": {"label": 33, "event": "S", "reconc": 9, "tstamp": 0.0, "transferred": 0, "dist": 0.08553625113118098}, "_child1": {"label": 34, "event": "S", "reconc": 9, "tstamp": 0.0, "transferred": 0, "dist": 0.124267996640907}}}}, "_child1": {"label": 5, "event": "S", "reconc": 4, "tstamp": 0.0, "transferred": 0, "dist": 0.5886990426574995}}, "_child1": {"label": 10, "event": "H", "reconc": [3, 10], "tstamp": 0.1847679209612531, "transferred": 0, "dist": 0.6900922749229214, "_child0": {"label": 27, "event": "H", "reconc": [3, 10], "tstamp": 0.05817127861895705, "transferred": 0, "dist": 0.14730607632750622, "_child0": {"label": 38, "event": "S", "reconc": 4, "tstamp": 0.0, "transferred": 1, "dist": 0.1626616765572773}, "_child1": {"label": 37, "event": "S", "reconc": 10, "tstamp": 0.0, "transferred": 0, "dist": 0.06768728340474961}}, "_child1": {"label": 28, "event": "S", "reconc": 14, "tstamp": 0.0, "transferred": 1, "dist": 0.2187359761043654}}}