{"label": 1, "event": "S", "reconc": 1, "tstamp": 0.7661963640373995, "transferred": 0, "dist": 0.0, "_child0": {"label": 2, "event": "S", "reconc": 3, "tstamp": 0.7097364732917321, "transferred": 0, "dist": 0.09330683964402235, "_child0": {"label": 4, "event": "H", "reconc": [3, 5], "tstamp": 0.5989237938895693, "transferred": 0, "dist": 0.1833148524897147, "_child0": {"label": 8, "event": "S", "reconc": 5, "tstamp": 0.46352573854928547, "transferred": 0, "dist": 0.22398587125593794, "_child0": {"label": 14, "event": "S", "reconc": 6, "tstamp": 0.445937415692983, "transferred": 0, "dist": 0.02838009903141779, "_child0": {"label": 18, "event": "S", "reconc": 9, "tstamp": 0.40532781004246954, "transferred": 0, "dist": 0.06118539299225111, "_child0": {"label": 22, "event": "S", "reconc": 10, "tstamp": 0.320617284296512, "transferred": 0, "dist": 0.11989770947423949, "_child0": {"label": 26, "event": "S", "reconc": 13, "tstamp": 0.32046049179085523, "transferred": 0, "dist": 0.00022069415408932784, "_child0": {"label": 31, "event": "H", "reconc": [13, 15], "tstamp": 0.2828783954687167, "transferred": 0, "dist": 0.06023792436703752, "_child0": {"label": 34, "event": "S", "reconc": 15, "tstamp": 0.0, "transferred": 0, "dist": 0.4534075812390406}, "_child1": {"label": 35, "event": "S", "reconc": 11, "tstamp": 0.0, "transferred": 1, "dist": 0.5058030948348736}}, "_child1": {"label": 30, "event": "S", "reconc": 14, "tstamp": 0.0, "transferred": 0, "dist": 0.3841131515581822}}, "_child1": {"label": 27, "event": "S", "reconc": 12, "tstamp": 0.19017574565926995, "transferred": 0, "dist": 0.1799851114272738, "_child0": {"label": 36, "event": "S", "reconc": 19, "tstamp": 0.0, "transferred": 0, "dist": 0.21217840700051627}, "_child1": {"label": 37, "event": "S", "reconc": 18, "tstamp": 0.0, "transferred": 0, "dist": 0.23566820786109302}, "_child2": {"label": 38, "event": "S", "reconc": 16, "tstamp": 0.0, "transferred": 0, "dist": 0.22337647013837955}}}, "_child1": {"label": 23, "event": "S", "reconc": 11, "tstamp": 0.0, "transferred": 0, "dist": 0.49644775161663457}}, "_child1": {"label": 19, "event": "S", "reconc": 8, "tstamp": 0.0, "transferred": 0, "dist": 0.6314629837242499}}, "_child1": {"label": 15, "event": "S", "reconc": 7, "tstamp": 0.0, "transferred": 0, "dist": 0.592152792866646}}, "_child1": {"label": 9, "event": "S", "reconc": 4, "tstamp": 0.0, "transferred": 1, "dist": 1.02337860610363}}, "_child1": {"label": 5, "event": "S", "reconc": 4, "tstamp": 0.0, "transferred": 0, "dist": 1.0672543535305117}}, "_child1": {"label": 3, "event": "H", "reconc": [1, 2], "tstamp": 0.7047695386820286, "transferred": 0, "dist": 0.09813951919432932, "_child0": {"label": 7, "event": "H", "reconc": [3, 5], "tstamp": 0.5607942265373133, "transferred": 1, "dist": 0.4017641980085439, "_child0": {"label": 16, "event": "S", "reconc": 6, "tstamp": 0.445937415692983, "transferred": 0, "dist": 0.30894297789697694, "_child0": {"label": 24, "event": "S", "reconc": 10, "tstamp": 0.320617284296512, "transferred": 0, "dist": 0.3203895886759804, "_child0": {"label": 28, "event": "S", "reconc": 13, "tstamp": 0.32046049179085523, "transferred": 0, "dist": 0.00030306260559733334, "_child0": {"label": 32, "event": "S", "reconc": 14, "tstamp": 0.0, "transferred": 0, "dist": 0.586759139951766}, "_child1": {"label": 33, "event": "S", "reconc": 15, "tstamp": 0.0, "transferred": 0, "dist": 1.0908608409186225}}, "_child1": {"label": 29, "event": "S", "reconc": 12, "tstamp": 0.19017574565926995, "transferred": 0, "dist": 0.21588802250329736, "_child0": {"label": 39, "event": "S", "reconc": 19, "tstamp": 0.0, "transferred": 0, "dist": 0.5018803967344997}, "_child1": {"label": 40, "event": "S", "reconc": 18, "tstamp": 0.0, "transferred": 0, "dist": 1.3208342983911003}, "_child2": {"label": 41, "event": "S", "reconc": 16, "tstamp": 0.0, "transferred": 0, "dist": 0.3249990008837646}}}, "_child1": {"label": 21, "event": "S", "reconc": 8, "tstamp": 0.0, "transferred": 0, "dist": 0.7141759957071868}}, "_child1": {"label": 11, "event": "S", "reconc": 2, "tstamp": 0.0, "transferred": 1, "dist": 5.587120133787208}}, "_child1": {"label": 6, "event": "D", "reconc": [1, 2], "tstamp": 0.09150863048327382, "transferred": 0, "dist": 0.9797857910304847, "_child0": {"label": 42, "event": "S", "reconc": 2, "tstamp": 0.0, "transferred": 0, "dist": 0.5130608415569274}, "_child1": {"label": 43, "event": "S", "reconc": 2, "tstamp": 0.0, "transferred": 0, "dist": 0.14620018120429873}}}}