{"label": 0, "event": null, "tstamp": 1.0, "dist": 0.0, "_child0": {"label": 1, "event": "S", "tstamp": 0.8560784435253805, "dist": 0.14392155647461946, "_child0": {"label": 2, "event": "S", "tstamp": 0.8169805444124907, "dist": 0.039097899112889856, "_child0": {"label": 5, "event": "S", "tstamp": 0.4866826461453146, "dist": 0.3302978982671761, "_child0": {"label": 13, "event": "S", "tstamp": 0.0, "dist": 0.4866826461453146}, "_child1": {"label": 12, "event": "S", "tstamp": 0.1061292234746266, "dist": 0.380553422670688, "_child0": {"label": 23, "event": "S", "tstamp": 0.04588049605835958, "dist": 0.060248727416267016, "_child0": {"label": 24, "event": "S", "tstamp": 0.0, "dist": 0.04588049605835958}, "_child1": {"label": 25, "event": "S", "tstamp": 0.0, "dist": 0.04588049605835958}}, "_child1": {"label": 22, "event": "S", "tstamp": 0.0, "dist": 0.1061292234746266}}, "_child2": {"label": 10, "event": "S", "tstamp": 0.23481237011526773, "dist": 0.25187027603004686, "_child0": {"label": 15, "event": "S", "tstamp": 0.17521629101887032, "dist": 0.059596079096397414, "_child0": {"label": 16, "event": "S", "tstamp": 0.0, "dist": 0.17521629101887032}, "_child1": {"label": 17, "event": "S", "tstamp": 0.0, "dist": 0.17521629101887032}}, "_child1": {"label": 14, "event": "S", "tstamp": 0.0, "dist": 0.23481237011526773}}}, "_child1": {"label": 4, "event": "S", "tstamp": 0.0, "dist": 0.8169805444124907}}, "_child1": {"label": 3, "event": "S", "tstamp": 0.7816524737547562, "dist": 0.07442596977062432, "_child0": {"label": 7, "event": "S", "tstamp": 0.7434512702141262, "dist": 0.03820120354063006, "_child0": {"label": 8, "event": "S", "tstamp": 0.0, "dist": 0.7434512702141262}, "_child1": {"label": 9, "event": "S", "tstamp": 0.0, "dist": 0.7434512702141262}}, "_child1": {"label": 6, "event": "S", "tstamp": 0.14923645857937512, "dist": 0.632416015175381, "_child0": {"label": 19, "event": "S", "tstamp": 0.12394960379171549, "dist": 0.02528685478765963, "_child0": {"label": 20, "event": "S", "tstamp": 0.0, "dist": 0.12394960379171549}, "_child1": {"label": 21, "event": "S", "tstamp": 0.0, "dist": 0.12394960379171549}}, "_child1": {"label": 18, "event": "S", "tstamp": 0.0, "dist": 0.14923645857937512}}}}}