{"label": 1, "event": "S", "reconc": 1, "tstamp": 0.8140891420907738, "transferred": 0, "dist": 0.0, "_child0": {"label": 2, "event": "S", "reconc": 3, "tstamp": 0.7777029582552034, "transferred": 0, "dist": 0.04511379664184055, "_child0": {"label": 6, "event": "S", "reconc": 4, "tstamp": 0.7123456073073277, "transferred": 0, "dist": 0.08374589382165692, "_child0": {"label": 7, "event": "S", "reconc": 9, "tstamp": 0.5525616920718092, "transferred": 0, "dist": 0.19502918440376527, "_child0": {"label": 11, "event": "H", "reconc": [9, 10], "tstamp": 0.21579837638414226, "transferred": 0, "dist": 0.45345981523634876, "_child0": {"label": 29, "event": "S", "reconc": 10, "tstamp": 0.0, "transferred": 0, "dist": 0.29057764704459144}, "_child1": {"label": 30, "event": "S", "reconc": 8, "tstamp": 0.0, "transferred": 1, "dist": 0.31471067690408605}}, "_child1": {"label": 12, "event": "H", "reconc": [9, 11], "tstamp": 0.121878262520894, "transferred": 0, "dist": 0.4381525540908274, "_child0": {"label": 44, "event": "S", "reconc": 12, "tstamp": 0.0, "transferred": 1, "dist": 1.2952617540261746}, "_child1": {"label": 43, "event": "S", "reconc": 11, "tstamp": 0.0, "transferred": 0, "dist": 0.12399193548580442}}}, "_child1": {"label": 8, "event": "D", "reconc": [4, 8], "tstamp": 0.45963836229653626, "transferred": 0, "dist": 0.3393241392993597, "_child0": {"label": 19, "event": "S", "reconc": 8, "tstamp": 0.0, "transferred": 0, "dist": 1.03748320982668}, "_child1": {"label": 18, "event": "S", "reconc": 8, "tstamp": 0.0, "transferred": 0, "dist": 0.6997195722698397}}}, "_child1": {"label": 4, "event": "H", "reconc": [3, 7], "tstamp": 0.5540242524439061, "transferred": 0, "dist": 0.24488742660655888, "_child0": {"label": 10, "event": "S", "reconc": 9, "tstamp": 0.5525616920718092, "transferred": 1, "dist": 0.0017887220839397392, "_child0": {"label": 13, "event": "S", "reconc": 10, "tstamp": 0.0, "transferred": 0, "dist": 0.7595536055054898}, "_child1": {"label": 14, "event": "S", "reconc": 11, "tstamp": 0.0, "transferred": 0, "dist": 0.7760859884664508}}, "_child1": {"label": 16, "event": "H", "reconc": [9, 11], "tstamp": 0.3681596007093087, "transferred": 1, "dist": 0.24746433232302129, "_child0": {"label": 24, "event": "D", "reconc": [3, 7], "tstamp": 0.3189639875037306, "transferred": 1, "dist": 0.1450010405375385, "_child0": {"label": 25, "event": "S", "reconc": 7, "tstamp": 0.0, "transferred": 0, "dist": 0.3962712929623508}, "_child1": {"label": 26, "event": "S", "reconc": 7, "tstamp": 0.0, "transferred": 0, "dist": 0.494636466728952}}, "_child1": {"label": 23, "event": "S", "reconc": 11, "tstamp": 0.0, "transferred": 0, "dist": 0.525752058001089}}}, "_child2": {"label": 5, "event": "S", "reconc": 6, "tstamp": 0.23549838424809144, "transferred": 0, "dist": 0.6974363387151338, "_child0": {"label": 27, "event": "S", "reconc": 13, "tstamp": 0.18359270308835643, "transferred": 0, "dist": 0.06497982486588398, "_child0": {"label": 31, "event": "S", "reconc": 15, "tstamp": 0.13007890241576892, "transferred": 0, "dist": 0.06171631989301699, "_child0": {"label": 37, "event": "S", "reconc": 16, "tstamp": 0.04922451275612121, "transferred": 0, "dist": 0.08492842134490171, "_child0": {"label": 51, "event": "S", "reconc": 21, "tstamp": 0.0464300885307567, "transferred": 0, "dist": 0.002687127617755217, "_child0": {"label": 53, "event": "S", "reconc": 22, "tstamp": 0.026943472311928895, "transferred": 0, "dist": 0.01894993678462054, "_child0": {"label": 55, "event": "S", "reconc": 24, "tstamp": 0.0, "transferred": 0, "dist": 0.02622672861922294}, "_child1": {"label": 56, "event": "S", "reconc": 25, "tstamp": 0.0, "transferred": 0, "dist": 0.02705594252008995}}, "_child1": {"label": 54, "event": "S", "reconc": 23, "tstamp": 0.015450282497284244, "transferred": 0, "dist": 0.029579048163209044, "_child0": {"label": 61, "event": "S", "reconc": 27, "tstamp": 0.013948349219851544, "transferred": 0, "dist": 0.0014460718841293727, "_child0": {"label": 63, "event": "S", "reconc": 28, "tstamp": 0.0, "transferred": 0, "dist": 0.013383325421445928}, "_child1": {"label": 64, "event": "S", "reconc": 29, "tstamp": 0.0, "transferred": 0, "dist": 0.013689952725221135}}, "_child1": {"label": 62, "event": "S", "reconc": 26, "tstamp": 0.0, "transferred": 0, "dist": 0.014790936376309072}}}, "_child1": {"label": 52, "event": "S", "reconc": 20, "tstamp": 0.0, "transferred": 0, "dist": 0.04550735930127248}}, "_child1": {"label": 38, "event": "H", "reconc": [15, 17], "tstamp": 0.025715049398666697, "transferred": 0, "dist": 0.11845052096827412, "_child0": {"label": 58, "event": "S", "reconc": 20, "tstamp": 0.0, "transferred": 1, "dist": 0.03402841610965738}, "_child1": {"label": 57, "event": "S", "reconc": 17, "tstamp": 0.0, "transferred": 0, "dist": 0.029185976848687536}}}, "_child1": {"label": 32, "event": "S", "reconc": 14, "tstamp": 0.12417130803992421, "transferred": 0, "dist": 0.06929587069372223, "_child0": {"label": 40, "event": "D", "reconc": [14, 19], "tstamp": 0.09391989599759215, "transferred": 0, "dist": 0.038949788993307394, "_child0": {"label": 47, "event": "H", "reconc": [14, 19], "tstamp": 0.08490926541938178, "transferred": 0, "dist": 0.0116015133186782, "_child0": {"label": 50, "event": "H", "reconc": [6, 12], "tstamp": 0.018352536653486587, "transferred": 1, "dist": 0.18393826101094077, "_child0": {"label": 60, "event": "S", "reconc": 20, "tstamp": 0.0, "transferred": 1, "dist": 0.018559540509158385}, "_child1": {"label": 59, "event": "S", "reconc": 12, "tstamp": 0.0, "transferred": 0, "dist": 0.050719645327756205}}, "_child1": {"label": 49, "event": "S", "reconc": 19, "tstamp": 0.0, "transferred": 0, "dist": 0.10932375543441583}}, "_child1": {"label": 48, "event": "S", "reconc": 19, "tstamp": 0.0, "transferred": 0, "dist": 0.12092526875309403}}, "_child1": {"label": 39, "event": "S", "reconc": 18, "tstamp": 0.0, "transferred": 0, "dist": 0.14948656119823917}}}, "_child1": {"label": 28, "event": "H", "reconc": [6, 12], "tstamp": 0.1563657459784469, "transferred": 0, "dist": 0.09838783595899812, "_child0": {"label": 36, "event": "S", "reconc": 14, "tstamp": 0.12417130803992421, "transferred": 1, "dist": 0.03886779085380492, "_child0": {"label": 41, "event": "S", "reconc": 18, "tstamp": 0.0, "transferred": 0, "dist": 0.2556994050947134}, "_child1": {"label": 42, "event": "S", "reconc": 19, "tstamp": 0.0, "transferred": 0, "dist": 0.21980722865734265}}, "_child1": {"label": 35, "event": "S", "reconc": 12, "tstamp": 0.0, "transferred": 0, "dist": 0.1944139321187694}}}}, "_child1": {"label": 3, "event": "D", "reconc": [1, 2], "tstamp": 0.4154661058753119, "transferred": 0, "dist": 0.5265559889322455, "_child0": {"label": 22, "event": "H", "reconc": [1, 2], "tstamp": 0.16854250003432214, "transferred": 0, "dist": 0.8186380010149498, "_child0": {"label": 45, "event": "S", "reconc": 2, "tstamp": 0.0, "transferred": 0, "dist": 0.5587772576227925}, "_child1": {"label": 34, "event": "S", "reconc": 11, "tstamp": 0.0, "transferred": 1, "dist": 0.3907677367210466}}, "_child1": {"label": 21, "event": "S", "reconc": 2, "tstamp": 0.0, "transferred": 0, "dist": 0.8362663926972882}}}