{"label": 1, "event": "S", "reconc": 1, "tstamp": 0.9589084380661964, "transferred": 0, "dist": 0.0, "_child0": {"label": 2, "event": "S", "reconc": 3, "tstamp": 0.9576876769201291, "transferred": 0, "dist": 0.001093097912310986, "_child0": {"label": 4, "event": "S", "reconc": 5, "tstamp": 0.8919638200842911, "transferred": 0, "dist": 0.05712118692234372, "_child0": {"label": 8, "event": "H", "reconc": [5, 8], "tstamp": 0.8823341299813237, "transferred": 0, "dist": 0.00772176064981216, "_child0": {"label": 13, "event": "H", "reconc": [5, 6], "tstamp": 0.8308322941753603, "transferred": 1, "dist": 0.07388823045119423, "_child0": {"label": 14, "event": "H", "reconc": [5, 6], "tstamp": 0.20151259366511004, "transferred": 0, "dist": 0.564676227822554, "_child0": {"label": 36, "event": "H", "reconc": [15, 16], "tstamp": 0.03279553103412683, "transferred": 1, "dist": 0.1699899281540538, "_child0": {"label": 61, "event": "S", "reconc": 16, "tstamp": 0.0, "transferred": 0, "dist": 0.03304295296118725}, "_child1": {"label": 62, "event": "S", "reconc": 12, "tstamp": 0.0, "transferred": 1, "dist": 0.022164591394493234}}, "_child1": {"label": 35, "event": "S", "reconc": 6, "tstamp": 0.0, "transferred": 0, "dist": 0.15178418114571973}}, "_child1": {"label": 15, "event": "S", "reconc": 25, "tstamp": 0.0, "transferred": 1, "dist": 0.9781543475362072}}, "_child1": {"label": 12, "event": "S", "reconc": 8, "tstamp": 0.6224126339533175, "transferred": 0, "dist": 0.20842327827879767, "_child0": {"label": 24, "event": "D", "reconc": [2, 19], "tstamp": 0.31478559142464413, "transferred": 1, "dist": 0.23852482824773213, "_child0": {"label": 31, "event": "S", "reconc": 19, "tstamp": 0.18531346668424192, "transferred": 0, "dist": 0.3080605100863408, "_child0": {"label": 39, "event": "S", "reconc": 20, "tstamp": 0.052008906951477495, "transferred": 0, "dist": 0.05098008224421143, "_child0": {"label": 47, "event": "S", "reconc": 27, "tstamp": 0.043138219394704184, "transferred": 0, "dist": 0.014218960899360304, "_child0": {"label": 55, "event": "S", "reconc": 28, "tstamp": 0.0, "transferred": 0, "dist": 0.018413883399696115}, "_child1": {"label": 56, "event": "S", "reconc": 29, "tstamp": 0.0, "transferred": 0, "dist": 0.07655005018277897}}, "_child1": {"label": 48, "event": "S", "reconc": 26, "tstamp": 0.0, "transferred": 0, "dist": 0.024625707632969417}}, "_child1": {"label": 40, "event": "S", "reconc": 21, "tstamp": 0.0, "transferred": 0, "dist": 0.16013060339751253}}, "_child1": {"label": 32, "event": "S", "reconc": 19, "tstamp": 0.18531346668424192, "transferred": 0, "dist": 0.09245561815225717, "_child0": {"label": 41, "event": "S", "reconc": 20, "tstamp": 0.052008906951477495, "transferred": 0, "dist": 0.22559675567619236, "_child0": {"label": 49, "event": "D", "reconc": [20, 27], "tstamp": 0.04977338084239347, "transferred": 0, "dist": 0.001280240115414274, "_child0": {"label": 51, "event": "S", "reconc": 27, "tstamp": 0.043138219394704184, "transferred": 0, "dist": 0.006911739347859243, "_child0": {"label": 57, "event": "S", "reconc": 28, "tstamp": 0.0, "transferred": 0, "dist": 0.06255528568045653}, "_child1": {"label": 58, "event": "S", "reconc": 29, "tstamp": 0.0, "transferred": 0, "dist": 0.020492310717253683}}, "_child1": {"label": 52, "event": "S", "reconc": 27, "tstamp": 0.043138219394704184, "transferred": 0, "dist": 0.004573984994847978, "_child0": {"label": 59, "event": "H", "reconc": [27, 28], "tstamp": 0.0030805051441076484, "transferred": 0, "dist": 0.017311052968217847, "_child0": {"label": 68, "event": "S", "reconc": 18, "tstamp": 0.0, "transferred": 1, "dist": 0.002155678901622804}, "_child1": {"label": 67, "event": "S", "reconc": 28, "tstamp": 0.0, "transferred": 0, "dist": 0.001331248892158666}}, "_child1": {"label": 60, "event": "S", "reconc": 29, "tstamp": 0.0, "transferred": 0, "dist": 0.020326583070645502}}}, "_child1": {"label": 50, "event": "H", "reconc": [20, 26], "tstamp": 0.019590585576418837, "transferred": 0, "dist": 0.040697680836365366, "_child0": {"label": 64, "event": "S", "reconc": 11, "tstamp": 0.0, "transferred": 1, "dist": 0.01552897694681266}, "_child1": {"label": 63, "event": "S", "reconc": 26, "tstamp": 0.0, "transferred": 0, "dist": 0.024593852037015102}}}, "_child1": {"label": 42, "event": "S", "reconc": 21, "tstamp": 0.0, "transferred": 0, "dist": 0.057980372812461586}}}, "_child1": {"label": 21, "event": "S", "reconc": 15, "tstamp": 0.4901706747594243, "transferred": 0, "dist": 0.10548460158433468, "_child0": {"label": 25, "event": "S", "reconc": 16, "tstamp": 0.0, "transferred": 0, "dist": 0.3233881088018925}, "_child1": {"label": 26, "event": "S", "reconc": 17, "tstamp": 0.0, "transferred": 0, "dist": 0.3348708345096217}}}}, "_child1": {"label": 10, "event": "D", "reconc": [5, 10], "tstamp": 0.829207724344443, "transferred": 0, "dist": 0.057007939216115355, "_child0": {"label": 17, "event": "H", "reconc": [5, 10], "tstamp": 0.4114292283436117, "transferred": 0, "dist": 0.37951199520993556, "_child0": {"label": 29, "event": "S", "reconc": 10, "tstamp": 0.0, "transferred": 0, "dist": 0.37374428993123077}, "_child1": {"label": 30, "event": "S", "reconc": 24, "tstamp": 0.0, "transferred": 1, "dist": 0.25198069185673216}}, "_child1": {"label": 16, "event": "H", "reconc": [5, 10], "tstamp": 0.2587516329028205, "transferred": 0, "dist": 0.5182050572613504, "_child0": {"label": 33, "event": "S", "reconc": 10, "tstamp": 0.0, "transferred": 0, "dist": 0.23505122787981605}, "_child1": {"label": 34, "event": "S", "reconc": 18, "tstamp": 0.0, "transferred": 1, "dist": 0.17745463168407422}}}}, "_child1": {"label": 5, "event": "H", "reconc": [3, 22], "tstamp": 0.15421850532656128, "transferred": 0, "dist": 0.8959762342895674, "_child0": {"label": 44, "event": "S", "reconc": 14, "tstamp": 0.0, "transferred": 1, "dist": 0.10135194458780863}, "_child1": {"label": 43, "event": "S", "reconc": 22, "tstamp": 0.0, "transferred": 0, "dist": 0.171974383766592}}}, "_child1": {"label": 3, "event": "S", "reconc": 2, "tstamp": 0.6315244508427083, "transferred": 0, "dist": 0.24692017323264306, "_child0": {"label": 27, "event": "S", "reconc": 19, "tstamp": 0.18531346668424192, "transferred": 0, "dist": 0.2180860185023425, "_child0": {"label": 37, "event": "S", "reconc": 20, "tstamp": 0.052008906951477495, "transferred": 0, "dist": 0.05046689634037399, "_child0": {"label": 45, "event": "S", "reconc": 27, "tstamp": 0.043138219394704184, "transferred": 0, "dist": 0.0034337579197217614, "_child0": {"label": 53, "event": "S", "reconc": 28, "tstamp": 0.0, "transferred": 0, "dist": 0.015771760024538214}, "_child1": {"label": 54, "event": "S", "reconc": 29, "tstamp": 0.0, "transferred": 0, "dist": 0.015925905168199046}}, "_child1": {"label": 46, "event": "D", "reconc": [20, 26], "tstamp": 0.013687579973293926, "transferred": 0, "dist": 0.01515699361359302, "_child0": {"label": 65, "event": "S", "reconc": 26, "tstamp": 0.0, "transferred": 0, "dist": 0.011732062731252782}, "_child1": {"label": 66, "event": "S", "reconc": 26, "tstamp": 0.0, "transferred": 0, "dist": 0.006307490300772749}}}, "_child1": {"label": 38, "event": "S", "reconc": 21, "tstamp": 0.0, "transferred": 0, "dist": 0.05724042294111637}}, "_child1": {"label": 20, "event": "S", "reconc": 12, "tstamp": 0.0, "transferred": 0, "dist": 0.42677144169560394}}}