{"label": 0, "event": null, "tstamp": 1.0, "dist": 0.0, "_child0": {"label": 1, "event": "S", "tstamp": 0.9999902498972728, "dist": 9.75010272719068e-06, "_child0": {"label": 3, "event": "S", "tstamp": 0.8490007339989645, "dist": 0.15098951589830834, "_child0": {"label": 6, "event": "S", "tstamp": 0.0, "dist": 0.8490007339989645}, "_child1": {"label": 7, "event": "S", "tstamp": 0.6053129971020187, "dist": 0.24368773689694578, "_child0": {"label": 11, "event": "S", "tstamp": 0.5828483214256831, "dist": 0.022464675676335588, "_child0": {"label": 12, "event": "S", "tstamp": 0.0, "dist": 0.5828483214256831}, "_child1": {"label": 13, "event": "S", "tstamp": 0.0, "dist": 0.5828483214256831}}, "_child1": {"label": 10, "event": "S", "tstamp": 0.2622234990887403, "dist": 0.34308949801327837, "_child0": {"label": 15, "event": "S", "tstamp": 0.2613898841245911, "dist": 0.000833614964149243, "_child0": {"label": 16, "event": "S", "tstamp": 0.17059282232231562, "dist": 0.09079706180227545, "_child0": {"label": 23, "event": "S", "tstamp": 0.13143989398376624, "dist": 0.039152928338549386, "_child0": {"label": 26, "event": "S", "tstamp": 0.0, "dist": 0.13143989398376624}, "_child1": {"label": 29, "event": "S", "tstamp": 0.0, "dist": 0.13143989398376624}, "_child2": {"label": 28, "event": "S", "tstamp": 0.0, "dist": 0.13143989398376624}, "_child3": {"label": 25, "event": "S", "tstamp": 0.0, "dist": 0.13143989398376624}}, "_child1": {"label": 22, "event": "S", "tstamp": 0.0, "dist": 0.17059282232231562}}, "_child1": {"label": 17, "event": "S", "tstamp": 0.0, "dist": 0.2613898841245911}}, "_child1": {"label": 18, "event": "S", "tstamp": 0.0, "dist": 0.2622234990887403}, "_child2": {"label": 19, "event": "S", "tstamp": 0.18117849784708837, "dist": 0.08104500124165195, "_child0": {"label": 20, "event": "S", "tstamp": 0.0, "dist": 0.18117849784708837}, "_child1": {"label": 21, "event": "S", "tstamp": 0.0, "dist": 0.18117849784708837}}}}, "_child2": {"label": 4, "event": "S", "tstamp": 0.0, "dist": 0.8490007339989645}}, "_child1": {"label": 2, "event": "S", "tstamp": 0.6799673465745372, "dist": 0.32002290332273564, "_child0": {"label": 8, "event": "S", "tstamp": 0.0, "dist": 0.6799673465745372}, "_child1": {"label": 9, "event": "S", "tstamp": 0.0, "dist": 0.6799673465745372}}}}