{"label": 1, "event": "S", "reconc": 1, "tstamp": 0.7611355597283008, "transferred": 0, "dist": 0.0, "_child0": {"label": 3, "event": "H", "reconc": [1, 3], "tstamp": 0.7249686444136468, "transferred": 0, "dist": 0.030376197688813115, "_child0": {"label": 5, "event": "S", "reconc": 2, "tstamp": 0.580173771073336, "transferred": 1, "dist": 0.1453810335304754, "_child0": {"label": 8, "event": "S", "reconc": 4, "tstamp": 0.5249118200716836, "transferred": 0, "dist": 0.06847904787860522, "_child0": {"label": 12, "event": "S", "reconc": 6, "tstamp": 0.0, "transferred": 0, "dist": 0.564741597687208}, "_child1": {"label": 13, "event": "S", "reconc": 7, "tstamp": 0.0, "transferred": 0, "dist": 1.5667041892734221}}, "_child1": {"label": 9, "event": "S", "reconc": 5, "tstamp": 0.3471971441173181, "transferred": 0, "dist": 1.5105210789363333, "_child0": {"label": 24, "event": "S", "reconc": 13, "tstamp": 0.3158626106226091, "transferred": 0, "dist": 0.02873942331096277, "_child0": {"label": 28, "event": "H", "reconc": [13, 14], "tstamp": 0.27068193639784305, "transferred": 0, "dist": 0.03380712388837126, "_child0": {"label": 31, "event": "H", "reconc": [5, 12], "tstamp": 0.16472218110280643, "transferred": 1, "dist": 0.1331652034589128, "_child0": {"label": 50, "event": "S", "reconc": 12, "tstamp": 0.12391644598853707, "transferred": 0, "dist": 0.05128271581650883, "_child0": {"label": 65, "event": "S", "reconc": 27, "tstamp": 0.0, "transferred": 0, "dist": 0.14347214254653487}, "_child1": {"label": 59, "event": "S", "reconc": 24, "tstamp": 0.0, "transferred": 0, "dist": 0.1344819768565911}}, "_child1": {"label": 51, "event": "S", "reconc": 11, "tstamp": 0.0, "transferred": 1, "dist": 0.36971606585814065}}, "_child1": {"label": 30, "event": "S", "reconc": 14, "tstamp": 0.0, "transferred": 0, "dist": 0.18987899804676525}}, "_child1": {"label": 29, "event": "S", "reconc": 15, "tstamp": 0.0, "transferred": 0, "dist": 0.35529205468953684}}, "_child1": {"label": 25, "event": "S", "reconc": 12, "tstamp": 0.12391644598853707, "transferred": 0, "dist": 0.350894653855951, "_child0": {"label": 54, "event": "S", "reconc": 25, "tstamp": 0.09315911144483875, "transferred": 0, "dist": 0.03158921779621952, "_child0": {"label": 60, "event": "S", "reconc": 26, "tstamp": 0.0, "transferred": 0, "dist": 0.0884690562850162}, "_child1": {"label": 61, "event": "S", "reconc": 27, "tstamp": 0.0, "transferred": 0, "dist": 0.1838311028302547}}, "_child1": {"label": 55, "event": "H", "reconc": [12, 24], "tstamp": 0.04704499660019991, "transferred": 0, "dist": 0.0744353660627517, "_child0": {"label": 66, "event": "S", "reconc": 24, "tstamp": 0.0, "transferred": 0, "dist": 0.04555412407624097}, "_child1": {"label": 67, "event": "S", "reconc": 20, "tstamp": 0.0, "transferred": 1, "dist": 0.04982677481845079}}}}}, "_child1": {"label": 4, "event": "S", "reconc": 3, "tstamp": 0.47955623285960175, "transferred": 0, "dist": 0.2061192076735825, "_child0": {"label": 17, "event": "H", "reconc": [3, 8], "tstamp": 0.3789001077160099, "transferred": 0, "dist": 0.093961963780796, "_child0": {"label": 19, "event": "S", "reconc": 7, "tstamp": 0.0, "transferred": 1, "dist": 0.4515108086462992}, "_child1": {"label": 18, "event": "S", "reconc": 8, "tstamp": 0.0, "transferred": 0, "dist": 0.3537012590834667}}, "_child1": {"label": 16, "event": "S", "reconc": 9, "tstamp": 0.37423391281971535, "transferred": 0, "dist": 0.09510842712842597, "_child0": {"label": 20, "event": "S", "reconc": 10, "tstamp": 0.26583020113622463, "transferred": 0, "dist": 0.10413898162450268, "_child0": {"label": 32, "event": "D", "reconc": [10, 17], "tstamp": 0.23087988650863184, "transferred": 0, "dist": 0.03535713630301402, "_child0": {"label": 34, "event": "S", "reconc": 17, "tstamp": 0.216490262530416, "transferred": 0, "dist": 0.021119287059165527, "_child0": {"label": 36, "event": "S", "reconc": 19, "tstamp": 0.21004391359502037, "transferred": 0, "dist": 0.0071487989243093734, "_child0": {"label": 40, "event": "S", "reconc": 20, "tstamp": 0.0, "transferred": 0, "dist": 0.6672880574985056}, "_child1": {"label": 41, "event": "S", "reconc": 21, "tstamp": 0.0, "transferred": 0, "dist": 0.24784944902544018}}, "_child1": {"label": 37, "event": "S", "reconc": 18, "tstamp": 0.1883783464557385, "transferred": 0, "dist": 0.0830435572675687, "_child0": {"label": 44, "event": "S", "reconc": 22, "tstamp": 0.0, "transferred": 0, "dist": 2.5252770822432}, "_child1": {"label": 45, "event": "S", "reconc": 23, "tstamp": 0.0, "transferred": 0, "dist": 0.19960279586651133}}}, "_child1": {"label": 39, "event": "S", "reconc": 18, "tstamp": 0.1883783464557385, "transferred": 0, "dist": 0.07536566183910304, "_child0": {"label": 46, "event": "S", "reconc": 22, "tstamp": 0.0, "transferred": 0, "dist": 0.4329555410930481}, "_child1": {"label": 47, "event": "S", "reconc": 23, "tstamp": 0.0, "transferred": 0, "dist": 0.25290467648380044}}}, "_child1": {"label": 33, "event": "S", "reconc": 16, "tstamp": 0.030399641016743428, "transferred": 0, "dist": 0.2634990393444898, "_child0": {"label": 68, "event": "S", "reconc": 28, "tstamp": 0.0, "transferred": 0, "dist": 0.03516732711471123}, "_child1": {"label": 69, "event": "S", "reconc": 29, "tstamp": 0.0, "transferred": 0, "dist": 0.034554754179779934}}}, "_child1": {"label": 21, "event": "S", "reconc": 11, "tstamp": 0.0, "transferred": 0, "dist": 0.3466238464061515}}}}, "_child1": {"label": 2, "event": "S", "reconc": 2, "tstamp": 0.580173771073336, "transferred": 0, "dist": 0.13012450632989372, "_child0": {"label": 6, "event": "S", "reconc": 4, "tstamp": 0.5249118200716836, "transferred": 0, "dist": 0.037743540747999064, "_child0": {"label": 14, "event": "S", "reconc": 7, "tstamp": 0.0, "transferred": 0, "dist": 0.45031735434587855}, "_child1": {"label": 10, "event": "H", "reconc": [4, 6], "tstamp": 0.13974302590816018, "transferred": 0, "dist": 0.40394358621984244, "_child0": {"label": 52, "event": "S", "reconc": 6, "tstamp": 0.0, "transferred": 0, "dist": 0.14655470507974086}, "_child1": {"label": 53, "event": "S", "reconc": 22, "tstamp": 0.0, "transferred": 1, "dist": 0.18493597110888113}}}, "_child1": {"label": 7, "event": "S", "reconc": 5, "tstamp": 0.3471971441173181, "transferred": 0, "dist": 0.17489644709653449, "_child0": {"label": 27, "event": "S", "reconc": 15, "tstamp": 0.0, "transferred": 0, "dist": 0.2465791533018319}, "_child1": {"label": 23, "event": "H", "reconc": [5, 12], "tstamp": 0.17843582458620277, "transferred": 0, "dist": 0.15461989365705428, "_child0": {"label": 48, "event": "S", "reconc": 12, "tstamp": 0.12391644598853707, "transferred": 0, "dist": 0.049950904297507065, "_child0": {"label": 56, "event": "S", "reconc": 25, "tstamp": 0.09315911144483875, "transferred": 0, "dist": 0.030905046652889876, "_child0": {"label": 62, "event": "S", "reconc": 26, "tstamp": 0.0, "transferred": 0, "dist": 0.0881549829276781}, "_child1": {"label": 63, "event": "S", "reconc": 27, "tstamp": 0.0, "transferred": 0, "dist": 0.09436169654321291}}, "_child1": {"label": 57, "event": "S", "reconc": 24, "tstamp": 0.0, "transferred": 0, "dist": 0.1199878425421787}}, "_child1": {"label": 49, "event": "S", "reconc": 20, "tstamp": 0.0, "transferred": 1, "dist": 0.2129022910040198}}}}}