{"label": 3, "event": "S", "reconc": 3, "tstamp": 0.643688512926103, "transferred": 0, "dist": 0.0, "_child0": {"label": 5, "event": "S", "reconc": 9, "tstamp": 0.6361671915287853, "transferred": 0, "dist": 0.008234257781635928, "_child0": {"label": 13, "event": "S", "reconc": 12, "tstamp": 0.4954782890289183, "transferred": 1, "dist": 0.17165656020276107, "_child0": {"label": 18, "event": "S", "reconc": 16, "tstamp": 0.18624407886128988, "transferred": 0, "dist": 0.6659343957188341, "_child0": {"label": 32, "event": "S", "reconc": 19, "tstamp": 0.1673959072001627, "transferred": 0, "dist": 0.01702165518186945, "_child0": {"label": 38, "event": "S", "reconc": 20, "tstamp": 0.0, "transferred": 0, "dist": 0.5410534202485363}, "_child1": {"label": 39, "event": "S", "reconc": 21, "tstamp": 0.0, "transferred": 0, "dist": 0.1817267923856393}}, "_child1": {"label": 33, "event": "S", "reconc": 18, "tstamp": 0.0, "transferred": 0, "dist": 0.9031678305182622}}, "_child1": {"label": 17, "event": "D", "reconc": [12, 17], "tstamp": 0.11568055634520773, "transferred": 0, "dist": 1.3266929618565597, "_child0": {"label": 42, "event": "S", "reconc": 17, "tstamp": 0.0, "transferred": 0, "dist": 0.11510466435663252}, "_child1": {"label": 43, "event": "S", "reconc": 17, "tstamp": 0.0, "transferred": 0, "dist": 0.11998638146141652}}}, "_child1": {"label": 8, "event": "S", "reconc": 12, "tstamp": 0.4954782890289183, "transferred": 0, "dist": 0.14517498244089092, "_child0": {"label": 25, "event": "H", "reconc": [3, 8], "tstamp": 0.25286481157496876, "transferred": 1, "dist": 0.31029250837773514, "_child0": {"label": 28, "event": "S", "reconc": 8, "tstamp": 0.0, "transferred": 0, "dist": 0.4449517861457083}, "_child1": {"label": 29, "event": "S", "reconc": 17, "tstamp": 0.0, "transferred": 1, "dist": 1.1886574662038745}}, "_child1": {"label": 16, "event": "H", "reconc": [12, 14], "tstamp": 0.27859392959601864, "transferred": 0, "dist": 0.21144596061581566, "_child0": {"label": 27, "event": "S", "reconc": 4, "tstamp": 0.07859806628785142, "transferred": 1, "dist": 0.188606923929052, "_child0": {"label": 48, "event": "S", "reconc": 22, "tstamp": 0.0, "transferred": 0, "dist": 0.06186675458473855}, "_child1": {"label": 49, "event": "S", "reconc": 23, "tstamp": 0.0, "transferred": 0, "dist": 0.19821084230088634}}, "_child1": {"label": 26, "event": "S", "reconc": 14, "tstamp": 0.015567472740494807, "transferred": 0, "dist": 0.2564310399450323, "_child0": {"label": 54, "event": "S", "reconc": 24, "tstamp": 0.0, "transferred": 0, "dist": 0.014792517736753347}, "_child1": {"label": 55, "event": "S", "reconc": 25, "tstamp": 0.0, "transferred": 0, "dist": 0.01489834131995671}}}, "_child2": {"label": 15, "event": "H", "reconc": [12, 16], "tstamp": 0.22749306353374107, "transferred": 0, "dist": 0.2417137332804635, "_child0": {"label": 30, "event": "S", "reconc": 16, "tstamp": 0.18624407886128988, "transferred": 0, "dist": 0.037205208088556464, "_child0": {"label": 34, "event": "S", "reconc": 19, "tstamp": 0.1673959072001627, "transferred": 0, "dist": 0.01568989802335217, "_child0": {"label": 40, "event": "S", "reconc": 20, "tstamp": 0.0, "transferred": 0, "dist": 0.1603804907652466}, "_child1": {"label": 41, "event": "S", "reconc": 21, "tstamp": 0.0, "transferred": 0, "dist": 0.16202649364655855}}, "_child1": {"label": 35, "event": "S", "reconc": 18, "tstamp": 0.0, "transferred": 0, "dist": 0.1450385206774926}}, "_child1": {"label": 31, "event": "S", "reconc": 4, "tstamp": 0.07859806628785142, "transferred": 1, "dist": 0.46349757929549573, "_child0": {"label": 50, "event": "H", "reconc": [4, 22], "tstamp": 0.07505992810014496, "transferred": 0, "dist": 0.002169824811704868, "_child0": {"label": 52, "event": "S", "reconc": 22, "tstamp": 0.0, "transferred": 0, "dist": 0.04603180704540369}, "_child1": {"label": 53, "event": "S", "reconc": 20, "tstamp": 0.0, "transferred": 1, "dist": 0.08137566259774866}}, "_child1": {"label": 51, "event": "S", "reconc": 23, "tstamp": 0.0, "transferred": 0, "dist": 0.15375443949184434}}}}, "_child2": {"label": 7, "event": "H", "reconc": [9, 13], "tstamp": 0.3829406024514159, "transferred": 0, "dist": 0.2548904920535377, "_child0": {"label": 23, "event": "D", "reconc": [9, 10], "tstamp": 0.09316313375486626, "transferred": 1, "dist": 1.1736367670568661, "_child0": {"label": 44, "event": "S", "reconc": 10, "tstamp": 0.0, "transferred": 0, "dist": 0.18221883600745825}, "_child1": {"label": 45, "event": "S", "reconc": 10, "tstamp": 0.0, "transferred": 0, "dist": 0.1610315777350451}}, "_child1": {"label": 22, "event": "S", "reconc": 13, "tstamp": 0.0, "transferred": 0, "dist": 0.38545683113986506}}}, "_child1": {"label": 11, "event": "S", "reconc": 4, "tstamp": 0.07859806628785142, "transferred": 1, "dist": 0.47870163261117216, "_child0": {"label": 46, "event": "S", "reconc": 22, "tstamp": 0.0, "transferred": 0, "dist": 0.04556688737985512}, "_child1": {"label": 47, "event": "S", "reconc": 23, "tstamp": 0.0, "transferred": 0, "dist": 0.04917771576755054}}, "_child2": {"label": 6, "event": "D", "reconc": [3, 6], "tstamp": 0.4207176498972224, "transferred": 0, "dist": 0.21107549040199672, "_child0": {"label": 21, "event": "D", "reconc": [3, 6], "tstamp": 0.1736523856591729, "transferred": 0, "dist": 0.2747359357434777, "_child0": {"label": 36, "event": "S", "reconc": 6, "tstamp": 0.0, "transferred": 0, "dist": 0.1769666022775579}, "_child1": {"label": 37, "event": "S", "reconc": 6, "tstamp": 0.0, "transferred": 0, "dist": 0.1730862734172602}}, "_child1": {"label": 20, "event": "S", "reconc": 6, "tstamp": 0.0, "transferred": 0, "dist": 0.588438234300259}}}