{"label": 0, "event": null, "tstamp": 1.0, "dist": 0.0, "_child0": {"label": 1, "event": "S", "tstamp": 0.607793469071718, "dist": 0.39220653092828195, "_child0": {"label": 2, "event": "S", "tstamp": 0.5883389630269198, "dist": 0.01945450604479826, "_child0": {"label": 5, "event": "S", "tstamp": 0.43451743286102446, "dist": 0.15382153016589534, "_child0": {"label": 8, "event": "S", "tstamp": 0.0, "dist": 0.43451743286102446}, "_child1": {"label": 9, "event": "S", "tstamp": 0.10063836935130228, "dist": 0.3338790635097222, "_child0": {"label": 11, "event": "S", "tstamp": 0.03505068996966032, "dist": 0.06558767938164196, "_child0": {"label": 12, "event": "S", "tstamp": 0.0, "dist": 0.03505068996966032}, "_child1": {"label": 13, "event": "S", "tstamp": 0.0, "dist": 0.03505068996966032}}, "_child1": {"label": 10, "event": "S", "tstamp": 0.0, "dist": 0.10063836935130228}}, "_child2": {"label": 6, "event": "S", "tstamp": 0.0, "dist": 0.43451743286102446}}, "_child1": {"label": 4, "event": "S", "tstamp": 0.0, "dist": 0.5883389630269198}}, "_child1": {"label": 3, "event": "S", "tstamp": 0.026388950744395203, "dist": 0.5814045183273229, "_child0": {"label": 14, "event": "S", "tstamp": 0.0, "dist": 0.026388950744395203}, "_child1": {"label": 15, "event": "S", "tstamp": 0.0, "dist": 0.026388950744395203}}}}