{"label": 0, "event": null, "tstamp": 1.0, "dist": 0.0, "_child0": {"label": 1, "event": "S", "tstamp": 0.6731707719643861, "dist": 0.3268292280356139, "_child0": {"label": 3, "event": "S", "tstamp": 0.6367032349706271, "dist": 0.03646753699375904, "_child0": {"label": 5, "event": "S", "tstamp": 0.5987906321668542, "dist": 0.037912602803772844, "_child0": {"label": 14, "event": "S", "tstamp": 0.26320733340634156, "dist": 0.3355832987605127, "_child0": {"label": 19, "event": "S", "tstamp": 0.25457224808252943, "dist": 0.00863508532381213, "_child0": {"label": 20, "event": "S", "tstamp": 0.0829444951724882, "dist": 0.17162775291004123, "_child0": {"label": 27, "event": "S", "tstamp": 0.06020852155018448, "dist": 0.022735973622303715, "_child0": {"label": 28, "event": "S", "tstamp": 0.0, "dist": 0.06020852155018448}, "_child1": {"label": 29, "event": "S", "tstamp": 0.0, "dist": 0.06020852155018448}}, "_child1": {"label": 26, "event": "S", "tstamp": 0.0, "dist": 0.0829444951724882}}, "_child1": {"label": 21, "event": "S", "tstamp": 0.0, "dist": 0.25457224808252943}}, "_child1": {"label": 18, "event": "S", "tstamp": 0.0, "dist": 0.26320733340634156}}, "_child1": {"label": 15, "event": "S", "tstamp": 0.3729443908076628, "dist": 0.22584624135919146, "_child0": {"label": 16, "event": "S", "tstamp": 0.0, "dist": 0.3729443908076628}, "_child1": {"label": 17, "event": "S", "tstamp": 0.0, "dist": 0.3729443908076628}}, "_child2": {"label": 6, "event": "S", "tstamp": 0.0, "dist": 0.5987906321668542}}, "_child1": {"label": 4, "event": "S", "tstamp": 0.0, "dist": 0.6367032349706271}}, "_child1": {"label": 9, "event": "S", "tstamp": 0.0, "dist": 0.6731707719643861}, "_child2": {"label": 8, "event": "S", "tstamp": 0.4963910117928765, "dist": 0.17677976017150965, "_child0": {"label": 10, "event": "S", "tstamp": 0.49419677957389, "dist": 0.0021942322189864583, "_child0": {"label": 13, "event": "S", "tstamp": 0.1828780443966279, "dist": 0.31131873517726216, "_child0": {"label": 23, "event": "S", "tstamp": 0.18018519102497163, "dist": 0.0026928533716562564, "_child0": {"label": 24, "event": "S", "tstamp": 0.0, "dist": 0.18018519102497163}, "_child1": {"label": 25, "event": "S", "tstamp": 0.0, "dist": 0.18018519102497163}}, "_child1": {"label": 22, "event": "S", "tstamp": 0.0, "dist": 0.1828780443966279}}, "_child1": {"label": 12, "event": "S", "tstamp": 0.0, "dist": 0.49419677957389}}, "_child1": {"label": 11, "event": "S", "tstamp": 0.0, "dist": 0.4963910117928765}}}}