{"label": 0, "event": null, "tstamp": 1.0, "dist": 0.0, "_child0": {"label": 1, "event": "S", "tstamp": 0.6164963026012797, "dist": 0.38350369739872026, "_child0": {"label": 2, "event": "S", "tstamp": 0.33063354827452235, "dist": 0.2858627543267574, "_child0": {"label": 4, "event": "S", "tstamp": 0.0, "dist": 0.33063354827452235}, "_child1": {"label": 5, "event": "S", "tstamp": 0.0, "dist": 0.33063354827452235}}, "_child1": {"label": 3, "event": "S", "tstamp": 0.09864592869453662, "dist": 0.5178503739067432, "_child0": {"label": 7, "event": "S", "tstamp": 0.09525201705826615, "dist": 0.0033939116362704663, "_child0": {"label": 8, "event": "S", "tstamp": 0.0, "dist": 0.09525201705826615}, "_child1": {"label": 9, "event": "S", "tstamp": 0.0, "dist": 0.09525201705826615}}, "_child1": {"label": 6, "event": "S", "tstamp": 0.0, "dist": 0.09864592869453662}}}}