{"label": 1, "event": "D", "reconc": [0, 1], "tstamp": 0.97786930594392, "transferred": 0, "dist": 0.0, "_child0": {"label": 14, "event": "S", "reconc": 9, "tstamp": 0.567276434494805, "transferred": 0, "dist": 0.3285454581338269, "_child0": {"label": 27, "event": "S", "reconc": 12, "tstamp": 0.0, "transferred": 0, "dist": 0.3691917523995905}, "_child1": {"label": 26, "event": "S", "reconc": 10, "tstamp": 0.12380682285709656, "transferred": 0, "dist": 0.3415821903653252, "_child0": {"label": 63, "event": "S", "reconc": 24, "tstamp": 0.0, "transferred": 0, "dist": 0.11249215489813467}, "_child1": {"label": 64, "event": "S", "reconc": 25, "tstamp": 0.0, "transferred": 0, "dist": 0.11623954682202566}}, "_child2": {"label": 24, "event": "S", "reconc": 13, "tstamp": 0.0, "transferred": 0, "dist": 0.33917481294572505}}, "_child1": {"label": 3, "event": "S", "reconc": 1, "tstamp": 0.9777156576010496, "transferred": 0, "dist": 0.00015543186337332952, "_child0": {"label": 6, "event": "S", "reconc": 2, "tstamp": 0.9412974345200151, "transferred": 0, "dist": 0.036000412125465384, "_child0": {"label": 8, "event": "D", "reconc": [2, 4], "tstamp": 0.6210170448154431, "transferred": 0, "dist": 0.25559322082656943, "_child0": {"label": 22, "event": "S", "reconc": 4, "tstamp": 0.4854849849184728, "transferred": 0, "dist": 0.10815859112160824, "_child0": {"label": 35, "event": "S", "reconc": 17, "tstamp": 0.22162897063906928, "transferred": 0, "dist": 0.16540205432251792, "_child0": {"label": 49, "event": "D", "reconc": [17, 18], "tstamp": 0.1461163984947381, "transferred": 0, "dist": 0.05561708778250099, "_child0": {"label": 57, "event": "S", "reconc": 18, "tstamp": 0.0, "transferred": 0, "dist": 0.10761874918009683}, "_child1": {"label": 58, "event": "S", "reconc": 18, "tstamp": 0.0, "transferred": 0, "dist": 0.10761874918009683}}, "_child1": {"label": 50, "event": "D", "reconc": [17, 19], "tstamp": 0.14059843191366553, "transferred": 0, "dist": 0.056648921061564286, "_child0": {"label": 59, "event": "S", "reconc": 19, "tstamp": 0.0, "transferred": 0, "dist": 0.2458773175332026}, "_child1": {"label": 60, "event": "S", "reconc": 19, "tstamp": 0.0, "transferred": 0, "dist": 0.09829365492758724}}}, "_child1": {"label": 31, "event": "D", "reconc": [4, 14], "tstamp": 0.4209937557275959, "transferred": 0, "dist": 0.03423340949298502, "_child0": {"label": 43, "event": "S", "reconc": 14, "tstamp": 0.0, "transferred": 0, "dist": 0.25918133523473663}, "_child1": {"label": 44, "event": "S", "reconc": 14, "tstamp": 0.0, "transferred": 0, "dist": 0.9959538617243862}}, "_child2": {"label": 29, "event": "S", "reconc": 16, "tstamp": 0.21624320357227414, "transferred": 0, "dist": 0.17995175076072956, "_child0": {"label": 51, "event": "S", "reconc": 21, "tstamp": 0.21480398902897652, "transferred": 0, "dist": 0.0010021013227951945, "_child0": {"label": 53, "event": "S", "reconc": 22, "tstamp": 0.0, "transferred": 0, "dist": 0.13480064637201747}, "_child1": {"label": 54, "event": "S", "reconc": 23, "tstamp": 0.0, "transferred": 0, "dist": 0.1395430909466425}}, "_child1": {"label": 52, "event": "S", "reconc": 20, "tstamp": 0.0, "transferred": 0, "dist": 0.12102333972675257}}}, "_child1": {"label": 33, "event": "S", "reconc": 17, "tstamp": 0.22162897063906928, "transferred": 0, "dist": 0.27356064544412617, "_child0": {"label": 47, "event": "S", "reconc": 18, "tstamp": 0.0, "transferred": 0, "dist": 0.16323583696259783}, "_child1": {"label": 48, "event": "S", "reconc": 19, "tstamp": 0.0, "transferred": 0, "dist": 0.1549421028192211}}}, "_child1": {"label": 39, "event": "D", "reconc": [2, 5], "tstamp": 0.14946482485290594, "transferred": 0, "dist": 1.0543533151342053, "_child0": {"label": 55, "event": "S", "reconc": 5, "tstamp": 0.0, "transferred": 0, "dist": 0.1990177363949003}, "_child1": {"label": 56, "event": "S", "reconc": 5, "tstamp": 0.0, "transferred": 0, "dist": 0.2185458862598856}}}, "_child1": {"label": 7, "event": "S", "reconc": 3, "tstamp": 0.9087890757655179, "transferred": 0, "dist": 0.06701310249649882, "_child0": {"label": 17, "event": "D", "reconc": [7, 8], "tstamp": 0.7756639701371554, "transferred": 0, "dist": 0.1185056735171452, "_child0": {"label": 19, "event": "D", "reconc": [7, 8], "tstamp": 0.7180079092196846, "transferred": 0, "dist": 0.17338226782980556, "_child0": {"label": 45, "event": "S", "reconc": 8, "tstamp": 0.0, "transferred": 0, "dist": 1.7918003473501622}, "_child1": {"label": 20, "event": "D", "reconc": [7, 8], "tstamp": 0.4308722248122451, "transferred": 0, "dist": 0.34856497020789695, "_child0": {"label": 42, "event": "D", "reconc": [7, 8], "tstamp": 0.13107233493650963, "transferred": 0, "dist": 0.3366410136540188, "_child0": {"label": 62, "event": "D", "reconc": [7, 8], "tstamp": 0.00014067374701225155, "transferred": 0, "dist": 0.14887866766660582, "_child0": {"label": 67, "event": "S", "reconc": 8, "tstamp": 0.0, "transferred": 0, "dist": 0.00023701472352185486}, "_child1": {"label": 68, "event": "S", "reconc": 8, "tstamp": 0.0, "transferred": 0, "dist": 0.0004701327584282712}}, "_child1": {"label": 61, "event": "S", "reconc": 8, "tstamp": 0.0, "transferred": 0, "dist": 0.12387091495565647}}, "_child1": {"label": 41, "event": "S", "reconc": 8, "tstamp": 0.0, "transferred": 0, "dist": 1.4078418787774782}}}, "_child1": {"label": 18, "event": "S", "reconc": 8, "tstamp": 0.0, "transferred": 0, "dist": 2.1160332778893673}}, "_child1": {"label": 13, "event": "H", "reconc": [3, 6], "tstamp": 0.06441439175352778, "transferred": 0, "dist": 0.9687675179467984, "_child0": {"label": 66, "event": "S", "reconc": 18, "tstamp": 0.0, "transferred": 1, "dist": 0.04847716527130624}, "_child1": {"label": 65, "event": "S", "reconc": 6, "tstamp": 0.0, "transferred": 0, "dist": 0.07390388603625131}}}}}