{"label": 0, "event": null, "tstamp": 1.0, "dist": 0.0, "_child0": {"label": 1, "event": "S", "tstamp": 0.814174868747475, "dist": 0.18582513125252498, "_child0": {"label": 2, "event": "S", "tstamp": 0.7470089840903729, "dist": 0.06716588465710216, "_child0": {"label": 4, "event": "S", "tstamp": 0.4506837222326584, "dist": 0.29632526185771446, "_child0": {"label": 7, "event": "S", "tstamp": 0.32324117446544814, "dist": 0.12744254776721026, "_child0": {"label": 13, "event": "S", "tstamp": 0.2877678569260502, "dist": 0.03547331753939792, "_child0": {"label": 14, "event": "S", "tstamp": 0.0, "dist": 0.2877678569260502}, "_child1": {"label": 15, "event": "S", "tstamp": 0.0, "dist": 0.2877678569260502}}, "_child1": {"label": 12, "event": "S", "tstamp": 0.0, "dist": 0.32324117446544814}}, "_child1": {"label": 6, "event": "S", "tstamp": 0.0, "dist": 0.4506837222326584}}, "_child1": {"label": 5, "event": "S", "tstamp": 0.36703243078654674, "dist": 0.3799765533038261, "_child0": {"label": 9, "event": "S", "tstamp": 0.32330152369229515, "dist": 0.04373090709425159, "_child0": {"label": 10, "event": "S", "tstamp": 0.0, "dist": 0.32330152369229515}, "_child1": {"label": 11, "event": "S", "tstamp": 0.0, "dist": 0.32330152369229515}}, "_child1": {"label": 8, "event": "S", "tstamp": 0.11038334105594781, "dist": 0.2566490897305989, "_child0": {"label": 19, "event": "S", "tstamp": 0.0, "dist": 0.11038334105594781}, "_child1": {"label": 18, "event": "S", "tstamp": 0.0, "dist": 0.11038334105594781}, "_child2": {"label": 16, "event": "S", "tstamp": 0.0, "dist": 0.11038334105594781}}}}, "_child1": {"label": 3, "event": "S", "tstamp": 0.0, "dist": 0.814174868747475}}}