{"label": 1, "event": "S", "reconc": 1, "tstamp": 0.814174868747475, "transferred": 0, "dist": 0.0, "_child0": {"label": 5, "event": "S", "reconc": 5, "tstamp": 0.36703243078654674, "transferred": 0, "dist": 0.44129558123409746, "_child0": {"label": 16, "event": "S", "reconc": 10, "tstamp": 0.0, "transferred": 0, "dist": 0.23412327252184803}, "_child1": {"label": 13, "event": "S", "reconc": 8, "tstamp": 0.11038334105594781, "transferred": 0, "dist": 0.17281382439311266, "_child0": {"label": 38, "event": "S", "reconc": 19, "tstamp": 0.0, "transferred": 0, "dist": 0.07184717511277977}, "_child1": {"label": 39, "event": "S", "reconc": 18, "tstamp": 0.0, "transferred": 0, "dist": 0.06417058003393802}, "_child2": {"label": 40, "event": "S", "reconc": 16, "tstamp": 0.0, "transferred": 0, "dist": 0.06186400942975149}}}, "_child1": {"label": 3, "event": "H", "reconc": [1, 3], "tstamp": 0.6009172186367016, "transferred": 0, "dist": 0.22285253756805068, "_child0": {"label": 7, "event": "S", "reconc": 4, "tstamp": 0.4506837222326584, "transferred": 1, "dist": 0.2263025585774751, "_child0": {"label": 9, "event": "H", "reconc": [4, 6], "tstamp": 0.3333816355890538, "transferred": 0, "dist": 0.10953011381695138, "_child0": {"label": 15, "event": "S", "reconc": 7, "tstamp": 0.32324117446544814, "transferred": 1, "dist": 0.021989035490838093, "_child0": {"label": 20, "event": "D", "reconc": [7, 13], "tstamp": 0.3149493712114319, "transferred": 0, "dist": 0.016493550889789387, "_child0": {"label": 24, "event": "S", "reconc": 13, "tstamp": 0.2877678569260502, "transferred": 0, "dist": 0.031484973429814093, "_child0": {"label": 45, "event": "S", "reconc": 18, "tstamp": 0.0, "transferred": 1, "dist": 0.462927357121858}, "_child1": {"label": 29, "event": "S", "reconc": 15, "tstamp": 0.0, "transferred": 0, "dist": 0.8788492726759182}}, "_child1": {"label": 25, "event": "S", "reconc": 13, "tstamp": 0.2877678569260502, "transferred": 0, "dist": 0.1077514903807195, "_child0": {"label": 30, "event": "S", "reconc": 14, "tstamp": 0.0, "transferred": 0, "dist": 0.29264713412072285}, "_child1": {"label": 31, "event": "S", "reconc": 15, "tstamp": 0.0, "transferred": 0, "dist": 0.30240123722116563}}}, "_child1": {"label": 21, "event": "D", "reconc": [7, 12], "tstamp": 0.21500989124434644, "transferred": 0, "dist": 0.10502506423587839, "_child0": {"label": 32, "event": "H", "reconc": [7, 12], "tstamp": 0.1405766259411918, "transferred": 0, "dist": 0.3535053070007193, "_child0": {"label": 35, "event": "S", "reconc": 15, "tstamp": 0.0, "transferred": 1, "dist": 1.2185064431979482}, "_child1": {"label": 34, "event": "S", "reconc": 12, "tstamp": 0.0, "transferred": 0, "dist": 0.6676394365888463}}, "_child1": {"label": 33, "event": "S", "reconc": 12, "tstamp": 0.0, "transferred": 0, "dist": 0.4132063876523764}}}, "_child1": {"label": 14, "event": "S", "reconc": 6, "tstamp": 0.0, "transferred": 0, "dist": 0.3112930855313248}}, "_child1": {"label": 8, "event": "S", "reconc": 7, "tstamp": 0.32324117446544814, "transferred": 0, "dist": 0.1342489574391091, "_child0": {"label": 22, "event": "H", "reconc": [7, 12], "tstamp": 0.02564405254348901, "transferred": 0, "dist": 0.26693703991596684, "_child0": {"label": 46, "event": "S", "reconc": 12, "tstamp": 0.0, "transferred": 0, "dist": 0.023002347355658165}, "_child1": {"label": 47, "event": "S", "reconc": 10, "tstamp": 0.0, "transferred": 1, "dist": 0.030621002326337854}}, "_child1": {"label": 27, "event": "H", "reconc": [13, 15], "tstamp": 0.11322518524922383, "transferred": 0, "dist": 0.203510731253888, "_child0": {"label": 37, "event": "S", "reconc": 8, "tstamp": 0.11038334105594781, "transferred": 1, "dist": 0.0021931116952724505, "_child0": {"label": 41, "event": "S", "reconc": 19, "tstamp": 0.0, "transferred": 0, "dist": 0.11706447162587251}, "_child1": {"label": 42, "event": "S", "reconc": 18, "tstamp": 0.0, "transferred": 0, "dist": 0.09420287956869604}, "_child2": {"label": 43, "event": "S", "reconc": 16, "tstamp": 0.0, "transferred": 0, "dist": 0.22397956460963928}}, "_child1": {"label": 36, "event": "D", "reconc": [13, 15], "tstamp": 0.011863344947029527, "transferred": 0, "dist": 0.09656436301842998, "_child0": {"label": 48, "event": "S", "reconc": 15, "tstamp": 0.0, "transferred": 0, "dist": 0.01149511485864885}, "_child1": {"label": 49, "event": "S", "reconc": 15, "tstamp": 0.0, "transferred": 0, "dist": 0.036067658606494656}}}}}, "_child1": {"label": 10, "event": "S", "reconc": 3, "tstamp": 0.0, "transferred": 0, "dist": 0.6279536840622761}}}