{"label": 0, "event": null, "tstamp": 1.0, "dist": 0.0, "_child0": {"label": 1, "event": "S", "tstamp": 0.8086343420848889, "dist": 0.19136565791511106, "_child0": {"label": 4, "event": "S", "tstamp": 0.0, "dist": 0.8086343420848889}, "_child1": {"label": 5, "event": "S", "tstamp": 0.4413672963049272, "dist": 0.3672670457799617, "_child0": {"label": 6, "event": "S", "tstamp": 0.41112479889463993, "dist": 0.030242497410287283, "_child0": {"label": 9, "event": "S", "tstamp": 0.2504687242782896, "dist": 0.16065607461635034, "_child0": {"label": 11, "event": "S", "tstamp": 0.17209978545370871, "dist": 0.07836893882458087, "_child0": {"label": 12, "event": "S", "tstamp": 0.0, "dist": 0.17209978545370871}, "_child1": {"label": 13, "event": "S", "tstamp": 0.0, "dist": 0.17209978545370871}}, "_child1": {"label": 10, "event": "S", "tstamp": 0.12788298887228716, "dist": 0.12258573540600243, "_child0": {"label": 14, "event": "S", "tstamp": 0.0, "dist": 0.12788298887228716}, "_child1": {"label": 15, "event": "S", "tstamp": 0.0, "dist": 0.12788298887228716}}}, "_child1": {"label": 8, "event": "S", "tstamp": 0.0, "dist": 0.41112479889463993}}, "_child1": {"label": 7, "event": "S", "tstamp": 0.0, "dist": 0.4413672963049272}}, "_child2": {"label": 2, "event": "S", "tstamp": 0.0, "dist": 0.8086343420848889}}}