{"label": 1, "event": "S", "reconc": 1, "tstamp": 0.9170169449344168, "transferred": 0, "dist": 0.0, "_child0": {"label": 4, "event": "S", "reconc": 5, "tstamp": 0.30166505765140345, "transferred": 0, "dist": 0.5075389894331468, "_child0": {"label": 8, "event": "S", "reconc": 6, "tstamp": 0.19266142291922814, "transferred": 0, "dist": 0.058490103867238, "_child0": {"label": 10, "event": "D", "reconc": [6, 9], "tstamp": 0.15646337804350055, "transferred": 0, "dist": 0.016815290145339817, "_child0": {"label": 12, "event": "S", "reconc": 9, "tstamp": 0.1253738623181837, "transferred": 0, "dist": 0.041936643139745336, "_child0": {"label": 16, "event": "S", "reconc": 10, "tstamp": 0.03221453260976603, "transferred": 0, "dist": 0.045423111928786356, "_child0": {"label": 24, "event": "S", "reconc": 14, "tstamp": 0.0, "transferred": 0, "dist": 0.023201913455844495}, "_child1": {"label": 25, "event": "S", "reconc": 15, "tstamp": 0.0, "transferred": 0, "dist": 0.06625892955012992}}, "_child1": {"label": 14, "event": "S", "reconc": 13, "tstamp": 0.0, "transferred": 0, "dist": 0.053075334714374436}, "_child2": {"label": 15, "event": "S", "reconc": 12, "tstamp": 0.0, "transferred": 0, "dist": 0.11331327117811885}}, "_child1": {"label": 13, "event": "S", "reconc": 9, "tstamp": 0.1253738623181837, "transferred": 0, "dist": 0.01565476110367692, "_child0": {"label": 19, "event": "D", "reconc": [9, 10], "tstamp": 0.08896432205024501, "transferred": 0, "dist": 0.044721554447838846, "_child0": {"label": 20, "event": "S", "reconc": 10, "tstamp": 0.03221453260976603, "transferred": 0, "dist": 0.02765117161120196, "_child0": {"label": 26, "event": "S", "reconc": 14, "tstamp": 0.0, "transferred": 0, "dist": 0.052084723968786474}, "_child1": {"label": 27, "event": "S", "reconc": 15, "tstamp": 0.0, "transferred": 0, "dist": 0.04138311707837733}}, "_child1": {"label": 21, "event": "S", "reconc": 10, "tstamp": 0.03221453260976603, "transferred": 0, "dist": 0.027868292333827187, "_child0": {"label": 28, "event": "S", "reconc": 14, "tstamp": 0.0, "transferred": 0, "dist": 0.02089893360781383}, "_child1": {"label": 29, "event": "S", "reconc": 15, "tstamp": 0.0, "transferred": 0, "dist": 0.05072464363382847}}}, "_child1": {"label": 17, "event": "D", "reconc": [9, 13], "tstamp": 0.0691256149129638, "transferred": 0, "dist": 0.024136638771031473, "_child0": {"label": 22, "event": "S", "reconc": 13, "tstamp": 0.0, "transferred": 0, "dist": 0.06796651498762259}, "_child1": {"label": 23, "event": "S", "reconc": 13, "tstamp": 0.0, "transferred": 0, "dist": 0.1526450214715787}}, "_child2": {"label": 18, "event": "S", "reconc": 12, "tstamp": 0.0, "transferred": 0, "dist": 0.11373408959172039}}}, "_child1": {"label": 11, "event": "S", "reconc": 8, "tstamp": 0.0, "transferred": 0, "dist": 0.09598781340309138}}, "_child1": {"label": 9, "event": "S", "reconc": 7, "tstamp": 0.0, "transferred": 0, "dist": 0.14475582927116812}}, "_child1": {"label": 3, "event": "D", "reconc": [1, 2], "tstamp": 0.5711772075746911, "transferred": 0, "dist": 0.4085480249749262, "_child0": {"label": 6, "event": "S", "reconc": 2, "tstamp": 0.0, "transferred": 0, "dist": 0.6747440934545089}, "_child1": {"label": 7, "event": "S", "reconc": 2, "tstamp": 0.0, "transferred": 0, "dist": 0.6747440934545089}}}