{"label": 2, "event": "S", "reconc": 3, "tstamp": 0.93595733252564, "transferred": 0, "dist": 0.0, "_child0": {"label": 13, "event": "S", "reconc": 4, "tstamp": 0.0, "transferred": 0, "dist": 2.496995716448572}, "_child1": {"label": 4, "event": "S", "reconc": 5, "tstamp": 0.8978498225471068, "transferred": 0, "dist": 0.0395664793775706, "_child0": {"label": 8, "event": "S", "reconc": 7, "tstamp": 0.774901351227568, "transferred": 0, "dist": 0.12316847351499023, "_child0": {"label": 10, "event": "D", "reconc": [7, 9], "tstamp": 0.6456675072556854, "transferred": 0, "dist": 0.12914226712971136, "_child0": {"label": 14, "event": "S", "reconc": 9, "tstamp": 0.5821063395566305, "transferred": 0, "dist": 0.06351612739967441, "_child0": {"label": 16, "event": "S", "reconc": 10, "tstamp": 0.0, "transferred": 0, "dist": 0.5180088633931177}, "_child1": {"label": 17, "event": "S", "reconc": 11, "tstamp": 0.0, "transferred": 0, "dist": 0.4138667306486026}}, "_child1": {"label": 15, "event": "S", "reconc": 9, "tstamp": 0.5821063395566305, "transferred": 0, "dist": 0.06351612739967441, "_child0": {"label": 18, "event": "D", "reconc": [9, 10], "tstamp": 0.5249705854207688, "transferred": 0, "dist": 0.05084436476257788, "_child0": {"label": 24, "event": "D", "reconc": [9, 10], "tstamp": 0.3288154205066068, "transferred": 0, "dist": 0.17455593097176608, "_child0": {"label": 28, "event": "D", "reconc": [9, 10], "tstamp": 0.21086120864440103, "transferred": 0, "dist": 0.10496591957014398, "_child0": {"label": 37, "event": "S", "reconc": 10, "tstamp": 0.0, "transferred": 0, "dist": 0.1876426480886297}, "_child1": {"label": 38, "event": "S", "reconc": 10, "tstamp": 0.0, "transferred": 0, "dist": 0.1876426480886297}}, "_child1": {"label": 27, "event": "S", "reconc": 10, "tstamp": 0.0, "transferred": 0, "dist": 0.2926085676587737}}, "_child1": {"label": 23, "event": "S", "reconc": 10, "tstamp": 0.0, "transferred": 0, "dist": 0.46716449863053977}}, "_child1": {"label": 19, "event": "D", "reconc": [9, 11], "tstamp": 0.05626551301029648, "transferred": 0, "dist": 0.37386300223091473, "_child0": {"label": 45, "event": "S", "reconc": 11, "tstamp": 0.0, "transferred": 0, "dist": 0.1568730370598782}, "_child1": {"label": 46, "event": "S", "reconc": 11, "tstamp": 0.0, "transferred": 0, "dist": 0.15290629351341542}}}}, "_child1": {"label": 11, "event": "S", "reconc": 8, "tstamp": 0.5813378949661528, "transferred": 0, "dist": 0.19618753068453798, "_child0": {"label": 29, "event": "S", "reconc": 14, "tstamp": 0.0, "transferred": 0, "dist": 0.5801654755493072}, "_child1": {"label": 22, "event": "D", "reconc": [8, 12], "tstamp": 0.28032160060656436, "transferred": 0, "dist": 0.42381543024217255, "_child0": {"label": 49, "event": "S", "reconc": 12, "tstamp": 0.0, "transferred": 0, "dist": 0.7029751164816063}, "_child1": {"label": 32, "event": "S", "reconc": 12, "tstamp": 0.0, "transferred": 0, "dist": 1.0534145612159105}}, "_child2": {"label": 20, "event": "S", "reconc": 15, "tstamp": 0.0, "transferred": 0, "dist": 0.5018246480264112}}}, "_child1": {"label": 9, "event": "D", "reconc": [5, 6], "tstamp": 0.34496922109274863, "transferred": 0, "dist": 0.45328258069863814, "_child0": {"label": 25, "event": "S", "reconc": 6, "tstamp": 0.2614630796411146, "transferred": 0, "dist": 0.2352165688698623, "_child0": {"label": 33, "event": "S", "reconc": 17, "tstamp": 0.17484551821539496, "transferred": 0, "dist": 0.18507463112248487, "_child0": {"label": 40, "event": "D", "reconc": [17, 19], "tstamp": 0.01208919449838762, "transferred": 0, "dist": 0.16136099967581166, "_child0": {"label": 47, "event": "S", "reconc": 19, "tstamp": 0.0, "transferred": 0, "dist": 0.009510913301708659}, "_child1": {"label": 48, "event": "S", "reconc": 19, "tstamp": 0.0, "transferred": 0, "dist": 0.012934582814582684}}, "_child1": {"label": 39, "event": "S", "reconc": 18, "tstamp": 0.0, "transferred": 0, "dist": 0.10866467368709545}}, "_child1": {"label": 34, "event": "D", "reconc": [6, 16], "tstamp": 0.0598280814030714, "transferred": 0, "dist": 0.13797282235111064, "_child0": {"label": 43, "event": "S", "reconc": 16, "tstamp": 0.0, "transferred": 0, "dist": 0.13451415007379267}, "_child1": {"label": 44, "event": "S", "reconc": 16, "tstamp": 0.0, "transferred": 0, "dist": 0.08141639866013664}}}, "_child1": {"label": 26, "event": "S", "reconc": 6, "tstamp": 0.2614630796411146, "transferred": 0, "dist": 0.06846302655910234, "_child0": {"label": 42, "event": "S", "reconc": 19, "tstamp": 0.0, "transferred": 0, "dist": 0.17197810740464956}, "_child1": {"label": 36, "event": "S", "reconc": 16, "tstamp": 0.0, "transferred": 0, "dist": 0.15060901757036044}}}}}