{"label": 0, "event": null, "tstamp": 1.0, "dist": 0.0, "_child0": {"label": 1, "event": "S", "tstamp": 0.9471790253851091, "dist": 0.05282097461489088, "_child0": {"label": 4, "event": "S", "tstamp": 0.0, "dist": 0.9471790253851091}, "_child1": {"label": 5, "event": "S", "tstamp": 0.5582618762151346, "dist": 0.38891714916997455, "_child0": {"label": 6, "event": "S", "tstamp": 0.45135601194161906, "dist": 0.1069058642735155, "_child0": {"label": 9, "event": "S", "tstamp": 0.34112161865518387, "dist": 0.1102343932864352, "_child0": {"label": 10, "event": "S", "tstamp": 0.2735140144464795, "dist": 0.06760760420870437, "_child0": {"label": 16, "event": "S", "tstamp": 0.0, "dist": 0.2735140144464795}, "_child1": {"label": 17, "event": "S", "tstamp": 0.17164102307981183, "dist": 0.10187299136666766, "_child0": {"label": 18, "event": "S", "tstamp": 0.13001184734986485, "dist": 0.04162917572994698, "_child0": {"label": 21, "event": "S", "tstamp": 0.07449383267278753, "dist": 0.055518014677077315, "_child0": {"label": 22, "event": "S", "tstamp": 0.0, "dist": 0.07449383267278753}, "_child1": {"label": 23, "event": "S", "tstamp": 0.0, "dist": 0.07449383267278753}}, "_child1": {"label": 20, "event": "S", "tstamp": 0.0, "dist": 0.13001184734986485}}, "_child1": {"label": 19, "event": "S", "tstamp": 0.0, "dist": 0.17164102307981183}}, "_child2": {"label": 12, "event": "S", "tstamp": 0.0, "dist": 0.2735140144464795}}, "_child1": {"label": 11, "event": "S", "tstamp": 0.24189007652644426, "dist": 0.09923154212873961, "_child0": {"label": 25, "event": "S", "tstamp": 0.0, "dist": 0.24189007652644426}, "_child1": {"label": 24, "event": "S", "tstamp": 0.0, "dist": 0.24189007652644426}, "_child2": {"label": 15, "event": "S", "tstamp": 0.0, "dist": 0.24189007652644426}}}, "_child1": {"label": 8, "event": "S", "tstamp": 0.0, "dist": 0.45135601194161906}}, "_child1": {"label": 7, "event": "S", "tstamp": 0.0, "dist": 0.5582618762151346}}, "_child2": {"label": 2, "event": "S", "tstamp": 0.0, "dist": 0.9471790253851091}}}