{"label": 1, "event": "S", "reconc": 1, "tstamp": 0.9725763136620666, "transferred": 0, "dist": 0.0, "_child0": {"label": 4, "event": "H", "reconc": [1, 13], "tstamp": 0.810366049564538, "transferred": 0, "dist": 0.14471866436295644, "_child0": {"label": 8, "event": "S", "reconc": 4, "tstamp": 0.5041816108116658, "transferred": 1, "dist": 0.2818949802573472, "_child0": {"label": 17, "event": "S", "reconc": 10, "tstamp": 0.0, "transferred": 0, "dist": 0.5566545771337118}, "_child1": {"label": 14, "event": "H", "reconc": [4, 8], "tstamp": 0.4052271130584021, "transferred": 0, "dist": 0.07186140979741462, "_child0": {"label": 22, "event": "S", "reconc": 10, "tstamp": 0.0, "transferred": 1, "dist": 0.6252590464635817}, "_child1": {"label": 21, "event": "S", "reconc": 8, "tstamp": 0.0, "transferred": 0, "dist": 0.29427860576001624}}}, "_child1": {"label": 7, "event": "S", "reconc": 13, "tstamp": 0.0, "transferred": 0, "dist": 0.722981945628014}}, "_child1": {"label": 10, "event": "D", "reconc": [1, 15], "tstamp": 0.4404094069218637, "transferred": 0, "dist": 0.4101124411019483, "_child0": {"label": 19, "event": "S", "reconc": 15, "tstamp": 0.3371789410451909, "transferred": 0, "dist": 0.07955417336283481, "_child0": {"label": 23, "event": "S", "reconc": 17, "tstamp": 0.30541061445379314, "transferred": 0, "dist": 0.017359472488665303, "_child0": {"label": 27, "event": "S", "reconc": 19, "tstamp": 0.22409984484723344, "transferred": 0, "dist": 0.04108264320738671, "_child0": {"label": 33, "event": "S", "reconc": 21, "tstamp": 0.0846816602450155, "transferred": 0, "dist": 0.07656956848905508, "_child0": {"label": 45, "event": "S", "reconc": 22, "tstamp": 0.0, "transferred": 0, "dist": 0.05446098129354008}, "_child1": {"label": 46, "event": "S", "reconc": 23, "tstamp": 0.0, "transferred": 0, "dist": 0.05041034972494607}}, "_child1": {"label": 34, "event": "S", "reconc": 20, "tstamp": 0.03655083671817645, "transferred": 0, "dist": 0.08503997519936805, "_child0": {"label": 51, "event": "S", "reconc": 24, "tstamp": 0.0, "transferred": 0, "dist": 0.015962442115186368}, "_child1": {"label": 52, "event": "S", "reconc": 25, "tstamp": 0.0, "transferred": 0, "dist": 0.017000122724750974}}}, "_child1": {"label": 28, "event": "D", "reconc": [17, 18], "tstamp": 0.18438457436301808, "transferred": 0, "dist": 0.07640838691491042, "_child0": {"label": 37, "event": "H", "reconc": [17, 18], "tstamp": 0.1654895106296762, "transferred": 0, "dist": 0.011929179368640054, "_child0": {"label": 39, "event": "H", "reconc": [17, 18], "tstamp": 0.15834370565940453, "transferred": 0, "dist": 0.0045114211005952394, "_child0": {"label": 42, "event": "H", "reconc": [19, 20], "tstamp": 0.12015456362466409, "transferred": 1, "dist": 0.025143087837897957, "_child0": {"label": 43, "event": "S", "reconc": 20, "tstamp": 0.03655083671817645, "transferred": 0, "dist": 0.05504328553056321, "_child0": {"label": 55, "event": "S", "reconc": 24, "tstamp": 0.0, "transferred": 0, "dist": 0.016225481994106415}, "_child1": {"label": 56, "event": "S", "reconc": 25, "tstamp": 0.0, "transferred": 0, "dist": 0.01875951046675856}}, "_child1": {"label": 44, "event": "S", "reconc": 7, "tstamp": 0.0, "transferred": 1, "dist": 0.19120680342212784}}, "_child1": {"label": 41, "event": "S", "reconc": 18, "tstamp": 0.0, "transferred": 0, "dist": 0.09996846231182833}}, "_child1": {"label": 40, "event": "S", "reconc": 7, "tstamp": 0.0, "transferred": 1, "dist": 0.10617608078784377}}, "_child1": {"label": 38, "event": "S", "reconc": 18, "tstamp": 0.0, "transferred": 0, "dist": 0.11640906278106364}}}, "_child1": {"label": 24, "event": "H", "reconc": [15, 16], "tstamp": 0.28606089547231606, "transferred": 0, "dist": 0.024903076070939317, "_child0": {"label": 32, "event": "S", "reconc": 10, "tstamp": 0.0, "transferred": 1, "dist": 0.22299801583732265}, "_child1": {"label": 31, "event": "S", "reconc": 16, "tstamp": 0.0, "transferred": 0, "dist": 0.13935971457892082}}}, "_child1": {"label": 20, "event": "S", "reconc": 15, "tstamp": 0.3371789410451909, "transferred": 0, "dist": 0.07955417336283481, "_child0": {"label": 25, "event": "S", "reconc": 17, "tstamp": 0.30541061445379314, "transferred": 0, "dist": 0.017359472488665303, "_child0": {"label": 29, "event": "S", "reconc": 19, "tstamp": 0.22409984484723344, "transferred": 0, "dist": 0.04108264320738671, "_child0": {"label": 48, "event": "S", "reconc": 23, "tstamp": 0.0, "transferred": 0, "dist": 0.12697991821400115}, "_child1": {"label": 36, "event": "S", "reconc": 20, "tstamp": 0.03655083671817645, "transferred": 0, "dist": 0.08503997519936805, "_child0": {"label": 53, "event": "S", "reconc": 24, "tstamp": 0.0, "transferred": 0, "dist": 0.015962442115186368}, "_child1": {"label": 54, "event": "S", "reconc": 25, "tstamp": 0.0, "transferred": 0, "dist": 0.017000122724750974}}}, "_child1": {"label": 30, "event": "D", "reconc": [17, 18], "tstamp": 0.055179596937816974, "transferred": 0, "dist": 0.15798045106765243, "_child0": {"label": 49, "event": "S", "reconc": 18, "tstamp": 0.0, "transferred": 0, "dist": 0.05362401672626241}, "_child1": {"label": 50, "event": "S", "reconc": 18, "tstamp": 0.0, "transferred": 0, "dist": 0.04283482855142802}}}, "_child1": {"label": 26, "event": "S", "reconc": 16, "tstamp": 0.0, "transferred": 0, "dist": 0.16426279064986013}}}, "_child2": {"label": 2, "event": "S", "reconc": 4, "tstamp": 0.5041816108116658, "transferred": 0, "dist": 0.4155582295579071, "_child0": {"label": 16, "event": "S", "reconc": 11, "tstamp": 0.0, "transferred": 0, "dist": 0.34091521552183346}, "_child1": {"label": 12, "event": "S", "reconc": 8, "tstamp": 0.0, "transferred": 0, "dist": 0.36061520567480515}}, "_child3": {"label": 5, "event": "S", "reconc": 14, "tstamp": 0.0, "transferred": 0, "dist": 0.7010021239422729}}