{"label": 1, "event": "S", "reconc": 1, "tstamp": 0.8598108544354794, "transferred": 0, "dist": 0.0, "_child0": {"label": 3, "event": "S", "reconc": 4, "tstamp": 0.5383112149975925, "transferred": 0, "dist": 0.3567756694496009, "_child0": {"label": 7, "event": "D", "reconc": [6, 8], "tstamp": 0.17288729796723717, "transferred": 0, "dist": 0.3224283590503002, "_child0": {"label": 29, "event": "S", "reconc": 8, "tstamp": 0.0, "transferred": 0, "dist": 0.3588170593726835}, "_child1": {"label": 30, "event": "S", "reconc": 8, "tstamp": 0.0, "transferred": 0, "dist": 0.2681573746645537}}, "_child1": {"label": 6, "event": "D", "reconc": [4, 7], "tstamp": 0.4209166174524991, "transferred": 0, "dist": 0.10839760431050763, "_child0": {"label": 10, "event": "H", "reconc": [4, 7], "tstamp": 0.32146787814799227, "transferred": 0, "dist": 0.09182903971988715, "_child0": {"label": 19, "event": "S", "reconc": 7, "tstamp": 0.2903919281229329, "transferred": 0, "dist": 0.02869493036454291, "_child0": {"label": 24, "event": "S", "reconc": 17, "tstamp": 0.0, "transferred": 0, "dist": 0.3827566064800711}, "_child1": {"label": 26, "event": "S", "reconc": 14, "tstamp": 0.0, "transferred": 0, "dist": 1.3125312712689245}}, "_child1": {"label": 20, "event": "H", "reconc": [5, 18], "tstamp": 0.08042477664755099, "transferred": 1, "dist": 0.23858623871821455, "_child0": {"label": 35, "event": "S", "reconc": 18, "tstamp": 0.0, "transferred": 0, "dist": 0.07960503677827326}, "_child1": {"label": 36, "event": "S", "reconc": 3, "tstamp": 0.0, "transferred": 1, "dist": 0.10161476135995273}}}, "_child1": {"label": 9, "event": "S", "reconc": 7, "tstamp": 0.2903919281229329, "transferred": 0, "dist": 0.14800692808933716, "_child0": {"label": 21, "event": "S", "reconc": 17, "tstamp": 0.0, "transferred": 0, "dist": 0.6245490228268951}, "_child1": {"label": 22, "event": "S", "reconc": 16, "tstamp": 0.0, "transferred": 0, "dist": 0.8236649369250064}, "_child2": {"label": 23, "event": "S", "reconc": 14, "tstamp": 0.0, "transferred": 0, "dist": 0.6348497879888396}}}}, "_child1": {"label": 2, "event": "S", "reconc": 5, "tstamp": 0.40593548298762316, "transferred": 0, "dist": 0.48171922031307113, "_child0": {"label": 12, "event": "H", "reconc": [5, 19], "tstamp": 0.36414938574458977, "transferred": 0, "dist": 0.037282782365294614, "_child0": {"label": 16, "event": "H", "reconc": [1, 3], "tstamp": 0.33943607671941556, "transferred": 1, "dist": 0.045646439196056814, "_child0": {"label": 17, "event": "H", "reconc": [1, 3], "tstamp": 0.2100085033921304, "transferred": 0, "dist": 0.23905774213234723, "_child0": {"label": 28, "event": "D", "reconc": [5, 18], "tstamp": 0.029243178930361664, "transferred": 1, "dist": 0.5334929690794159, "_child0": {"label": 39, "event": "S", "reconc": 18, "tstamp": 0.0, "transferred": 0, "dist": 0.032398827256559765}, "_child1": {"label": 40, "event": "S", "reconc": 18, "tstamp": 0.0, "transferred": 0, "dist": 0.029269225982259485}}, "_child1": {"label": 27, "event": "S", "reconc": 3, "tstamp": 0.0, "transferred": 0, "dist": 0.38789384177484487}}, "_child1": {"label": 18, "event": "H", "reconc": [6, 8], "tstamp": 0.059875116828866135, "transferred": 1, "dist": 0.7162268569730578, "_child0": {"label": 38, "event": "S", "reconc": 18, "tstamp": 0.0, "transferred": 1, "dist": 0.07033513572152235}, "_child1": {"label": 37, "event": "S", "reconc": 8, "tstamp": 0.0, "transferred": 0, "dist": 0.15339826688970792}}}, "_child1": {"label": 15, "event": "D", "reconc": [5, 19], "tstamp": 0.16255477163430235, "transferred": 0, "dist": 0.1798686314296191, "_child0": {"label": 31, "event": "S", "reconc": 19, "tstamp": 0.0, "transferred": 0, "dist": 0.3309254025832004}, "_child1": {"label": 32, "event": "S", "reconc": 19, "tstamp": 0.0, "transferred": 0, "dist": 0.1950485402005034}}}, "_child1": {"label": 11, "event": "H", "reconc": [5, 13], "tstamp": 0.08592707990145154, "transferred": 0, "dist": 0.2894233612523085, "_child0": {"label": 33, "event": "S", "reconc": 13, "tstamp": 0.0, "transferred": 0, "dist": 0.07771453514293185}, "_child1": {"label": 34, "event": "S", "reconc": 17, "tstamp": 0.0, "transferred": 1, "dist": 0.0731140926879248}}, "_child2": {"label": 13, "event": "S", "reconc": 18, "tstamp": 0.0, "transferred": 0, "dist": 0.36713616167118135}}, "_child2": {"label": 4, "event": "S", "reconc": 3, "tstamp": 0.0, "transferred": 0, "dist": 1.0503383247715627}}