{"label": 1, "event": "S", "reconc": 1, "tstamp": 0.6921842638034676, "transferred": 0, "dist": 0.0, "_child0": {"label": 2, "event": "S", "reconc": 2, "tstamp": 0.6907169149670337, "transferred": 0, "dist": 0.0011383443833229035, "_child0": {"label": 4, "event": "S", "reconc": 5, "tstamp": 0.5172874473435646, "transferred": 0, "dist": 0.14076225713556975, "_child0": {"label": 6, "event": "S", "reconc": 7, "tstamp": 0.5149834725338797, "transferred": 0, "dist": 0.0019776331541899047, "_child0": {"label": 11, "event": "D", "reconc": [7, 17], "tstamp": 0.5103818040458106, "transferred": 0, "dist": 0.0031640482574894105, "_child0": {"label": 13, "event": "H", "reconc": [7, 17], "tstamp": 0.27376638301750966, "transferred": 0, "dist": 0.16269373001136506, "_child0": {"label": 18, "event": "S", "reconc": 17, "tstamp": 0.17571911695714, "transferred": 0, "dist": 0.06741604314483934, "_child0": {"label": 27, "event": "D", "reconc": [17, 18], "tstamp": 0.15018936291643525, "transferred": 0, "dist": 0.011768822279056885, "_child0": {"label": 35, "event": "S", "reconc": 18, "tstamp": 0.0, "transferred": 0, "dist": 0.0692349764729465}, "_child1": {"label": 36, "event": "S", "reconc": 18, "tstamp": 0.0, "transferred": 0, "dist": 0.07225494545749664}}, "_child1": {"label": 28, "event": "S", "reconc": 19, "tstamp": 0.0, "transferred": 0, "dist": 0.09119060217558239}}, "_child1": {"label": 19, "event": "S", "reconc": 16, "tstamp": 0.15264795357353125, "transferred": 1, "dist": 0.23251165784208763, "_child0": {"label": 33, "event": "S", "reconc": 20, "tstamp": 0.0, "transferred": 0, "dist": 0.6911949251103356}, "_child1": {"label": 34, "event": "S", "reconc": 21, "tstamp": 0.0, "transferred": 0, "dist": 0.35121951810503393}}}, "_child1": {"label": 25, "event": "S", "reconc": 18, "tstamp": 0.0, "transferred": 0, "dist": 0.3795949560637424}}, "_child1": {"label": 8, "event": "S", "reconc": 9, "tstamp": 0.3819660865588986, "transferred": 0, "dist": 0.10767287153672067, "_child0": {"label": 16, "event": "S", "reconc": 11, "tstamp": 0.24715530322020596, "transferred": 0, "dist": 0.1006125306770049, "_child0": {"label": 20, "event": "D", "reconc": [11, 22], "tstamp": 0.22023916746150957, "transferred": 0, "dist": 0.020547211572329985, "_child0": {"label": 23, "event": "D", "reconc": [11, 22], "tstamp": 0.1700508658692839, "transferred": 0, "dist": 0.038312693193271054, "_child0": {"label": 29, "event": "S", "reconc": 22, "tstamp": 0.0, "transferred": 0, "dist": 0.1298132521844328}, "_child1": {"label": 30, "event": "S", "reconc": 22, "tstamp": 0.0, "transferred": 0, "dist": 0.18767299081130184}}, "_child1": {"label": 24, "event": "S", "reconc": 22, "tstamp": 0.0, "transferred": 0, "dist": 0.16812594537770384}}, "_child1": {"label": 21, "event": "D", "reconc": [11, 23], "tstamp": 0.12238855907915352, "transferred": 0, "dist": 0.09655307258220241, "_child0": {"label": 37, "event": "S", "reconc": 23, "tstamp": 0.005410082774635644, "transferred": 0, "dist": 0.09052597622020697, "_child0": {"label": 43, "event": "S", "reconc": 24, "tstamp": 0.0, "transferred": 0, "dist": 0.004333987328967669}, "_child1": {"label": 44, "event": "S", "reconc": 25, "tstamp": 0.0, "transferred": 0, "dist": 0.004293743035460319}}, "_child1": {"label": 38, "event": "S", "reconc": 23, "tstamp": 0.005410082774635644, "transferred": 0, "dist": 0.09052597622020697, "_child0": {"label": 45, "event": "S", "reconc": 24, "tstamp": 0.0, "transferred": 0, "dist": 0.004333987328967669}, "_child1": {"label": 46, "event": "S", "reconc": 25, "tstamp": 0.0, "transferred": 0, "dist": 0.004293743035460319}}}, "_child2": {"label": 22, "event": "S", "reconc": 12, "tstamp": 0.0, "transferred": 0, "dist": 0.1630763574482955}}, "_child1": {"label": 17, "event": "S", "reconc": 10, "tstamp": 0.0, "transferred": 0, "dist": 0.3751011998513847}}, "_child2": {"label": 10, "event": "S", "reconc": 16, "tstamp": 0.15264795357353125, "transferred": 0, "dist": 0.3412186277109648, "_child0": {"label": 32, "event": "H", "reconc": [16, 21], "tstamp": 0.019029434595388584, "transferred": 0, "dist": 0.14268625201158905, "_child0": {"label": 41, "event": "S", "reconc": 21, "tstamp": 0.0, "transferred": 0, "dist": 0.020320826192960766}, "_child1": {"label": 42, "event": "S", "reconc": 18, "tstamp": 0.0, "transferred": 1, "dist": 0.010042917152317624}}, "_child1": {"label": 31, "event": "S", "reconc": 20, "tstamp": 0.0, "transferred": 0, "dist": 0.1429022555684776}}, "_child3": {"label": 9, "event": "S", "reconc": 14, "tstamp": 0.0, "transferred": 0, "dist": 0.4047368399880939}}, "_child1": {"label": 7, "event": "S", "reconc": 6, "tstamp": 0.0, "transferred": 0, "dist": 0.5336219999899552}}, "_child1": {"label": 5, "event": "D", "reconc": [2, 4], "tstamp": 0.39627831636678107, "transferred": 0, "dist": 0.1972467788616959, "_child0": {"label": 14, "event": "H", "reconc": [2, 4], "tstamp": 0.10857809372430144, "transferred": 0, "dist": 0.19273268675981656, "_child0": {"label": 40, "event": "S", "reconc": 23, "tstamp": 0.005410082774635644, "transferred": 1, "dist": 0.41373376062835276, "_child0": {"label": 47, "event": "S", "reconc": 24, "tstamp": 0.0, "transferred": 0, "dist": 0.004362335988860601}, "_child1": {"label": 48, "event": "S", "reconc": 25, "tstamp": 0.0, "transferred": 0, "dist": 0.004305633829872585}}, "_child1": {"label": 39, "event": "S", "reconc": 4, "tstamp": 0.0, "transferred": 0, "dist": 0.07273733587877293}}, "_child1": {"label": 15, "event": "S", "reconc": 4, "tstamp": 0.0, "transferred": 0, "dist": 0.2654700226385895}}}, "_child1": {"label": 3, "event": "S", "reconc": 3, "tstamp": 0.0, "transferred": 0, "dist": 0.4481169402026284}}