{"label": 0, "event": null, "tstamp": 1.0, "dist": 0.0, "_child0": {"label": 1, "event": "S", "tstamp": 0.9209908550208133, "dist": 0.07900914497918665, "_child0": {"label": 4, "event": "S", "tstamp": 0.5851184875060111, "dist": 0.3358723675148022, "_child0": {"label": 9, "event": "S", "tstamp": 0.5154649619833945, "dist": 0.06965352552261661, "_child0": {"label": 10, "event": "S", "tstamp": 0.0, "dist": 0.5154649619833945}, "_child1": {"label": 11, "event": "S", "tstamp": 0.0, "dist": 0.5154649619833945}}, "_child1": {"label": 8, "event": "S", "tstamp": 0.1697795270383077, "dist": 0.41533896046770347, "_child0": {"label": 14, "event": "S", "tstamp": 0.0, "dist": 0.1697795270383077}, "_child1": {"label": 15, "event": "S", "tstamp": 0.0, "dist": 0.1697795270383077}}}, "_child1": {"label": 5, "event": "S", "tstamp": 0.6469037964853156, "dist": 0.27408705853549775, "_child0": {"label": 6, "event": "S", "tstamp": 0.0, "dist": 0.6469037964853156}, "_child1": {"label": 7, "event": "S", "tstamp": 0.0, "dist": 0.6469037964853156}}, "_child2": {"label": 2, "event": "S", "tstamp": 0.4552810822698393, "dist": 0.465709772750974, "_child0": {"label": 12, "event": "S", "tstamp": 0.0, "dist": 0.4552810822698393}, "_child1": {"label": 13, "event": "S", "tstamp": 0.0, "dist": 0.4552810822698393}}}}