{"label": 0, "event": null, "tstamp": 1.0, "dist": 0.0, "_child0": {"label": 1, "event": "S", "tstamp": 0.7286977271455524, "dist": 0.27130227285444763, "_child0": {"label": 2, "event": "S", "tstamp": 0.46089233101258004, "dist": 0.26780539613297233, "_child0": {"label": 4, "event": "S", "tstamp": 0.0, "dist": 0.46089233101258004}, "_child1": {"label": 5, "event": "S", "tstamp": 0.0, "dist": 0.46089233101258004}}, "_child1": {"label": 3, "event": "S", "tstamp": 0.07615286916001635, "dist": 0.652544857985536, "_child0": {"label": 7, "event": "S", "tstamp": 0.03801033711266946, "dist": 0.03814253204734688, "_child0": {"label": 8, "event": "S", "tstamp": 0.0, "dist": 0.03801033711266946}, "_child1": {"label": 9, "event": "S", "tstamp": 0.0, "dist": 0.03801033711266946}}, "_child1": {"label": 6, "event": "S", "tstamp": 0.0, "dist": 0.07615286916001635}}}}