{"label": 0, "event": null, "tstamp": 1.0, "dist": 0.0, "_child0": {"label": 1, "event": "S", "tstamp": 0.7632170809429593, "dist": 0.23678291905704074, "_child0": {"label": 3, "event": "S", "tstamp": 0.6628374716921137, "dist": 0.10037960925084555, "_child0": {"label": 5, "event": "S", "tstamp": 0.45768493283275646, "dist": 0.20515253885935725, "_child0": {"label": 6, "event": "S", "tstamp": 0.0, "dist": 0.45768493283275646}, "_child1": {"label": 7, "event": "S", "tstamp": 0.0, "dist": 0.45768493283275646}}, "_child1": {"label": 9, "event": "S", "tstamp": 0.0, "dist": 0.6628374716921137}, "_child2": {"label": 8, "event": "S", "tstamp": 0.0, "dist": 0.6628374716921137}}, "_child1": {"label": 2, "event": "S", "tstamp": 0.0, "dist": 0.7632170809429593}}}