{"label": 0, "event": null, "tstamp": 1.0, "dist": 0.0, "_child0": {"label": 1, "event": "S", "tstamp": 0.8783323257040933, "dist": 0.12166767429590675, "_child0": {"label": 3, "event": "S", "tstamp": 0.43941563560381963, "dist": 0.4389166901002736, "_child0": {"label": 5, "event": "S", "tstamp": 0.3354295481892161, "dist": 0.10398608741460352, "_child0": {"label": 6, "event": "S", "tstamp": 0.04086267279250786, "dist": 0.2945668753967082, "_child0": {"label": 13, "event": "S", "tstamp": 0.022571204489612372, "dist": 0.018291468302895488, "_child0": {"label": 14, "event": "S", "tstamp": 0.0, "dist": 0.022571204489612372}, "_child1": {"label": 15, "event": "S", "tstamp": 0.0, "dist": 0.022571204489612372}}, "_child1": {"label": 12, "event": "S", "tstamp": 0.0, "dist": 0.04086267279250786}}, "_child1": {"label": 7, "event": "S", "tstamp": 0.0, "dist": 0.3354295481892161}}, "_child1": {"label": 4, "event": "S", "tstamp": 0.2210956280076058, "dist": 0.21832000759621384, "_child0": {"label": 9, "event": "S", "tstamp": 0.19331245941277259, "dist": 0.027783168594833207, "_child0": {"label": 10, "event": "S", "tstamp": 0.0, "dist": 0.19331245941277259}, "_child1": {"label": 11, "event": "S", "tstamp": 0.0, "dist": 0.19331245941277259}}, "_child1": {"label": 8, "event": "S", "tstamp": 0.0, "dist": 0.2210956280076058}}}, "_child1": {"label": 2, "event": "S", "tstamp": 0.0, "dist": 0.8783323257040933}}}