{"label": 2, "event": "H", "reconc": [1, 3], "tstamp": 0.6593006670583283, "transferred": 0, "dist": 0.0, "_child0": {"label": 4, "event": "H", "reconc": [1, 3], "tstamp": 0.5176115614750605, "transferred": 0, "dist": 0.14624755252722196, "_child0": {"label": 6, "event": "S", "reconc": 3, "tstamp": 0.43941563560381963, "transferred": 0, "dist": 0.08071165901706087, "_child0": {"label": 8, "event": "S", "reconc": 5, "tstamp": 0.3354295481892161, "transferred": 0, "dist": 0.10104524791450668, "_child0": {"label": 12, "event": "S", "reconc": 6, "tstamp": 0.04086267279250786, "transferred": 0, "dist": 0.24078122767838847, "_child0": {"label": 26, "event": "S", "reconc": 13, "tstamp": 0.022571204489612372, "transferred": 0, "dist": 0.011189099882852955, "_child0": {"label": 30, "event": "S", "reconc": 14, "tstamp": 0.0, "transferred": 0, "dist": 0.013378667758784234}, "_child1": {"label": 31, "event": "S", "reconc": 15, "tstamp": 0.0, "transferred": 0, "dist": 0.013046779947428526}}, "_child1": {"label": 27, "event": "S", "reconc": 12, "tstamp": 0.0, "transferred": 0, "dist": 0.025207684174835383}}, "_child1": {"label": 13, "event": "S", "reconc": 7, "tstamp": 0.0, "transferred": 0, "dist": 0.3915213778282148}}, "_child1": {"label": 9, "event": "S", "reconc": 4, "tstamp": 0.2210956280076058, "transferred": 0, "dist": 0.18962602046927052, "_child0": {"label": 16, "event": "S", "reconc": 9, "tstamp": 0.19331245941277259, "transferred": 0, "dist": 0.022164265992330377, "_child0": {"label": 20, "event": "S", "reconc": 10, "tstamp": 0.0, "transferred": 0, "dist": 0.17256573299733005}, "_child1": {"label": 21, "event": "S", "reconc": 11, "tstamp": 0.0, "transferred": 0, "dist": 0.1419041831750979}}, "_child1": {"label": 17, "event": "D", "reconc": [4, 8], "tstamp": 0.0008751948700557559, "transferred": 0, "dist": 0.1832685212629845, "_child0": {"label": 34, "event": "S", "reconc": 8, "tstamp": 0.0, "transferred": 0, "dist": 0.0007350067908018891}, "_child1": {"label": 35, "event": "S", "reconc": 8, "tstamp": 0.0, "transferred": 0, "dist": 0.0007754828599656868}}}}, "_child1": {"label": 7, "event": "S", "reconc": 2, "tstamp": 0.0, "transferred": 1, "dist": 2.872340998856775}}, "_child1": {"label": 5, "event": "H", "reconc": [1, 2], "tstamp": 0.36497323874985704, "transferred": 1, "dist": 0.4898237961715884, "_child0": {"label": 11, "event": "H", "reconc": [3, 4], "tstamp": 0.22346952660199426, "transferred": 1, "dist": 0.2943476408335264, "_child0": {"label": 14, "event": "S", "reconc": 4, "tstamp": 0.2210956280076058, "transferred": 0, "dist": 0.0049380432515163785, "_child0": {"label": 22, "event": "H", "reconc": [9, 10], "tstamp": 0.09617987715217746, "transferred": 0, "dist": 0.19363905533424144, "_child0": {"label": 28, "event": "S", "reconc": 13, "tstamp": 0.022571204489612372, "transferred": 1, "dist": 0.09608905152545281, "_child0": {"label": 32, "event": "S", "reconc": 14, "tstamp": 0.0, "transferred": 0, "dist": 0.013687258530607552}, "_child1": {"label": 33, "event": "S", "reconc": 15, "tstamp": 0.0, "transferred": 0, "dist": 0.013065620586386105}}, "_child1": {"label": 24, "event": "S", "reconc": 10, "tstamp": 0.0, "transferred": 0, "dist": 0.1684532475323758}}, "_child1": {"label": 19, "event": "S", "reconc": 8, "tstamp": 0.0, "transferred": 0, "dist": 0.1843091349542071}}, "_child1": {"label": 15, "event": "S", "reconc": 2, "tstamp": 0.0, "transferred": 1, "dist": 0.3756017983703272}}, "_child1": {"label": 10, "event": "S", "reconc": 2, "tstamp": 0.0, "transferred": 0, "dist": 0.6073935356039294}}}