{"label": 0, "event": null, "tstamp": 1.0, "dist": 0.0, "_child0": {"label": 1, "event": "S", "tstamp": 0.7884035252586407, "dist": 0.21159647474135934, "_child0": {"label": 3, "event": "S", "tstamp": 0.5758819550589079, "dist": 0.21252157019973272, "_child0": {"label": 5, "event": "S", "tstamp": 0.5253757737667699, "dist": 0.05050618129213802, "_child0": {"label": 8, "event": "S", "tstamp": 0.0, "dist": 0.5253757737667699}, "_child1": {"label": 9, "event": "S", "tstamp": 0.35062244765082223, "dist": 0.17475332611594768, "_child0": {"label": 10, "event": "S", "tstamp": 0.0, "dist": 0.35062244765082223}, "_child1": {"label": 11, "event": "S", "tstamp": 0.0, "dist": 0.35062244765082223}}, "_child2": {"label": 6, "event": "S", "tstamp": 0.34165238900436096, "dist": 0.18372338476240896, "_child0": {"label": 13, "event": "S", "tstamp": 0.29859661551132843, "dist": 0.04305577349303252, "_child0": {"label": 17, "event": "S", "tstamp": 0.0, "dist": 0.29859661551132843}, "_child1": {"label": 16, "event": "S", "tstamp": 0.0, "dist": 0.29859661551132843}, "_child2": {"label": 19, "event": "S", "tstamp": 0.0, "dist": 0.29859661551132843}, "_child3": {"label": 18, "event": "S", "tstamp": 0.0, "dist": 0.29859661551132843}}, "_child1": {"label": 20, "event": "S", "tstamp": 0.04154406889297259, "dist": 0.3001083201113884, "_child0": {"label": 28, "event": "S", "tstamp": 0.0, "dist": 0.04154406889297259}, "_child1": {"label": 29, "event": "S", "tstamp": 0.0, "dist": 0.04154406889297259}}, "_child2": {"label": 21, "event": "S", "tstamp": 0.18600788252164852, "dist": 0.15564450648271244, "_child0": {"label": 23, "event": "S", "tstamp": 0.1632415422271395, "dist": 0.022766340294509024, "_child0": {"label": 24, "event": "S", "tstamp": 0.0, "dist": 0.1632415422271395}, "_child1": {"label": 25, "event": "S", "tstamp": 0.0, "dist": 0.1632415422271395}}, "_child1": {"label": 22, "event": "S", "tstamp": 0.05992223463998677, "dist": 0.12608564788166174, "_child0": {"label": 26, "event": "S", "tstamp": 0.0, "dist": 0.05992223463998677}, "_child1": {"label": 27, "event": "S", "tstamp": 0.0, "dist": 0.05992223463998677}}}}}, "_child1": {"label": 4, "event": "S", "tstamp": 0.0, "dist": 0.5758819550589079}}, "_child1": {"label": 2, "event": "S", "tstamp": 0.0, "dist": 0.7884035252586407}}}