{"label": 1, "event": "D", "reconc": [0, 1], "tstamp": 0.6816139069294622, "transferred": 0, "dist": 0.0, "_child0": {"label": 5, "event": "S", "reconc": 5, "tstamp": 0.5776322360225987, "transferred": 0, "dist": 0.13479957795502462, "_child0": {"label": 10, "event": "S", "reconc": 6, "tstamp": 0.5526834541467425, "transferred": 0, "dist": 0.030182107372311792, "_child0": {"label": 18, "event": "S", "reconc": 11, "tstamp": 0.34569699073559157, "transferred": 0, "dist": 0.2507862541231621, "_child0": {"label": 26, "event": "S", "reconc": 12, "tstamp": 0.0, "transferred": 0, "dist": 0.2834366525388004}, "_child1": {"label": 27, "event": "S", "reconc": 13, "tstamp": 0.0, "transferred": 0, "dist": 0.3605344625847969}}, "_child1": {"label": 15, "event": "D", "reconc": [6, 8], "tstamp": 0.29047566131714325, "transferred": 0, "dist": 0.33930313758992026, "_child0": {"label": 32, "event": "D", "reconc": [6, 8], "tstamp": 0.24914660061648802, "transferred": 0, "dist": 0.06295513296898646, "_child0": {"label": 34, "event": "H", "reconc": [6, 8], "tstamp": 0.027784145300093044, "transferred": 0, "dist": 1.886492282031524, "_child0": {"label": 37, "event": "S", "reconc": 4, "tstamp": 0.0, "transferred": 1, "dist": 0.265422124511828}, "_child1": {"label": 36, "event": "S", "reconc": 8, "tstamp": 0.0, "transferred": 0, "dist": 0.23678168728545873}}, "_child1": {"label": 35, "event": "S", "reconc": 8, "tstamp": 0.0, "transferred": 0, "dist": 0.6094755215624847}}, "_child1": {"label": 33, "event": "S", "reconc": 8, "tstamp": 0.0, "transferred": 0, "dist": 0.3758824336028197}}}, "_child1": {"label": 11, "event": "H", "reconc": [5, 7], "tstamp": 0.32058649168421055, "transferred": 0, "dist": 0.27064968538968875, "_child0": {"label": 31, "event": "S", "reconc": 13, "tstamp": 0.0, "transferred": 1, "dist": 0.33621883547844916}, "_child1": {"label": 30, "event": "S", "reconc": 7, "tstamp": 0.0, "transferred": 0, "dist": 0.33755327612151254}}}, "_child1": {"label": 3, "event": "S", "reconc": 1, "tstamp": 0.6573563836769167, "transferred": 0, "dist": 0.02946218395379642, "_child0": {"label": 8, "event": "S", "reconc": 5, "tstamp": 0.5776322360225987, "transferred": 0, "dist": 0.10533739400122821, "_child0": {"label": 17, "event": "S", "reconc": 8, "tstamp": 0.0, "transferred": 0, "dist": 0.7453676785650517}, "_child1": {"label": 13, "event": "H", "reconc": [5, 7], "tstamp": 0.4253114090761183, "transferred": 0, "dist": 0.16038228525227277, "_child0": {"label": 22, "event": "H", "reconc": [5, 7], "tstamp": 0.3673095359872553, "transferred": 0, "dist": 0.06107157597150307, "_child0": {"label": 25, "event": "S", "reconc": 11, "tstamp": 0.34569699073559157, "transferred": 1, "dist": 0.028815364343332886, "_child0": {"label": 28, "event": "S", "reconc": 12, "tstamp": 0.0, "transferred": 0, "dist": 0.319053029451266}, "_child1": {"label": 29, "event": "S", "reconc": 13, "tstamp": 0.0, "transferred": 0, "dist": 0.9064656671797351}}, "_child1": {"label": 24, "event": "S", "reconc": 7, "tstamp": 0.0, "transferred": 0, "dist": 0.38674910028742543}}, "_child1": {"label": 23, "event": "S", "reconc": 8, "tstamp": 0.0, "transferred": 1, "dist": 0.9403650747556762}}}, "_child1": {"label": 7, "event": "S", "reconc": 4, "tstamp": 0.0, "transferred": 0, "dist": 0.875264157322718}, "_child2": {"label": 9, "event": "S", "reconc": 2, "tstamp": 0.0, "transferred": 0, "dist": 0.8621293431762426}}}