{"label": 1, "event": "S", "reconc": 1, "tstamp": 0.6229537026889558, "transferred": 0, "dist": 0.0, "_child0": {"label": 5, "event": "H", "reconc": [1, 3], "tstamp": 0.557742802837026, "transferred": 0, "dist": 0.0816548625848685, "_child0": {"label": 7, "event": "H", "reconc": [1, 2], "tstamp": 0.5100553895395383, "transferred": 1, "dist": 0.0571111998819626, "_child0": {"label": 9, "event": "S", "reconc": 3, "tstamp": 0.3689064517861649, "transferred": 1, "dist": 1.0398821826103082, "_child0": {"label": 17, "event": "H", "reconc": [3, 18], "tstamp": 0.36075234773265497, "transferred": 0, "dist": 0.03079772348627979, "_child0": {"label": 18, "event": "D", "reconc": [3, 18], "tstamp": 0.12759070291561303, "transferred": 0, "dist": 0.8806421671293808, "_child0": {"label": 31, "event": "H", "reconc": [3, 18], "tstamp": 0.05238409161106615, "transferred": 0, "dist": 0.580622388551411, "_child0": {"label": 37, "event": "S", "reconc": 12, "tstamp": 0.0, "transferred": 1, "dist": 0.17754411400294612}, "_child1": {"label": 36, "event": "S", "reconc": 18, "tstamp": 0.0, "transferred": 0, "dist": 0.4044242369882486}}, "_child1": {"label": 30, "event": "S", "reconc": 18, "tstamp": 0.0, "transferred": 0, "dist": 0.19126331004028352}}, "_child1": {"label": 19, "event": "S", "reconc": 19, "tstamp": 0.0, "transferred": 1, "dist": 0.8556913616862721}}, "_child1": {"label": 15, "event": "H", "reconc": [3, 16], "tstamp": 0.057130533876337666, "transferred": 0, "dist": 0.3554985981949259, "_child0": {"label": 32, "event": "S", "reconc": 16, "tstamp": 0.0, "transferred": 0, "dist": 0.0651423780365225}, "_child1": {"label": 33, "event": "S", "reconc": 2, "tstamp": 0.0, "transferred": 1, "dist": 0.5941987442490074}}, "_child2": {"label": 16, "event": "S", "reconc": 19, "tstamp": 0.0, "transferred": 0, "dist": 0.709613366225764}}, "_child1": {"label": 8, "event": "S", "reconc": 2, "tstamp": 0.0, "transferred": 0, "dist": 0.6108503961232786}}, "_child1": {"label": 6, "event": "S", "reconc": 3, "tstamp": 0.3689064517861649, "transferred": 0, "dist": 0.23645443217465062, "_child0": {"label": 10, "event": "S", "reconc": 5, "tstamp": 0.304037044206304, "transferred": 0, "dist": 0.09195762438055624, "_child0": {"label": 20, "event": "S", "reconc": 6, "tstamp": 0.21535725783729565, "transferred": 0, "dist": 0.12756760451090735, "_child0": {"label": 22, "event": "S", "reconc": 9, "tstamp": 0.1470475420557446, "transferred": 0, "dist": 0.0936079081899485, "_child0": {"label": 26, "event": "S", "reconc": 13, "tstamp": 0.0, "transferred": 0, "dist": 0.18297997918078404}, "_child1": {"label": 27, "event": "S", "reconc": 12, "tstamp": 0.0, "transferred": 0, "dist": 0.2184981803434716}, "_child2": {"label": 28, "event": "S", "reconc": 15, "tstamp": 0.0, "transferred": 0, "dist": 0.1992579780250087}, "_child3": {"label": 29, "event": "S", "reconc": 14, "tstamp": 0.0, "transferred": 0, "dist": 0.16375806517667443}}, "_child1": {"label": 23, "event": "S", "reconc": 8, "tstamp": 0.0, "transferred": 0, "dist": 0.27499533606466725}}, "_child1": {"label": 21, "event": "H", "reconc": [5, 7], "tstamp": 0.14740198982100533, "transferred": 0, "dist": 0.2298622594494353, "_child0": {"label": 24, "event": "S", "reconc": 7, "tstamp": 0.0, "transferred": 0, "dist": 0.21631271850714812}, "_child1": {"label": 25, "event": "S", "reconc": 19, "tstamp": 0.0, "transferred": 1, "dist": 0.36857533879682186}}}, "_child1": {"label": 11, "event": "H", "reconc": [3, 16], "tstamp": 0.05365276281222816, "transferred": 0, "dist": 0.3469630961721071, "_child0": {"label": 35, "event": "S", "reconc": 14, "tstamp": 0.0, "transferred": 1, "dist": 0.06441510595607447}, "_child1": {"label": 34, "event": "S", "reconc": 16, "tstamp": 0.0, "transferred": 0, "dist": 0.05904936041861}}, "_child2": {"label": 12, "event": "S", "reconc": 19, "tstamp": 0.0, "transferred": 0, "dist": 0.6881680674160235}, "_child3": {"label": 13, "event": "S", "reconc": 18, "tstamp": 0.0, "transferred": 0, "dist": 0.548945441831375}}}, "_child1": {"label": 3, "event": "S", "reconc": 2, "tstamp": 0.0, "transferred": 0, "dist": 0.7343866394230325}}