{"label": 2, "event": "S", "reconc": 3, "tstamp": 0.8518754991403277, "transferred": 0, "dist": 0.0, "_child0": {"label": 7, "event": "H", "reconc": [3, 4], "tstamp": 0.7335016896411831, "transferred": 0, "dist": 0.10510693661734219, "_child0": {"label": 9, "event": "D", "reconc": [1, 2], "tstamp": 0.5641873493222456, "transferred": 1, "dist": 0.20052662192128398, "_child0": {"label": 12, "event": "S", "reconc": 2, "tstamp": 0.5618968431145445, "transferred": 0, "dist": 0.002901903379890024, "_child0": {"label": 16, "event": "D", "reconc": [2, 8], "tstamp": 0.3094611891643884, "transferred": 0, "dist": 0.663588430327894, "_child0": {"label": 22, "event": "S", "reconc": 8, "tstamp": 0.0, "transferred": 0, "dist": 0.3158081262644372}, "_child1": {"label": 23, "event": "S", "reconc": 8, "tstamp": 0.0, "transferred": 0, "dist": 0.3158081262644372}}, "_child1": {"label": 17, "event": "D", "reconc": [2, 9], "tstamp": 0.18224199740921024, "transferred": 0, "dist": 1.5786193265428787, "_child0": {"label": 30, "event": "S", "reconc": 9, "tstamp": 0.0, "transferred": 0, "dist": 0.25001179430748893}, "_child1": {"label": 31, "event": "S", "reconc": 9, "tstamp": 0.0, "transferred": 0, "dist": 0.5128612833283359}}}, "_child1": {"label": 19, "event": "S", "reconc": 9, "tstamp": 0.0, "transferred": 0, "dist": 1.5773844108672639}}, "_child1": {"label": 8, "event": "H", "reconc": [3, 4], "tstamp": 0.12697134261343887, "transferred": 0, "dist": 0.5385528015975559, "_child0": {"label": 37, "event": "S", "reconc": 7, "tstamp": 0.0, "transferred": 1, "dist": 0.28127972197498274}, "_child1": {"label": 36, "event": "S", "reconc": 4, "tstamp": 0.0, "transferred": 0, "dist": 0.11274089189793289}}}, "_child1": {"label": 4, "event": "S", "reconc": 5, "tstamp": 0.7209704673972288, "transferred": 0, "dist": 0.12293509900581505, "_child0": {"label": 10, "event": "S", "reconc": 6, "tstamp": 0.4676284809306351, "transferred": 0, "dist": 0.1936977467490791, "_child0": {"label": 20, "event": "S", "reconc": 11, "tstamp": 0.20762380723544263, "transferred": 0, "dist": 0.14021607234444056, "_child0": {"label": 35, "event": "H", "reconc": [12, 15], "tstamp": 0.01201037932943905, "transferred": 0, "dist": 0.05689583086187769, "_child0": {"label": 38, "event": "S", "reconc": 15, "tstamp": 0.0, "transferred": 0, "dist": 0.003203735104834308}, "_child1": {"label": 39, "event": "S", "reconc": 9, "tstamp": 0.0, "transferred": 1, "dist": 0.11837368777784098}}, "_child1": {"label": 27, "event": "S", "reconc": 13, "tstamp": 0.0, "transferred": 0, "dist": 0.07417297952637286}}, "_child1": {"label": 21, "event": "D", "reconc": [6, 10], "tstamp": 0.14532177896111925, "transferred": 0, "dist": 0.2200454072294736, "_child0": {"label": 32, "event": "S", "reconc": 10, "tstamp": 0.0, "transferred": 0, "dist": 0.09921416413437006}, "_child1": {"label": 33, "event": "S", "reconc": 10, "tstamp": 0.0, "transferred": 0, "dist": 0.09921416413437006}}}, "_child1": {"label": 11, "event": "D", "reconc": [5, 7], "tstamp": 0.22695372592864999, "transferred": 0, "dist": 0.40532109883424694, "_child0": {"label": 25, "event": "D", "reconc": [5, 7], "tstamp": 0.18986971347544196, "transferred": 0, "dist": 0.03683547986715436, "_child0": {"label": 28, "event": "S", "reconc": 7, "tstamp": 0.0, "transferred": 0, "dist": 0.2695968588194338}, "_child1": {"label": 29, "event": "S", "reconc": 7, "tstamp": 0.0, "transferred": 0, "dist": 0.3062918550479176}}, "_child1": {"label": 24, "event": "S", "reconc": 7, "tstamp": 0.0, "transferred": 0, "dist": 0.1862065105414606}}}}