{"label": 0, "event": null, "tstamp": 1.0, "dist": 0.0, "_child0": {"label": 1, "event": "S", "tstamp": 0.9853741287837219, "dist": 0.014625871216278119, "_child0": {"label": 3, "event": "S", "tstamp": 0.6618244401383943, "dist": 0.3235496886453276, "_child0": {"label": 7, "event": "S", "tstamp": 0.0, "dist": 0.6618244401383943}, "_child1": {"label": 6, "event": "S", "tstamp": 0.5658009062568748, "dist": 0.09602353388151941, "_child0": {"label": 9, "event": "S", "tstamp": 0.4834406544296989, "dist": 0.08236025182717593, "_child0": {"label": 11, "event": "S", "tstamp": 0.36983450248215244, "dist": 0.11360615194754647, "_child0": {"label": 12, "event": "S", "tstamp": 0.0, "dist": 0.36983450248215244}, "_child1": {"label": 13, "event": "S", "tstamp": 0.0, "dist": 0.36983450248215244}}, "_child1": {"label": 10, "event": "S", "tstamp": 0.11891067639441248, "dist": 0.3645299780352864, "_child0": {"label": 14, "event": "S", "tstamp": 0.0, "dist": 0.11891067639441248}, "_child1": {"label": 15, "event": "S", "tstamp": 0.0, "dist": 0.11891067639441248}}}, "_child1": {"label": 8, "event": "S", "tstamp": 0.0, "dist": 0.5658009062568748}}, "_child2": {"label": 4, "event": "S", "tstamp": 0.0, "dist": 0.6618244401383943}}, "_child1": {"label": 2, "event": "S", "tstamp": 0.0, "dist": 0.9853741287837219}}}