{"label": 0, "event": null, "tstamp": 1.0, "dist": 0.0, "_child0": {"label": 1, "event": "S", "tstamp": 0.9203254953973331, "dist": 0.0796745046026669, "_child0": {"label": 2, "event": "S", "tstamp": 0.8303097637648781, "dist": 0.09001573163245502, "_child0": {"label": 5, "event": "S", "tstamp": 0.48544201585831726, "dist": 0.34486774790656083, "_child0": {"label": 7, "event": "S", "tstamp": 0.18722784469511242, "dist": 0.2982141711632048, "_child0": {"label": 8, "event": "S", "tstamp": 0.0, "dist": 0.18722784469511242}, "_child1": {"label": 9, "event": "S", "tstamp": 0.0, "dist": 0.18722784469511242}}, "_child1": {"label": 6, "event": "S", "tstamp": 0.0, "dist": 0.48544201585831726}}, "_child1": {"label": 4, "event": "S", "tstamp": 0.0, "dist": 0.8303097637648781}}, "_child1": {"label": 3, "event": "S", "tstamp": 0.0, "dist": 0.9203254953973331}}}