{"label": 4, "event": "S", "reconc": 5, "tstamp": 0.8015745910274685, "transferred": 0, "dist": 0.0, "_child0": {"label": 6, "event": "S", "reconc": 6, "tstamp": 0.6336797289310051, "transferred": 0, "dist": 0.17721529478742298, "_child0": {"label": 8, "event": "D", "reconc": [6, 11], "tstamp": 0.5697859592130885, "transferred": 0, "dist": 0.0791653637752881, "_child0": {"label": 11, "event": "S", "reconc": 11, "tstamp": 0.0, "transferred": 0, "dist": 0.7059735704169443}, "_child1": {"label": 12, "event": "S", "reconc": 11, "tstamp": 0.0, "transferred": 0, "dist": 0.7059735704169443}}, "_child1": {"label": 9, "event": "D", "reconc": [6, 10], "tstamp": 0.39989661219765665, "transferred": 0, "dist": 0.20995651808634547, "_child0": {"label": 15, "event": "S", "reconc": 10, "tstamp": 0.31116230997600913, "transferred": 0, "dist": 0.08040599255273014, "_child0": {"label": 19, "event": "D", "reconc": [10, 12], "tstamp": 0.1519906472727538, "transferred": 0, "dist": 0.39055644381068516, "_child0": {"label": 25, "event": "S", "reconc": 12, "tstamp": 0.0, "transferred": 0, "dist": 0.24821940186037456}, "_child1": {"label": 26, "event": "S", "reconc": 12, "tstamp": 0.0, "transferred": 0, "dist": 0.5398603699274481}}, "_child1": {"label": 17, "event": "D", "reconc": [10, 15], "tstamp": 0.0824246518771602, "transferred": 0, "dist": 0.21484742233921905, "_child0": {"label": 27, "event": "S", "reconc": 15, "tstamp": 0.0, "transferred": 0, "dist": 0.09270301587698968}, "_child1": {"label": 28, "event": "S", "reconc": 15, "tstamp": 0.0, "transferred": 0, "dist": 0.13608673353644285}}, "_child2": {"label": 18, "event": "S", "reconc": 14, "tstamp": 0.0, "transferred": 0, "dist": 0.7141488733827291}}, "_child1": {"label": 16, "event": "S", "reconc": 10, "tstamp": 0.31116230997600913, "transferred": 0, "dist": 0.07969072099645347, "_child0": {"label": 20, "event": "S", "reconc": 15, "tstamp": 0.0, "transferred": 0, "dist": 0.1979905808572439}, "_child1": {"label": 21, "event": "S", "reconc": 14, "tstamp": 0.0, "transferred": 0, "dist": 0.28574392830820333}, "_child2": {"label": 22, "event": "S", "reconc": 12, "tstamp": 0.0, "transferred": 0, "dist": 0.22843733605273595}}}, "_child2": {"label": 10, "event": "H", "reconc": [6, 8], "tstamp": 0.16100899235486635, "transferred": 0, "dist": 0.4592615717483485, "_child0": {"label": 23, "event": "S", "reconc": 8, "tstamp": 0.0, "transferred": 0, "dist": 0.15644133891204515}, "_child1": {"label": 24, "event": "S", "reconc": 2, "tstamp": 0.0, "transferred": 1, "dist": 0.2124271081440482}}}, "_child1": {"label": 7, "event": "D", "reconc": [5, 7], "tstamp": 0.4143761278674583, "transferred": 0, "dist": 0.3675564836072851, "_child0": {"label": 14, "event": "D", "reconc": [5, 7], "tstamp": 0.07489106272284937, "transferred": 0, "dist": 0.5915238285133811, "_child0": {"label": 29, "event": "S", "reconc": 7, "tstamp": 0.0, "transferred": 0, "dist": 0.1496091156354965}, "_child1": {"label": 30, "event": "S", "reconc": 7, "tstamp": 0.0, "transferred": 0, "dist": 0.16956059055294373}}, "_child1": {"label": 13, "event": "S", "reconc": 7, "tstamp": 0.0, "transferred": 0, "dist": 1.7727180152770308}}}