{"label": 0, "event": null, "tstamp": 1.0, "dist": 0.0, "_child0": {"label": 1, "event": "S", "tstamp": 0.5525952536559285, "dist": 0.44740474634407146, "_child0": {"label": 2, "event": "S", "tstamp": 0.48120289596623617, "dist": 0.07139235768969238, "_child0": {"label": 4, "event": "S", "tstamp": 0.0, "dist": 0.48120289596623617}, "_child1": {"label": 5, "event": "S", "tstamp": 0.0, "dist": 0.48120289596623617}}, "_child1": {"label": 6, "event": "S", "tstamp": 0.0, "dist": 0.5525952536559285}, "_child2": {"label": 7, "event": "S", "tstamp": 0.2481550556872873, "dist": 0.30444019796864125, "_child0": {"label": 8, "event": "S", "tstamp": 0.24220751076917793, "dist": 0.005947544918109365, "_child0": {"label": 11, "event": "S", "tstamp": 0.19205099063131661, "dist": 0.050156520137861316, "_child0": {"label": 15, "event": "S", "tstamp": 0.0, "dist": 0.19205099063131661}, "_child1": {"label": 14, "event": "S", "tstamp": 0.0, "dist": 0.19205099063131661}, "_child2": {"label": 13, "event": "S", "tstamp": 0.0, "dist": 0.19205099063131661}}, "_child1": {"label": 10, "event": "S", "tstamp": 0.0, "dist": 0.24220751076917793}}, "_child1": {"label": 9, "event": "S", "tstamp": 0.0, "dist": 0.2481550556872873}}}}