{"label": 0, "event": null, "tstamp": 1.0, "dist": 0.0, "_child0": {"label": 1, "event": "S", "tstamp": 0.5908217110776826, "dist": 0.40917828892231745, "_child0": {"label": 4, "event": "S", "tstamp": 0.0, "dist": 0.5908217110776826}, "_child1": {"label": 5, "event": "S", "tstamp": 0.49858013058962086, "dist": 0.09224158048806169, "_child0": {"label": 7, "event": "S", "tstamp": 0.41301032097621265, "dist": 0.08556980961340821, "_child0": {"label": 11, "event": "S", "tstamp": 0.0, "dist": 0.41301032097621265}, "_child1": {"label": 10, "event": "S", "tstamp": 0.0, "dist": 0.41301032097621265}, "_child2": {"label": 8, "event": "S", "tstamp": 0.0, "dist": 0.41301032097621265}}, "_child1": {"label": 12, "event": "S", "tstamp": 0.0, "dist": 0.49858013058962086}, "_child2": {"label": 13, "event": "S", "tstamp": 0.2139025206106796, "dist": 0.28467760997894126, "_child0": {"label": 14, "event": "S", "tstamp": 0.0, "dist": 0.2139025206106796}, "_child1": {"label": 15, "event": "S", "tstamp": 0.0, "dist": 0.2139025206106796}}}, "_child2": {"label": 2, "event": "S", "tstamp": 0.0, "dist": 0.5908217110776826}}}