{"label": 0, "event": null, "tstamp": 1.0, "dist": 0.0, "_child0": {"label": 1, "event": "S", "tstamp": 0.8995101932513652, "dist": 0.10048980674863484, "_child0": {"label": 3, "event": "S", "tstamp": 0.8930991999368703, "dist": 0.006410993314494906, "_child0": {"label": 5, "event": "S", "tstamp": 0.7678163566832699, "dist": 0.1252828432536004, "_child0": {"label": 7, "event": "S", "tstamp": 0.6734664671908089, "dist": 0.09434988949246093, "_child0": {"label": 9, "event": "S", "tstamp": 0.4414192413615485, "dist": 0.23204722582926046, "_child0": {"label": 12, "event": "S", "tstamp": 0.0, "dist": 0.4414192413615485}, "_child1": {"label": 13, "event": "S", "tstamp": 0.1677907742190608, "dist": 0.2736284671424877, "_child0": {"label": 14, "event": "S", "tstamp": 0.0, "dist": 0.1677907742190608}, "_child1": {"label": 15, "event": "S", "tstamp": 0.0, "dist": 0.1677907742190608}}, "_child2": {"label": 10, "event": "S", "tstamp": 0.0, "dist": 0.4414192413615485}}, "_child1": {"label": 8, "event": "S", "tstamp": 0.0, "dist": 0.6734664671908089}}, "_child1": {"label": 6, "event": "S", "tstamp": 0.0, "dist": 0.7678163566832699}}, "_child1": {"label": 16, "event": "S", "tstamp": 0.0, "dist": 0.8930991999368703}, "_child2": {"label": 19, "event": "S", "tstamp": 0.0, "dist": 0.8930991999368703}, "_child3": {"label": 18, "event": "S", "tstamp": 0.0, "dist": 0.8930991999368703}}, "_child1": {"label": 2, "event": "S", "tstamp": 0.0, "dist": 0.8995101932513652}}}