{"label": 1, "event": "D", "reconc": [0, 1], "tstamp": 0.9278616220887339, "transferred": 0, "dist": 0.0, "_child0": {"label": 2, "event": "D", "reconc": [0, 1], "tstamp": 0.858606239983152, "transferred": 0, "dist": 0.07715499916450515, "_child0": {"label": 4, "event": "S", "reconc": 1, "tstamp": 0.8555523914236682, "transferred": 0, "dist": 0.007325056058259785, "_child0": {"label": 22, "event": "D", "reconc": [1, 8], "tstamp": 0.37410706757967926, "transferred": 0, "dist": 0.7301360463156633, "_child0": {"label": 31, "event": "D", "reconc": [1, 8], "tstamp": 0.08288468186599797, "transferred": 0, "dist": 0.32590605144158213, "_child0": {"label": 51, "event": "S", "reconc": 8, "tstamp": 0.0, "transferred": 0, "dist": 0.09275598551856133}, "_child1": {"label": 52, "event": "S", "reconc": 8, "tstamp": 0.0, "transferred": 0, "dist": 0.09275598551856133}}, "_child1": {"label": 32, "event": "H", "reconc": [1, 8], "tstamp": 0.06944293457707955, "transferred": 0, "dist": 0.34094866834986465, "_child0": {"label": 53, "event": "D", "reconc": [1, 8], "tstamp": 0.03866907977999423, "transferred": 0, "dist": 0.03443892364241249, "_child0": {"label": 55, "event": "S", "reconc": 8, "tstamp": 0.0, "transferred": 0, "dist": 0.05591763077086091}, "_child1": {"label": 56, "event": "S", "reconc": 8, "tstamp": 0.0, "transferred": 0, "dist": 0.04327444496786633}}, "_child1": {"label": 54, "event": "S", "reconc": 12, "tstamp": 0.0, "transferred": 1, "dist": 0.06638173245582514}}}, "_child1": {"label": 35, "event": "S", "reconc": 2, "tstamp": 0.0, "transferred": 0, "dist": 1.371800429609436}, "_child2": {"label": 41, "event": "S", "reconc": 4, "tstamp": 0.0, "transferred": 0, "dist": 1.132623978139381}}, "_child1": {"label": 5, "event": "S", "reconc": 1, "tstamp": 0.8555523914236682, "transferred": 0, "dist": 0.0032833875641651365, "_child0": {"label": 16, "event": "D", "reconc": [1, 4], "tstamp": 0.41364773727564375, "transferred": 0, "dist": 0.3885987745090031, "_child0": {"label": 29, "event": "S", "reconc": 4, "tstamp": 0.0, "transferred": 0, "dist": 0.3831074090975272}, "_child1": {"label": 30, "event": "S", "reconc": 4, "tstamp": 0.0, "transferred": 0, "dist": 0.9490385871733975}}, "_child1": {"label": 17, "event": "S", "reconc": 6, "tstamp": 0.0, "transferred": 0, "dist": 0.8119914502041202}, "_child2": {"label": 20, "event": "S", "reconc": 2, "tstamp": 0.0, "transferred": 0, "dist": 1.5331933406033367}}}, "_child1": {"label": 3, "event": "S", "reconc": 1, "tstamp": 0.8555523914236682, "transferred": 0, "dist": 0.1112525350898749, "_child0": {"label": 10, "event": "D", "reconc": [1, 2], "tstamp": 0.7204310495268551, "transferred": 0, "dist": 0.1745749128721345, "_child0": {"label": 34, "event": "S", "reconc": 8, "tstamp": 0.0, "transferred": 1, "dist": 2.8185034760590923}, "_child1": {"label": 24, "event": "S", "reconc": 2, "tstamp": 0.0, "transferred": 0, "dist": 1.1964473573741887}}, "_child1": {"label": 43, "event": "S", "reconc": 6, "tstamp": 0.0, "transferred": 0, "dist": 1.2159801523612894}, "_child2": {"label": 9, "event": "S", "reconc": 9, "tstamp": 0.30868719808272155, "transferred": 0, "dist": 1.0727875108833789, "_child0": {"label": 45, "event": "S", "reconc": 12, "tstamp": 0.0, "transferred": 0, "dist": 0.2920953072294658}, "_child1": {"label": 39, "event": "S", "reconc": 14, "tstamp": 0.08618601121551386, "transferred": 0, "dist": 0.21718516775939836, "_child0": {"label": 49, "event": "S", "reconc": 17, "tstamp": 0.019906881120100778, "transferred": 0, "dist": 0.060379654944567845, "_child0": {"label": 57, "event": "S", "reconc": 18, "tstamp": 0.0, "transferred": 0, "dist": 0.017114497158590664}, "_child1": {"label": 58, "event": "S", "reconc": 19, "tstamp": 0.0, "transferred": 0, "dist": 0.017875683728032266}}, "_child1": {"label": 50, "event": "S", "reconc": 16, "tstamp": 0.0, "transferred": 0, "dist": 0.08258271696290091}}, "_child2": {"label": 38, "event": "S", "reconc": 15, "tstamp": 0.0, "transferred": 0, "dist": 0.35227977752814393}, "_child3": {"label": 40, "event": "S", "reconc": 11, "tstamp": 0.0, "transferred": 0, "dist": 0.25262098861782845}}}}