{"label": 0, "event": null, "tstamp": 1.0, "dist": 0.0, "_child0": {"label": 1, "event": "S", "tstamp": 0.6802739191575672, "dist": 0.3197260808424328, "_child0": {"label": 3, "event": "S", "tstamp": 0.6759898708754993, "dist": 0.004284048282067854, "_child0": {"label": 5, "event": "S", "tstamp": 0.43555965410807934, "dist": 0.24043021676742, "_child0": {"label": 6, "event": "S", "tstamp": 0.35410711485100904, "dist": 0.0814525392570703, "_child0": {"label": 9, "event": "S", "tstamp": 0.3428490861950776, "dist": 0.011258028655931451, "_child0": {"label": 10, "event": "S", "tstamp": 0.33842168375277676, "dist": 0.004427402442300832, "_child0": {"label": 12, "event": "S", "tstamp": 0.0, "dist": 0.33842168375277676}, "_child1": {"label": 13, "event": "S", "tstamp": 0.0, "dist": 0.33842168375277676}}, "_child1": {"label": 11, "event": "S", "tstamp": 0.304865086134398, "dist": 0.03798400006067959, "_child0": {"label": 14, "event": "S", "tstamp": 0.0, "dist": 0.304865086134398}, "_child1": {"label": 15, "event": "S", "tstamp": 0.0, "dist": 0.304865086134398}}}, "_child1": {"label": 8, "event": "S", "tstamp": 0.0, "dist": 0.35410711485100904}}, "_child1": {"label": 7, "event": "S", "tstamp": 0.0, "dist": 0.43555965410807934}}, "_child1": {"label": 16, "event": "S", "tstamp": 0.0, "dist": 0.6759898708754993}, "_child2": {"label": 19, "event": "S", "tstamp": 0.0, "dist": 0.6759898708754993}, "_child3": {"label": 18, "event": "S", "tstamp": 0.0, "dist": 0.6759898708754993}}, "_child1": {"label": 2, "event": "S", "tstamp": 0.0, "dist": 0.6802739191575672}}}