{"label": 1, "event": "S", "reconc": 1, "tstamp": 0.9315033107516826, "transferred": 0, "dist": 0.0, "_child0": {"label": 5, "event": "D", "reconc": [1, 2], "tstamp": 0.5546075984929062, "transferred": 0, "dist": 0.231136047872501, "_child0": {"label": 6, "event": "D", "reconc": [1, 2], "tstamp": 0.2759564705466855, "transferred": 0, "dist": 0.17088631776336774, "_child0": {"label": 12, "event": "S", "reconc": 2, "tstamp": 0.0, "transferred": 0, "dist": 0.6799254096999887}, "_child1": {"label": 13, "event": "S", "reconc": 2, "tstamp": 0.0, "transferred": 0, "dist": 0.16951320949719648}}, "_child1": {"label": 7, "event": "D", "reconc": [1, 2], "tstamp": 0.267253827222798, "transferred": 0, "dist": 0.1762233235145668, "_child0": {"label": 17, "event": "D", "reconc": [1, 2], "tstamp": 0.14162866065033733, "transferred": 0, "dist": 0.12369836986294407, "_child0": {"label": 23, "event": "S", "reconc": 2, "tstamp": 0.0, "transferred": 0, "dist": 0.2680289515849038}, "_child1": {"label": 24, "event": "S", "reconc": 2, "tstamp": 0.0, "transferred": 0, "dist": 0.5447647087030452}}, "_child1": {"label": 16, "event": "S", "reconc": 2, "tstamp": 0.0, "transferred": 0, "dist": 0.18349100579278196}}}, "_child1": {"label": 4, "event": "S", "reconc": 6, "tstamp": 0.3490457030534305, "transferred": 0, "dist": 0.3644563390289328, "_child0": {"label": 9, "event": "D", "reconc": [6, 8], "tstamp": 0.34588958534864195, "transferred": 0, "dist": 0.0011399033096914663, "_child0": {"label": 10, "event": "S", "reconc": 8, "tstamp": 0.0, "transferred": 0, "dist": 0.1249258487820366}, "_child1": {"label": 11, "event": "S", "reconc": 8, "tstamp": 0.0, "transferred": 0, "dist": 0.1249258487820366}}, "_child1": {"label": 8, "event": "S", "reconc": 9, "tstamp": 0.27447153524297774, "transferred": 0, "dist": 0.029317837531841074, "_child0": {"label": 14, "event": "S", "reconc": 11, "tstamp": 0.1679265761617599, "transferred": 0, "dist": 0.036043446306212465, "_child0": {"label": 18, "event": "D", "reconc": [11, 12], "tstamp": 0.02681555619838446, "transferred": 0, "dist": 0.039483102266292674, "_child0": {"label": 37, "event": "S", "reconc": 12, "tstamp": 0.0, "transferred": 0, "dist": 0.007503038019164821}, "_child1": {"label": 38, "event": "S", "reconc": 12, "tstamp": 0.0, "transferred": 0, "dist": 0.007632058318513063}}, "_child1": {"label": 19, "event": "S", "reconc": 13, "tstamp": 0.0, "transferred": 0, "dist": 0.04613155341220249}}, "_child1": {"label": 15, "event": "S", "reconc": 10, "tstamp": 0.16533302381815101, "transferred": 0, "dist": 0.044113397287584004, "_child0": {"label": 21, "event": "D", "reconc": [10, 17], "tstamp": 0.13359490144143418, "transferred": 0, "dist": 0.013035809663368304, "_child0": {"label": 29, "event": "S", "reconc": 18, "tstamp": 0.0, "transferred": 0, "dist": 0.059129367533099046}, "_child1": {"label": 26, "event": "S", "reconc": 17, "tstamp": 0.03971322313931735, "transferred": 0, "dist": 0.0385600532601692, "_child0": {"label": 31, "event": "D", "reconc": [17, 18], "tstamp": 0.037524557516446067, "transferred": 0, "dist": 0.0008587387200867564, "_child0": {"label": 33, "event": "D", "reconc": [17, 18], "tstamp": 0.03146251361055778, "transferred": 0, "dist": 0.002618344155286167, "_child0": {"label": 35, "event": "S", "reconc": 18, "tstamp": 0.0, "transferred": 0, "dist": 0.03834049015831516}, "_child1": {"label": 36, "event": "S", "reconc": 18, "tstamp": 0.0, "transferred": 0, "dist": 0.01502686484074439}}, "_child1": {"label": 34, "event": "S", "reconc": 18, "tstamp": 0.0, "transferred": 0, "dist": 0.06019250131517193}}, "_child1": {"label": 32, "event": "S", "reconc": 19, "tstamp": 0.0, "transferred": 0, "dist": 0.01540479383688566}}}, "_child1": {"label": 22, "event": "D", "reconc": [10, 14], "tstamp": 0.06949066507303202, "transferred": 0, "dist": 0.03874793595654093, "_child0": {"label": 27, "event": "S", "reconc": 14, "tstamp": 0.0, "transferred": 0, "dist": 0.028094256809642722}, "_child1": {"label": 28, "event": "S", "reconc": 14, "tstamp": 0.0, "transferred": 0, "dist": 0.028094256809642722}}, "_child2": {"label": 20, "event": "S", "reconc": 16, "tstamp": 0.0, "transferred": 0, "dist": 0.06051296448151387}}}}, "_child2": {"label": 2, "event": "S", "reconc": 4, "tstamp": 0.0, "transferred": 0, "dist": 0.7161368023184163}, "_child3": {"label": 3, "event": "S", "reconc": 7, "tstamp": 0.0, "transferred": 0, "dist": 0.708972103488484}}