{"label": 1, "event": "S", "reconc": 1, "tstamp": 0.9620140019498117, "transferred": 0, "dist": 0.0, "_child0": {"label": 4, "event": "H", "reconc": [2, 5], "tstamp": 0.5068133604041056, "transferred": 0, "dist": 0.40064858559525024, "_child0": {"label": 12, "event": "S", "reconc": 5, "tstamp": 0.48976418645082764, "transferred": 0, "dist": 0.014643059932013397, "_child0": {"label": 18, "event": "S", "reconc": 12, "tstamp": 0.45696538967468625, "transferred": 0, "dist": 0.021784776325204466, "_child0": {"label": 21, "event": "H", "reconc": [12, 14], "tstamp": 0.440965251478293, "transferred": 0, "dist": 0.011133102736155025, "_child0": {"label": 24, "event": "D", "reconc": [12, 14], "tstamp": 0.3123816339234189, "transferred": 0, "dist": 0.08947014124837861, "_child0": {"label": 45, "event": "H", "reconc": [12, 14], "tstamp": 0.0368012239309989, "transferred": 0, "dist": 0.19175240731414062, "_child0": {"label": 63, "event": "S", "reconc": 24, "tstamp": 0.0, "transferred": 1, "dist": 0.023107029566936336}, "_child1": {"label": 62, "event": "S", "reconc": 14, "tstamp": 0.0, "transferred": 0, "dist": 0.025606766754828106}}, "_child1": {"label": 44, "event": "S", "reconc": 14, "tstamp": 0.0, "transferred": 0, "dist": 0.21735917406896874}}, "_child1": {"label": 56, "event": "S", "reconc": 4, "tstamp": 0.0, "transferred": 1, "dist": 0.32315940961041467}}, "_child1": {"label": 31, "event": "S", "reconc": 16, "tstamp": 0.3411954765936472, "transferred": 0, "dist": 0.08405235232403668, "_child0": {"label": 38, "event": "H", "reconc": [16, 20], "tstamp": 0.11016314136611771, "transferred": 0, "dist": 0.18978960202271478, "_child0": {"label": 58, "event": "S", "reconc": 20, "tstamp": 0.0, "transferred": 0, "dist": 0.0904973701488873}, "_child1": {"label": 59, "event": "S", "reconc": 21, "tstamp": 0.0, "transferred": 1, "dist": 0.22153103124356752}}, "_child1": {"label": 39, "event": "S", "reconc": 21, "tstamp": 0.0, "transferred": 0, "dist": 0.3043997944268366}}}, "_child1": {"label": 17, "event": "S", "reconc": 10, "tstamp": 0.0, "transferred": 0, "dist": 0.3439872330038834}}, "_child1": {"label": 13, "event": "H", "reconc": [2, 4], "tstamp": 0.11457680502113414, "transferred": 1, "dist": 0.2827483532275518, "_child0": {"label": 55, "event": "S", "reconc": 21, "tstamp": 0.0, "transferred": 1, "dist": 0.12826045520053422}, "_child1": {"label": 54, "event": "S", "reconc": 4, "tstamp": 0.0, "transferred": 0, "dist": 0.08259404304162524}}}, "_child1": {"label": 3, "event": "S", "reconc": 3, "tstamp": 0.8341543893268882, "transferred": 0, "dist": 0.12699183424751456, "_child0": {"label": 8, "event": "H", "reconc": [7, 8], "tstamp": 0.6450056048103328, "transferred": 0, "dist": 0.15620131970045764, "_child0": {"label": 11, "event": "D", "reconc": [2, 4], "tstamp": 0.4952146551006558, "transferred": 1, "dist": 0.10735815274356694, "_child0": {"label": 23, "event": "H", "reconc": [12, 15], "tstamp": 0.4354118326926306, "transferred": 1, "dist": 0.048050836017850665, "_child0": {"label": 27, "event": "H", "reconc": [7, 9], "tstamp": 0.40036483009080504, "transferred": 1, "dist": 0.03328948506358195, "_child0": {"label": 29, "event": "H", "reconc": [3, 6], "tstamp": 0.04350301545627555, "transferred": 1, "dist": 1.674260592326586, "_child0": {"label": 61, "event": "S", "reconc": 24, "tstamp": 0.0, "transferred": 1, "dist": 0.07631755178908906}, "_child1": {"label": 60, "event": "S", "reconc": 6, "tstamp": 0.0, "transferred": 0, "dist": 0.20409968631810313}}, "_child1": {"label": 28, "event": "S", "reconc": 9, "tstamp": 0.0, "transferred": 0, "dist": 0.3802875579036575}}, "_child1": {"label": 32, "event": "S", "reconc": 17, "tstamp": 0.3422267647239224, "transferred": 0, "dist": 0.23792330136259285, "_child0": {"label": 36, "event": "S", "reconc": 18, "tstamp": 0.30766412332719445, "transferred": 0, "dist": 0.03730422279089963, "_child0": {"label": 46, "event": "S", "reconc": 23, "tstamp": 0.2107956319919837, "transferred": 0, "dist": 0.07135681236347959, "_child0": {"label": 50, "event": "H", "reconc": [23, 24], "tstamp": 0.03182065400469089, "transferred": 0, "dist": 0.10914944405069016, "_child0": {"label": 64, "event": "S", "reconc": 24, "tstamp": 0.0, "transferred": 0, "dist": 0.019406102087566535}, "_child1": {"label": 65, "event": "S", "reconc": 22, "tstamp": 0.0, "transferred": 1, "dist": 0.021388745309970997}}, "_child1": {"label": 51, "event": "H", "reconc": [23, 25], "tstamp": 0.031658065467827824, "transferred": 0, "dist": 0.141119741408783, "_child0": {"label": 66, "event": "S", "reconc": 25, "tstamp": 0.0, "transferred": 0, "dist": 0.02493936977601933}, "_child1": {"label": 67, "event": "S", "reconc": 19, "tstamp": 0.0, "transferred": 1, "dist": 0.025367569311834703}}}, "_child1": {"label": 47, "event": "S", "reconc": 22, "tstamp": 0.0, "transferred": 0, "dist": 0.20109854859035953}}, "_child1": {"label": 37, "event": "S", "reconc": 19, "tstamp": 0.0, "transferred": 0, "dist": 0.4045884958357791}}}, "_child1": {"label": 14, "event": "S", "reconc": 4, "tstamp": 0.0, "transferred": 0, "dist": 0.35493019228593886}}, "_child1": {"label": 10, "event": "H", "reconc": [7, 8], "tstamp": 0.29544818804715295, "transferred": 0, "dist": 0.254340941714216, "_child0": {"label": 49, "event": "D", "reconc": [11, 13], "tstamp": 0.15244872953299965, "transferred": 1, "dist": 0.08958713818260226, "_child0": {"label": 52, "event": "S", "reconc": 13, "tstamp": 0.0, "transferred": 0, "dist": 0.20365741671180118}, "_child1": {"label": 53, "event": "S", "reconc": 13, "tstamp": 0.0, "transferred": 0, "dist": 0.322235951732819}}, "_child1": {"label": 48, "event": "S", "reconc": 8, "tstamp": 0.0, "transferred": 0, "dist": 0.2149706078946711}}}, "_child1": {"label": 7, "event": "H", "reconc": [3, 6], "tstamp": 0.3153703838466517, "transferred": 0, "dist": 0.34892559005450624, "_child0": {"label": 43, "event": "S", "reconc": 4, "tstamp": 0.0, "transferred": 1, "dist": 0.42847045490880165}, "_child1": {"label": 42, "event": "S", "reconc": 6, "tstamp": 0.0, "transferred": 0, "dist": 0.21211293352720983}}}}