{"label": 1, "event": "S", "reconc": 1, "tstamp": 0.9318875974636635, "transferred": 0, "dist": 0.0, "_child0": {"label": 3, "event": "H", "reconc": [1, 4], "tstamp": 0.8649133725667615, "transferred": 0, "dist": 0.062446996424580445, "_child0": {"label": 5, "event": "S", "reconc": 4, "tstamp": 0.8078368442660468, "transferred": 0, "dist": 0.05321835025651881, "_child0": {"label": 24, "event": "S", "reconc": 6, "tstamp": 0.0, "transferred": 0, "dist": 0.8338581785672587}, "_child1": {"label": 7, "event": "D", "reconc": [4, 7], "tstamp": 0.3674816878122766, "transferred": 0, "dist": 0.3624409972794261, "_child0": {"label": 25, "event": "S", "reconc": 7, "tstamp": 0.265254902420108, "transferred": 0, "dist": 0.08413930779097661, "_child0": {"label": 29, "event": "S", "reconc": 17, "tstamp": 0.2588160761269801, "transferred": 0, "dist": 0.005155315782313679, "_child0": {"label": 33, "event": "S", "reconc": 18, "tstamp": 0.25078685209452267, "transferred": 0, "dist": 0.006552436366252881, "_child0": {"label": 45, "event": "D", "reconc": [18, 20], "tstamp": 0.01939050205943283, "transferred": 0, "dist": 0.1785184704987765, "_child0": {"label": 55, "event": "S", "reconc": 20, "tstamp": 0.0, "transferred": 0, "dist": 0.06024267859685074}, "_child1": {"label": 56, "event": "S", "reconc": 20, "tstamp": 0.0, "transferred": 0, "dist": 0.03792618732976612}}, "_child1": {"label": 38, "event": "S", "reconc": 22, "tstamp": 0.1119278668727283, "transferred": 0, "dist": 0.11578006073050111, "_child0": {"label": 49, "event": "S", "reconc": 24, "tstamp": 0.0, "transferred": 0, "dist": 0.09011230456824196}, "_child1": {"label": 50, "event": "S", "reconc": 25, "tstamp": 0.0, "transferred": 0, "dist": 0.09565149805966393}}, "_child2": {"label": 37, "event": "S", "reconc": 23, "tstamp": 0.0, "transferred": 0, "dist": 0.1968683701275947}}, "_child1": {"label": 34, "event": "S", "reconc": 19, "tstamp": 0.0, "transferred": 0, "dist": 0.18250404732619857}}, "_child1": {"label": 30, "event": "S", "reconc": 16, "tstamp": 0.0, "transferred": 0, "dist": 0.21922864843093037}}, "_child1": {"label": 26, "event": "S", "reconc": 7, "tstamp": 0.265254902420108, "transferred": 0, "dist": 0.08413930779097661, "_child0": {"label": 31, "event": "S", "reconc": 17, "tstamp": 0.2588160761269801, "transferred": 0, "dist": 0.005155315782313679, "_child0": {"label": 35, "event": "S", "reconc": 18, "tstamp": 0.25078685209452267, "transferred": 0, "dist": 0.006552436366252881, "_child0": {"label": 41, "event": "S", "reconc": 22, "tstamp": 0.1119278668727283, "transferred": 0, "dist": 0.11578006073050111, "_child0": {"label": 51, "event": "S", "reconc": 24, "tstamp": 0.0, "transferred": 0, "dist": 0.09011230456824196}, "_child1": {"label": 52, "event": "S", "reconc": 25, "tstamp": 0.0, "transferred": 0, "dist": 0.09565149805966393}}, "_child1": {"label": 40, "event": "S", "reconc": 23, "tstamp": 0.0, "transferred": 0, "dist": 0.1968683701275947}, "_child2": {"label": 42, "event": "S", "reconc": 20, "tstamp": 0.0, "transferred": 0, "dist": 0.19347792327030205}}, "_child1": {"label": 36, "event": "S", "reconc": 19, "tstamp": 0.0, "transferred": 0, "dist": 0.18250404732619857}}, "_child1": {"label": 32, "event": "S", "reconc": 16, "tstamp": 0.0, "transferred": 0, "dist": 0.21922864843093037}}}}, "_child1": {"label": 6, "event": "S", "reconc": 3, "tstamp": 0.4693212134886256, "transferred": 1, "dist": 1.6315106816500806, "_child0": {"label": 15, "event": "S", "reconc": 13, "tstamp": 0.4379993418290333, "transferred": 0, "dist": 0.047458275558583334, "_child0": {"label": 20, "event": "H", "reconc": [13, 15], "tstamp": 0.19613877889839415, "transferred": 0, "dist": 0.7300990659721276, "_child0": {"label": 48, "event": "H", "reconc": [4, 6], "tstamp": 0.031465323203778386, "transferred": 1, "dist": 0.32061622478271495, "_child0": {"label": 53, "event": "S", "reconc": 6, "tstamp": 0.0, "transferred": 0, "dist": 0.03307729471577611}, "_child1": {"label": 54, "event": "S", "reconc": 15, "tstamp": 0.0, "transferred": 1, "dist": 0.045037587980086925}}, "_child1": {"label": 44, "event": "S", "reconc": 11, "tstamp": 0.0, "transferred": 1, "dist": 0.15087679167284257}}, "_child1": {"label": 19, "event": "S", "reconc": 14, "tstamp": 0.0, "transferred": 0, "dist": 0.8662677641614882}}, "_child1": {"label": 16, "event": "S", "reconc": 12, "tstamp": 0.0, "transferred": 0, "dist": 1.235735401856636}}}, "_child1": {"label": 2, "event": "S", "reconc": 5, "tstamp": 0.7034334817113936, "transferred": 0, "dist": 0.19876594800332467, "_child0": {"label": 9, "event": "S", "reconc": 9, "tstamp": 0.4866746007348821, "transferred": 0, "dist": 0.16029985544690456, "_child0": {"label": 21, "event": "D", "reconc": [9, 10], "tstamp": 0.3417658025581053, "transferred": 0, "dist": 0.12171114294493617, "_child0": {"label": 27, "event": "S", "reconc": 10, "tstamp": 0.0, "transferred": 0, "dist": 0.28705438849955695}, "_child1": {"label": 28, "event": "S", "reconc": 10, "tstamp": 0.0, "transferred": 0, "dist": 0.3979361868044825}}, "_child1": {"label": 12, "event": "S", "reconc": 11, "tstamp": 0.0, "transferred": 0, "dist": 0.36562484133437034}}, "_child1": {"label": 10, "event": "S", "reconc": 8, "tstamp": 0.0, "transferred": 0, "dist": 0.507189817232944}}, "_child2": {"label": 4, "event": "S", "reconc": 3, "tstamp": 0.4693212134886256, "transferred": 0, "dist": 0.5333190253224391, "_child0": {"label": 17, "event": "S", "reconc": 14, "tstamp": 0.0, "transferred": 0, "dist": 0.6693432196840977}, "_child1": {"label": 14, "event": "S", "reconc": 12, "tstamp": 0.0, "transferred": 0, "dist": 0.5035793070938835}}}