{"label": 1, "event": "S", "reconc": 1, "tstamp": 0.8963620932062715, "transferred": 0, "dist": 0.0, "_child0": {"label": 2, "event": "S", "reconc": 3, "tstamp": 0.7279507549403781, "transferred": 0, "dist": 0.19049702682292613, "_child0": {"label": 13, "event": "H", "reconc": [5, 7], "tstamp": 0.03401258810857607, "transferred": 0, "dist": 0.8796564421116437, "_child0": {"label": 43, "event": "S", "reconc": 15, "tstamp": 0.0, "transferred": 1, "dist": 0.03254967040997616}, "_child1": {"label": 42, "event": "S", "reconc": 7, "tstamp": 0.0, "transferred": 0, "dist": 0.04466698631851291}}, "_child1": {"label": 5, "event": "S", "reconc": 4, "tstamp": 0.0, "transferred": 0, "dist": 1.094065109254009}}, "_child1": {"label": 3, "event": "H", "reconc": [1, 2], "tstamp": 0.6537435687039737, "transferred": 0, "dist": 0.23867762362704847, "_child0": {"label": 9, "event": "H", "reconc": [3, 4], "tstamp": 0.636584956435857, "transferred": 1, "dist": 0.0713371936066088, "_child0": {"label": 11, "event": "S", "reconc": 5, "tstamp": 0.608381080196398, "transferred": 1, "dist": 0.02967838747209471, "_child0": {"label": 15, "event": "H", "reconc": [5, 7], "tstamp": 0.5887062414477372, "transferred": 0, "dist": 0.11808589388896777, "_child0": {"label": 25, "event": "S", "reconc": 4, "tstamp": 0.0, "transferred": 1, "dist": 4.487918907029908}, "_child1": {"label": 16, "event": "S", "reconc": 7, "tstamp": 0.0, "transferred": 0, "dist": 3.5333404073821084}}, "_child1": {"label": 14, "event": "S", "reconc": 6, "tstamp": 0.5386629885075921, "transferred": 0, "dist": 0.07747411574602601, "_child0": {"label": 18, "event": "S", "reconc": 9, "tstamp": 0.3261691186824255, "transferred": 0, "dist": 0.18800566658279405, "_child0": {"label": 20, "event": "S", "reconc": 11, "tstamp": 0.2847728988857283, "transferred": 0, "dist": 0.03554442520829876, "_child0": {"label": 23, "event": "D", "reconc": [11, 12], "tstamp": 0.26268426682557106, "transferred": 0, "dist": 0.0203329744329121, "_child0": {"label": 27, "event": "H", "reconc": [11, 12], "tstamp": 0.07004840514064589, "transferred": 0, "dist": 0.24666620724274096, "_child0": {"label": 41, "event": "H", "reconc": [9, 15], "tstamp": 0.0058907916923266745, "transferred": 1, "dist": 0.1436750342272536, "_child0": {"label": 44, "event": "S", "reconc": 15, "tstamp": 0.0, "transferred": 0, "dist": 0.013191882498909081}, "_child1": {"label": 45, "event": "S", "reconc": 14, "tstamp": 0.0, "transferred": 1, "dist": 0.004902989902597751}}, "_child1": {"label": 40, "event": "S", "reconc": 12, "tstamp": 0.0, "transferred": 0, "dist": 0.08969552329621182}}, "_child1": {"label": 28, "event": "S", "reconc": 12, "tstamp": 0.0, "transferred": 0, "dist": 0.24649924983455385}}, "_child1": {"label": 24, "event": "D", "reconc": [11, 13], "tstamp": 0.24508577865644265, "transferred": 0, "dist": 0.03836777389858113, "_child0": {"label": 29, "event": "S", "reconc": 13, "tstamp": 0.0, "transferred": 0, "dist": 0.45697956492459113}, "_child1": {"label": 30, "event": "S", "reconc": 13, "tstamp": 0.0, "transferred": 0, "dist": 0.5370094911934694}}}, "_child1": {"label": 21, "event": "H", "reconc": [9, 15], "tstamp": 0.21395931027341744, "transferred": 0, "dist": 0.0965972981934311, "_child0": {"label": 32, "event": "H", "reconc": [3, 4], "tstamp": 0.2101433116443219, "transferred": 1, "dist": 0.016672933229999846, "_child0": {"label": 34, "event": "S", "reconc": 14, "tstamp": 0.0, "transferred": 1, "dist": 0.16812067515698584}, "_child1": {"label": 33, "event": "S", "reconc": 4, "tstamp": 0.0, "transferred": 0, "dist": 0.9181621232938622}}, "_child1": {"label": 31, "event": "H", "reconc": [9, 15], "tstamp": 0.14692688816845795, "transferred": 0, "dist": 0.05770574746102943, "_child0": {"label": 36, "event": "S", "reconc": 12, "tstamp": 0.0, "transferred": 1, "dist": 0.6209180776586918}, "_child1": {"label": 35, "event": "S", "reconc": 15, "tstamp": 0.0, "transferred": 0, "dist": 0.1264839556387841}}}}, "_child1": {"label": 19, "event": "S", "reconc": 8, "tstamp": 0.10982052888143978, "transferred": 0, "dist": 0.6093131966598414, "_child0": {"label": 37, "event": "S", "reconc": 19, "tstamp": 0.0, "transferred": 0, "dist": 0.24627774282250195}, "_child1": {"label": 38, "event": "S", "reconc": 18, "tstamp": 0.0, "transferred": 0, "dist": 0.18895564763994446}, "_child2": {"label": 39, "event": "S", "reconc": 16, "tstamp": 0.0, "transferred": 0, "dist": 0.20803332404836228}}}}, "_child1": {"label": 10, "event": "S", "reconc": 4, "tstamp": 0.0, "transferred": 0, "dist": 2.646611717469844}}, "_child1": {"label": 8, "event": "S", "reconc": 2, "tstamp": 0.0, "transferred": 0, "dist": 0.643124682090187}}}