{"label": 0, "event": null, "tstamp": 1.0, "dist": 0.0, "_child0": {"label": 1, "event": "S", "tstamp": 0.8512871545321543, "dist": 0.1487128454678457, "_child0": {"label": 3, "event": "S", "tstamp": 0.8252712907028655, "dist": 0.026015863829288777, "_child0": {"label": 7, "event": "S", "tstamp": 0.0, "dist": 0.8252712907028655}, "_child1": {"label": 6, "event": "S", "tstamp": 0.23318127816916107, "dist": 0.5920900125337045, "_child0": {"label": 21, "event": "S", "tstamp": 0.1921617598703374, "dist": 0.041019518298823665, "_child0": {"label": 22, "event": "S", "tstamp": 0.09541111420844338, "dist": 0.09675064566189402, "_child0": {"label": 24, "event": "S", "tstamp": 0.0, "dist": 0.09541111420844338}, "_child1": {"label": 25, "event": "S", "tstamp": 0.0, "dist": 0.09541111420844338}}, "_child1": {"label": 23, "event": "S", "tstamp": 0.0, "dist": 0.1921617598703374}}, "_child1": {"label": 20, "event": "S", "tstamp": 0.0, "dist": 0.23318127816916107}}, "_child2": {"label": 4, "event": "S", "tstamp": 0.584703617933097, "dist": 0.24056767276976854, "_child0": {"label": 9, "event": "S", "tstamp": 0.5688850884834817, "dist": 0.01581852944961526, "_child0": {"label": 10, "event": "S", "tstamp": 0.5075088163070978, "dist": 0.06137627217638397, "_child0": {"label": 13, "event": "S", "tstamp": 0.39324261828084583, "dist": 0.11426619802625193, "_child0": {"label": 17, "event": "S", "tstamp": 0.0, "dist": 0.39324261828084583}, "_child1": {"label": 16, "event": "S", "tstamp": 0.0, "dist": 0.39324261828084583}, "_child2": {"label": 14, "event": "S", "tstamp": 0.3701807508476269, "dist": 0.02306186743321892, "_child0": {"label": 18, "event": "S", "tstamp": 0.0, "dist": 0.3701807508476269}, "_child1": {"label": 19, "event": "S", "tstamp": 0.0, "dist": 0.3701807508476269}}}, "_child1": {"label": 12, "event": "S", "tstamp": 0.0, "dist": 0.5075088163070978}}, "_child1": {"label": 11, "event": "S", "tstamp": 0.0, "dist": 0.5688850884834817}}, "_child1": {"label": 8, "event": "S", "tstamp": 0.0, "dist": 0.584703617933097}}}, "_child1": {"label": 2, "event": "S", "tstamp": 0.0, "dist": 0.8512871545321543}}}