{"label": 0, "event": null, "tstamp": 1.0, "dist": 0.0, "_child0": {"label": 1, "event": "S", "tstamp": 0.9305503733575284, "dist": 0.06944962664247156, "_child0": {"label": 4, "event": "S", "tstamp": 0.0, "dist": 0.9305503733575284}, "_child1": {"label": 5, "event": "S", "tstamp": 0.6328061372691713, "dist": 0.2977442360883571, "_child0": {"label": 9, "event": "S", "tstamp": 0.0, "dist": 0.6328061372691713}, "_child1": {"label": 8, "event": "S", "tstamp": 0.0, "dist": 0.6328061372691713}, "_child2": {"label": 6, "event": "S", "tstamp": 0.0, "dist": 0.6328061372691713}}, "_child2": {"label": 3, "event": "S", "tstamp": 0.0, "dist": 0.9305503733575284}}}