{"label": 0, "event": null, "tstamp": 1.0, "dist": 0.0, "_child0": {"label": 1, "event": "S", "tstamp": 0.813163125155718, "dist": 0.18683687484428202, "_child0": {"label": 2, "event": "S", "tstamp": 0.38898215342808945, "dist": 0.42418097172762853, "_child0": {"label": 4, "event": "S", "tstamp": 0.3848607946277414, "dist": 0.0041213588003480295, "_child0": {"label": 6, "event": "S", "tstamp": 0.21092820466036213, "dist": 0.1739325899673793, "_child0": {"label": 14, "event": "S", "tstamp": 0.0, "dist": 0.21092820466036213}, "_child1": {"label": 15, "event": "S", "tstamp": 0.060365714521895604, "dist": 0.15056249013846654, "_child0": {"label": 16, "event": "S", "tstamp": 0.0, "dist": 0.060365714521895604}, "_child1": {"label": 17, "event": "S", "tstamp": 0.0, "dist": 0.060365714521895604}}, "_child2": {"label": 12, "event": "S", "tstamp": 0.0, "dist": 0.21092820466036213}}, "_child1": {"label": 7, "event": "S", "tstamp": 0.0, "dist": 0.3848607946277414}}, "_child1": {"label": 5, "event": "S", "tstamp": 0.3816898406526404, "dist": 0.007292312775449061, "_child0": {"label": 11, "event": "S", "tstamp": 0.0, "dist": 0.3816898406526404}, "_child1": {"label": 10, "event": "S", "tstamp": 0.0, "dist": 0.3816898406526404}, "_child2": {"label": 8, "event": "S", "tstamp": 0.03603602181313645, "dist": 0.34565381883950397, "_child0": {"label": 18, "event": "S", "tstamp": 0.0, "dist": 0.03603602181313645}, "_child1": {"label": 19, "event": "S", "tstamp": 0.0, "dist": 0.03603602181313645}}}}, "_child1": {"label": 3, "event": "S", "tstamp": 0.0, "dist": 0.813163125155718}}}