{"label": 1, "event": "S", "reconc": 1, "tstamp": 0.8806261554318864, "transferred": 0, "dist": 0.0, "_child0": {"label": 6, "event": "D", "reconc": [1, 16], "tstamp": 0.8476244776024526, "transferred": 0, "dist": 0.030270522723108064, "_child0": {"label": 28, "event": "S", "reconc": 16, "tstamp": 0.11789157053813684, "transferred": 0, "dist": 1.6010225088441028, "_child0": {"label": 53, "event": "S", "reconc": 21, "tstamp": 0.04472478469301465, "transferred": 0, "dist": 0.054066218878026824, "_child0": {"label": 63, "event": "S", "reconc": 22, "tstamp": 0.0, "transferred": 0, "dist": 0.04672520724452629}, "_child1": {"label": 64, "event": "S", "reconc": 23, "tstamp": 0.0, "transferred": 0, "dist": 0.04602414195902377}}, "_child1": {"label": 54, "event": "S", "reconc": 20, "tstamp": 0.0, "transferred": 0, "dist": 0.13885844678423215}}, "_child1": {"label": 10, "event": "S", "reconc": 16, "tstamp": 0.11789157053813684, "transferred": 0, "dist": 0.6693416213338355, "_child0": {"label": 51, "event": "S", "reconc": 21, "tstamp": 0.04472478469301465, "transferred": 0, "dist": 0.050232682730924204, "_child0": {"label": 61, "event": "S", "reconc": 22, "tstamp": 0.0, "transferred": 0, "dist": 0.02936144178583496}, "_child1": {"label": 62, "event": "S", "reconc": 23, "tstamp": 0.0, "transferred": 0, "dist": 0.02878717873238545}}, "_child1": {"label": 52, "event": "S", "reconc": 20, "tstamp": 0.0, "transferred": 0, "dist": 0.08290784191647685}}}, "_child1": {"label": 22, "event": "S", "reconc": 17, "tstamp": 0.16578161735025695, "transferred": 0, "dist": 0.8981971893861863, "_child0": {"label": 46, "event": "S", "reconc": 25, "tstamp": 0.0, "transferred": 0, "dist": 0.2893190536605753}, "_child1": {"label": 47, "event": "S", "reconc": 24, "tstamp": 0.0, "transferred": 0, "dist": 0.25323782043833565}, "_child2": {"label": 48, "event": "S", "reconc": 19, "tstamp": 0.0, "transferred": 0, "dist": 0.2056263582499583}}, "_child2": {"label": 5, "event": "D", "reconc": [1, 8], "tstamp": 0.6928020708000105, "transferred": 0, "dist": 0.17902412973497994, "_child0": {"label": 15, "event": "H", "reconc": [1, 8], "tstamp": 0.5014230359726074, "transferred": 0, "dist": 0.18241252300867977, "_child0": {"label": 26, "event": "S", "reconc": 8, "tstamp": 0.4307243679882771, "transferred": 0, "dist": 0.06738628613110792, "_child0": {"label": 36, "event": "S", "reconc": 14, "tstamp": 0.0, "transferred": 0, "dist": 0.30730005768387725}, "_child1": {"label": 37, "event": "S", "reconc": 15, "tstamp": 0.0, "transferred": 0, "dist": 0.3448045135618418}}, "_child1": {"label": 27, "event": "D", "reconc": [1, 12], "tstamp": 0.2736060782692304, "transferred": 1, "dist": 0.24457066131072552, "_child0": {"label": 43, "event": "D", "reconc": [1, 12], "tstamp": 0.1448762294616523, "transferred": 0, "dist": 0.13571908298030466, "_child0": {"label": 49, "event": "S", "reconc": 12, "tstamp": 0.0, "transferred": 0, "dist": 0.1527421121854231}, "_child1": {"label": 50, "event": "S", "reconc": 12, "tstamp": 0.0, "transferred": 0, "dist": 0.1527421121854231}}, "_child1": {"label": 42, "event": "S", "reconc": 12, "tstamp": 0.0, "transferred": 0, "dist": 0.8957084493724051}}}, "_child1": {"label": 32, "event": "D", "reconc": [8, 14], "tstamp": 0.09557918719751256, "transferred": 0, "dist": 1.3952054229554236, "_child0": {"label": 59, "event": "S", "reconc": 14, "tstamp": 0.0, "transferred": 0, "dist": 0.2369913598890574}, "_child1": {"label": 60, "event": "S", "reconc": 14, "tstamp": 0.0, "transferred": 0, "dist": 0.07990662466682193}}}, "_child3": {"label": 17, "event": "D", "reconc": [1, 16], "tstamp": 0.19720885679767067, "transferred": 1, "dist": 1.382817951112629, "_child0": {"label": 44, "event": "S", "reconc": 16, "tstamp": 0.11789157053813684, "transferred": 0, "dist": 0.2006655690573958, "_child0": {"label": 55, "event": "S", "reconc": 21, "tstamp": 0.04472478469301465, "transferred": 0, "dist": 0.10188426982519808, "_child0": {"label": 65, "event": "S", "reconc": 22, "tstamp": 0.0, "transferred": 0, "dist": 0.038387006650335315}, "_child1": {"label": 66, "event": "S", "reconc": 23, "tstamp": 0.0, "transferred": 0, "dist": 0.028787224906572685}}, "_child1": {"label": 56, "event": "S", "reconc": 20, "tstamp": 0.0, "transferred": 0, "dist": 0.09217414160831752}}, "_child1": {"label": 45, "event": "S", "reconc": 16, "tstamp": 0.11789157053813684, "transferred": 0, "dist": 0.17326739841377675, "_child0": {"label": 67, "event": "S", "reconc": 22, "tstamp": 0.0, "transferred": 0, "dist": 0.1428135462433184}, "_child1": {"label": 58, "event": "S", "reconc": 20, "tstamp": 0.0, "transferred": 0, "dist": 0.23178399254390725}}}, "_child4": {"label": 34, "event": "D", "reconc": [8, 14], "tstamp": 0.33288179970379433, "transferred": 1, "dist": 0.8937201663048905, "_child0": {"label": 40, "event": "S", "reconc": 14, "tstamp": 0.0, "transferred": 0, "dist": 0.29160295920210993}, "_child1": {"label": 41, "event": "S", "reconc": 14, "tstamp": 0.0, "transferred": 0, "dist": 0.5880389568028157}}, "_child5": {"label": 39, "event": "S", "reconc": 9, "tstamp": 0.0, "transferred": 0, "dist": 0.7495290570626664}, "_child6": {"label": 2, "event": "S", "reconc": 5, "tstamp": 0.0, "transferred": 0, "dist": 1.2618054254483344}}