{"label": 1, "event": "S", "reconc": 1, "tstamp": 0.9971225748619625, "transferred": 0, "dist": 0.0, "_child0": {"label": 2, "event": "S", "reconc": 2, "tstamp": 0.7859990485359523, "transferred": 0, "dist": 0.22132671918754687, "_child0": {"label": 4, "event": "S", "reconc": 4, "tstamp": 0.6046420614894704, "transferred": 0, "dist": 0.17105781250824442, "_child0": {"label": 6, "event": "H", "reconc": [4, 6], "tstamp": 0.48894094377956965, "transferred": 0, "dist": 0.09071514197970725, "_child0": {"label": 11, "event": "S", "reconc": 6, "tstamp": 0.0, "transferred": 0, "dist": 0.383352797384949}, "_child1": {"label": 12, "event": "S", "reconc": 8, "tstamp": 0.0, "transferred": 1, "dist": 1.4876327172836057}}, "_child1": {"label": 7, "event": "S", "reconc": 7, "tstamp": 0.0, "transferred": 0, "dist": 0.40386314715041427}}, "_child1": {"label": 5, "event": "S", "reconc": 5, "tstamp": 0.3524889831645183, "transferred": 0, "dist": 0.5646380948995435, "_child0": {"label": 13, "event": "S", "reconc": 13, "tstamp": 0.3342217936162538, "transferred": 0, "dist": 0.02739136740691516, "_child0": {"label": 16, "event": "D", "reconc": [13, 15], "tstamp": 0.288476547007747, "transferred": 0, "dist": 0.07527238797960613, "_child0": {"label": 21, "event": "S", "reconc": 15, "tstamp": 0.0, "transferred": 0, "dist": 2.9049257721316724}, "_child1": {"label": 22, "event": "S", "reconc": 15, "tstamp": 0.0, "transferred": 0, "dist": 0.47467923290955016}}, "_child1": {"label": 15, "event": "S", "reconc": 14, "tstamp": 0.0, "transferred": 0, "dist": 0.42160969339254345}}, "_child1": {"label": 14, "event": "S", "reconc": 12, "tstamp": 0.0, "transferred": 0, "dist": 0.5046281617683636}}}, "_child1": {"label": 3, "event": "S", "reconc": 3, "tstamp": 0.597863690183728, "transferred": 0, "dist": 0.3589681584798407, "_child0": {"label": 10, "event": "D", "reconc": [3, 8], "tstamp": 0.3323535834099734, "transferred": 0, "dist": 0.19799363430901484, "_child0": {"label": 18, "event": "D", "reconc": [3, 8], "tstamp": 0.18679458864464185, "transferred": 0, "dist": 0.11416163699061421, "_child0": {"label": 25, "event": "D", "reconc": [3, 8], "tstamp": 0.13771783571168011, "transferred": 0, "dist": 0.04832732399004097, "_child0": {"label": 27, "event": "S", "reconc": 8, "tstamp": 0.0, "transferred": 0, "dist": 0.4675091632964481}, "_child1": {"label": 28, "event": "S", "reconc": 8, "tstamp": 0.0, "transferred": 0, "dist": 0.21185499291059864}}, "_child1": {"label": 26, "event": "S", "reconc": 8, "tstamp": 0.0, "transferred": 0, "dist": 0.5240271339261953}}, "_child1": {"label": 29, "event": "S", "reconc": 8, "tstamp": 0.0, "transferred": 0, "dist": 0.24961997148421966}}, "_child1": {"label": 9, "event": "D", "reconc": [3, 10], "tstamp": 0.33010096353307405, "transferred": 0, "dist": 0.1618964368973441, "_child0": {"label": 19, "event": "S", "reconc": 10, "tstamp": 0.0, "transferred": 0, "dist": 0.1995877861003037}, "_child1": {"label": 20, "event": "S", "reconc": 10, "tstamp": 0.0, "transferred": 0, "dist": 0.2816064441107267}}, "_child2": {"label": 8, "event": "D", "reconc": [3, 11], "tstamp": 0.2414328036691561, "transferred": 0, "dist": 0.4041995532699996, "_child0": {"label": 23, "event": "S", "reconc": 11, "tstamp": 0.0, "transferred": 0, "dist": 0.27378949210061454}, "_child1": {"label": 24, "event": "S", "reconc": 11, "tstamp": 0.0, "transferred": 0, "dist": 0.27378949210061454}}}}