{"label": 0, "event": null, "tstamp": 1.0, "dist": 0.0, "_child0": {"label": 1, "event": "S", "tstamp": 0.6027583985366687, "dist": 0.3972416014633313, "_child0": {"label": 3, "event": "S", "tstamp": 0.5637270604876603, "dist": 0.03903133804900838, "_child0": {"label": 5, "event": "S", "tstamp": 0.5454094601563501, "dist": 0.018317600331310246, "_child0": {"label": 7, "event": "S", "tstamp": 0.4697148266821379, "dist": 0.07569463347421218, "_child0": {"label": 9, "event": "S", "tstamp": 0.40186927769818354, "dist": 0.06784554898395434, "_child0": {"label": 11, "event": "S", "tstamp": 0.33814207546162645, "dist": 0.06372720223655709, "_child0": {"label": 13, "event": "S", "tstamp": 0.30798628766500497, "dist": 0.03015578779662148, "_child0": {"label": 14, "event": "S", "tstamp": 0.0, "dist": 0.30798628766500497}, "_child1": {"label": 15, "event": "S", "tstamp": 0.0, "dist": 0.30798628766500497}}, "_child1": {"label": 12, "event": "S", "tstamp": 0.0, "dist": 0.33814207546162645}}, "_child1": {"label": 10, "event": "S", "tstamp": 0.0, "dist": 0.40186927769818354}}, "_child1": {"label": 8, "event": "S", "tstamp": 0.0, "dist": 0.4697148266821379}}, "_child1": {"label": 6, "event": "S", "tstamp": 0.0, "dist": 0.5454094601563501}}, "_child1": {"label": 4, "event": "S", "tstamp": 0.0, "dist": 0.5637270604876603}}, "_child1": {"label": 2, "event": "S", "tstamp": 0.0, "dist": 0.6027583985366687}}}