{"label": 0, "event": null, "tstamp": 1.0, "dist": 0.0, "_child0": {"label": 1, "event": "S", "tstamp": 0.7406139571930277, "dist": 0.2593860428069723, "_child0": {"label": 3, "event": "S", "tstamp": 0.7149963886781893, "dist": 0.02561756851483843, "_child0": {"label": 5, "event": "S", "tstamp": 0.6869332669091973, "dist": 0.02806312176899195, "_child0": {"label": 6, "event": "S", "tstamp": 0.11963696141570385, "dist": 0.5672963054934934, "_child0": {"label": 14, "event": "S", "tstamp": 0.0, "dist": 0.11963696141570385}, "_child1": {"label": 15, "event": "S", "tstamp": 0.0, "dist": 0.11963696141570385}}, "_child1": {"label": 7, "event": "S", "tstamp": 0.0, "dist": 0.6869332669091973}}, "_child1": {"label": 4, "event": "S", "tstamp": 0.0, "dist": 0.7149963886781893}}, "_child1": {"label": 2, "event": "S", "tstamp": 0.5176359641569533, "dist": 0.22297799303607435, "_child0": {"label": 9, "event": "S", "tstamp": 0.24289363651326223, "dist": 0.2747423276436911, "_child0": {"label": 11, "event": "S", "tstamp": 0.19865636076640758, "dist": 0.044237275746854654, "_child0": {"label": 12, "event": "S", "tstamp": 0.0, "dist": 0.19865636076640758}, "_child1": {"label": 13, "event": "S", "tstamp": 0.0, "dist": 0.19865636076640758}}, "_child1": {"label": 10, "event": "S", "tstamp": 0.0, "dist": 0.24289363651326223}}, "_child1": {"label": 8, "event": "S", "tstamp": 0.0, "dist": 0.5176359641569533}}}}