{"label": 0, "event": null, "tstamp": 1.0, "dist": 0.0, "_child0": {"label": 1, "event": "S", "tstamp": 0.9286325203247646, "dist": 0.07136747967523538, "_child0": {"label": 2, "event": "S", "tstamp": 0.8935789757718939, "dist": 0.035053544552870686, "_child0": {"label": 5, "event": "S", "tstamp": 0.6523056207151045, "dist": 0.24127335505678948, "_child0": {"label": 11, "event": "S", "tstamp": 0.23398261055043051, "dist": 0.41832301016467394, "_child0": {"label": 12, "event": "S", "tstamp": 0.0, "dist": 0.23398261055043051}, "_child1": {"label": 13, "event": "S", "tstamp": 0.0, "dist": 0.23398261055043051}}, "_child1": {"label": 10, "event": "S", "tstamp": 0.0, "dist": 0.6523056207151045}}, "_child1": {"label": 4, "event": "S", "tstamp": 0.0, "dist": 0.8935789757718939}}, "_child1": {"label": 3, "event": "S", "tstamp": 0.8795366152100156, "dist": 0.04909590511474904, "_child0": {"label": 9, "event": "S", "tstamp": 0.0, "dist": 0.8795366152100156}, "_child1": {"label": 14, "event": "S", "tstamp": 0.0, "dist": 0.8795366152100156}, "_child2": {"label": 15, "event": "S", "tstamp": 0.11269738448212971, "dist": 0.7668392307278858, "_child0": {"label": 17, "event": "S", "tstamp": 0.01099678877706743, "dist": 0.10170059570506228, "_child0": {"label": 18, "event": "S", "tstamp": 0.0, "dist": 0.01099678877706743}, "_child1": {"label": 19, "event": "S", "tstamp": 0.0, "dist": 0.01099678877706743}}, "_child1": {"label": 16, "event": "S", "tstamp": 0.0, "dist": 0.11269738448212971}}, "_child3": {"label": 6, "event": "S", "tstamp": 0.0, "dist": 0.8795366152100156}}}}