{"label": 1, "event": "S", "reconc": 1, "tstamp": 0.8515000972206137, "transferred": 0, "dist": 0.0, "_child0": {"label": 10, "event": "D", "reconc": [2, 5], "tstamp": 0.40623891177325133, "transferred": 0, "dist": 0.45934987728277454, "_child0": {"label": 26, "event": "S", "reconc": 5, "tstamp": 0.0, "transferred": 0, "dist": 0.7755342961523944}, "_child1": {"label": 27, "event": "S", "reconc": 5, "tstamp": 0.0, "transferred": 0, "dist": 0.9126726116425876}}, "_child1": {"label": 4, "event": "S", "reconc": 7, "tstamp": 0.6829034139584047, "transferred": 0, "dist": 0.15541491580080885, "_child0": {"label": 12, "event": "D", "reconc": [7, 8], "tstamp": 0.6391633850341312, "transferred": 0, "dist": 0.03704294384013333, "_child0": {"label": 21, "event": "D", "reconc": [7, 8], "tstamp": 0.40218281211750984, "transferred": 0, "dist": 0.21345453749419238, "_child0": {"label": 28, "event": "H", "reconc": [7, 8], "tstamp": 0.29187757677801857, "transferred": 0, "dist": 0.38473948908435107, "_child0": {"label": 31, "event": "S", "reconc": 15, "tstamp": 0.27256268628007074, "transferred": 1, "dist": 0.01521249213449885, "_child0": {"label": 35, "event": "D", "reconc": [15, 16], "tstamp": 0.2212524708938987, "transferred": 0, "dist": 0.04197142200012931, "_child0": {"label": 37, "event": "D", "reconc": [15, 16], "tstamp": 0.20854433870036473, "transferred": 0, "dist": 0.0077571520490901415, "_child0": {"label": 38, "event": "S", "reconc": 16, "tstamp": 0.0, "transferred": 0, "dist": 0.15237755831865488}, "_child1": {"label": 39, "event": "S", "reconc": 16, "tstamp": 0.0, "transferred": 0, "dist": 0.1961192764393649}}, "_child1": {"label": 36, "event": "S", "reconc": 16, "tstamp": 0.0, "transferred": 0, "dist": 0.12510386886188396}}, "_child1": {"label": 34, "event": "S", "reconc": 17, "tstamp": 0.070508873959214, "transferred": 0, "dist": 0.4300861091345789, "_child0": {"label": 46, "event": "S", "reconc": 20, "tstamp": 0.03376164901708318, "transferred": 0, "dist": 0.022729760624246458, "_child0": {"label": 50, "event": "S", "reconc": 23, "tstamp": 0.026548820523586862, "transferred": 0, "dist": 0.003329879877395644, "_child0": {"label": 54, "event": "S", "reconc": 25, "tstamp": 0.018916502494794894, "transferred": 0, "dist": 0.003601077110922765, "_child0": {"label": 58, "event": "S", "reconc": 26, "tstamp": 0.0, "transferred": 0, "dist": 0.010636872116068606}, "_child1": {"label": 59, "event": "S", "reconc": 27, "tstamp": 0.0, "transferred": 0, "dist": 0.024836976255287378}}, "_child1": {"label": 55, "event": "S", "reconc": 24, "tstamp": 0.0035509255526255524, "transferred": 0, "dist": 0.02968381436986614, "_child0": {"label": 64, "event": "S", "reconc": 28, "tstamp": 0.0, "transferred": 0, "dist": 0.013068390186862665}, "_child1": {"label": 65, "event": "S", "reconc": 29, "tstamp": 0.0, "transferred": 0, "dist": 0.002379163204343907}}}, "_child1": {"label": 51, "event": "S", "reconc": 22, "tstamp": 0.0, "transferred": 0, "dist": 0.03075734115523008}}, "_child1": {"label": 45, "event": "S", "reconc": 21, "tstamp": 0.0, "transferred": 0, "dist": 0.03853000209355701}, "_child2": {"label": 47, "event": "S", "reconc": 18, "tstamp": 0.0, "transferred": 0, "dist": 0.10458719992320546}}}, "_child1": {"label": 30, "event": "D", "reconc": [7, 8], "tstamp": 0.206266274268143, "transferred": 0, "dist": 0.2986082091762958, "_child0": {"label": 40, "event": "S", "reconc": 8, "tstamp": 0.0, "transferred": 0, "dist": 0.9033822285122476}, "_child1": {"label": 41, "event": "S", "reconc": 8, "tstamp": 0.0, "transferred": 0, "dist": 0.21128178969358138}}}, "_child1": {"label": 29, "event": "S", "reconc": 8, "tstamp": 0.0, "transferred": 0, "dist": 0.9158936336384974}}, "_child1": {"label": 13, "event": "S", "reconc": 8, "tstamp": 0.0, "transferred": 0, "dist": 3.0719924617458787}}, "_child1": {"label": 11, "event": "S", "reconc": 9, "tstamp": 0.5553741662232101, "transferred": 0, "dist": 0.10316271134859546, "_child0": {"label": 19, "event": "S", "reconc": 11, "tstamp": 0.4228717395629696, "transferred": 0, "dist": 0.10487728838804561, "_child0": {"label": 24, "event": "S", "reconc": 15, "tstamp": 0.27256268628007074, "transferred": 0, "dist": 0.11049109236682654, "_child0": {"label": 32, "event": "S", "reconc": 17, "tstamp": 0.070508873959214, "transferred": 0, "dist": 0.11523648691362025, "_child0": {"label": 43, "event": "S", "reconc": 20, "tstamp": 0.03376164901708318, "transferred": 0, "dist": 0.017444815873201534, "_child0": {"label": 48, "event": "S", "reconc": 23, "tstamp": 0.026548820523586862, "transferred": 0, "dist": 0.0033296361863735012, "_child0": {"label": 52, "event": "S", "reconc": 25, "tstamp": 0.018916502494794894, "transferred": 0, "dist": 0.0036008150877504036, "_child0": {"label": 56, "event": "S", "reconc": 26, "tstamp": 0.0, "transferred": 0, "dist": 0.008960443876878138}, "_child1": {"label": 57, "event": "S", "reconc": 27, "tstamp": 0.0, "transferred": 0, "dist": 0.009562508246655362}}, "_child1": {"label": 53, "event": "S", "reconc": 24, "tstamp": 0.0035509255526255524, "transferred": 0, "dist": 0.010967327491846243, "_child0": {"label": 62, "event": "S", "reconc": 28, "tstamp": 0.0, "transferred": 0, "dist": 0.001759638136994838}, "_child1": {"label": 63, "event": "S", "reconc": 29, "tstamp": 0.0, "transferred": 0, "dist": 0.0017583154653792602}}}, "_child1": {"label": 49, "event": "S", "reconc": 22, "tstamp": 0.0, "transferred": 0, "dist": 0.01577821892087537}}, "_child1": {"label": 42, "event": "S", "reconc": 21, "tstamp": 0.0, "transferred": 0, "dist": 0.03270886173756685}, "_child2": {"label": 44, "event": "S", "reconc": 18, "tstamp": 0.0, "transferred": 0, "dist": 0.033016921232366984}}, "_child1": {"label": 33, "event": "S", "reconc": 16, "tstamp": 0.0, "transferred": 0, "dist": 0.1541159932025732}}, "_child1": {"label": 23, "event": "D", "reconc": [11, 14], "tstamp": 0.018743880802061977, "transferred": 0, "dist": 0.3594580286531721, "_child0": {"label": 60, "event": "S", "reconc": 14, "tstamp": 0.0, "transferred": 0, "dist": 0.016672046473305363}, "_child1": {"label": 61, "event": "S", "reconc": 14, "tstamp": 0.0, "transferred": 0, "dist": 0.0903482091126968}}, "_child2": {"label": 25, "event": "S", "reconc": 12, "tstamp": 0.0, "transferred": 0, "dist": 0.42781152954628193}}, "_child1": {"label": 20, "event": "S", "reconc": 10, "tstamp": 0.0, "transferred": 0, "dist": 0.3939530802873084}}}, "_child2": {"label": 15, "event": "D", "reconc": [1, 6], "tstamp": 0.563325618941487, "transferred": 0, "dist": 0.25199401221425805, "_child0": {"label": 17, "event": "S", "reconc": 6, "tstamp": 0.0, "transferred": 0, "dist": 1.0445612241167765}, "_child1": {"label": 18, "event": "S", "reconc": 6, "tstamp": 0.0, "transferred": 0, "dist": 1.7640105059438609}}}