{"label": 1, "event": "S", "reconc": 1, "tstamp": 0.9566931989014007, "transferred": 0, "dist": 0.0, "_child0": {"label": 2, "event": "D", "reconc": [1, 3], "tstamp": 0.7448663815425376, "transferred": 0, "dist": 0.17135246661389256, "_child0": {"label": 4, "event": "S", "reconc": 3, "tstamp": 0.6924141041680801, "transferred": 0, "dist": 0.04243007197904865, "_child0": {"label": 11, "event": "D", "reconc": [5, 7], "tstamp": 0.28202336981192067, "transferred": 0, "dist": 0.3217563457178431, "_child0": {"label": 29, "event": "S", "reconc": 7, "tstamp": 0.0, "transferred": 0, "dist": 0.7490221451092219}, "_child1": {"label": 30, "event": "S", "reconc": 7, "tstamp": 0.0, "transferred": 0, "dist": 0.22394535380787808}}, "_child1": {"label": 7, "event": "S", "reconc": 4, "tstamp": 0.43322800586709587, "transferred": 0, "dist": 0.21420111183794313, "_child0": {"label": 19, "event": "S", "reconc": 11, "tstamp": 0.2717331059727562, "transferred": 0, "dist": 0.14813955375344537, "_child0": {"label": 31, "event": "D", "reconc": [11, 12], "tstamp": 0.2446555043651241, "transferred": 0, "dist": 0.02556951190488764, "_child0": {"label": 37, "event": "S", "reconc": 12, "tstamp": 0.0, "transferred": 0, "dist": 0.7991940760341366}, "_child1": {"label": 38, "event": "S", "reconc": 12, "tstamp": 0.0, "transferred": 0, "dist": 0.664381417978301}}, "_child1": {"label": 32, "event": "S", "reconc": 13, "tstamp": 0.0, "transferred": 0, "dist": 0.22382403919802227}}, "_child1": {"label": 20, "event": "S", "reconc": 10, "tstamp": 0.0, "transferred": 0, "dist": 0.46062071964304363}}}, "_child1": {"label": 5, "event": "S", "reconc": 3, "tstamp": 0.6924141041680801, "transferred": 0, "dist": 0.04243007197904865, "_child0": {"label": 8, "event": "S", "reconc": 5, "tstamp": 0.6468116605076241, "transferred": 0, "dist": 0.03209012805899939, "_child0": {"label": 14, "event": "D", "reconc": [5, 7], "tstamp": 0.4291424606777371, "transferred": 0, "dist": 0.18748178967782791, "_child0": {"label": 23, "event": "D", "reconc": [5, 7], "tstamp": 0.12377627079614029, "transferred": 0, "dist": 0.34381617678615617, "_child0": {"label": 40, "event": "D", "reconc": [5, 7], "tstamp": 0.10315337958736012, "transferred": 0, "dist": 0.018472533189294534, "_child0": {"label": 42, "event": "D", "reconc": [5, 7], "tstamp": 0.07037451086510309, "transferred": 0, "dist": 0.06016041695351684, "_child0": {"label": 43, "event": "S", "reconc": 7, "tstamp": 0.0, "transferred": 0, "dist": 0.17836613000304652}, "_child1": {"label": 44, "event": "S", "reconc": 7, "tstamp": 0.0, "transferred": 0, "dist": 0.2595905234779649}}, "_child1": {"label": 41, "event": "S", "reconc": 7, "tstamp": 0.0, "transferred": 0, "dist": 0.19172998411241746}}, "_child1": {"label": 39, "event": "S", "reconc": 7, "tstamp": 0.0, "transferred": 0, "dist": 0.1464429616282378}}, "_child1": {"label": 24, "event": "H", "reconc": [5, 7], "tstamp": 0.0217260881806748, "transferred": 0, "dist": 0.7993614856995918, "_child0": {"label": 45, "event": "S", "reconc": 7, "tstamp": 0.0, "transferred": 0, "dist": 0.04262714829083059}, "_child1": {"label": 46, "event": "S", "reconc": 10, "tstamp": 0.0, "transferred": 1, "dist": 0.023220285233723284}}}, "_child1": {"label": 12, "event": "S", "reconc": 6, "tstamp": 0.0, "transferred": 0, "dist": 0.36461138186726255}}, "_child1": {"label": 9, "event": "S", "reconc": 4, "tstamp": 0.43322800586709587, "transferred": 0, "dist": 0.21420111183794313, "_child0": {"label": 21, "event": "D", "reconc": [4, 11], "tstamp": 0.384614415941894, "transferred": 0, "dist": 0.04459333095091014, "_child0": {"label": 27, "event": "S", "reconc": 11, "tstamp": 0.2717331059727562, "transferred": 0, "dist": 0.10354622280253521, "_child0": {"label": 33, "event": "S", "reconc": 12, "tstamp": 0.0, "transferred": 0, "dist": 0.25659890372875926}, "_child1": {"label": 34, "event": "S", "reconc": 13, "tstamp": 0.0, "transferred": 0, "dist": 0.22382403919802227}}, "_child1": {"label": 35, "event": "S", "reconc": 12, "tstamp": 0.0, "transferred": 0, "dist": 1.15163267798052}}, "_child1": {"label": 22, "event": "S", "reconc": 10, "tstamp": 0.0, "transferred": 0, "dist": 0.46062071964304363}}}}, "_child1": {"label": 3, "event": "S", "reconc": 2, "tstamp": 0.5194005498140587, "transferred": 0, "dist": 0.30604986772216586, "_child0": {"label": 16, "event": "D", "reconc": [2, 15], "tstamp": 0.4200909495756809, "transferred": 0, "dist": 0.05081202958600657, "_child0": {"label": 25, "event": "S", "reconc": 15, "tstamp": 0.0, "transferred": 0, "dist": 0.21494068758122076}, "_child1": {"label": 26, "event": "S", "reconc": 15, "tstamp": 0.0, "transferred": 0, "dist": 1.2108122910140224}}, "_child1": {"label": 18, "event": "S", "reconc": 9, "tstamp": 0.0, "transferred": 0, "dist": 0.303218386881074}}}