{"label": 1, "event": "S", "reconc": 1, "tstamp": 0.8354840546990301, "transferred": 0, "dist": 0.0, "_child0": {"label": 16, "event": "H", "reconc": [1, 2], "tstamp": 0.20425218392860855, "transferred": 0, "dist": 2.14158412531419, "_child0": {"label": 21, "event": "S", "reconc": 8, "tstamp": 0.0, "transferred": 1, "dist": 1.0701098636525535}, "_child1": {"label": 20, "event": "S", "reconc": 2, "tstamp": 0.0, "transferred": 0, "dist": 0.30106996612378445}}, "_child1": {"label": 2, "event": "S", "reconc": 3, "tstamp": 0.732078246955077, "transferred": 0, "dist": 0.10665376577886547, "_child0": {"label": 6, "event": "H", "reconc": [3, 5], "tstamp": 0.3312649521484924, "transferred": 0, "dist": 0.3345956071844515, "_child0": {"label": 10, "event": "S", "reconc": 5, "tstamp": 0.25071056148783927, "transferred": 0, "dist": 0.06724613580365688, "_child0": {"label": 12, "event": "S", "reconc": 6, "tstamp": 0.0, "transferred": 0, "dist": 0.19569420887451905}, "_child1": {"label": 13, "event": "S", "reconc": 7, "tstamp": 0.0, "transferred": 0, "dist": 0.18608725745527924}}, "_child1": {"label": 11, "event": "S", "reconc": 2, "tstamp": 0.0, "transferred": 1, "dist": 2.587321636388173}}, "_child1": {"label": 7, "event": "S", "reconc": 4, "tstamp": 0.24432922027660653, "transferred": 0, "dist": 0.6418666352938598, "_child0": {"label": 14, "event": "S", "reconc": 9, "tstamp": 0.21240888356927415, "transferred": 0, "dist": 0.05438549752837724, "_child0": {"label": 18, "event": "D", "reconc": [9, 10], "tstamp": 0.18839670931126928, "transferred": 0, "dist": 0.045156551075209314, "_child0": {"label": 22, "event": "S", "reconc": 10, "tstamp": 0.1257941695828088, "transferred": 0, "dist": 0.11780198174307878, "_child0": {"label": 26, "event": "S", "reconc": 13, "tstamp": 0.10782006876389126, "transferred": 0, "dist": 0.052164141453127505, "_child0": {"label": 31, "event": "H", "reconc": [13, 15], "tstamp": 0.07289931682394475, "transferred": 0, "dist": 0.07193272065129606, "_child0": {"label": 35, "event": "S", "reconc": 7, "tstamp": 0.0, "transferred": 1, "dist": 0.09556060532217957}, "_child1": {"label": 34, "event": "S", "reconc": 15, "tstamp": 0.0, "transferred": 0, "dist": 0.1491891708683433}}, "_child1": {"label": 30, "event": "S", "reconc": 14, "tstamp": 0.0, "transferred": 0, "dist": 0.2142129700656408}}, "_child1": {"label": 27, "event": "S", "reconc": 12, "tstamp": 0.0, "transferred": 0, "dist": 0.3624497585158955}}, "_child1": {"label": 23, "event": "S", "reconc": 10, "tstamp": 0.1257941695828088, "transferred": 0, "dist": 0.11772839695029472, "_child0": {"label": 32, "event": "H", "reconc": [13, 14], "tstamp": 0.06987176962351527, "transferred": 0, "dist": 0.1109040813319033, "_child0": {"label": 37, "event": "S", "reconc": 6, "tstamp": 0.0, "transferred": 1, "dist": 0.09413761710406024}, "_child1": {"label": 36, "event": "S", "reconc": 14, "tstamp": 0.0, "transferred": 0, "dist": 0.13881742566084054}}, "_child1": {"label": 29, "event": "S", "reconc": 12, "tstamp": 0.0, "transferred": 0, "dist": 0.252357748394669}}}, "_child1": {"label": 19, "event": "H", "reconc": [9, 11], "tstamp": 0.16822568336775598, "transferred": 0, "dist": 0.08418874061221175, "_child0": {"label": 24, "event": "S", "reconc": 11, "tstamp": 0.0, "transferred": 0, "dist": 0.3205451021375639}, "_child1": {"label": 25, "event": "S", "reconc": 8, "tstamp": 0.0, "transferred": 1, "dist": 0.25874386662593346}}}, "_child1": {"label": 15, "event": "S", "reconc": 8, "tstamp": 0.0, "transferred": 0, "dist": 0.37170666997007784}}}}