{"label": 1, "event": "S", "reconc": 1, "tstamp": 0.48744717342847366, "transferred": 0, "dist": 0.0, "_child0": {"label": 2, "event": "S", "reconc": 2, "tstamp": 0.25480053844032685, "transferred": 0, "dist": 0.31019880241465503, "_child0": {"label": 4, "event": "S", "reconc": 5, "tstamp": 0.20098427663896912, "transferred": 0, "dist": 0.06505783293931958, "_child0": {"label": 9, "event": "D", "reconc": [5, 6], "tstamp": 0.09890804829252188, "transferred": 0, "dist": 0.1100415837144852, "_child0": {"label": 10, "event": "D", "reconc": [5, 6], "tstamp": 0.02021953588983753, "transferred": 0, "dist": 0.08482884472905462, "_child0": {"label": 18, "event": "S", "reconc": 6, "tstamp": 0.0, "transferred": 0, "dist": 0.02567561865216314}, "_child1": {"label": 19, "event": "S", "reconc": 6, "tstamp": 0.0, "transferred": 0, "dist": 0.021797335063536715}}, "_child1": {"label": 11, "event": "S", "reconc": 6, "tstamp": 0.0, "transferred": 0, "dist": 0.10662617979259134}}, "_child1": {"label": 8, "event": "D", "reconc": [5, 7], "tstamp": 0.043366917815463375, "transferred": 0, "dist": 0.1772634500176053, "_child0": {"label": 12, "event": "S", "reconc": 7, "tstamp": 0.024399075121725775, "transferred": 0, "dist": 0.02172718981713432, "_child0": {"label": 14, "event": "S", "reconc": 8, "tstamp": 0.0, "transferred": 0, "dist": 0.0319399825725986}, "_child1": {"label": 15, "event": "S", "reconc": 9, "tstamp": 0.0, "transferred": 0, "dist": 0.09308583893317858}}, "_child1": {"label": 13, "event": "S", "reconc": 7, "tstamp": 0.024399075121725775, "transferred": 0, "dist": 0.04049575866570342, "_child0": {"label": 16, "event": "S", "reconc": 8, "tstamp": 0.0, "transferred": 0, "dist": 0.05310436767245556}, "_child1": {"label": 17, "event": "S", "reconc": 9, "tstamp": 0.0, "transferred": 0, "dist": 0.08594813672864933}}}}, "_child1": {"label": 5, "event": "S", "reconc": 4, "tstamp": 0.0, "transferred": 0, "dist": 0.34822937029386525}}, "_child1": {"label": 3, "event": "H", "reconc": [1, 3], "tstamp": 0.23161463864291493, "transferred": 0, "dist": 0.3922730503200679, "_child0": {"label": 7, "event": "S", "reconc": 4, "tstamp": 0.0, "transferred": 1, "dist": 1.3403678836445154}, "_child1": {"label": 6, "event": "S", "reconc": 3, "tstamp": 0.0, "transferred": 0, "dist": 0.3551392745078065}}}