{"label": 2, "event": "S", "reconc": 3, "tstamp": 0.8760718132876986, "transferred": 0, "dist": 0.0, "_child0": {"label": 4, "event": "S", "reconc": 5, "tstamp": 0.6409137412925311, "transferred": 0, "dist": 0.3892216828953681, "_child0": {"label": 6, "event": "S", "reconc": 7, "tstamp": 0.24315761006563558, "transferred": 0, "dist": 0.6373962548725981, "_child0": {"label": 25, "event": "H", "reconc": [7, 22], "tstamp": 0.13853558116563802, "transferred": 0, "dist": 0.15693019027318095, "_child0": {"label": 32, "event": "D", "reconc": [7, 22], "tstamp": 0.07113843389019361, "transferred": 0, "dist": 0.10109388297100151, "_child0": {"label": 40, "event": "D", "reconc": [7, 22], "tstamp": 0.04182699777569919, "transferred": 0, "dist": 0.04396635483932873, "_child0": {"label": 46, "event": "S", "reconc": 22, "tstamp": 0.0, "transferred": 0, "dist": 0.2538191434704444}, "_child1": {"label": 47, "event": "S", "reconc": 22, "tstamp": 0.0, "transferred": 0, "dist": 0.06273935602769164}}, "_child1": {"label": 41, "event": "S", "reconc": 22, "tstamp": 0.0, "transferred": 0, "dist": 0.10670571086702037}}, "_child1": {"label": 33, "event": "S", "reconc": 11, "tstamp": 0.0, "transferred": 1, "dist": 0.5752452446894677}}, "_child1": {"label": 24, "event": "H", "reconc": [7, 23], "tstamp": 0.11315614700883148, "transferred": 0, "dist": 0.22233334837343915, "_child0": {"label": 35, "event": "H", "reconc": [9, 11], "tstamp": 0.052876204136829766, "transferred": 1, "dist": 0.07872660777357178, "_child0": {"label": 43, "event": "S", "reconc": 20, "tstamp": 0.0, "transferred": 1, "dist": 0.0791465636083743}, "_child1": {"label": 42, "event": "S", "reconc": 11, "tstamp": 0.0, "transferred": 0, "dist": 0.06905720187019279}}, "_child1": {"label": 34, "event": "S", "reconc": 23, "tstamp": 0.0, "transferred": 0, "dist": 0.1935238609008398}}, "_child2": {"label": 26, "event": "H", "reconc": [7, 20], "tstamp": 0.036276785581691534, "transferred": 0, "dist": 0.25730510736676354, "_child0": {"label": 48, "event": "S", "reconc": 20, "tstamp": 0.0, "transferred": 0, "dist": 0.0451187403777126}, "_child1": {"label": 49, "event": "S", "reconc": 11, "tstamp": 0.0, "transferred": 1, "dist": 0.19703529702823078}}}, "_child1": {"label": 7, "event": "S", "reconc": 6, "tstamp": 0.0, "transferred": 0, "dist": 1.1195921275464409}}, "_child1": {"label": 5, "event": "S", "reconc": 4, "tstamp": 0.5281120183182048, "transferred": 0, "dist": 0.4621106935862427, "_child0": {"label": 11, "event": "H", "reconc": [9, 10], "tstamp": 0.08330468472802531, "transferred": 0, "dist": 0.4306055927893039, "_child0": {"label": 36, "event": "S", "reconc": 10, "tstamp": 0.0, "transferred": 0, "dist": 0.08033398414561428}, "_child1": {"label": 37, "event": "S", "reconc": 25, "tstamp": 0.0, "transferred": 1, "dist": 0.058434244377514356}}, "_child1": {"label": 10, "event": "S", "reconc": 13, "tstamp": 0.46467648434828723, "transferred": 0, "dist": 0.07776654082347226, "_child0": {"label": 13, "event": "S", "reconc": 15, "tstamp": 0.42825260358873757, "transferred": 0, "dist": 0.05073162561903646, "_child0": {"label": 19, "event": "H", "reconc": [15, 16], "tstamp": 0.32136362627678783, "transferred": 0, "dist": 0.164709027725182, "_child0": {"label": 20, "event": "H", "reconc": [15, 16], "tstamp": 0.027802918450848813, "transferred": 0, "dist": 0.4523581381381696, "_child0": {"label": 51, "event": "S", "reconc": 18, "tstamp": 0.0, "transferred": 1, "dist": 0.04804920093368919}, "_child1": {"label": 50, "event": "S", "reconc": 16, "tstamp": 0.0, "transferred": 0, "dist": 0.04284250613229391}}, "_child1": {"label": 21, "event": "S", "reconc": 18, "tstamp": 0.0, "transferred": 1, "dist": 2.1539028096601998}}, "_child1": {"label": 18, "event": "H", "reconc": [15, 18], "tstamp": 0.20549588319736276, "transferred": 0, "dist": 0.38292544885252733, "_child0": {"label": 31, "event": "S", "reconc": 11, "tstamp": 0.0, "transferred": 1, "dist": 0.2512379016331337}, "_child1": {"label": 30, "event": "S", "reconc": 18, "tstamp": 0.0, "transferred": 0, "dist": 0.3532535546960923}}, "_child2": {"label": 17, "event": "S", "reconc": 19, "tstamp": 0.0, "transferred": 0, "dist": 0.5882008822331065}}, "_child1": {"label": 14, "event": "S", "reconc": 14, "tstamp": 0.0, "transferred": 0, "dist": 0.6083241334984482}}, "_child2": {"label": 9, "event": "H", "reconc": [4, 12], "tstamp": 0.455046761175663, "transferred": 0, "dist": 0.07609918261325738, "_child0": {"label": 15, "event": "H", "reconc": [4, 12], "tstamp": 0.28051704006639694, "transferred": 0, "dist": 0.18177680661855655, "_child0": {"label": 22, "event": "S", "reconc": 12, "tstamp": 0.0, "transferred": 0, "dist": 0.29216509039990723}, "_child1": {"label": 23, "event": "S", "reconc": 16, "tstamp": 0.0, "transferred": 1, "dist": 0.5640294510630717}}, "_child1": {"label": 16, "event": "S", "reconc": 7, "tstamp": 0.24315761006563558, "transferred": 1, "dist": 0.5682178735505965, "_child0": {"label": 29, "event": "D", "reconc": [7, 20], "tstamp": 0.07613095484045346, "transferred": 0, "dist": 0.21871559667433674, "_child0": {"label": 45, "event": "S", "reconc": 10, "tstamp": 0.0, "transferred": 1, "dist": 0.2806559280455725}, "_child1": {"label": 39, "event": "S", "reconc": 20, "tstamp": 0.0, "transferred": 0, "dist": 0.09551570007139114}}, "_child1": {"label": 27, "event": "S", "reconc": 23, "tstamp": 0.0, "transferred": 0, "dist": 1.4582375486528596}, "_child2": {"label": 28, "event": "S", "reconc": 22, "tstamp": 0.0, "transferred": 0, "dist": 0.36518690656558744}}}}}