{"label": 0, "event": null, "tstamp": 1.0, "dist": 0.0, "_child0": {"label": 1, "event": "S", "tstamp": 0.9027783163529272, "dist": 0.09722168364707284, "_child0": {"label": 2, "event": "S", "tstamp": 0.8403347001553775, "dist": 0.06244361619754968, "_child0": {"label": 4, "event": "S", "tstamp": 0.0, "dist": 0.8403347001553775}, "_child1": {"label": 5, "event": "S", "tstamp": 0.0, "dist": 0.8403347001553775}}, "_child1": {"label": 3, "event": "S", "tstamp": 0.5982955190625024, "dist": 0.3044827972904247, "_child0": {"label": 9, "event": "S", "tstamp": 0.0, "dist": 0.5982955190625024}, "_child1": {"label": 15, "event": "S", "tstamp": 0.0, "dist": 0.5982955190625024}, "_child2": {"label": 14, "event": "S", "tstamp": 0.0, "dist": 0.5982955190625024}, "_child3": {"label": 6, "event": "S", "tstamp": 0.15090183707119564, "dist": 0.4473936819913068, "_child0": {"label": 11, "event": "S", "tstamp": 0.09015166552784, "dist": 0.060750171543355644, "_child0": {"label": 12, "event": "S", "tstamp": 0.0, "dist": 0.09015166552784}, "_child1": {"label": 13, "event": "S", "tstamp": 0.0, "dist": 0.09015166552784}}, "_child1": {"label": 10, "event": "S", "tstamp": 0.0, "dist": 0.15090183707119564}}}}}