{"label": 0, "event": null, "tstamp": 1.0, "dist": 0.0, "_child0": {"label": 1, "event": "S", "tstamp": 0.9725398903488567, "dist": 0.027460109651143316, "_child0": {"label": 5, "event": "S", "tstamp": 0.0, "dist": 0.9725398903488567}, "_child1": {"label": 4, "event": "S", "tstamp": 0.0, "dist": 0.9725398903488567}, "_child2": {"label": 3, "event": "S", "tstamp": 0.2555999093770816, "dist": 0.7169399809717751, "_child0": {"label": 9, "event": "S", "tstamp": 0.0, "dist": 0.2555999093770816}, "_child1": {"label": 8, "event": "S", "tstamp": 0.0, "dist": 0.2555999093770816}, "_child2": {"label": 6, "event": "S", "tstamp": 0.0, "dist": 0.2555999093770816}}}}