{"label": 0, "event": null, "tstamp": 1.0, "dist": 0.0, "_child0": {"label": 1, "event": "S", "tstamp": 0.5996660889249634, "dist": 0.4003339110750366, "_child0": {"label": 2, "event": "S", "tstamp": 0.5433201634990524, "dist": 0.05634592542591099, "_child0": {"label": 4, "event": "S", "tstamp": 0.5369330619314912, "dist": 0.006387101567561282, "_child0": {"label": 6, "event": "S", "tstamp": 0.0, "dist": 0.5369330619314912}, "_child1": {"label": 7, "event": "S", "tstamp": 0.0, "dist": 0.5369330619314912}}, "_child1": {"label": 12, "event": "S", "tstamp": 0.0, "dist": 0.5433201634990524}, "_child2": {"label": 13, "event": "S", "tstamp": 0.16468737910520737, "dist": 0.37863278439384507, "_child0": {"label": 14, "event": "S", "tstamp": 0.0, "dist": 0.16468737910520737}, "_child1": {"label": 15, "event": "S", "tstamp": 0.0, "dist": 0.16468737910520737}}}, "_child1": {"label": 3, "event": "S", "tstamp": 0.41587294420527887, "dist": 0.18379314471968455, "_child0": {"label": 9, "event": "S", "tstamp": 0.363074202634576, "dist": 0.052798741570702856, "_child0": {"label": 10, "event": "S", "tstamp": 0.0, "dist": 0.363074202634576}, "_child1": {"label": 11, "event": "S", "tstamp": 0.0, "dist": 0.363074202634576}}, "_child1": {"label": 8, "event": "S", "tstamp": 0.0, "dist": 0.41587294420527887}}}}