{"label": 1, "event": "S", "reconc": 1, "tstamp": 0.9722544165730511, "transferred": 0, "dist": 0.0, "_child0": {"label": 2, "event": "D", "reconc": [1, 3], "tstamp": 0.8047539736938095, "transferred": 0, "dist": 0.16009499671357877, "_child0": {"label": 4, "event": "S", "reconc": 3, "tstamp": 0.7422227027243596, "transferred": 0, "dist": 0.05976666955780714, "_child0": {"label": 6, "event": "D", "reconc": [3, 5], "tstamp": 0.5917003860726888, "transferred": 0, "dist": 0.1174177053832655, "_child0": {"label": 17, "event": "S", "reconc": 7, "tstamp": 0.0, "transferred": 0, "dist": 0.3594939206320328}, "_child1": {"label": 19, "event": "S", "reconc": 7, "tstamp": 0.0, "transferred": 0, "dist": 0.5636063525252544}}, "_child1": {"label": 7, "event": "D", "reconc": [3, 9], "tstamp": 0.463179606696783, "transferred": 0, "dist": 0.2208661088449312, "_child0": {"label": 24, "event": "S", "reconc": 9, "tstamp": 0.0, "transferred": 0, "dist": 1.1252760560272714}, "_child1": {"label": 25, "event": "S", "reconc": 9, "tstamp": 0.0, "transferred": 0, "dist": 0.3790565453533611}}}, "_child1": {"label": 5, "event": "S", "reconc": 3, "tstamp": 0.7422227027243596, "transferred": 0, "dist": 0.05976666955780714, "_child0": {"label": 9, "event": "D", "reconc": [3, 5], "tstamp": 0.5175793322553788, "transferred": 0, "dist": 0.17523719855488798, "_child0": {"label": 20, "event": "H", "reconc": [5, 6], "tstamp": 0.23299684666362055, "transferred": 0, "dist": 0.21131096721730672, "_child0": {"label": 26, "event": "S", "reconc": 6, "tstamp": 0.0, "transferred": 0, "dist": 0.1711076776245044}, "_child1": {"label": 27, "event": "S", "reconc": 2, "tstamp": 0.0, "transferred": 1, "dist": 0.2886293461349654}}, "_child1": {"label": 15, "event": "S", "reconc": 5, "tstamp": 0.5090334061426366, "transferred": 0, "dist": 0.006666407060789674, "_child0": {"label": 22, "event": "S", "reconc": 6, "tstamp": 0.0, "transferred": 0, "dist": 0.3504551114716964}, "_child1": {"label": 23, "event": "S", "reconc": 7, "tstamp": 0.0, "transferred": 0, "dist": 0.2950080203996206}}}, "_child1": {"label": 10, "event": "S", "reconc": 9, "tstamp": 0.0, "transferred": 0, "dist": 0.5874785743880104}}}, "_child1": {"label": 3, "event": "S", "reconc": 2, "tstamp": 0.0, "transferred": 0, "dist": 0.752131260491392}}