{"label": 1, "event": "S", "reconc": 1, "tstamp": 0.9652879437140998, "transferred": 0, "dist": 0.0, "_child0": {"label": 2, "event": "D", "reconc": [1, 2], "tstamp": 0.7474892513704698, "transferred": 0, "dist": 0.2854422732188468, "_child0": {"label": 4, "event": "S", "reconc": 2, "tstamp": 0.6323051948452852, "transferred": 0, "dist": 0.15095774258021363, "_child0": {"label": 6, "event": "S", "reconc": 4, "tstamp": 0.3708157971998539, "transferred": 0, "dist": 0.33495718557402965, "_child0": {"label": 10, "event": "D", "reconc": [4, 7], "tstamp": 0.29928374695319704, "transferred": 0, "dist": 0.0733460851824718, "_child0": {"label": 16, "event": "S", "reconc": 7, "tstamp": 0.15667647143308377, "transferred": 0, "dist": 0.14622376042447208, "_child0": {"label": 18, "event": "S", "reconc": 8, "tstamp": 0.0, "transferred": 0, "dist": 0.16820078055553922}, "_child1": {"label": 19, "event": "S", "reconc": 9, "tstamp": 0.0, "transferred": 0, "dist": 0.16727537446018795}}, "_child1": {"label": 17, "event": "S", "reconc": 7, "tstamp": 0.15667647143308377, "transferred": 0, "dist": 0.23165712191742555, "_child0": {"label": 20, "event": "S", "reconc": 8, "tstamp": 0.0, "transferred": 0, "dist": 0.17051427291630708}, "_child1": {"label": 21, "event": "S", "reconc": 9, "tstamp": 0.0, "transferred": 0, "dist": 0.17246434750738274}}}, "_child1": {"label": 11, "event": "D", "reconc": [4, 6], "tstamp": 0.10980248058934365, "transferred": 0, "dist": 0.34268121329827617, "_child0": {"label": 22, "event": "S", "reconc": 6, "tstamp": 0.0, "transferred": 0, "dist": 0.14415834318394144}, "_child1": {"label": 23, "event": "S", "reconc": 6, "tstamp": 0.0, "transferred": 0, "dist": 0.14415834318394144}}}, "_child1": {"label": 7, "event": "S", "reconc": 5, "tstamp": 0.0, "transferred": 0, "dist": 0.8210199954727284}}, "_child1": {"label": 5, "event": "S", "reconc": 2, "tstamp": 0.6323051948452852, "transferred": 0, "dist": 0.15095774258021363, "_child0": {"label": 13, "event": "S", "reconc": 6, "tstamp": 0.0, "transferred": 0, "dist": 0.8217967420562473}, "_child1": {"label": 14, "event": "S", "reconc": 5, "tstamp": 0.0, "transferred": 0, "dist": 0.8210199954727284}}}, "_child1": {"label": 3, "event": "S", "reconc": 3, "tstamp": 0.0, "transferred": 0, "dist": 1.0309945572686159}}