{"label": 0, "event": null, "tstamp": 1.0, "dist": 0.0, "_child0": {"label": 1, "event": "S", "tstamp": 0.910270144642419, "dist": 0.08972985535758105, "_child0": {"label": 5, "event": "S", "tstamp": 0.0, "dist": 0.910270144642419}, "_child1": {"label": 4, "event": "S", "tstamp": 0.0, "dist": 0.910270144642419}, "_child2": {"label": 3, "event": "S", "tstamp": 0.5798089194163863, "dist": 0.3304612252260326, "_child0": {"label": 7, "event": "S", "tstamp": 0.2917034097741145, "dist": 0.28810550964227183, "_child0": {"label": 8, "event": "S", "tstamp": 0.2693557741401139, "dist": 0.022347635634000607, "_child0": {"label": 11, "event": "S", "tstamp": 0.22396871391509324, "dist": 0.045387060225020676, "_child0": {"label": 12, "event": "S", "tstamp": 0.2081431761041157, "dist": 0.015825537810977536, "_child0": {"label": 15, "event": "S", "tstamp": 0.19127895601081873, "dist": 0.016864220093296967, "_child0": {"label": 16, "event": "S", "tstamp": 0.0, "dist": 0.19127895601081873}, "_child1": {"label": 17, "event": "S", "tstamp": 0.0, "dist": 0.19127895601081873}}, "_child1": {"label": 14, "event": "S", "tstamp": 0.14667151825086655, "dist": 0.06147165785324915, "_child0": {"label": 19, "event": "S", "tstamp": 0.12663881181989917, "dist": 0.020032706430967384, "_child0": {"label": 23, "event": "S", "tstamp": 0.0, "dist": 0.12663881181989917}, "_child1": {"label": 22, "event": "S", "tstamp": 0.0, "dist": 0.12663881181989917}, "_child2": {"label": 21, "event": "S", "tstamp": 0.010212310784271338, "dist": 0.11642650103562782, "_child0": {"label": 24, "event": "S", "tstamp": 0.0, "dist": 0.010212310784271338}, "_child1": {"label": 25, "event": "S", "tstamp": 0.0, "dist": 0.010212310784271338}}}, "_child1": {"label": 18, "event": "S", "tstamp": 0.0, "dist": 0.14667151825086655}}}, "_child1": {"label": 13, "event": "S", "tstamp": 0.0, "dist": 0.22396871391509324}}, "_child1": {"label": 10, "event": "S", "tstamp": 0.0, "dist": 0.2693557741401139}}, "_child1": {"label": 9, "event": "S", "tstamp": 0.0, "dist": 0.2917034097741145}}, "_child1": {"label": 6, "event": "S", "tstamp": 0.0, "dist": 0.5798089194163863}}}}