{"label": 0, "event": null, "tstamp": 1.0, "dist": 0.0, "_child0": {"label": 1, "event": "S", "tstamp": 0.9911941536333538, "dist": 0.008805846366646164, "_child0": {"label": 3, "event": "S", "tstamp": 0.6719288707664033, "dist": 0.31926528286695055, "_child0": {"label": 7, "event": "S", "tstamp": 0.0, "dist": 0.6719288707664033}, "_child1": {"label": 6, "event": "S", "tstamp": 0.19724567380179703, "dist": 0.47468319696460626, "_child0": {"label": 9, "event": "S", "tstamp": 0.1871026753761527, "dist": 0.01014299842564434, "_child0": {"label": 10, "event": "S", "tstamp": 0.09145485647028154, "dist": 0.09564781890587115, "_child0": {"label": 12, "event": "S", "tstamp": 0.0, "dist": 0.09145485647028154}, "_child1": {"label": 13, "event": "S", "tstamp": 0.0, "dist": 0.09145485647028154}}, "_child1": {"label": 11, "event": "S", "tstamp": 0.025850730641661098, "dist": 0.1612519447344916, "_child0": {"label": 14, "event": "S", "tstamp": 0.0, "dist": 0.025850730641661098}, "_child1": {"label": 15, "event": "S", "tstamp": 0.0, "dist": 0.025850730641661098}}}, "_child1": {"label": 8, "event": "S", "tstamp": 0.0, "dist": 0.19724567380179703}}, "_child2": {"label": 4, "event": "S", "tstamp": 0.0, "dist": 0.6719288707664033}}, "_child1": {"label": 2, "event": "S", "tstamp": 0.0, "dist": 0.9911941536333538}}}