{"label": 1, "event": "S", "reconc": 1, "tstamp": 0.6911900121281951, "transferred": 0, "dist": 0.0, "_child0": {"label": 3, "event": "H", "reconc": [1, 3], "tstamp": 0.6315903714329457, "transferred": 0, "dist": 0.0229707137470682, "_child0": {"label": 7, "event": "S", "reconc": 3, "tstamp": 0.0, "transferred": 0, "dist": 0.24342565589908166}, "_child1": {"label": 5, "event": "S", "reconc": 2, "tstamp": 0.4441819907310862, "transferred": 1, "dist": 0.13361002901590152, "_child0": {"label": 13, "event": "S", "reconc": 4, "tstamp": 0.37735796149457457, "transferred": 0, "dist": 0.08789438958074546, "_child0": {"label": 20, "event": "S", "reconc": 7, "tstamp": 0.1752553653682691, "transferred": 0, "dist": 0.1274960972858524, "_child0": {"label": 32, "event": "S", "reconc": 17, "tstamp": 0.1503261364053519, "transferred": 0, "dist": 0.014385384297486163, "_child0": {"label": 37, "event": "S", "reconc": 21, "tstamp": 0.012010760885765765, "transferred": 0, "dist": 0.07326416233853894, "_child0": {"label": 47, "event": "S", "reconc": 25, "tstamp": 0.0, "transferred": 0, "dist": 0.006017877395077242}, "_child1": {"label": 48, "event": "S", "reconc": 24, "tstamp": 0.0, "transferred": 0, "dist": 0.005975442895538287}, "_child2": {"label": 49, "event": "S", "reconc": 23, "tstamp": 0.0, "transferred": 0, "dist": 0.005831963791732712}}, "_child1": {"label": 38, "event": "D", "reconc": [17, 18], "tstamp": 0.00419119964319613, "transferred": 0, "dist": 0.0709178461851677, "_child0": {"label": 52, "event": "S", "reconc": 18, "tstamp": 0.0, "transferred": 0, "dist": 0.0020339479265747084}, "_child1": {"label": 53, "event": "S", "reconc": 18, "tstamp": 0.0, "transferred": 0, "dist": 0.0020339479265747084}}, "_child2": {"label": 36, "event": "S", "reconc": 20, "tstamp": 0.0, "transferred": 0, "dist": 0.09425447820023196}}, "_child1": {"label": 33, "event": "S", "reconc": 16, "tstamp": 0.0, "transferred": 0, "dist": 0.10421056214989778}}, "_child1": {"label": 21, "event": "S", "reconc": 6, "tstamp": 0.0, "transferred": 0, "dist": 0.1981057521133912}}, "_child1": {"label": 15, "event": "D", "reconc": [2, 13], "tstamp": 0.2655511771202992, "transferred": 0, "dist": 0.12389233458268911, "_child0": {"label": 22, "event": "S", "reconc": 13, "tstamp": 0.18787568720361064, "transferred": 0, "dist": 0.06125795836657622, "_child0": {"label": 28, "event": "S", "reconc": 14, "tstamp": 0.0, "transferred": 0, "dist": 0.16315980591566026}, "_child1": {"label": 29, "event": "S", "reconc": 15, "tstamp": 0.0, "transferred": 0, "dist": 0.11038926698948502}}, "_child1": {"label": 23, "event": "S", "reconc": 13, "tstamp": 0.18787568720361064, "transferred": 0, "dist": 0.10579984944307776, "_child0": {"label": 30, "event": "D", "reconc": [13, 14], "tstamp": 0.12408888711544656, "transferred": 0, "dist": 0.0852117189701362, "_child0": {"label": 39, "event": "S", "reconc": 14, "tstamp": 0.0, "transferred": 0, "dist": 0.11663732934557289}, "_child1": {"label": 40, "event": "S", "reconc": 14, "tstamp": 0.0, "transferred": 0, "dist": 0.11385150739106971}}, "_child1": {"label": 31, "event": "D", "reconc": [13, 15], "tstamp": 0.025750623833107368, "transferred": 0, "dist": 0.10335221708095449, "_child0": {"label": 45, "event": "S", "reconc": 15, "tstamp": 0.0, "transferred": 0, "dist": 0.017145384170304402}, "_child1": {"label": 46, "event": "S", "reconc": 15, "tstamp": 0.0, "transferred": 0, "dist": 0.018589162893505453}}}}, "_child2": {"label": 14, "event": "D", "reconc": [2, 12], "tstamp": 0.22951607689694561, "transferred": 0, "dist": 0.37590166059697727, "_child0": {"label": 25, "event": "D", "reconc": [2, 12], "tstamp": 0.08954658399042975, "transferred": 0, "dist": 0.13248624149746002, "_child0": {"label": 41, "event": "S", "reconc": 12, "tstamp": 0.0, "transferred": 0, "dist": 0.08443467638878316}, "_child1": {"label": 42, "event": "S", "reconc": 12, "tstamp": 0.0, "transferred": 0, "dist": 0.09480108712590339}}, "_child1": {"label": 24, "event": "S", "reconc": 12, "tstamp": 0.0, "transferred": 0, "dist": 0.38807775974474334}}, "_child3": {"label": 16, "event": "S", "reconc": 11, "tstamp": 0.0, "transferred": 0, "dist": 1.5333205645891919}}}, "_child1": {"label": 2, "event": "S", "reconc": 2, "tstamp": 0.4441819907310862, "transferred": 0, "dist": 0.15565805627883722, "_child0": {"label": 10, "event": "S", "reconc": 13, "tstamp": 0.18787568720361064, "transferred": 0, "dist": 0.16205449564040458, "_child0": {"label": 26, "event": "D", "reconc": [13, 14], "tstamp": 0.16542511687247047, "transferred": 0, "dist": 0.01396212463169314, "_child0": {"label": 34, "event": "H", "reconc": [13, 14], "tstamp": 0.05540555701650975, "transferred": 0, "dist": 0.0684217275541674, "_child0": {"label": 44, "event": "H", "reconc": [2, 10], "tstamp": 0.011516500877769759, "transferred": 1, "dist": 0.0259105689473701, "_child0": {"label": 51, "event": "S", "reconc": 24, "tstamp": 0.0, "transferred": 1, "dist": 0.006300236091557696}, "_child1": {"label": 50, "event": "S", "reconc": 10, "tstamp": 0.0, "transferred": 0, "dist": 0.00679894069908035}}, "_child1": {"label": 43, "event": "S", "reconc": 14, "tstamp": 0.0, "transferred": 0, "dist": 0.034456999574745434}}, "_child1": {"label": 35, "event": "S", "reconc": 14, "tstamp": 0.0, "transferred": 0, "dist": 0.10287872712891284}}, "_child1": {"label": 27, "event": "S", "reconc": 15, "tstamp": 0.0, "transferred": 0, "dist": 0.10717905807429341}}, "_child1": {"label": 9, "event": "S", "reconc": 12, "tstamp": 0.0, "transferred": 0, "dist": 0.3961301079839586}}}