{"label": 1, "event": "S", "reconc": 1, "tstamp": 0.9539358320164659, "transferred": 0, "dist": 0.0, "_child0": {"label": 2, "event": "S", "reconc": 3, "tstamp": 0.805525803820175, "transferred": 0, "dist": 0.17007288294107656, "_child0": {"label": 4, "event": "S", "reconc": 5, "tstamp": 0.794325163308153, "transferred": 0, "dist": 0.013682276185637035, "_child0": {"label": 9, "event": "H", "reconc": [7, 9], "tstamp": 0.7015723218813441, "transferred": 0, "dist": 0.11017758096207761, "_child0": {"label": 11, "event": "H", "reconc": [7, 9], "tstamp": 0.6797104174273413, "transferred": 0, "dist": 0.025755955671669672, "_child0": {"label": 15, "event": "S", "reconc": 10, "tstamp": 0.0, "transferred": 0, "dist": 0.8480265406517751}, "_child1": {"label": 14, "event": "S", "reconc": 2, "tstamp": 0.0, "transferred": 1, "dist": 2.973580992392898}}, "_child1": {"label": 12, "event": "H", "reconc": [3, 13], "tstamp": 0.4293869099557981, "transferred": 1, "dist": 1.3384106687697195, "_child0": {"label": 19, "event": "S", "reconc": 13, "tstamp": 0.3519118161375859, "transferred": 0, "dist": 0.3809663838949408, "_child0": {"label": 28, "event": "D", "reconc": [13, 15], "tstamp": 0.16405975489206434, "transferred": 0, "dist": 0.34837914568394507, "_child0": {"label": 37, "event": "S", "reconc": 15, "tstamp": 0.0, "transferred": 0, "dist": 0.3623908922580677}, "_child1": {"label": 38, "event": "S", "reconc": 15, "tstamp": 0.0, "transferred": 0, "dist": 0.39467837032797587}}, "_child1": {"label": 27, "event": "S", "reconc": 14, "tstamp": 0.0, "transferred": 0, "dist": 1.0525616759774468}}, "_child1": {"label": 20, "event": "S", "reconc": 2, "tstamp": 0.0, "transferred": 1, "dist": 0.8634630913180509}}}, "_child1": {"label": 8, "event": "S", "reconc": 6, "tstamp": 0.24394022142275576, "transferred": 0, "dist": 0.5465797138797841, "_child0": {"label": 33, "event": "S", "reconc": 17, "tstamp": 0.1568326826841415, "transferred": 0, "dist": 0.06746369379833154, "_child0": {"label": 39, "event": "S", "reconc": 18, "tstamp": 0.14673373780648757, "transferred": 0, "dist": 0.0074740469886361485, "_child0": {"label": 41, "event": "S", "reconc": 20, "tstamp": 0.0, "transferred": 0, "dist": 0.10709753947806387}, "_child1": {"label": 42, "event": "S", "reconc": 21, "tstamp": 0.0, "transferred": 0, "dist": 0.10439184143488973}}, "_child1": {"label": 40, "event": "S", "reconc": 19, "tstamp": 0.043670272872449706, "transferred": 0, "dist": 0.08529184669261959, "_child0": {"label": 43, "event": "H", "reconc": [19, 22], "tstamp": 0.035717786773471434, "transferred": 0, "dist": 0.006193470409815053, "_child0": {"label": 45, "event": "H", "reconc": [19, 22], "tstamp": 0.022952554218286056, "transferred": 0, "dist": 0.009941682276578408, "_child0": {"label": 54, "event": "S", "reconc": 20, "tstamp": 0.0, "transferred": 1, "dist": 0.02176887108463849}, "_child1": {"label": 53, "event": "S", "reconc": 22, "tstamp": 0.0, "transferred": 0, "dist": 0.017875663485773893}}, "_child1": {"label": 46, "event": "S", "reconc": 21, "tstamp": 0.0, "transferred": 1, "dist": 0.06202907570322619}}, "_child1": {"label": 44, "event": "S", "reconc": 23, "tstamp": 0.0, "transferred": 0, "dist": 0.029506421041480276}}}, "_child1": {"label": 34, "event": "S", "reconc": 16, "tstamp": 0.0, "transferred": 0, "dist": 0.16980644670709671}}}, "_child1": {"label": 5, "event": "D", "reconc": [3, 12], "tstamp": 0.44652702468304306, "transferred": 0, "dist": 0.38654336901386643, "_child0": {"label": 17, "event": "D", "reconc": [3, 12], "tstamp": 0.4183220995762384, "transferred": 0, "dist": 0.030368980083365426, "_child0": {"label": 21, "event": "D", "reconc": [3, 12], "tstamp": 0.4173779450295804, "transferred": 0, "dist": 0.0010165958787161343, "_child0": {"label": 36, "event": "S", "reconc": 10, "tstamp": 0.0, "transferred": 1, "dist": 0.5197258601136354}, "_child1": {"label": 23, "event": "S", "reconc": 12, "tstamp": 0.03272519196345268, "transferred": 0, "dist": 0.41416567328727466, "_child0": {"label": 49, "event": "S", "reconc": 24, "tstamp": 0.0, "transferred": 0, "dist": 0.03126997429380497}, "_child1": {"label": 50, "event": "S", "reconc": 25, "tstamp": 0.0, "transferred": 0, "dist": 0.03174488168042851}}}, "_child1": {"label": 22, "event": "S", "reconc": 12, "tstamp": 0.03272519196345268, "transferred": 0, "dist": 0.41569558043199417, "_child0": {"label": 47, "event": "S", "reconc": 24, "tstamp": 0.0, "transferred": 0, "dist": 0.03496064904219249}, "_child1": {"label": 48, "event": "S", "reconc": 25, "tstamp": 0.0, "transferred": 0, "dist": 0.04822348218859936}}}, "_child1": {"label": 18, "event": "H", "reconc": [3, 12], "tstamp": 0.25168320531790705, "transferred": 0, "dist": 0.20979343314189802, "_child0": {"label": 31, "event": "S", "reconc": 12, "tstamp": 0.03272519196345268, "transferred": 0, "dist": 0.2357578161074582, "_child0": {"label": 51, "event": "S", "reconc": 24, "tstamp": 0.0, "transferred": 0, "dist": 0.03126997429380497}, "_child1": {"label": 52, "event": "S", "reconc": 25, "tstamp": 0.0, "transferred": 0, "dist": 0.03174488168042851}}, "_child1": {"label": 32, "event": "S", "reconc": 11, "tstamp": 0.0, "transferred": 1, "dist": 0.4502890645446236}}}, "_child2": {"label": 6, "event": "S", "reconc": 13, "tstamp": 0.3519118161375859, "transferred": 0, "dist": 0.6146632119617813, "_child0": {"label": 26, "event": "D", "reconc": [13, 15], "tstamp": 0.29338589555574585, "transferred": 0, "dist": 0.09856629574621793, "_child0": {"label": 29, "event": "S", "reconc": 15, "tstamp": 0.0, "transferred": 0, "dist": 0.8188151689065869}, "_child1": {"label": 30, "event": "S", "reconc": 15, "tstamp": 0.0, "transferred": 0, "dist": 0.4941051872679058}}, "_child1": {"label": 25, "event": "S", "reconc": 14, "tstamp": 0.0, "transferred": 0, "dist": 0.7387127627414594}}}, "_child1": {"label": 3, "event": "S", "reconc": 2, "tstamp": 0.0, "transferred": 0, "dist": 1.1679898935282536}}