{"label": 0, "event": null, "tstamp": 1.0, "dist": 0.0, "_child0": {"label": 1, "event": "S", "tstamp": 0.9646478894098871, "dist": 0.035352110590112895, "_child0": {"label": 2, "event": "S", "tstamp": 0.8718841383926877, "dist": 0.09276375101719936, "_child0": {"label": 5, "event": "S", "tstamp": 0.7506538551840312, "dist": 0.12123028320865659, "_child0": {"label": 7, "event": "S", "tstamp": 0.6758479547053318, "dist": 0.0748059004786994, "_child0": {"label": 8, "event": "S", "tstamp": 0.0, "dist": 0.6758479547053318}, "_child1": {"label": 9, "event": "S", "tstamp": 0.0, "dist": 0.6758479547053318}}, "_child1": {"label": 6, "event": "S", "tstamp": 0.0, "dist": 0.7506538551840312}}, "_child1": {"label": 4, "event": "S", "tstamp": 0.6499873146241167, "dist": 0.221896823768571, "_child0": {"label": 10, "event": "S", "tstamp": 0.0, "dist": 0.6499873146241167}, "_child1": {"label": 11, "event": "S", "tstamp": 0.0, "dist": 0.6499873146241167}}}, "_child1": {"label": 3, "event": "S", "tstamp": 0.5200752439787892, "dist": 0.44457264543109787, "_child0": {"label": 13, "event": "S", "tstamp": 0.31174207270879806, "dist": 0.20833317126999118, "_child0": {"label": 14, "event": "S", "tstamp": 0.2626574686602646, "dist": 0.04908460404853343, "_child0": {"label": 17, "event": "S", "tstamp": 0.20065018773483817, "dist": 0.062007280925426456, "_child0": {"label": 19, "event": "S", "tstamp": 0.1967880558265852, "dist": 0.0038621319082529637, "_child0": {"label": 25, "event": "S", "tstamp": 0.0, "dist": 0.1967880558265852}, "_child1": {"label": 24, "event": "S", "tstamp": 0.0, "dist": 0.1967880558265852}, "_child2": {"label": 21, "event": "S", "tstamp": 0.0, "dist": 0.1967880558265852}}, "_child1": {"label": 18, "event": "S", "tstamp": 0.10404674214389754, "dist": 0.09660344559094063, "_child0": {"label": 22, "event": "S", "tstamp": 0.0, "dist": 0.10404674214389754}, "_child1": {"label": 23, "event": "S", "tstamp": 0.0, "dist": 0.10404674214389754}}}, "_child1": {"label": 16, "event": "S", "tstamp": 0.0, "dist": 0.2626574686602646}}, "_child1": {"label": 15, "event": "S", "tstamp": 0.0, "dist": 0.31174207270879806}}, "_child1": {"label": 12, "event": "S", "tstamp": 0.0, "dist": 0.5200752439787892}}}}