{"label": 1, "event": "S", "reconc": 1, "tstamp": 0.8700972154733403, "transferred": 0, "dist": 0.0, "_child0": {"label": 2, "event": "D", "reconc": [1, 2], "tstamp": 0.8362566956255009, "transferred": 0, "dist": 0.029215578518739235, "_child0": {"label": 4, "event": "S", "reconc": 2, "tstamp": 0.75222351144001, "transferred": 0, "dist": 0.07254847448531827, "_child0": {"label": 6, "event": "H", "reconc": [2, 5], "tstamp": 0.5494913827025975, "transferred": 0, "dist": 0.19024051725035343, "_child0": {"label": 10, "event": "S", "reconc": 5, "tstamp": 0.5172921342539106, "transferred": 0, "dist": 0.03021524865397614, "_child0": {"label": 15, "event": "H", "reconc": [5, 6], "tstamp": 0.05667545258576143, "transferred": 0, "dist": 0.44767618069618703, "_child0": {"label": 19, "event": "S", "reconc": 7, "tstamp": 0.0548596639097165, "transferred": 1, "dist": 0.007032916622405456, "_child0": {"label": 22, "event": "S", "reconc": 8, "tstamp": 0.0, "transferred": 0, "dist": 0.08661823407627885}, "_child1": {"label": 23, "event": "S", "reconc": 9, "tstamp": 0.0, "transferred": 0, "dist": 0.1917295369566456}}, "_child1": {"label": 18, "event": "S", "reconc": 6, "tstamp": 0.0, "transferred": 0, "dist": 0.05508322030573119}}, "_child1": {"label": 14, "event": "S", "reconc": 7, "tstamp": 0.0548596639097165, "transferred": 0, "dist": 0.4318139602210477, "_child0": {"label": 20, "event": "S", "reconc": 8, "tstamp": 0.0, "transferred": 0, "dist": 0.05447248589569789}, "_child1": {"label": 21, "event": "S", "reconc": 9, "tstamp": 0.0, "transferred": 0, "dist": 0.04679874496933329}}}, "_child1": {"label": 11, "event": "H", "reconc": [1, 3], "tstamp": 0.19620511186155953, "transferred": 1, "dist": 0.22744649372944292, "_child0": {"label": 17, "event": "S", "reconc": 6, "tstamp": 0.0, "transferred": 1, "dist": 0.25214199301328183}, "_child1": {"label": 16, "event": "S", "reconc": 3, "tstamp": 0.0, "transferred": 0, "dist": 0.12631729118277712}}}, "_child1": {"label": 7, "event": "S", "reconc": 4, "tstamp": 0.0, "transferred": 0, "dist": 0.5926531287183862}}, "_child1": {"label": 13, "event": "S", "reconc": 6, "tstamp": 0.0, "transferred": 0, "dist": 0.7957636413915662}}, "_child1": {"label": 3, "event": "S", "reconc": 3, "tstamp": 0.0, "transferred": 0, "dist": 0.5576316291121516}}