{"label": 1, "event": "S", "reconc": 1, "tstamp": 0.9457222720566388, "transferred": 0, "dist": 0.0, "_child0": {"label": 5, "event": "D", "reconc": [1, 2], "tstamp": 0.9264164121336587, "transferred": 0, "dist": 0.014625495458612926, "_child0": {"label": 30, "event": "S", "reconc": 21, "tstamp": 0.08004261074358206, "transferred": 1, "dist": 0.7197690271270345, "_child0": {"label": 35, "event": "S", "reconc": 22, "tstamp": 0.058586350422692376, "transferred": 0, "dist": 0.017729057677431912, "_child0": {"label": 43, "event": "S", "reconc": 24, "tstamp": 0.0, "transferred": 0, "dist": 0.05415303840323849}, "_child1": {"label": 44, "event": "S", "reconc": 25, "tstamp": 0.0, "transferred": 0, "dist": 0.04012534627769175}}, "_child1": {"label": 36, "event": "S", "reconc": 23, "tstamp": 0.0, "transferred": 0, "dist": 0.1562658986706416}}, "_child1": {"label": 6, "event": "S", "reconc": 2, "tstamp": 0.0, "transferred": 0, "dist": 0.7124174828280219}}, "_child1": {"label": 4, "event": "S", "reconc": 6, "tstamp": 0.6970941224886962, "transferred": 0, "dist": 0.2005918974965252, "_child0": {"label": 8, "event": "S", "reconc": 9, "tstamp": 0.4068244461864708, "transferred": 0, "dist": 0.20093225453463878, "_child0": {"label": 16, "event": "S", "reconc": 13, "tstamp": 0.0, "transferred": 0, "dist": 0.3486133946945791}, "_child1": {"label": 11, "event": "S", "reconc": 15, "tstamp": 0.0, "transferred": 0, "dist": 0.2730190279002921}, "_child2": {"label": 12, "event": "S", "reconc": 14, "tstamp": 0.0, "transferred": 0, "dist": 0.24768163880132832}}, "_child1": {"label": 9, "event": "H", "reconc": [6, 8], "tstamp": 0.3717246253603876, "transferred": 0, "dist": 0.3257344642913734, "_child0": {"label": 14, "event": "S", "reconc": 7, "tstamp": 0.2749516845057172, "transferred": 1, "dist": 0.10786264469334143, "_child0": {"label": 21, "event": "S", "reconc": 17, "tstamp": 0.2603364853448712, "transferred": 0, "dist": 0.033797217984201065, "_child0": {"label": 27, "event": "H", "reconc": [17, 21], "tstamp": 0.12974978661613792, "transferred": 0, "dist": 0.09378276587177206, "_child0": {"label": 31, "event": "S", "reconc": 21, "tstamp": 0.08004261074358206, "transferred": 0, "dist": 0.03569794230487876, "_child0": {"label": 37, "event": "S", "reconc": 22, "tstamp": 0.058586350422692376, "transferred": 0, "dist": 0.012422433782652877, "_child0": {"label": 45, "event": "S", "reconc": 24, "tstamp": 0.0, "transferred": 0, "dist": 0.06841079842132711}, "_child1": {"label": 46, "event": "S", "reconc": 25, "tstamp": 0.0, "transferred": 0, "dist": 0.06375614526818736}}, "_child1": {"label": 38, "event": "S", "reconc": 23, "tstamp": 0.0, "transferred": 0, "dist": 0.19978370565001866}}, "_child1": {"label": 32, "event": "S", "reconc": 8, "tstamp": 0.0, "transferred": 1, "dist": 0.14714547712778497}}, "_child1": {"label": 26, "event": "S", "reconc": 20, "tstamp": 0.0, "transferred": 0, "dist": 0.30656627507779033}, "_child2": {"label": 28, "event": "S", "reconc": 19, "tstamp": 0.0, "transferred": 0, "dist": 0.7217912304073876}}, "_child1": {"label": 22, "event": "H", "reconc": [7, 16], "tstamp": 0.07308648196177435, "transferred": 0, "dist": 0.187404794504586, "_child0": {"label": 40, "event": "S", "reconc": 22, "tstamp": 0.058586350422692376, "transferred": 1, "dist": 0.00834664770462715, "_child0": {"label": 48, "event": "H", "reconc": [22, 25], "tstamp": 0.013275207420693567, "transferred": 0, "dist": 0.02652302602751959, "_child0": {"label": 50, "event": "S", "reconc": 20, "tstamp": 0.0, "transferred": 1, "dist": 0.02157936131476851}, "_child1": {"label": 49, "event": "S", "reconc": 25, "tstamp": 0.0, "transferred": 0, "dist": 0.007770686162656381}}, "_child1": {"label": 47, "event": "S", "reconc": 24, "tstamp": 0.0, "transferred": 0, "dist": 0.0316859123715455}}, "_child1": {"label": 39, "event": "S", "reconc": 16, "tstamp": 0.0, "transferred": 0, "dist": 0.06785100631758406}}}, "_child1": {"label": 13, "event": "S", "reconc": 8, "tstamp": 0.0, "transferred": 0, "dist": 0.3721415890990186}}}, "_child2": {"label": 2, "event": "H", "reconc": [1, 4], "tstamp": 0.3037432859902653, "transferred": 0, "dist": 0.7433341951956943, "_child0": {"label": 17, "event": "S", "reconc": 4, "tstamp": 0.0, "transferred": 0, "dist": 0.35169807102428424}, "_child1": {"label": 18, "event": "S", "reconc": 15, "tstamp": 0.0, "transferred": 1, "dist": 0.33842200073266554}}, "_child3": {"label": 3, "event": "S", "reconc": 7, "tstamp": 0.2749516845057172, "transferred": 0, "dist": 0.5834622549533852, "_child0": {"label": 19, "event": "S", "reconc": 17, "tstamp": 0.2603364853448712, "transferred": 0, "dist": 0.011282254811529429, "_child0": {"label": 24, "event": "S", "reconc": 21, "tstamp": 0.08004261074358206, "transferred": 0, "dist": 0.12058642192956297, "_child0": {"label": 33, "event": "S", "reconc": 22, "tstamp": 0.058586350422692376, "transferred": 0, "dist": 0.012341741782797375, "_child0": {"label": 41, "event": "S", "reconc": 24, "tstamp": 0.0, "transferred": 0, "dist": 0.030244125010737827}, "_child1": {"label": 42, "event": "S", "reconc": 25, "tstamp": 0.0, "transferred": 0, "dist": 0.03368484815285367}}, "_child1": {"label": 34, "event": "S", "reconc": 23, "tstamp": 0.0, "transferred": 0, "dist": 0.04260004766145527}}, "_child1": {"label": 25, "event": "S", "reconc": 19, "tstamp": 0.0, "transferred": 0, "dist": 0.26193638368331895}}, "_child1": {"label": 20, "event": "S", "reconc": 16, "tstamp": 0.0, "transferred": 0, "dist": 0.24478331075175164}}}