{"label": 1, "event": "S", "reconc": 1, "tstamp": 0.9450187133400391, "transferred": 0, "dist": 0.0, "_child0": {"label": 2, "event": "H", "reconc": [1, 3], "tstamp": 0.8879730061424866, "transferred": 0, "dist": 0.046037938570282606, "_child0": {"label": 7, "event": "S", "reconc": 3, "tstamp": 0.5943110996341854, "transferred": 0, "dist": 0.23699572634698293, "_child0": {"label": 11, "event": "H", "reconc": [3, 4], "tstamp": 0.43832979881556466, "transferred": 0, "dist": 0.13228660406726836, "_child0": {"label": 12, "event": "D", "reconc": [3, 4], "tstamp": 0.31041634686139874, "transferred": 0, "dist": 0.10848246606953722, "_child0": {"label": 18, "event": "S", "reconc": 4, "tstamp": 0.0, "transferred": 0, "dist": 0.34265362248625986}, "_child1": {"label": 19, "event": "S", "reconc": 4, "tstamp": 0.0, "transferred": 0, "dist": 0.2632618407318704}}, "_child1": {"label": 13, "event": "S", "reconc": 2, "tstamp": 0.0, "transferred": 1, "dist": 0.890672729282634}}, "_child1": {"label": 10, "event": "S", "reconc": 5, "tstamp": 0.42528386509760024, "transferred": 0, "dist": 0.13912664453640747, "_child0": {"label": 14, "event": "S", "reconc": 7, "tstamp": 0.016771245291878248, "transferred": 0, "dist": 0.436629898483309, "_child0": {"label": 22, "event": "S", "reconc": 8, "tstamp": 0.0, "transferred": 0, "dist": 0.01924138943067525}, "_child1": {"label": 23, "event": "S", "reconc": 9, "tstamp": 0.0, "transferred": 0, "dist": 0.01952102776402908}}, "_child1": {"label": 15, "event": "S", "reconc": 6, "tstamp": 0.0, "transferred": 0, "dist": 0.4700472415809473}}}, "_child1": {"label": 17, "event": "S", "reconc": 7, "tstamp": 0.016771245291878248, "transferred": 1, "dist": 1.1531751766285074, "_child0": {"label": 24, "event": "S", "reconc": 8, "tstamp": 0.0, "transferred": 0, "dist": 0.01924163783564817}, "_child1": {"label": 25, "event": "S", "reconc": 9, "tstamp": 0.0, "transferred": 0, "dist": 0.03694641562686146}}}, "_child1": {"label": 3, "event": "D", "reconc": [1, 2], "tstamp": 0.03380505624105565, "transferred": 0, "dist": 1.0880347474883079, "_child0": {"label": 20, "event": "S", "reconc": 2, "tstamp": 0.0, "transferred": 0, "dist": 0.09455636505599364}, "_child1": {"label": 21, "event": "S", "reconc": 2, "tstamp": 0.0, "transferred": 0, "dist": 0.14491868365610372}}}