{"label": 1, "event": "S", "reconc": 1, "tstamp": 0.7267838378299367, "transferred": 0, "dist": 0.0, "_child0": {"label": 2, "event": "S", "reconc": 3, "tstamp": 0.6858322073118168, "transferred": 0, "dist": 0.04585023416405718, "_child0": {"label": 4, "event": "H", "reconc": [3, 6], "tstamp": 0.44693156071012474, "transferred": 0, "dist": 0.2085196843210102, "_child0": {"label": 8, "event": "H", "reconc": [1, 2], "tstamp": 0.35633045953730147, "transferred": 1, "dist": 0.1589074302960593, "_child0": {"label": 15, "event": "D", "reconc": [1, 2], "tstamp": 0.057516346838324336, "transferred": 0, "dist": 0.470970979905073, "_child0": {"label": 23, "event": "S", "reconc": 2, "tstamp": 0.0, "transferred": 0, "dist": 0.06757459570966722}, "_child1": {"label": 24, "event": "S", "reconc": 2, "tstamp": 0.0, "transferred": 0, "dist": 0.07377368815626677}}, "_child1": {"label": 19, "event": "S", "reconc": 8, "tstamp": 0.0, "transferred": 1, "dist": 0.3433466383130142}}, "_child1": {"label": 7, "event": "H", "reconc": [3, 6], "tstamp": 0.25633552192720815, "transferred": 0, "dist": 0.16635796681668458, "_child0": {"label": 13, "event": "H", "reconc": [3, 6], "tstamp": 0.06283921678505576, "transferred": 0, "dist": 0.16888940670300262, "_child0": {"label": 21, "event": "S", "reconc": 6, "tstamp": 0.0, "transferred": 0, "dist": 0.054847962252884686}, "_child1": {"label": 22, "event": "S", "reconc": 4, "tstamp": 0.0, "transferred": 1, "dist": 0.06696214137567467}}, "_child1": {"label": 14, "event": "S", "reconc": 2, "tstamp": 0.0, "transferred": 1, "dist": 0.2778274889990153}}}, "_child1": {"label": 5, "event": "S", "reconc": 7, "tstamp": 0.07948882253171309, "transferred": 0, "dist": 0.6024277152163466, "_child0": {"label": 17, "event": "S", "reconc": 8, "tstamp": 0.0, "transferred": 0, "dist": 0.06526698613789213}, "_child1": {"label": 18, "event": "S", "reconc": 9, "tstamp": 0.0, "transferred": 0, "dist": 0.0709205821865483}}}, "_child1": {"label": 3, "event": "D", "reconc": [1, 2], "tstamp": 0.3371464187975212, "transferred": 0, "dist": 0.40490022481231314, "_child0": {"label": 11, "event": "S", "reconc": 2, "tstamp": 0.0, "transferred": 0, "dist": 0.7281689365463673}, "_child1": {"label": 12, "event": "S", "reconc": 2, "tstamp": 0.0, "transferred": 0, "dist": 0.3503530567078973}}}