{"label": 2, "event": "S", "reconc": 3, "tstamp": 0.8074578860000956, "transferred": 0, "dist": 0.0, "_child0": {"label": 5, "event": "D", "reconc": [3, 4], "tstamp": 0.7951864127781999, "transferred": 0, "dist": 0.0109046770008732, "_child0": {"label": 7, "event": "H", "reconc": [3, 4], "tstamp": 0.7157968907953899, "transferred": 0, "dist": 0.07054712004191861, "_child0": {"label": 17, "event": "H", "reconc": [5, 7], "tstamp": 0.1370306413938614, "transferred": 1, "dist": 0.8477397738322313, "_child0": {"label": 35, "event": "S", "reconc": 2, "tstamp": 0.09602335556570804, "transferred": 1, "dist": 0.11556376073642749, "_child0": {"label": 38, "event": "S", "reconc": 16, "tstamp": 0.0, "transferred": 0, "dist": 0.4206281082094047}, "_child1": {"label": 39, "event": "S", "reconc": 17, "tstamp": 0.0, "transferred": 0, "dist": 0.056112840779548166}}, "_child1": {"label": 34, "event": "S", "reconc": 7, "tstamp": 0.0, "transferred": 0, "dist": 0.1889898303764983}}, "_child1": {"label": 9, "event": "H", "reconc": [1, 2], "tstamp": 0.4441110328134884, "transferred": 1, "dist": 0.21285737544850616, "_child0": {"label": 22, "event": "D", "reconc": [3, 4], "tstamp": 0.22752548839144554, "transferred": 1, "dist": 0.3710510391941772, "_child0": {"label": 28, "event": "S", "reconc": 4, "tstamp": 0.0, "transferred": 0, "dist": 0.560539377388672}, "_child1": {"label": 29, "event": "S", "reconc": 4, "tstamp": 0.0, "transferred": 0, "dist": 0.3255705197283817}}, "_child1": {"label": 36, "event": "S", "reconc": 16, "tstamp": 0.0, "transferred": 0, "dist": 0.33129878196001117}}}, "_child1": {"label": 6, "event": "H", "reconc": [3, 4], "tstamp": 0.07685144824847903, "transferred": 0, "dist": 0.6383268434839348, "_child0": {"label": 43, "event": "S", "reconc": 7, "tstamp": 0.0, "transferred": 1, "dist": 0.14847751414392507}, "_child1": {"label": 42, "event": "S", "reconc": 4, "tstamp": 0.0, "transferred": 0, "dist": 0.06829173686364656}}}, "_child1": {"label": 4, "event": "S", "reconc": 5, "tstamp": 0.6753546245044733, "transferred": 0, "dist": 0.15501642084591863, "_child0": {"label": 13, "event": "D", "reconc": [5, 7], "tstamp": 0.5079283963465558, "transferred": 0, "dist": 0.19727520655682074, "_child0": {"label": 19, "event": "S", "reconc": 7, "tstamp": 0.0, "transferred": 0, "dist": 0.5984825699521267}, "_child1": {"label": 20, "event": "S", "reconc": 7, "tstamp": 0.0, "transferred": 0, "dist": 0.5984825699521267}}, "_child1": {"label": 11, "event": "S", "reconc": 9, "tstamp": 0.31196363670899857, "transferred": 0, "dist": 0.5321554214888706, "_child0": {"label": 23, "event": "S", "reconc": 11, "tstamp": 0.2347532194845612, "transferred": 0, "dist": 0.12568548331251259, "_child0": {"label": 26, "event": "S", "reconc": 12, "tstamp": 0.024325548793637446, "transferred": 0, "dist": 0.2975929978607046, "_child0": {"label": 46, "event": "S", "reconc": 18, "tstamp": 0.0, "transferred": 0, "dist": 0.029782110431632678}, "_child1": {"label": 47, "event": "S", "reconc": 19, "tstamp": 0.0, "transferred": 0, "dist": 0.02948507779854416}}, "_child1": {"label": 27, "event": "S", "reconc": 13, "tstamp": 0.0, "transferred": 0, "dist": 0.3632234964520493}}, "_child1": {"label": 24, "event": "H", "reconc": [9, 15], "tstamp": 0.14136272504665923, "transferred": 0, "dist": 0.27703233977023434, "_child0": {"label": 31, "event": "H", "reconc": [9, 14], "tstamp": 0.14097391460255165, "transferred": 1, "dist": 0.0026542732826381854, "_child0": {"label": 33, "event": "H", "reconc": [9, 15], "tstamp": 0.08506257835723048, "transferred": 1, "dist": 0.44728705609721364, "_child0": {"label": 40, "event": "H", "reconc": [9, 15], "tstamp": 0.07264985748413265, "transferred": 0, "dist": 0.09930096024040164, "_child0": {"label": 45, "event": "S", "reconc": 13, "tstamp": 0.0, "transferred": 1, "dist": 0.14425799267492212}, "_child1": {"label": 44, "event": "S", "reconc": 15, "tstamp": 0.0, "transferred": 0, "dist": 0.5811941381150433}}, "_child1": {"label": 41, "event": "S", "reconc": 12, "tstamp": 0.024325548793637446, "transferred": 1, "dist": 0.11247974093209738, "_child0": {"label": 48, "event": "S", "reconc": 18, "tstamp": 0.0, "transferred": 0, "dist": 0.03678504726026328}, "_child1": {"label": 49, "event": "S", "reconc": 19, "tstamp": 0.0, "transferred": 0, "dist": 0.05012882056723169}}}, "_child1": {"label": 32, "event": "S", "reconc": 14, "tstamp": 0.0, "transferred": 0, "dist": 0.7440408520326343}}, "_child1": {"label": 30, "event": "S", "reconc": 15, "tstamp": 0.0, "transferred": 0, "dist": 0.22955355920655054}}}, "_child2": {"label": 10, "event": "S", "reconc": 8, "tstamp": 0.0, "transferred": 0, "dist": 0.8569332412805873}}}