{"label": 0, "event": null, "tstamp": 1.0, "dist": 0.0, "_child0": {"label": 1, "event": "S", "tstamp": 0.9278472901933115, "dist": 0.07215270980668853, "_child0": {"label": 12, "event": "S", "tstamp": 0.0, "dist": 0.9278472901933115}, "_child1": {"label": 15, "event": "S", "tstamp": 0.0, "dist": 0.9278472901933115}, "_child2": {"label": 14, "event": "S", "tstamp": 0.0, "dist": 0.9278472901933115}, "_child3": {"label": 5, "event": "S", "tstamp": 0.5216610782577679, "dist": 0.4061862119355436, "_child0": {"label": 8, "event": "S", "tstamp": 0.0, "dist": 0.5216610782577679}, "_child1": {"label": 9, "event": "S", "tstamp": 0.08452911658391238, "dist": 0.4371319616738555, "_child0": {"label": 10, "event": "S", "tstamp": 0.0, "dist": 0.08452911658391238}, "_child1": {"label": 11, "event": "S", "tstamp": 0.0, "dist": 0.08452911658391238}}, "_child2": {"label": 6, "event": "S", "tstamp": 0.0, "dist": 0.5216610782577679}}, "_child4": {"label": 2, "event": "S", "tstamp": 0.0, "dist": 0.9278472901933115}}}