{"label": 1, "event": "S", "reconc": 1, "tstamp": 0.8606430688208863, "transferred": 0, "dist": 0.0, "_child0": {"label": 4, "event": "H", "reconc": [1, 2], "tstamp": 0.8396761533495403, "transferred": 0, "dist": 0.026091306919957508, "_child0": {"label": 5, "event": "D", "reconc": [1, 2], "tstamp": 0.7762968863069546, "transferred": 0, "dist": 0.07886939359439755, "_child0": {"label": 37, "event": "S", "reconc": 12, "tstamp": 0.3739457229388216, "transferred": 0, "dist": 0.5072500244874564, "_child0": {"label": 47, "event": "S", "reconc": 22, "tstamp": 0.0, "transferred": 0, "dist": 0.4176976729829537}, "_child1": {"label": 48, "event": "S", "reconc": 23, "tstamp": 0.0, "transferred": 0, "dist": 0.40026449551557003}}, "_child1": {"label": 12, "event": "S", "reconc": 2, "tstamp": 0.7005501187276388, "transferred": 0, "dist": 0.09425955686269295, "_child0": {"label": 23, "event": "S", "reconc": 12, "tstamp": 0.3739457229388216, "transferred": 0, "dist": 0.4129904676247634, "_child0": {"label": 45, "event": "S", "reconc": 22, "tstamp": 0.0, "transferred": 0, "dist": 0.4176976729829537}, "_child1": {"label": 46, "event": "S", "reconc": 23, "tstamp": 0.0, "transferred": 0, "dist": 0.40026449551557003}}, "_child1": {"label": 24, "event": "S", "reconc": 13, "tstamp": 0.0, "transferred": 0, "dist": 0.9274452665505486}}}, "_child1": {"label": 6, "event": "S", "reconc": 4, "tstamp": 0.7420161981623814, "transferred": 1, "dist": 0.11162234351798198, "_child0": {"label": 15, "event": "S", "reconc": 9, "tstamp": 0.727803171635505, "transferred": 0, "dist": 0.04065487254885787, "_child0": {"label": 19, "event": "S", "reconc": 11, "tstamp": 0.6661328862149732, "transferred": 0, "dist": 0.07593468331988018, "_child0": {"label": 30, "event": "S", "reconc": 14, "tstamp": 0.5318680626708611, "transferred": 0, "dist": 0.3820334214237198, "_child0": {"label": 34, "event": "D", "reconc": [14, 18], "tstamp": 0.5288295583214057, "transferred": 0, "dist": 0.009319270789621727, "_child0": {"label": 35, "event": "S", "reconc": 18, "tstamp": 0.0, "transferred": 0, "dist": 1.2547200262719336}, "_child1": {"label": 36, "event": "S", "reconc": 18, "tstamp": 0.0, "transferred": 0, "dist": 2.7614916809495726}}, "_child1": {"label": 33, "event": "S", "reconc": 19, "tstamp": 0.44556885012278113, "transferred": 0, "dist": 0.14360534391008625, "_child0": {"label": 41, "event": "S", "reconc": 20, "tstamp": 0.0, "transferred": 0, "dist": 1.1304408983891807}, "_child1": {"label": 42, "event": "S", "reconc": 21, "tstamp": 0.0, "transferred": 0, "dist": 0.8960151644627503}}}, "_child1": {"label": 28, "event": "D", "reconc": [11, 17], "tstamp": 0.35988307905830463, "transferred": 0, "dist": 0.4588537267181233, "_child0": {"label": 49, "event": "S", "reconc": 17, "tstamp": 0.0, "transferred": 0, "dist": 0.47048699248562154}, "_child1": {"label": 50, "event": "S", "reconc": 17, "tstamp": 0.0, "transferred": 0, "dist": 0.7370439195535813}}}, "_child1": {"label": 20, "event": "D", "reconc": [9, 10], "tstamp": 0.027466511704231276, "transferred": 0, "dist": 4.4383398854166565, "_child0": {"label": 67, "event": "S", "reconc": 10, "tstamp": 0.0, "transferred": 0, "dist": 0.02647423417894275}, "_child1": {"label": 68, "event": "S", "reconc": 10, "tstamp": 0.0, "transferred": 0, "dist": 0.049118183551244005}}}, "_child1": {"label": 16, "event": "H", "reconc": [4, 8], "tstamp": 0.3758682240247922, "transferred": 0, "dist": 0.4242120736537341, "_child0": {"label": 43, "event": "D", "reconc": [4, 8], "tstamp": 0.11965727235939329, "transferred": 0, "dist": 0.29684113193518147, "_child0": {"label": 59, "event": "S", "reconc": 8, "tstamp": 0.0, "transferred": 0, "dist": 0.13967353457269416}, "_child1": {"label": 60, "event": "S", "reconc": 8, "tstamp": 0.0, "transferred": 0, "dist": 0.14106976842768698}}, "_child1": {"label": 44, "event": "S", "reconc": 18, "tstamp": 0.0, "transferred": 1, "dist": 1.4728010675255276}}}}, "_child1": {"label": 9, "event": "S", "reconc": 6, "tstamp": 0.0, "transferred": 0, "dist": 1.064839217297077}, "_child2": {"label": 2, "event": "S", "reconc": 4, "tstamp": 0.7420161981623814, "transferred": 0, "dist": 0.12819003182991337, "_child0": {"label": 13, "event": "S", "reconc": 9, "tstamp": 0.727803171635505, "transferred": 0, "dist": 0.015772797783152256, "_child0": {"label": 17, "event": "S", "reconc": 11, "tstamp": 0.6661328862149732, "transferred": 0, "dist": 0.07467663349065004, "_child0": {"label": 27, "event": "S", "reconc": 14, "tstamp": 0.5318680626708611, "transferred": 0, "dist": 0.19551987083983438, "_child0": {"label": 31, "event": "S", "reconc": 19, "tstamp": 0.44556885012278113, "transferred": 0, "dist": 0.13282867920957844, "_child0": {"label": 39, "event": "H", "reconc": [19, 20], "tstamp": 0.2631820591066456, "transferred": 0, "dist": 0.21146347032096585, "_child0": {"label": 55, "event": "S", "reconc": 20, "tstamp": 0.0, "transferred": 0, "dist": 0.3051393756907826}, "_child1": {"label": 56, "event": "S", "reconc": 8, "tstamp": 0.0, "transferred": 1, "dist": 0.7231474072829825}}, "_child1": {"label": 40, "event": "D", "reconc": [19, 21], "tstamp": 0.07517015309759219, "transferred": 0, "dist": 0.5664492109583636, "_child0": {"label": 63, "event": "S", "reconc": 21, "tstamp": 0.0, "transferred": 0, "dist": 0.11495740738757197}, "_child1": {"label": 64, "event": "S", "reconc": 21, "tstamp": 0.0, "transferred": 0, "dist": 0.11495740738757197}}}, "_child1": {"label": 32, "event": "S", "reconc": 18, "tstamp": 0.0, "transferred": 0, "dist": 0.8041185216544112}}, "_child1": {"label": 26, "event": "S", "reconc": 16, "tstamp": 0.33538703491929484, "transferred": 0, "dist": 0.5007522051641389, "_child0": {"label": 51, "event": "S", "reconc": 25, "tstamp": 0.2882492942968914, "transferred": 0, "dist": 0.07778358535977788, "_child0": {"label": 53, "event": "H", "reconc": [25, 26], "tstamp": 0.19394517651961135, "transferred": 0, "dist": 0.1319001644433825, "_child0": {"label": 57, "event": "S", "reconc": 26, "tstamp": 0.11361926939874142, "transferred": 0, "dist": 0.11234928662743064, "_child0": {"label": 61, "event": "S", "reconc": 28, "tstamp": 0.0, "transferred": 0, "dist": 0.14049050053321577}, "_child1": {"label": 62, "event": "S", "reconc": 29, "tstamp": 0.0, "transferred": 0, "dist": 0.13256570780672836}}, "_child1": {"label": 58, "event": "S", "reconc": 17, "tstamp": 0.0, "transferred": 1, "dist": 0.2847050849161253}}, "_child1": {"label": 54, "event": "S", "reconc": 27, "tstamp": 0.0, "transferred": 0, "dist": 0.4637176340060738}}, "_child1": {"label": 52, "event": "S", "reconc": 24, "tstamp": 0.0, "transferred": 0, "dist": 0.5312285074784041}}}, "_child1": {"label": 18, "event": "D", "reconc": [9, 10], "tstamp": 0.06163378097400728, "transferred": 0, "dist": 0.5683454241515656, "_child0": {"label": 65, "event": "S", "reconc": 10, "tstamp": 0.0, "transferred": 0, "dist": 0.06870072938758828}, "_child1": {"label": 66, "event": "S", "reconc": 10, "tstamp": 0.0, "transferred": 0, "dist": 0.052583138584246916}}}, "_child1": {"label": 14, "event": "S", "reconc": 8, "tstamp": 0.0, "transferred": 0, "dist": 0.8573723435400064}}}