{"label": 0, "event": null, "tstamp": 1.0, "dist": 0.0, "_child0": {"label": 1, "event": "S", "tstamp": 0.9139277960502934, "dist": 0.0860722039497066, "_child0": {"label": 4, "event": "S", "tstamp": 0.48671974444838295, "dist": 0.42720805160191044, "_child0": {"label": 10, "event": "S", "tstamp": 0.0, "dist": 0.48671974444838295}, "_child1": {"label": 11, "event": "S", "tstamp": 0.0818631362588594, "dist": 0.40485660818952357, "_child0": {"label": 13, "event": "S", "tstamp": 0.03450941980369155, "dist": 0.047353716455167845, "_child0": {"label": 14, "event": "S", "tstamp": 0.0, "dist": 0.03450941980369155}, "_child1": {"label": 15, "event": "S", "tstamp": 0.0, "dist": 0.03450941980369155}}, "_child1": {"label": 12, "event": "S", "tstamp": 0.0, "dist": 0.0818631362588594}}, "_child2": {"label": 8, "event": "S", "tstamp": 0.0, "dist": 0.48671974444838295}}, "_child1": {"label": 5, "event": "S", "tstamp": 0.5878918535411762, "dist": 0.32603594250911716, "_child0": {"label": 6, "event": "S", "tstamp": 0.0, "dist": 0.5878918535411762}, "_child1": {"label": 7, "event": "S", "tstamp": 0.0, "dist": 0.5878918535411762}}, "_child2": {"label": 2, "event": "S", "tstamp": 0.0, "dist": 0.9139277960502934}}}