{"label": 2, "event": "S", "reconc": 2, "tstamp": 0.8238496377027146, "transferred": 0, "dist": 0.0, "_child0": {"label": 11, "event": "S", "reconc": 7, "tstamp": 0.6726610765088982, "transferred": 1, "dist": 0.13809384920659148, "_child0": {"label": 15, "event": "S", "reconc": 9, "tstamp": 0.5447699507320849, "transferred": 0, "dist": 0.12075721308830466, "_child0": {"label": 22, "event": "D", "reconc": [9, 10], "tstamp": 0.35145831222544055, "transferred": 0, "dist": 0.8240611728844933, "_child0": {"label": 27, "event": "S", "reconc": 10, "tstamp": 0.2610470698970885, "transferred": 0, "dist": 0.15210001133102424, "_child0": {"label": 38, "event": "S", "reconc": 16, "tstamp": 0.0, "transferred": 0, "dist": 0.23313509126792248}, "_child1": {"label": 32, "event": "S", "reconc": 14, "tstamp": 0.0, "transferred": 0, "dist": 0.6089388851771724}}, "_child1": {"label": 28, "event": "S", "reconc": 10, "tstamp": 0.2610470698970885, "transferred": 0, "dist": 0.13464853474614252, "_child0": {"label": 33, "event": "S", "reconc": 15, "tstamp": 0.25161802671159733, "transferred": 0, "dist": 0.025322107165307955, "_child0": {"label": 40, "event": "D", "reconc": [15, 16], "tstamp": 0.22436833789445348, "transferred": 0, "dist": 0.026526628099741344, "_child0": {"label": 43, "event": "S", "reconc": 16, "tstamp": 0.0, "transferred": 0, "dist": 0.8469666921681648}, "_child1": {"label": 44, "event": "S", "reconc": 16, "tstamp": 0.0, "transferred": 0, "dist": 0.277972362500467}}, "_child1": {"label": 39, "event": "S", "reconc": 17, "tstamp": 0.14075620002302577, "transferred": 0, "dist": 1.3047017356998556, "_child0": {"label": 51, "event": "S", "reconc": 20, "tstamp": 0.0, "transferred": 0, "dist": 0.2905088904178901}, "_child1": {"label": 46, "event": "S", "reconc": 18, "tstamp": 0.0, "transferred": 0, "dist": 0.42304495504286854}}}, "_child1": {"label": 34, "event": "S", "reconc": 14, "tstamp": 0.0, "transferred": 0, "dist": 0.730641607970953}}}, "_child1": {"label": 21, "event": "D", "reconc": [9, 12], "tstamp": 0.091507659599928, "transferred": 0, "dist": 0.4277361986615586, "_child0": {"label": 57, "event": "S", "reconc": 12, "tstamp": 0.0, "transferred": 0, "dist": 0.07922749269254041}, "_child1": {"label": 58, "event": "S", "reconc": 12, "tstamp": 0.0, "transferred": 0, "dist": 0.3906761339123231}}, "_child2": {"label": 20, "event": "S", "reconc": 13, "tstamp": 0.0, "transferred": 0, "dist": 0.46432700711588454}}, "_child1": {"label": 16, "event": "S", "reconc": 8, "tstamp": 0.0, "transferred": 0, "dist": 2.8916756482493233}}, "_child1": {"label": 5, "event": "S", "reconc": 5, "tstamp": 0.6929827373004658, "transferred": 0, "dist": 0.10269678648994333, "_child0": {"label": 9, "event": "S", "reconc": 7, "tstamp": 0.6726610765088982, "transferred": 0, "dist": 0.016151473377991665, "_child0": {"label": 13, "event": "S", "reconc": 9, "tstamp": 0.5447699507320849, "transferred": 0, "dist": 0.11750829723603662, "_child0": {"label": 29, "event": "S", "reconc": 15, "tstamp": 0.25161802671159733, "transferred": 0, "dist": 0.2999230079874153, "_child0": {"label": 35, "event": "D", "reconc": [15, 17], "tstamp": 0.22489915979500447, "transferred": 0, "dist": 0.025582679454769292, "_child0": {"label": 41, "event": "S", "reconc": 17, "tstamp": 0.14075620002302577, "transferred": 0, "dist": 0.0805648822961604, "_child0": {"label": 47, "event": "S", "reconc": 19, "tstamp": 0.10729381925605809, "transferred": 0, "dist": 0.030227125079176707, "_child0": {"label": 53, "event": "H", "reconc": [19, 20], "tstamp": 0.048717197542297454, "transferred": 0, "dist": 0.04987957381239856, "_child0": {"label": 60, "event": "S", "reconc": 12, "tstamp": 0.0, "transferred": 1, "dist": 0.050587610276283605}, "_child1": {"label": 59, "event": "S", "reconc": 20, "tstamp": 0.0, "transferred": 0, "dist": 0.04148400811877789}}, "_child1": {"label": 54, "event": "S", "reconc": 21, "tstamp": 0.0, "transferred": 0, "dist": 0.08793819341257267}}, "_child1": {"label": 48, "event": "S", "reconc": 18, "tstamp": 0.0, "transferred": 0, "dist": 0.128019975694452}}, "_child1": {"label": 42, "event": "S", "reconc": 17, "tstamp": 0.14075620002302577, "transferred": 0, "dist": 0.0805648822961604, "_child0": {"label": 49, "event": "S", "reconc": 19, "tstamp": 0.10729381925605809, "transferred": 0, "dist": 0.030227125079176707, "_child0": {"label": 55, "event": "S", "reconc": 20, "tstamp": 0.0, "transferred": 0, "dist": 0.09136358193117645}, "_child1": {"label": 56, "event": "S", "reconc": 21, "tstamp": 0.0, "transferred": 0, "dist": 0.08793819341257267}}, "_child1": {"label": 50, "event": "S", "reconc": 18, "tstamp": 0.0, "transferred": 0, "dist": 0.128019975694452}}}, "_child1": {"label": 36, "event": "S", "reconc": 16, "tstamp": 0.0, "transferred": 0, "dist": 0.22267595417757832}}, "_child1": {"label": 17, "event": "H", "reconc": [9, 13], "tstamp": 0.017222063486947808, "transferred": 0, "dist": 0.449598022585231, "_child0": {"label": 61, "event": "S", "reconc": 13, "tstamp": 0.0, "transferred": 0, "dist": 0.014677351337720511}, "_child1": {"label": 62, "event": "S", "reconc": 6, "tstamp": 0.0, "transferred": 1, "dist": 0.03858174393794934}}}, "_child1": {"label": 14, "event": "D", "reconc": [7, 8], "tstamp": 0.45510888223949486, "transferred": 0, "dist": 0.13970163203066358, "_child0": {"label": 23, "event": "S", "reconc": 8, "tstamp": 0.0, "transferred": 0, "dist": 0.292249194792196}, "_child1": {"label": 24, "event": "S", "reconc": 8, "tstamp": 0.0, "transferred": 0, "dist": 0.292249194792196}}}, "_child1": {"label": 10, "event": "D", "reconc": [5, 6], "tstamp": 0.40521768568463123, "transferred": 0, "dist": 0.22195239533837594, "_child0": {"label": 25, "event": "S", "reconc": 6, "tstamp": 0.0, "transferred": 0, "dist": 0.312543289972701}, "_child1": {"label": 26, "event": "S", "reconc": 6, "tstamp": 0.0, "transferred": 0, "dist": 0.312543289972701}}}}