{"label": 1, "event": "S", "reconc": 1, "tstamp": 0.9940880144898777, "transferred": 0, "dist": 0.0, "_child0": {"label": 4, "event": "S", "reconc": 5, "tstamp": 0.7836854624309343, "transferred": 0, "dist": 0.18783161159643405, "_child0": {"label": 8, "event": "S", "reconc": 9, "tstamp": 0.3850476121922157, "transferred": 0, "dist": 0.33997942503775175, "_child0": {"label": 24, "event": "S", "reconc": 12, "tstamp": 0.0, "transferred": 0, "dist": 0.33745702094641306}, "_child1": {"label": 19, "event": "S", "reconc": 11, "tstamp": 0.07802710930171887, "transferred": 0, "dist": 0.21869519505322277, "_child0": {"label": 32, "event": "S", "reconc": 14, "tstamp": 0.0, "transferred": 0, "dist": 0.045449537933623906}, "_child1": {"label": 33, "event": "S", "reconc": 15, "tstamp": 0.0, "transferred": 0, "dist": 0.048570522854696735}}}, "_child1": {"label": 7, "event": "D", "reconc": [5, 7], "tstamp": 0.4303158200186973, "transferred": 0, "dist": 0.22770999783637788, "_child0": {"label": 23, "event": "D", "reconc": [5, 7], "tstamp": 0.004287633453079184, "transferred": 0, "dist": 0.28273129019655313, "_child0": {"label": 44, "event": "S", "reconc": 7, "tstamp": 0.0, "transferred": 0, "dist": 0.0028274929311572867}, "_child1": {"label": 45, "event": "S", "reconc": 7, "tstamp": 0.0, "transferred": 0, "dist": 0.005712793040551068}}, "_child1": {"label": 13, "event": "D", "reconc": [5, 7], "tstamp": 0.07210131452234174, "transferred": 0, "dist": 0.23083200841677506, "_child0": {"label": 39, "event": "D", "reconc": [5, 7], "tstamp": 0.0703522167145906, "transferred": 0, "dist": 0.0073142962002387115, "_child0": {"label": 40, "event": "S", "reconc": 7, "tstamp": 0.0, "transferred": 0, "dist": 0.047096855734521444}, "_child1": {"label": 41, "event": "S", "reconc": 7, "tstamp": 0.0, "transferred": 0, "dist": 0.05802042666815055}}, "_child1": {"label": 38, "event": "S", "reconc": 7, "tstamp": 0.0, "transferred": 0, "dist": 0.11445708058598691}}}}, "_child1": {"label": 3, "event": "D", "reconc": [1, 2], "tstamp": 0.5271831771374207, "transferred": 0, "dist": 0.45741319601971475, "_child0": {"label": 11, "event": "H", "reconc": [1, 2], "tstamp": 0.4103246531949219, "transferred": 0, "dist": 0.12196070886237305, "_child0": {"label": 15, "event": "H", "reconc": [6, 9], "tstamp": 0.408817996480087, "transferred": 1, "dist": 0.0016587360753201122, "_child0": {"label": 16, "event": "S", "reconc": 9, "tstamp": 0.3850476121922157, "transferred": 0, "dist": 0.02616972635789489, "_child0": {"label": 20, "event": "S", "reconc": 10, "tstamp": 0.3324247434794791, "transferred": 0, "dist": 0.06188356291764322, "_child0": {"label": 26, "event": "H", "reconc": [10, 12], "tstamp": 0.000669540120904475, "transferred": 0, "dist": 0.3325133398240744, "_child0": {"label": 46, "event": "S", "reconc": 12, "tstamp": 0.0, "transferred": 0, "dist": 0.0006710701731105414}, "_child1": {"label": 47, "event": "S", "reconc": 15, "tstamp": 0.0, "transferred": 1, "dist": 0.0009097295901410748}}, "_child1": {"label": 27, "event": "S", "reconc": 13, "tstamp": 0.0, "transferred": 0, "dist": 0.3247345855123116}}, "_child1": {"label": 21, "event": "D", "reconc": [9, 11], "tstamp": 0.1660824435505713, "transferred": 0, "dist": 0.33511065425415854, "_child0": {"label": 30, "event": "S", "reconc": 11, "tstamp": 0.07802710930171887, "transferred": 0, "dist": 0.3532640477131544, "_child0": {"label": 34, "event": "S", "reconc": 14, "tstamp": 0.0, "transferred": 0, "dist": 0.05169435818091843}, "_child1": {"label": 35, "event": "S", "reconc": 15, "tstamp": 0.0, "transferred": 0, "dist": 0.23840998319866286}}, "_child1": {"label": 31, "event": "S", "reconc": 11, "tstamp": 0.07802710930171887, "transferred": 0, "dist": 0.06526675264532059, "_child0": {"label": 36, "event": "H", "reconc": [11, 14], "tstamp": 0.03963012041269932, "transferred": 0, "dist": 0.03165077268188055, "_child0": {"label": 42, "event": "S", "reconc": 14, "tstamp": 0.0, "transferred": 0, "dist": 0.03266724732408904}, "_child1": {"label": 43, "event": "S", "reconc": 7, "tstamp": 0.0, "transferred": 1, "dist": 0.05223439835515743}}, "_child1": {"label": 37, "event": "S", "reconc": 15, "tstamp": 0.0, "transferred": 0, "dist": 0.05101802320353154}}}}, "_child1": {"label": 17, "event": "D", "reconc": [3, 4], "tstamp": 0.22039809394381482, "transferred": 1, "dist": 0.1607249703709787, "_child0": {"label": 28, "event": "S", "reconc": 4, "tstamp": 0.0, "transferred": 0, "dist": 0.2589770747131134}, "_child1": {"label": 29, "event": "S", "reconc": 4, "tstamp": 0.0, "transferred": 0, "dist": 0.9610852573350555}}}, "_child1": {"label": 14, "event": "S", "reconc": 2, "tstamp": 0.0, "transferred": 0, "dist": 0.4282399253304309}}, "_child1": {"label": 10, "event": "S", "reconc": 2, "tstamp": 0.0, "transferred": 0, "dist": 0.5164665436527593}}}