{"label": 1, "event": "S", "reconc": 1, "tstamp": 0.9355189679806323, "transferred": 0, "dist": 0.0, "_child0": {"label": 2, "event": "D", "reconc": [1, 3], "tstamp": 0.8905885824978955, "transferred": 0, "dist": 0.04775690564996137, "_child0": {"label": 4, "event": "S", "reconc": 3, "tstamp": 0.8860542075341709, "transferred": 0, "dist": 0.0048196274079898155, "_child0": {"label": 6, "event": "S", "reconc": 5, "tstamp": 0.7559921799994215, "transferred": 0, "dist": 0.14176758805054046, "_child0": {"label": 10, "event": "D", "reconc": [5, 7], "tstamp": 0.47671461373534696, "transferred": 0, "dist": 0.268181028545037, "_child0": {"label": 24, "event": "S", "reconc": 11, "tstamp": 0.4114183695649423, "transferred": 0, "dist": 0.05725396689393582, "_child0": {"label": 39, "event": "S", "reconc": 9, "tstamp": 0.0, "transferred": 1, "dist": 0.5135245979676992}, "_child1": {"label": 42, "event": "S", "reconc": 12, "tstamp": 0.0, "transferred": 0, "dist": 0.291888043780045}}, "_child1": {"label": 21, "event": "S", "reconc": 7, "tstamp": 0.46615063948347546, "transferred": 0, "dist": 0.010144235780511466, "_child0": {"label": 26, "event": "S", "reconc": 11, "tstamp": 0.4114183695649423, "transferred": 0, "dist": 0.04710973111342435, "_child0": {"label": 61, "event": "S", "reconc": 12, "tstamp": 0.0, "transferred": 0, "dist": 0.8481126879413428}, "_child1": {"label": 37, "event": "D", "reconc": [11, 13], "tstamp": 0.08940849347355254, "transferred": 0, "dist": 0.3266850026339791, "_child0": {"label": 71, "event": "S", "reconc": 13, "tstamp": 0.0, "transferred": 0, "dist": 0.3318813238551057}, "_child1": {"label": 72, "event": "S", "reconc": 13, "tstamp": 0.0, "transferred": 0, "dist": 0.09070657794861534}}}, "_child1": {"label": 27, "event": "H", "reconc": [7, 10], "tstamp": 0.2906668382448577, "transferred": 0, "dist": 0.14534613736073737, "_child0": {"label": 44, "event": "S", "reconc": 10, "tstamp": 0.0, "transferred": 0, "dist": 0.24074758980346944}, "_child1": {"label": 45, "event": "S", "reconc": 14, "tstamp": 0.0, "transferred": 1, "dist": 0.6926767012423387}}}}, "_child1": {"label": 47, "event": "D", "reconc": [15, 17], "tstamp": 0.17669191512869492, "transferred": 0, "dist": 0.580494735276034, "_child0": {"label": 55, "event": "D", "reconc": [15, 17], "tstamp": 0.12675414928191933, "transferred": 0, "dist": 0.04917025027630241, "_child0": {"label": 62, "event": "S", "reconc": 17, "tstamp": 0.0, "transferred": 0, "dist": 0.12261610560912971}, "_child1": {"label": 63, "event": "S", "reconc": 17, "tstamp": 0.0, "transferred": 0, "dist": 0.3246823488747938}}, "_child1": {"label": 54, "event": "S", "reconc": 17, "tstamp": 0.0, "transferred": 0, "dist": 0.2303725115695114}}, "_child2": {"label": 11, "event": "H", "reconc": [5, 14], "tstamp": 0.22117507758688384, "transferred": 0, "dist": 0.5052352574772129, "_child0": {"label": 52, "event": "S", "reconc": 14, "tstamp": 0.0, "transferred": 0, "dist": 0.20894142458809326}, "_child1": {"label": 53, "event": "S", "reconc": 9, "tstamp": 0.0, "transferred": 1, "dist": 0.44316391342489714}}}, "_child1": {"label": 7, "event": "S", "reconc": 4, "tstamp": 0.0, "transferred": 0, "dist": 1.000231509434479}}, "_child1": {"label": 8, "event": "S", "reconc": 5, "tstamp": 0.7559921799994215, "transferred": 0, "dist": 0.14658721545853026, "_child0": {"label": 13, "event": "S", "reconc": 7, "tstamp": 0.46615063948347546, "transferred": 0, "dist": 0.2783252643255485, "_child0": {"label": 33, "event": "S", "reconc": 13, "tstamp": 0.0, "transferred": 0, "dist": 0.4645013116960188}, "_child1": {"label": 23, "event": "S", "reconc": 10, "tstamp": 0.0, "transferred": 0, "dist": 0.3860937271642068}}, "_child1": {"label": 15, "event": "H", "reconc": [5, 15], "tstamp": 0.4514885705889261, "transferred": 0, "dist": 0.30780547841940037, "_child0": {"label": 28, "event": "S", "reconc": 15, "tstamp": 0.2884123636713992, "transferred": 0, "dist": 0.16484451526288013, "_child0": {"label": 48, "event": "S", "reconc": 16, "tstamp": 0.15334373153713718, "transferred": 0, "dist": 0.128179759702025, "_child0": {"label": 56, "event": "S", "reconc": 19, "tstamp": 0.12307202137144056, "transferred": 0, "dist": 0.028605094041459025, "_child0": {"label": 64, "event": "S", "reconc": 20, "tstamp": 0.0, "transferred": 0, "dist": 0.11500983427466419}, "_child1": {"label": 65, "event": "S", "reconc": 21, "tstamp": 0.0, "transferred": 0, "dist": 0.12187683430244182}}, "_child1": {"label": 57, "event": "S", "reconc": 18, "tstamp": 0.11651964719280039, "transferred": 0, "dist": 0.03570598998197403, "_child0": {"label": 69, "event": "S", "reconc": 25, "tstamp": 0.041114775504775825, "transferred": 0, "dist": 0.07237774516260462, "_child0": {"label": 75, "event": "S", "reconc": 27, "tstamp": 0.026034721197117312, "transferred": 0, "dist": 0.014357782137167518, "_child0": {"label": 79, "event": "S", "reconc": 28, "tstamp": 0.0, "transferred": 0, "dist": 0.0253053422466487}, "_child1": {"label": 80, "event": "S", "reconc": 29, "tstamp": 0.0, "transferred": 0, "dist": 0.02662946417401394}}, "_child1": {"label": 76, "event": "S", "reconc": 26, "tstamp": 0.0, "transferred": 0, "dist": 0.03756469413152687}}, "_child1": {"label": 70, "event": "S", "reconc": 22, "tstamp": 0.0, "transferred": 0, "dist": 0.13227114345902094}}}, "_child1": {"label": 49, "event": "H", "reconc": [15, 17], "tstamp": 0.057025733003279636, "transferred": 0, "dist": 0.22335957041126836, "_child0": {"label": 74, "event": "S", "reconc": 12, "tstamp": 0.0, "transferred": 1, "dist": 0.0483741790838918}, "_child1": {"label": 73, "event": "S", "reconc": 17, "tstamp": 0.0, "transferred": 0, "dist": 0.05504744673113546}}}, "_child1": {"label": 29, "event": "H", "reconc": [7, 10], "tstamp": 0.026256963785821198, "transferred": 1, "dist": 3.154040045489526, "_child0": {"label": 78, "event": "S", "reconc": 12, "tstamp": 0.0, "transferred": 1, "dist": 0.03995317454683113}, "_child1": {"label": 77, "event": "S", "reconc": 10, "tstamp": 0.0, "transferred": 0, "dist": 0.19475390335176665}}}, "_child2": {"label": 41, "event": "S", "reconc": 14, "tstamp": 0.0, "transferred": 0, "dist": 0.7141766820653062}}}, "_child1": {"label": 16, "event": "H", "reconc": [2, 8], "tstamp": 0.41482670600961935, "transferred": 0, "dist": 0.5446193241395688, "_child0": {"label": 31, "event": "S", "reconc": 15, "tstamp": 0.2884123636713992, "transferred": 1, "dist": 0.24380191963828413, "_child0": {"label": 58, "event": "S", "reconc": 19, "tstamp": 0.12307202137144056, "transferred": 0, "dist": 0.17168365657286933, "_child0": {"label": 66, "event": "S", "reconc": 20, "tstamp": 0.0, "transferred": 0, "dist": 0.14408942390586948}, "_child1": {"label": 67, "event": "S", "reconc": 21, "tstamp": 0.0, "transferred": 0, "dist": 0.19001267283338485}}, "_child1": {"label": 51, "event": "S", "reconc": 17, "tstamp": 0.0, "transferred": 0, "dist": 0.33745946820602024}}, "_child1": {"label": 30, "event": "S", "reconc": 8, "tstamp": 0.0, "transferred": 0, "dist": 0.4443272362130319}}}