{"label": 0, "event": null, "tstamp": 1.0, "dist": 0.0, "_child0": {"label": 1, "event": "S", "tstamp": 0.8154692657348716, "dist": 0.18453073426512845, "_child0": {"label": 3, "event": "S", "tstamp": 0.8071447296502139, "dist": 0.008324536084657663, "_child0": {"label": 5, "event": "S", "tstamp": 0.6406991798882362, "dist": 0.16644554976197767, "_child0": {"label": 6, "event": "S", "tstamp": 0.0, "dist": 0.6406991798882362}, "_child1": {"label": 7, "event": "S", "tstamp": 0.0, "dist": 0.6406991798882362}}, "_child1": {"label": 4, "event": "S", "tstamp": 0.0, "dist": 0.8071447296502139}}, "_child1": {"label": 2, "event": "S", "tstamp": 0.18202019911273418, "dist": 0.6334490666221374, "_child0": {"label": 8, "event": "S", "tstamp": 0.0, "dist": 0.18202019911273418}, "_child1": {"label": 9, "event": "S", "tstamp": 0.0, "dist": 0.18202019911273418}}}}