{"label": 0, "event": null, "tstamp": 1.0, "dist": 0.0, "_child0": {"label": 1, "event": "S", "tstamp": 0.6158232608130482, "dist": 0.38417673918695183, "_child0": {"label": 2, "event": "S", "tstamp": 0.3657757428896753, "dist": 0.2500475179233729, "_child0": {"label": 4, "event": "S", "tstamp": 0.0, "dist": 0.3657757428896753}, "_child1": {"label": 5, "event": "S", "tstamp": 0.0, "dist": 0.3657757428896753}}, "_child1": {"label": 3, "event": "S", "tstamp": 0.34482473812976927, "dist": 0.2709985226832789, "_child0": {"label": 7, "event": "S", "tstamp": 0.16606485235182353, "dist": 0.17875988577794574, "_child0": {"label": 8, "event": "S", "tstamp": 0.0, "dist": 0.16606485235182353}, "_child1": {"label": 9, "event": "S", "tstamp": 0.0, "dist": 0.16606485235182353}}, "_child1": {"label": 6, "event": "S", "tstamp": 0.11573013047995687, "dist": 0.2290946076498124, "_child0": {"label": 11, "event": "S", "tstamp": 0.014624369980444744, "dist": 0.10110576049951212, "_child0": {"label": 15, "event": "S", "tstamp": 0.0, "dist": 0.014624369980444744}, "_child1": {"label": 14, "event": "S", "tstamp": 0.0, "dist": 0.014624369980444744}, "_child2": {"label": 12, "event": "S", "tstamp": 0.0, "dist": 0.014624369980444744}}, "_child1": {"label": 10, "event": "S", "tstamp": 0.0, "dist": 0.11573013047995687}}}}}