{"label": 1, "event": "S", "reconc": 1, "tstamp": 0.8765612915377526, "transferred": 0, "dist": 0.0, "_child0": {"label": 2, "event": "S", "reconc": 3, "tstamp": 0.6627344976976005, "transferred": 0, "dist": 0.32152147227633027, "_child0": {"label": 8, "event": "S", "reconc": 4, "tstamp": 0.27274427220506925, "transferred": 0, "dist": 1.0211193830050282, "_child0": {"label": 23, "event": "D", "reconc": [4, 10], "tstamp": 0.257975325696381, "transferred": 0, "dist": 0.022774309437189316, "_child0": {"label": 25, "event": "D", "reconc": [4, 10], "tstamp": 0.2568747489239076, "transferred": 0, "dist": 0.0016971336419254262, "_child0": {"label": 26, "event": "S", "reconc": 10, "tstamp": 0.0, "transferred": 0, "dist": 1.109381494666124}, "_child1": {"label": 27, "event": "S", "reconc": 10, "tstamp": 0.0, "transferred": 0, "dist": 1.1559567134715965}}, "_child1": {"label": 24, "event": "S", "reconc": 10, "tstamp": 0.0, "transferred": 0, "dist": 0.39780832648508907}}, "_child1": {"label": 21, "event": "D", "reconc": [4, 13], "tstamp": 0.25629063595788587, "transferred": 0, "dist": 0.021845928357803086, "_child0": {"label": 29, "event": "H", "reconc": [4, 13], "tstamp": 0.17435529395100827, "transferred": 0, "dist": 0.10985439400190387, "_child0": {"label": 30, "event": "S", "reconc": 13, "tstamp": 0.0, "transferred": 0, "dist": 0.23376597557137282}, "_child1": {"label": 31, "event": "S", "reconc": 8, "tstamp": 0.0, "transferred": 1, "dist": 0.3349933679536513}}, "_child1": {"label": 28, "event": "S", "reconc": 13, "tstamp": 0.0, "transferred": 0, "dist": 0.3402838611355722}}, "_child2": {"label": 22, "event": "S", "reconc": 12, "tstamp": 0.0, "transferred": 0, "dist": 0.3891570675990233}}, "_child1": {"label": 5, "event": "S", "reconc": 5, "tstamp": 0.5024488042408811, "transferred": 0, "dist": 0.24295004164838438, "_child0": {"label": 11, "event": "D", "reconc": [5, 7], "tstamp": 0.3395033407665139, "transferred": 0, "dist": 0.25634697946843377, "_child0": {"label": 19, "event": "S", "reconc": 7, "tstamp": 0.05654340255941055, "transferred": 0, "dist": 0.44515461752254404, "_child0": {"label": 32, "event": "S", "reconc": 14, "tstamp": 0.0, "transferred": 0, "dist": 0.0939858051296613}, "_child1": {"label": 33, "event": "S", "reconc": 15, "tstamp": 0.0, "transferred": 0, "dist": 0.08654428729929538}}, "_child1": {"label": 34, "event": "S", "reconc": 14, "tstamp": 0.0, "transferred": 0, "dist": 0.5391404226522053}}, "_child1": {"label": 12, "event": "S", "reconc": 6, "tstamp": 0.0, "transferred": 0, "dist": 0.5688730225936135}}}, "_child1": {"label": 9, "event": "S", "reconc": 9, "tstamp": 0.0, "transferred": 0, "dist": 0.9668875842326428}, "_child2": {"label": 4, "event": "D", "reconc": [1, 8], "tstamp": 0.44604824208309124, "transferred": 0, "dist": 0.5345437950193935, "_child0": {"label": 15, "event": "D", "reconc": [1, 8], "tstamp": 0.35409997978052143, "transferred": 0, "dist": 0.1141669762134132, "_child0": {"label": 17, "event": "S", "reconc": 8, "tstamp": 0.0, "transferred": 0, "dist": 2.428520274154215}, "_child1": {"label": 18, "event": "S", "reconc": 8, "tstamp": 0.0, "transferred": 0, "dist": 0.840464600997495}}, "_child1": {"label": 14, "event": "S", "reconc": 8, "tstamp": 0.0, "transferred": 0, "dist": 0.5538329683312765}}}