{"label": 0, "event": null, "tstamp": 1.0, "dist": 0.0, "_child0": {"label": 1, "event": "S", "tstamp": 0.9134951365789065, "dist": 0.08650486342109354, "_child0": {"label": 4, "event": "S", "tstamp": 0.27179591587930796, "dist": 0.6416992206995985, "_child0": {"label": 11, "event": "S", "tstamp": 0.2125727578029903, "dist": 0.05922315807631767, "_child0": {"label": 12, "event": "S", "tstamp": 0.0, "dist": 0.2125727578029903}, "_child1": {"label": 13, "event": "S", "tstamp": 0.0, "dist": 0.2125727578029903}}, "_child1": {"label": 10, "event": "S", "tstamp": 0.0, "dist": 0.27179591587930796}}, "_child1": {"label": 5, "event": "S", "tstamp": 0.482558103171879, "dist": 0.43093703340702744, "_child0": {"label": 6, "event": "S", "tstamp": 0.0593600312172683, "dist": 0.42319807195461073, "_child0": {"label": 17, "event": "S", "tstamp": 0.0, "dist": 0.0593600312172683}, "_child1": {"label": 16, "event": "S", "tstamp": 0.02281264686680578, "dist": 0.03654738435046252, "_child0": {"label": 18, "event": "S", "tstamp": 0.0, "dist": 0.02281264686680578}, "_child1": {"label": 19, "event": "S", "tstamp": 0.0, "dist": 0.02281264686680578}}, "_child2": {"label": 14, "event": "S", "tstamp": 0.0, "dist": 0.0593600312172683}}, "_child1": {"label": 7, "event": "S", "tstamp": 0.0, "dist": 0.482558103171879}}, "_child2": {"label": 2, "event": "S", "tstamp": 0.34967651896247504, "dist": 0.5638186176164315, "_child0": {"label": 8, "event": "S", "tstamp": 0.0, "dist": 0.34967651896247504}, "_child1": {"label": 9, "event": "S", "tstamp": 0.0, "dist": 0.34967651896247504}}}}