{"label": 1, "event": "S", "reconc": 1, "tstamp": 0.9977984777564762, "transferred": 0, "dist": 0.0, "_child0": {"label": 4, "event": "H", "reconc": [2, 4], "tstamp": 0.812086249986129, "transferred": 0, "dist": 0.16584883434165087, "_child0": {"label": 6, "event": "S", "reconc": 4, "tstamp": 0.693864989406746, "transferred": 0, "dist": 0.10437470769294518, "_child0": {"label": 9, "event": "D", "reconc": [4, 7], "tstamp": 0.6184310374668848, "transferred": 0, "dist": 0.051972280558478696, "_child0": {"label": 12, "event": "D", "reconc": [4, 7], "tstamp": 0.4426522267879156, "transferred": 0, "dist": 0.12110761043152503, "_child0": {"label": 18, "event": "S", "reconc": 7, "tstamp": 0.4029756645710292, "transferred": 0, "dist": 0.04151618511382264, "_child0": {"label": 24, "event": "S", "reconc": 12, "tstamp": 0.3310847596240984, "transferred": 0, "dist": 0.06389418673108203, "_child0": {"label": 31, "event": "S", "reconc": 15, "tstamp": 0.3155592095673859, "transferred": 0, "dist": 0.011556650189276213, "_child0": {"label": 39, "event": "D", "reconc": [15, 21], "tstamp": 0.3136129982152764, "transferred": 0, "dist": 0.002631960913525378, "_child0": {"label": 44, "event": "S", "reconc": 21, "tstamp": 0.0, "transferred": 0, "dist": 0.2806402277148623}, "_child1": {"label": 45, "event": "S", "reconc": 21, "tstamp": 0.0, "transferred": 0, "dist": 0.19435161229913053}}, "_child1": {"label": 38, "event": "S", "reconc": 16, "tstamp": 0.19643252631462954, "transferred": 0, "dist": 0.09165730243540282, "_child0": {"label": 48, "event": "S", "reconc": 18, "tstamp": 0.0, "transferred": 0, "dist": 0.1091624612292297}, "_child1": {"label": 49, "event": "S", "reconc": 19, "tstamp": 0.0, "transferred": 0, "dist": 0.1609470477979693}}, "_child2": {"label": 40, "event": "S", "reconc": 20, "tstamp": 0.0, "transferred": 0, "dist": 0.1754063766349458}}, "_child1": {"label": 32, "event": "S", "reconc": 14, "tstamp": 0.0, "transferred": 0, "dist": 0.36757750829774655}}, "_child1": {"label": 25, "event": "S", "reconc": 10, "tstamp": 0.0, "transferred": 0, "dist": 0.30025503957559074}}, "_child1": {"label": 19, "event": "S", "reconc": 7, "tstamp": 0.4029756645710292, "transferred": 0, "dist": 0.027336250721371788, "_child0": {"label": 27, "event": "S", "reconc": 12, "tstamp": 0.3310847596240984, "transferred": 0, "dist": 0.04044003961653625, "_child0": {"label": 33, "event": "S", "reconc": 15, "tstamp": 0.3155592095673859, "transferred": 0, "dist": 0.008736555909013786, "_child0": {"label": 41, "event": "D", "reconc": [15, 16], "tstamp": 0.23652826662744642, "transferred": 0, "dist": 0.04631829012566224, "_child0": {"label": 46, "event": "S", "reconc": 16, "tstamp": 0.19643252631462954, "transferred": 0, "dist": 0.023499227815409446, "_child0": {"label": 50, "event": "D", "reconc": [16, 18], "tstamp": 0.17171004542372428, "transferred": 0, "dist": 0.012762434859504528, "_child0": {"label": 54, "event": "D", "reconc": [16, 18], "tstamp": 0.03968627791468971, "transferred": 0, "dist": 0.06815435474197375, "_child0": {"label": 62, "event": "S", "reconc": 18, "tstamp": 0.0, "transferred": 0, "dist": 0.02048716465541879}, "_child1": {"label": 63, "event": "S", "reconc": 18, "tstamp": 0.0, "transferred": 0, "dist": 0.04757849403277424}}, "_child1": {"label": 55, "event": "S", "reconc": 18, "tstamp": 0.0, "transferred": 0, "dist": 0.08864151939739254}}, "_child1": {"label": 51, "event": "S", "reconc": 19, "tstamp": 0.0, "transferred": 0, "dist": 0.10915455060655799}}, "_child1": {"label": 47, "event": "S", "reconc": 16, "tstamp": 0.19643252631462954, "transferred": 0, "dist": 0.023499227815409446, "_child0": {"label": 52, "event": "S", "reconc": 18, "tstamp": 0.0, "transferred": 0, "dist": 0.10140395425689706}, "_child1": {"label": 53, "event": "S", "reconc": 19, "tstamp": 0.0, "transferred": 0, "dist": 0.10915455060655799}}}, "_child1": {"label": 43, "event": "S", "reconc": 20, "tstamp": 0.0, "transferred": 0, "dist": 0.17227124010366776}}, "_child1": {"label": 34, "event": "S", "reconc": 14, "tstamp": 0.0, "transferred": 0, "dist": 0.2081576068278398}}, "_child1": {"label": 26, "event": "S", "reconc": 13, "tstamp": 0.0, "transferred": 0, "dist": 0.2573466831240697}, "_child2": {"label": 28, "event": "S", "reconc": 10, "tstamp": 0.0, "transferred": 0, "dist": 0.25997654127941733}}}, "_child1": {"label": 13, "event": "S", "reconc": 7, "tstamp": 0.4029756645710292, "transferred": 0, "dist": 0.29897330500004826, "_child0": {"label": 21, "event": "S", "reconc": 12, "tstamp": 0.3310847596240984, "transferred": 0, "dist": 0.04094462117511758, "_child0": {"label": 37, "event": "S", "reconc": 20, "tstamp": 0.0, "transferred": 0, "dist": 0.18435683597213254}, "_child1": {"label": 30, "event": "S", "reconc": 14, "tstamp": 0.0, "transferred": 0, "dist": 0.21750959608748574}}, "_child1": {"label": 20, "event": "D", "reconc": [7, 13], "tstamp": 0.10946163752025376, "transferred": 0, "dist": 0.4849250093923752, "_child0": {"label": 56, "event": "S", "reconc": 13, "tstamp": 0.0, "transferred": 0, "dist": 0.2941943609741302}, "_child1": {"label": 57, "event": "S", "reconc": 13, "tstamp": 0.0, "transferred": 0, "dist": 0.08502729677045913}}, "_child2": {"label": 22, "event": "S", "reconc": 10, "tstamp": 0.0, "transferred": 0, "dist": 0.3922279421346555}}}, "_child1": {"label": 8, "event": "S", "reconc": 6, "tstamp": 0.6041296098739929, "transferred": 0, "dist": 0.07286330499968835, "_child0": {"label": 14, "event": "S", "reconc": 8, "tstamp": 0.0, "transferred": 0, "dist": 0.6152542893598936}, "_child1": {"label": 15, "event": "S", "reconc": 9, "tstamp": 0.0, "transferred": 0, "dist": 0.5501681778609254}}}, "_child1": {"label": 16, "event": "S", "reconc": 5, "tstamp": 0.0, "transferred": 1, "dist": 0.644508486369063}}, "_child1": {"label": 3, "event": "S", "reconc": 3, "tstamp": 0.08816522774966132, "transferred": 0, "dist": 0.8748013037194687, "_child0": {"label": 58, "event": "S", "reconc": 23, "tstamp": 0.04886977536917024, "transferred": 0, "dist": 0.03674247359024728, "_child0": {"label": 60, "event": "S", "reconc": 24, "tstamp": 0.0, "transferred": 0, "dist": 0.04626399005246124}, "_child1": {"label": 61, "event": "S", "reconc": 25, "tstamp": 0.0, "transferred": 0, "dist": 0.043427125968222874}}, "_child1": {"label": 59, "event": "S", "reconc": 22, "tstamp": 0.017748597807823473, "transferred": 0, "dist": 0.06573589661184592, "_child0": {"label": 64, "event": "S", "reconc": 29, "tstamp": 0.0, "transferred": 0, "dist": 0.01709282759986368}, "_child1": {"label": 65, "event": "S", "reconc": 28, "tstamp": 0.0, "transferred": 0, "dist": 0.015981797340029913}, "_child2": {"label": 66, "event": "S", "reconc": 26, "tstamp": 0.0, "transferred": 0, "dist": 0.016483158669843952}}}}