{"label": 2, "event": "H", "reconc": [1, 2], "tstamp": 0.7162167266779504, "transferred": 0, "dist": 0.0, "_child0": {"label": 5, "event": "H", "reconc": [1, 3], "tstamp": 0.6960186955951402, "transferred": 1, "dist": 0.019589302232051284, "_child0": {"label": 6, "event": "H", "reconc": [1, 3], "tstamp": 0.6737880266274039, "transferred": 0, "dist": 0.02156068041702798, "_child0": {"label": 9, "event": "S", "reconc": 2, "tstamp": 0.5396868032062038, "transferred": 1, "dist": 0.12387733154779258, "_child0": {"label": 15, "event": "H", "reconc": [2, 5], "tstamp": 0.09615448610682337, "transferred": 0, "dist": 0.36202528056740435, "_child0": {"label": 32, "event": "S", "reconc": 13, "tstamp": 0.020187409179661303, "transferred": 1, "dist": 0.17427389488474473, "_child0": {"label": 35, "event": "S", "reconc": 14, "tstamp": 0.0, "transferred": 0, "dist": 0.038016359793987764}, "_child1": {"label": 36, "event": "S", "reconc": 15, "tstamp": 0.0, "transferred": 0, "dist": 0.052124650109107544}}, "_child1": {"label": 31, "event": "S", "reconc": 5, "tstamp": 0.0, "transferred": 0, "dist": 0.07848437074053728}}, "_child1": {"label": 14, "event": "S", "reconc": 4, "tstamp": 0.0, "transferred": 0, "dist": 0.7272421852072457}}, "_child1": {"label": 8, "event": "S", "reconc": 3, "tstamp": 0.4476557657722318, "transferred": 0, "dist": 0.2193170801721871, "_child0": {"label": 19, "event": "H", "reconc": [3, 8], "tstamp": 0.4077025178855241, "transferred": 0, "dist": 0.03141927620992291, "_child0": {"label": 21, "event": "H", "reconc": [3, 8], "tstamp": 0.3221754934633425, "transferred": 0, "dist": 0.0672585420677993, "_child0": {"label": 23, "event": "S", "reconc": 8, "tstamp": 0.22147663611069165, "transferred": 0, "dist": 0.07918968746065759, "_child0": {"label": 28, "event": "S", "reconc": 12, "tstamp": 0.0, "transferred": 0, "dist": 0.16500030697249524}, "_child1": {"label": 26, "event": "S", "reconc": 10, "tstamp": 0.0, "transferred": 0, "dist": 0.14520873804021694}}, "_child1": {"label": 24, "event": "H", "reconc": [2, 4], "tstamp": 0.019307604662022474, "transferred": 1, "dist": 0.29551210610363166, "_child0": {"label": 37, "event": "S", "reconc": 4, "tstamp": 0.0, "transferred": 0, "dist": 0.01883867893711712}, "_child1": {"label": 38, "event": "S", "reconc": 14, "tstamp": 0.0, "transferred": 1, "dist": 0.022183641623220177}}}, "_child1": {"label": 22, "event": "S", "reconc": 4, "tstamp": 0.0, "transferred": 1, "dist": 0.5498630767451566}}, "_child1": {"label": 30, "event": "S", "reconc": 13, "tstamp": 0.020187409179661303, "transferred": 1, "dist": 0.6376944555650079, "_child0": {"label": 33, "event": "S", "reconc": 14, "tstamp": 0.0, "transferred": 0, "dist": 0.014667779567980129}, "_child1": {"label": 34, "event": "S", "reconc": 15, "tstamp": 0.0, "transferred": 0, "dist": 0.014907746128932533}}, "_child2": {"label": 18, "event": "S", "reconc": 9, "tstamp": 0.0, "transferred": 0, "dist": 0.33442436810414744}}}, "_child1": {"label": 7, "event": "S", "reconc": 2, "tstamp": 0.5396868032062038, "transferred": 1, "dist": 0.17859143526210147, "_child0": {"label": 16, "event": "S", "reconc": 5, "tstamp": 0.0, "transferred": 0, "dist": 0.39434122124751536}, "_child1": {"label": 12, "event": "S", "reconc": 4, "tstamp": 0.0, "transferred": 0, "dist": 1.495426316277155}}}, "_child1": {"label": 10, "event": "S", "reconc": 4, "tstamp": 0.0, "transferred": 0, "dist": 0.5807731879737867}}