{"label": 0, "event": null, "tstamp": 1.0, "dist": 0.0, "_child0": {"label": 1, "event": "S", "tstamp": 0.9839083217080278, "dist": 0.016091678291972222, "_child0": {"label": 2, "event": "S", "tstamp": 0.496184259988408, "dist": 0.4877240617196198, "_child0": {"label": 4, "event": "S", "tstamp": 0.4322648980324751, "dist": 0.0639193619559329, "_child0": {"label": 6, "event": "S", "tstamp": 0.42676615595853173, "dist": 0.005498742073943352, "_child0": {"label": 8, "event": "S", "tstamp": 0.33449467431559493, "dist": 0.0922714816429368, "_child0": {"label": 10, "event": "S", "tstamp": 0.0, "dist": 0.33449467431559493}, "_child1": {"label": 11, "event": "S", "tstamp": 0.0, "dist": 0.33449467431559493}}, "_child1": {"label": 9, "event": "S", "tstamp": 0.0, "dist": 0.42676615595853173}}, "_child1": {"label": 7, "event": "S", "tstamp": 0.0, "dist": 0.4322648980324751}}, "_child1": {"label": 12, "event": "S", "tstamp": 0.0, "dist": 0.496184259988408}, "_child2": {"label": 15, "event": "S", "tstamp": 0.0, "dist": 0.496184259988408}, "_child3": {"label": 14, "event": "S", "tstamp": 0.0, "dist": 0.496184259988408}}, "_child1": {"label": 3, "event": "S", "tstamp": 0.0, "dist": 0.9839083217080278}}}