{"label": 0, "event": null, "tstamp": 1.0, "dist": 0.0, "_child0": {"label": 1, "event": "S", "tstamp": 0.7647153266566663, "dist": 0.2352846733433337, "_child0": {"label": 3, "event": "S", "tstamp": 0.752160142266568, "dist": 0.012555184390098284, "_child0": {"label": 5, "event": "S", "tstamp": 0.5565615014542689, "dist": 0.19559864081229916, "_child0": {"label": 6, "event": "S", "tstamp": 0.2739702618662581, "dist": 0.28259123958801075, "_child0": {"label": 8, "event": "S", "tstamp": 0.0, "dist": 0.2739702618662581}, "_child1": {"label": 9, "event": "S", "tstamp": 0.0, "dist": 0.2739702618662581}}, "_child1": {"label": 7, "event": "S", "tstamp": 0.0, "dist": 0.5565615014542689}}, "_child1": {"label": 4, "event": "S", "tstamp": 0.0, "dist": 0.752160142266568}}, "_child1": {"label": 2, "event": "S", "tstamp": 0.0, "dist": 0.7647153266566663}}}