{"label": 1, "event": "S", "reconc": 1, "tstamp": 0.8409083976524868, "transferred": 0, "dist": 0.0, "_child0": {"label": 4, "event": "S", "reconc": 5, "tstamp": 0.5460324720148614, "transferred": 0, "dist": 0.2842898586500794, "_child0": {"label": 7, "event": "H", "reconc": [5, 7], "tstamp": 0.4095071978253636, "transferred": 0, "dist": 0.12230928264126174, "_child0": {"label": 16, "event": "S", "reconc": 9, "tstamp": 0.303751267416691, "transferred": 1, "dist": 0.3519559917780364, "_child0": {"label": 20, "event": "S", "reconc": 13, "tstamp": 0.16974348489336005, "transferred": 0, "dist": 0.2962669619290545, "_child0": {"label": 28, "event": "H", "reconc": [13, 14], "tstamp": 0.12844007595804655, "transferred": 0, "dist": 0.11028003107613503, "_child0": {"label": 36, "event": "S", "reconc": 14, "tstamp": 0.0, "transferred": 0, "dist": 0.34293478270178046}, "_child1": {"label": 37, "event": "S", "reconc": 12, "tstamp": 0.0, "transferred": 1, "dist": 0.5078971685619313}}, "_child1": {"label": 29, "event": "S", "reconc": 15, "tstamp": 0.0, "transferred": 0, "dist": 0.3165570121223523}}, "_child1": {"label": 21, "event": "D", "reconc": [9, 12], "tstamp": 0.054453065960681, "transferred": 0, "dist": 0.17032870088441848, "_child0": {"label": 42, "event": "S", "reconc": 12, "tstamp": 0.0, "transferred": 0, "dist": 0.11226339323629653}, "_child1": {"label": 43, "event": "S", "reconc": 12, "tstamp": 0.0, "transferred": 0, "dist": 0.06475710317959543}}}, "_child1": {"label": 10, "event": "H", "reconc": [5, 7], "tstamp": 0.25198153480601576, "transferred": 0, "dist": 0.14112296024209467, "_child0": {"label": 23, "event": "H", "reconc": [9, 13], "tstamp": 0.20314910708340472, "transferred": 1, "dist": 0.048146686384100475, "_child0": {"label": 24, "event": "S", "reconc": 13, "tstamp": 0.16974348489336005, "transferred": 0, "dist": 0.03293651555040544, "_child0": {"label": 30, "event": "S", "reconc": 14, "tstamp": 0.0, "transferred": 0, "dist": 0.1014982227004428}, "_child1": {"label": 31, "event": "S", "reconc": 15, "tstamp": 0.0, "transferred": 0, "dist": 0.11975076655521322}}, "_child1": {"label": 33, "event": "S", "reconc": 16, "tstamp": 0.0, "transferred": 1, "dist": 0.12654143722554856}}, "_child1": {"label": 22, "event": "S", "reconc": 7, "tstamp": 0.0, "transferred": 0, "dist": 0.22574340863941456}}}, "_child1": {"label": 6, "event": "H", "reconc": [5, 6], "tstamp": 0.007742970296385092, "transferred": 0, "dist": 0.5558908864911397, "_child0": {"label": 44, "event": "H", "reconc": [5, 6], "tstamp": 0.003511740456932525, "transferred": 0, "dist": 0.004369585694857545, "_child0": {"label": 46, "event": "S", "reconc": 6, "tstamp": 0.0, "transferred": 0, "dist": 0.0036265699210161944}, "_child1": {"label": 47, "event": "S", "reconc": 19, "tstamp": 0.0, "transferred": 1, "dist": 0.0017038266729171127}}, "_child1": {"label": 45, "event": "S", "reconc": 4, "tstamp": 0.0, "transferred": 1, "dist": 0.008310538411287387}}}, "_child1": {"label": 3, "event": "S", "reconc": 2, "tstamp": 0.5436561759055305, "transferred": 0, "dist": 0.23143679127159394, "_child0": {"label": 9, "event": "H", "reconc": [2, 9], "tstamp": 0.3907950367456179, "transferred": 0, "dist": 0.10798072754539556, "_child0": {"label": 12, "event": "S", "reconc": 9, "tstamp": 0.303751267416691, "transferred": 0, "dist": 0.061487501611501696, "_child0": {"label": 18, "event": "S", "reconc": 13, "tstamp": 0.16974348489336005, "transferred": 0, "dist": 0.08846545913961225, "_child0": {"label": 26, "event": "S", "reconc": 14, "tstamp": 0.0, "transferred": 0, "dist": 0.10013811879879919}, "_child1": {"label": 27, "event": "S", "reconc": 15, "tstamp": 0.0, "transferred": 0, "dist": 0.10954888775735949}}, "_child1": {"label": 19, "event": "H", "reconc": [9, 12], "tstamp": 0.13207054902309362, "transferred": 0, "dist": 0.11580389605184219, "_child0": {"label": 35, "event": "S", "reconc": 7, "tstamp": 0.0, "transferred": 1, "dist": 0.2236038265804038}, "_child1": {"label": 34, "event": "S", "reconc": 12, "tstamp": 0.0, "transferred": 0, "dist": 0.0890856251866106}}}, "_child1": {"label": 13, "event": "S", "reconc": 7, "tstamp": 0.0, "transferred": 1, "dist": 0.4292452037542091}}, "_child1": {"label": 15, "event": "D", "reconc": [5, 6], "tstamp": 0.12136736094614056, "transferred": 1, "dist": 0.977850936492073, "_child0": {"label": 38, "event": "H", "reconc": [5, 6], "tstamp": 0.07769476853766254, "transferred": 0, "dist": 0.07735349770210313, "_child0": {"label": 40, "event": "S", "reconc": 6, "tstamp": 0.0, "transferred": 0, "dist": 0.1376140450589972}, "_child1": {"label": 41, "event": "S", "reconc": 19, "tstamp": 0.0, "transferred": 1, "dist": 0.03643994237845386}}, "_child1": {"label": 39, "event": "S", "reconc": 6, "tstamp": 0.0, "transferred": 0, "dist": 0.2334686101345395}}}}