{"label": 0, "event": null, "tstamp": 1.0, "dist": 0.0, "_child0": {"label": 1, "event": "S", "tstamp": 0.9384373097016016, "dist": 0.06156269029839845, "_child0": {"label": 3, "event": "S", "tstamp": 0.784781826391151, "dist": 0.15365548331045054, "_child0": {"label": 5, "event": "S", "tstamp": 0.7647555829061978, "dist": 0.020026243484953188, "_child0": {"label": 6, "event": "S", "tstamp": 0.7164084645354493, "dist": 0.048347118370748565, "_child0": {"label": 9, "event": "S", "tstamp": 0.41888942222829784, "dist": 0.2975190423071514, "_child0": {"label": 10, "event": "S", "tstamp": 0.2917616615423534, "dist": 0.12712776068594445, "_child0": {"label": 13, "event": "S", "tstamp": 0.21795055709909414, "dist": 0.07381110444325925, "_child0": {"label": 15, "event": "S", "tstamp": 0.06072300561154547, "dist": 0.15722755148754866, "_child0": {"label": 23, "event": "S", "tstamp": 0.0, "dist": 0.06072300561154547}, "_child1": {"label": 22, "event": "S", "tstamp": 0.0, "dist": 0.06072300561154547}, "_child2": {"label": 20, "event": "S", "tstamp": 0.0, "dist": 0.06072300561154547}}, "_child1": {"label": 14, "event": "S", "tstamp": 0.0, "dist": 0.21795055709909414}}, "_child1": {"label": 12, "event": "S", "tstamp": 0.0, "dist": 0.2917616615423534}}, "_child1": {"label": 11, "event": "S", "tstamp": 0.0, "dist": 0.41888942222829784}}, "_child1": {"label": 8, "event": "S", "tstamp": 0.0, "dist": 0.7164084645354493}}, "_child1": {"label": 7, "event": "S", "tstamp": 0.0, "dist": 0.7647555829061978}}, "_child1": {"label": 4, "event": "S", "tstamp": 0.20225907262238288, "dist": 0.5825227537687682, "_child0": {"label": 17, "event": "S", "tstamp": 0.18589103523408548, "dist": 0.016368037388297396, "_child0": {"label": 18, "event": "S", "tstamp": 0.0, "dist": 0.18589103523408548}, "_child1": {"label": 19, "event": "S", "tstamp": 0.0, "dist": 0.18589103523408548}}, "_child1": {"label": 16, "event": "S", "tstamp": 0.0, "dist": 0.20225907262238288}}}, "_child1": {"label": 25, "event": "S", "tstamp": 0.0, "dist": 0.9384373097016016}, "_child2": {"label": 24, "event": "S", "tstamp": 0.0, "dist": 0.9384373097016016}}}