{"label": 0, "event": null, "tstamp": 1.0, "dist": 0.0, "_child0": {"label": 1, "event": "S", "tstamp": 0.6522206509419687, "dist": 0.3477793490580313, "_child0": {"label": 3, "event": "S", "tstamp": 0.5882820626876285, "dist": 0.06393858825434018, "_child0": {"label": 5, "event": "S", "tstamp": 0.4584374745680468, "dist": 0.12984458811958172, "_child0": {"label": 7, "event": "S", "tstamp": 0.31138797490334297, "dist": 0.14704949966470382, "_child0": {"label": 15, "event": "S", "tstamp": 0.0, "dist": 0.31138797490334297}, "_child1": {"label": 14, "event": "S", "tstamp": 0.0, "dist": 0.31138797490334297}, "_child2": {"label": 12, "event": "S", "tstamp": 0.0, "dist": 0.31138797490334297}}, "_child1": {"label": 6, "event": "S", "tstamp": 0.0, "dist": 0.4584374745680468}}, "_child1": {"label": 22, "event": "S", "tstamp": 0.0, "dist": 0.5882820626876285}, "_child2": {"label": 23, "event": "S", "tstamp": 0.020102345526745447, "dist": 0.5681797171608831, "_child0": {"label": 24, "event": "S", "tstamp": 0.0, "dist": 0.020102345526745447}, "_child1": {"label": 25, "event": "S", "tstamp": 0.0, "dist": 0.020102345526745447}}}, "_child1": {"label": 9, "event": "S", "tstamp": 0.29978202186158515, "dist": 0.35243862908038354, "_child0": {"label": 19, "event": "S", "tstamp": 0.0, "dist": 0.29978202186158515}, "_child1": {"label": 18, "event": "S", "tstamp": 0.0, "dist": 0.29978202186158515}, "_child2": {"label": 16, "event": "S", "tstamp": 0.0, "dist": 0.29978202186158515}}, "_child2": {"label": 8, "event": "S", "tstamp": 0.3952126999529022, "dist": 0.2570079509890665, "_child0": {"label": 10, "event": "S", "tstamp": 0.13189292629083682, "dist": 0.2633197736620654, "_child0": {"label": 20, "event": "S", "tstamp": 0.0, "dist": 0.13189292629083682}, "_child1": {"label": 21, "event": "S", "tstamp": 0.0, "dist": 0.13189292629083682}}, "_child1": {"label": 11, "event": "S", "tstamp": 0.0, "dist": 0.3952126999529022}}}}