{"label": 0, "event": null, "tstamp": 1.0, "dist": 0.0, "_child0": {"label": 1, "event": "S", "tstamp": 0.8774105636899281, "dist": 0.12258943631007191, "_child0": {"label": 2, "event": "S", "tstamp": 0.48834762301668627, "dist": 0.3890629406732418, "_child0": {"label": 4, "event": "S", "tstamp": 0.0, "dist": 0.48834762301668627}, "_child1": {"label": 5, "event": "S", "tstamp": 0.0, "dist": 0.48834762301668627}}, "_child1": {"label": 3, "event": "S", "tstamp": 0.17518704407382946, "dist": 0.7022235196160986, "_child0": {"label": 7, "event": "S", "tstamp": 0.03680395136808188, "dist": 0.13838309270574758, "_child0": {"label": 9, "event": "S", "tstamp": 0.03068099479657931, "dist": 0.00612295657150257, "_child0": {"label": 11, "event": "S", "tstamp": 0.025924377415263922, "dist": 0.004756617381315387, "_child0": {"label": 12, "event": "S", "tstamp": 0.0, "dist": 0.025924377415263922}, "_child1": {"label": 13, "event": "S", "tstamp": 0.0, "dist": 0.025924377415263922}}, "_child1": {"label": 10, "event": "S", "tstamp": 0.0, "dist": 0.03068099479657931}}, "_child1": {"label": 8, "event": "S", "tstamp": 0.0, "dist": 0.03680395136808188}}, "_child1": {"label": 6, "event": "S", "tstamp": 0.016444441829503265, "dist": 0.15874260224432618, "_child0": {"label": 14, "event": "S", "tstamp": 0.0, "dist": 0.016444441829503265}, "_child1": {"label": 15, "event": "S", "tstamp": 0.0, "dist": 0.016444441829503265}}}}}