{"label": 0, "event": null, "tstamp": 1.0, "dist": 0.0, "_child0": {"label": 1, "event": "S", "tstamp": 0.26338507407354356, "dist": 0.7366149259264565, "_child0": {"label": 2, "event": "S", "tstamp": 0.1853277569565922, "dist": 0.07805731711695135, "_child0": {"label": 4, "event": "S", "tstamp": 0.1522383850349378, "dist": 0.0330893719216544, "_child0": {"label": 6, "event": "S", "tstamp": 0.1241968697910569, "dist": 0.028041515243880905, "_child0": {"label": 8, "event": "S", "tstamp": 0.0, "dist": 0.1241968697910569}, "_child1": {"label": 9, "event": "S", "tstamp": 0.0, "dist": 0.1241968697910569}}, "_child1": {"label": 7, "event": "S", "tstamp": 0.0, "dist": 0.1522383850349378}}, "_child1": {"label": 5, "event": "S", "tstamp": 0.0, "dist": 0.1853277569565922}}, "_child1": {"label": 3, "event": "S", "tstamp": 0.0, "dist": 0.26338507407354356}}}