{"label": 0, "event": null, "tstamp": 1.0, "dist": 0.0, "_child0": {"label": 1, "event": "S", "tstamp": 0.9784483478544848, "dist": 0.021551652145515243, "_child0": {"label": 2, "event": "S", "tstamp": 0.6962805163022403, "dist": 0.28216783155224445, "_child0": {"label": 6, "event": "S", "tstamp": 0.0, "dist": 0.6962805163022403}, "_child1": {"label": 7, "event": "S", "tstamp": 0.18302839487267164, "dist": 0.5132521214295687, "_child0": {"label": 8, "event": "S", "tstamp": 0.0, "dist": 0.18302839487267164}, "_child1": {"label": 9, "event": "S", "tstamp": 0.0, "dist": 0.18302839487267164}}, "_child2": {"label": 4, "event": "S", "tstamp": 0.0, "dist": 0.6962805163022403}}, "_child1": {"label": 3, "event": "S", "tstamp": 0.0, "dist": 0.9784483478544848}}}