{"label": 3, "event": "D", "reconc": [1, 2], "tstamp": 0.7789147914579401, "transferred": 0, "dist": 0.0, "_child0": {"label": 4, "event": "D", "reconc": [1, 2], "tstamp": 0.6933140721718514, "transferred": 0, "dist": 0.06733067195632927, "_child0": {"label": 7, "event": "D", "reconc": [1, 2], "tstamp": 0.6880418529509663, "transferred": 0, "dist": 0.008078915849555453, "_child0": {"label": 8, "event": "H", "reconc": [1, 2], "tstamp": 0.3790088532872229, "transferred": 0, "dist": 0.3650937291304493, "_child0": {"label": 14, "event": "S", "reconc": 5, "tstamp": 0.29209521730021815, "transferred": 1, "dist": 0.061242798001522505, "_child0": {"label": 19, "event": "H", "reconc": [5, 7], "tstamp": 0.094959714212451, "transferred": 0, "dist": 0.2516841953429506, "_child0": {"label": 22, "event": "S", "reconc": 7, "tstamp": 0.0, "transferred": 0, "dist": 0.12123569264394131}, "_child1": {"label": 23, "event": "S", "reconc": 8, "tstamp": 0.0, "transferred": 1, "dist": 0.055792121879186994}}, "_child1": {"label": 18, "event": "S", "reconc": 6, "tstamp": 0.0, "transferred": 0, "dist": 0.17996830107716152}}, "_child1": {"label": 12, "event": "S", "reconc": 2, "tstamp": 0.0, "transferred": 0, "dist": 0.4477636879254029}}, "_child1": {"label": 9, "event": "S", "reconc": 2, "tstamp": 0.0, "transferred": 0, "dist": 0.8361611386024767}}, "_child1": {"label": 6, "event": "H", "reconc": [1, 2], "tstamp": 0.5759769000322222, "transferred": 0, "dist": 0.13148004098284632, "_child0": {"label": 11, "event": "S", "reconc": 5, "tstamp": 0.29209521730021815, "transferred": 1, "dist": 0.1862947401567823, "_child0": {"label": 16, "event": "S", "reconc": 6, "tstamp": 0.0, "transferred": 0, "dist": 0.142513675080384}, "_child1": {"label": 17, "event": "S", "reconc": 7, "tstamp": 0.0, "transferred": 0, "dist": 0.20788162916351133}}, "_child1": {"label": 10, "event": "S", "reconc": 2, "tstamp": 0.0, "transferred": 0, "dist": 0.6454004731875816}}}, "_child1": {"label": 5, "event": "D", "reconc": [1, 2], "tstamp": 0.10837034707683921, "transferred": 0, "dist": 0.7861641346636028, "_child0": {"label": 20, "event": "S", "reconc": 2, "tstamp": 0.0, "transferred": 0, "dist": 0.08873968483003329}, "_child1": {"label": 21, "event": "S", "reconc": 2, "tstamp": 0.0, "transferred": 0, "dist": 0.27107678398028845}}}