{"label": 1, "event": "S", "reconc": 1, "tstamp": 0.9896025754572333, "transferred": 0, "dist": 0.0, "_child0": {"label": 4, "event": "S", "reconc": 5, "tstamp": 0.8315203242917054, "transferred": 0, "dist": 0.14907020033511043, "_child0": {"label": 7, "event": "H", "reconc": [5, 6], "tstamp": 0.5638555125108067, "transferred": 0, "dist": 0.26106067854585696, "_child0": {"label": 11, "event": "S", "reconc": 7, "tstamp": 0.48358662540193326, "transferred": 1, "dist": 0.06477426648388653, "_child0": {"label": 14, "event": "S", "reconc": 11, "tstamp": 0.34692399644470545, "transferred": 0, "dist": 0.07821967328776579, "_child0": {"label": 23, "event": "S", "reconc": 13, "tstamp": 0.2732573162845203, "transferred": 0, "dist": 0.08427968275987474, "_child0": {"label": 32, "event": "S", "reconc": 15, "tstamp": 0.17717458819597492, "transferred": 0, "dist": 0.07899821570511627, "_child0": {"label": 40, "event": "S", "reconc": 16, "tstamp": 0.0, "transferred": 0, "dist": 0.165113179576851}, "_child1": {"label": 41, "event": "S", "reconc": 17, "tstamp": 0.0, "transferred": 0, "dist": 0.20012532448074324}}, "_child1": {"label": 33, "event": "S", "reconc": 14, "tstamp": 0.0, "transferred": 0, "dist": 0.6578395677471066}}, "_child1": {"label": 26, "event": "D", "reconc": [11, 24], "tstamp": 0.21492138729086896, "transferred": 0, "dist": 0.22285524779322385, "_child0": {"label": 34, "event": "H", "reconc": [11, 24], "tstamp": 0.19360478993586946, "transferred": 0, "dist": 0.012820390412913238, "_child0": {"label": 36, "event": "S", "reconc": 24, "tstamp": 0.0, "transferred": 0, "dist": 0.11643926802444222}, "_child1": {"label": 37, "event": "S", "reconc": 4, "tstamp": 0.0, "transferred": 1, "dist": 0.22315680600966986}}, "_child1": {"label": 35, "event": "S", "reconc": 24, "tstamp": 0.0, "transferred": 0, "dist": 0.13515525647048157}}, "_child2": {"label": 25, "event": "H", "reconc": [11, 25], "tstamp": 0.17082041210555005, "transferred": 0, "dist": 0.21183621082417542, "_child0": {"label": 43, "event": "S", "reconc": 14, "tstamp": 0.0, "transferred": 1, "dist": 0.14102774792023806}, "_child1": {"label": 42, "event": "S", "reconc": 25, "tstamp": 0.0, "transferred": 0, "dist": 0.2054810466672491}}, "_child3": {"label": 27, "event": "S", "reconc": 21, "tstamp": 0.10961914070417958, "transferred": 0, "dist": 0.3039339947030386, "_child0": {"label": 46, "event": "H", "reconc": [21, 22], "tstamp": 0.02937879599201211, "transferred": 0, "dist": 0.24415726631961096, "_child0": {"label": 56, "event": "S", "reconc": 22, "tstamp": 0.0, "transferred": 0, "dist": 0.0893945127342345}, "_child1": {"label": 57, "event": "S", "reconc": 23, "tstamp": 0.0, "transferred": 1, "dist": 0.17204486613968661}}, "_child1": {"label": 47, "event": "S", "reconc": 23, "tstamp": 0.0, "transferred": 0, "dist": 0.20947428362250448}}, "_child4": {"label": 24, "event": "S", "reconc": 18, "tstamp": 0.0, "transferred": 0, "dist": 0.35425999981561157}}, "_child1": {"label": 15, "event": "S", "reconc": 10, "tstamp": 0.0, "transferred": 0, "dist": 0.5393564813873444}}, "_child1": {"label": 10, "event": "S", "reconc": 6, "tstamp": 0.06330097805730149, "transferred": 0, "dist": 0.48820427886727136, "_child0": {"label": 52, "event": "S", "reconc": 27, "tstamp": 0.03817794884179721, "transferred": 0, "dist": 0.026418853930143864, "_child0": {"label": 54, "event": "S", "reconc": 28, "tstamp": 0.0, "transferred": 0, "dist": 0.04112525154460916}, "_child1": {"label": 55, "event": "S", "reconc": 29, "tstamp": 0.0, "transferred": 0, "dist": 0.03892456849641554}}, "_child1": {"label": 53, "event": "S", "reconc": 26, "tstamp": 0.0, "transferred": 0, "dist": 0.06829177076032547}}}, "_child1": {"label": 6, "event": "S", "reconc": 7, "tstamp": 0.48358662540193326, "transferred": 0, "dist": 0.25461348353487034, "_child0": {"label": 12, "event": "S", "reconc": 11, "tstamp": 0.34692399644470545, "transferred": 0, "dist": 0.07821521639581897, "_child0": {"label": 19, "event": "H", "reconc": [11, 18], "tstamp": 0.29428149273711607, "transferred": 0, "dist": 0.027613885706231463, "_child0": {"label": 29, "event": "S", "reconc": 21, "tstamp": 0.10961914070417958, "transferred": 1, "dist": 0.3343562251141835, "_child0": {"label": 48, "event": "S", "reconc": 22, "tstamp": 0.0, "transferred": 0, "dist": 0.1018456306199347}, "_child1": {"label": 49, "event": "S", "reconc": 23, "tstamp": 0.0, "transferred": 0, "dist": 0.11906952541279855}}, "_child1": {"label": 28, "event": "S", "reconc": 18, "tstamp": 0.0, "transferred": 0, "dist": 0.15436681262427035}}, "_child1": {"label": 18, "event": "S", "reconc": 13, "tstamp": 0.2732573162845203, "transferred": 0, "dist": 0.050001870035682426, "_child0": {"label": 30, "event": "S", "reconc": 15, "tstamp": 0.17717458819597492, "transferred": 0, "dist": 0.07855832732597495, "_child0": {"label": 38, "event": "S", "reconc": 16, "tstamp": 0.0, "transferred": 0, "dist": 0.15736968599633872}, "_child1": {"label": 39, "event": "S", "reconc": 17, "tstamp": 0.0, "transferred": 0, "dist": 0.14215207833341828}}, "_child1": {"label": 31, "event": "S", "reconc": 14, "tstamp": 0.0, "transferred": 0, "dist": 0.2166775150614402}}, "_child2": {"label": 22, "event": "H", "reconc": [11, 21], "tstamp": 0.11749051910504803, "transferred": 0, "dist": 0.153221005531488, "_child0": {"label": 44, "event": "S", "reconc": 21, "tstamp": 0.10961914070417958, "transferred": 0, "dist": 0.005256689335333685, "_child0": {"label": 50, "event": "S", "reconc": 22, "tstamp": 0.0, "transferred": 0, "dist": 0.08414738441691255}, "_child1": {"label": 51, "event": "S", "reconc": 23, "tstamp": 0.0, "transferred": 0, "dist": 0.08439902838674292}}, "_child1": {"label": 45, "event": "S", "reconc": 10, "tstamp": 0.0, "transferred": 1, "dist": 0.06225887642237064}}, "_child3": {"label": 20, "event": "S", "reconc": 25, "tstamp": 0.0, "transferred": 0, "dist": 0.20635292519818102}, "_child4": {"label": 21, "event": "S", "reconc": 24, "tstamp": 0.0, "transferred": 0, "dist": 0.18645688596617896}}, "_child1": {"label": 13, "event": "S", "reconc": 10, "tstamp": 0.0, "transferred": 0, "dist": 0.25500769681468394}}}, "_child1": {"label": 3, "event": "S", "reconc": 2, "tstamp": 0.7745017440772565, "transferred": 0, "dist": 0.19629227776156857, "_child0": {"label": 17, "event": "S", "reconc": 9, "tstamp": 0.0, "transferred": 1, "dist": 0.7559085732274253}, "_child1": {"label": 9, "event": "S", "reconc": 9, "tstamp": 0.0, "transferred": 0, "dist": 0.5021469565507587}}}