{"label": 1, "event": "S", "reconc": 1, "tstamp": 0.8454754893144976, "transferred": 0, "dist": 0.0, "_child0": {"label": 2, "event": "S", "reconc": 3, "tstamp": 0.6953257704532962, "transferred": 0, "dist": 0.1538462198965478, "_child0": {"label": 6, "event": "H", "reconc": [3, 4], "tstamp": 0.6849436933376288, "transferred": 0, "dist": 0.012043313384552641, "_child0": {"label": 9, "event": "H", "reconc": [3, 4], "tstamp": 0.03783452596671372, "transferred": 0, "dist": 0.7506531120736974, "_child0": {"label": 41, "event": "S", "reconc": 17, "tstamp": 0.0, "transferred": 1, "dist": 0.034443628907242244}, "_child1": {"label": 40, "event": "S", "reconc": 4, "tstamp": 0.0, "transferred": 0, "dist": 0.04388842886608016}}, "_child1": {"label": 8, "event": "H", "reconc": [3, 7], "tstamp": 0.257599079504598, "transferred": 1, "dist": 0.43155934646781435, "_child0": {"label": 17, "event": "S", "reconc": 7, "tstamp": 0.18774267718117765, "transferred": 0, "dist": 0.07054536867303747, "_child0": {"label": 24, "event": "S", "reconc": 15, "tstamp": 0.1547737414155108, "transferred": 0, "dist": 0.03577274361716855, "_child0": {"label": 33, "event": "H", "reconc": [15, 17], "tstamp": 0.05662547884205907, "transferred": 0, "dist": 0.16652812146843415, "_child0": {"label": 38, "event": "S", "reconc": 17, "tstamp": 0.0, "transferred": 0, "dist": 0.0960764293892791}, "_child1": {"label": 39, "event": "S", "reconc": 12, "tstamp": 0.0, "transferred": 1, "dist": 0.08496153600422743}}, "_child1": {"label": 32, "event": "S", "reconc": 16, "tstamp": 0.0, "transferred": 0, "dist": 0.4617074401155591}}, "_child1": {"label": 25, "event": "S", "reconc": 19, "tstamp": 0.0, "transferred": 0, "dist": 0.3282593100530634}, "_child2": {"label": 26, "event": "S", "reconc": 18, "tstamp": 0.0, "transferred": 0, "dist": 0.16479707059385526}}, "_child1": {"label": 18, "event": "S", "reconc": 8, "tstamp": 0.0, "transferred": 1, "dist": 0.5987027938151585}}}, "_child1": {"label": 5, "event": "S", "reconc": 7, "tstamp": 0.18774267718117765, "transferred": 0, "dist": 0.49758838689180274, "_child0": {"label": 31, "event": "S", "reconc": 17, "tstamp": 0.0, "transferred": 0, "dist": 0.1704388923853433}, "_child1": {"label": 23, "event": "H", "reconc": [7, 18], "tstamp": 0.06312130663894487, "transferred": 0, "dist": 0.0974145733552395, "_child0": {"label": 36, "event": "S", "reconc": 18, "tstamp": 0.0, "transferred": 0, "dist": 0.049340936703743406}, "_child1": {"label": 37, "event": "S", "reconc": 4, "tstamp": 0.0, "transferred": 1, "dist": 0.0993813465784415}}}}, "_child1": {"label": 3, "event": "S", "reconc": 2, "tstamp": 0.4783124728523242, "transferred": 0, "dist": 0.36968402932006206, "_child0": {"label": 11, "event": "S", "reconc": 9, "tstamp": 0.4216093497741937, "transferred": 0, "dist": 0.05398020255015309, "_child0": {"label": 13, "event": "S", "reconc": 11, "tstamp": 0.33768089629004094, "transferred": 0, "dist": 0.08148848150356108, "_child0": {"label": 16, "event": "H", "reconc": [11, 13], "tstamp": 0.02560012089963823, "transferred": 0, "dist": 0.29167164863989586, "_child0": {"label": 43, "event": "S", "reconc": 16, "tstamp": 0.0, "transferred": 1, "dist": 0.03289486691156614}, "_child1": {"label": 42, "event": "S", "reconc": 13, "tstamp": 0.0, "transferred": 0, "dist": 0.023925951410615987}}, "_child1": {"label": 15, "event": "S", "reconc": 12, "tstamp": 0.0, "transferred": 0, "dist": 0.2918919508587505}}, "_child1": {"label": 14, "event": "S", "reconc": 10, "tstamp": 0.0, "transferred": 0, "dist": 0.423893258656808}}, "_child1": {"label": 12, "event": "H", "reconc": [2, 8], "tstamp": 0.2140156271093265, "transferred": 0, "dist": 0.342462077248289, "_child0": {"label": 20, "event": "S", "reconc": 7, "tstamp": 0.18774267718117765, "transferred": 1, "dist": 0.031421299118922455, "_child0": {"label": 27, "event": "S", "reconc": 15, "tstamp": 0.1547737414155108, "transferred": 0, "dist": 0.042924366476978476, "_child0": {"label": 34, "event": "S", "reconc": 16, "tstamp": 0.0, "transferred": 0, "dist": 0.15192547423054042}, "_child1": {"label": 35, "event": "S", "reconc": 17, "tstamp": 0.0, "transferred": 0, "dist": 0.18195268968672554}}, "_child1": {"label": 28, "event": "S", "reconc": 19, "tstamp": 0.0, "transferred": 0, "dist": 0.5771259870768966}, "_child2": {"label": 29, "event": "S", "reconc": 18, "tstamp": 0.0, "transferred": 0, "dist": 0.8616648926302827}}, "_child1": {"label": 19, "event": "S", "reconc": 8, "tstamp": 0.0, "transferred": 0, "dist": 0.27731029485960856}}}}