{"label": 0, "event": null, "tstamp": 1.0, "dist": 0.0, "_child0": {"label": 1, "event": "S", "tstamp": 0.9542601298361592, "dist": 0.045739870163840846, "_child0": {"label": 2, "event": "S", "tstamp": 0.5926912998810671, "dist": 0.3615688299550921, "_child0": {"label": 6, "event": "S", "tstamp": 0.0, "dist": 0.5926912998810671}, "_child1": {"label": 7, "event": "S", "tstamp": 0.507583614763478, "dist": 0.08510768511758904, "_child0": {"label": 8, "event": "S", "tstamp": 0.0, "dist": 0.507583614763478}, "_child1": {"label": 9, "event": "S", "tstamp": 0.0, "dist": 0.507583614763478}}, "_child2": {"label": 15, "event": "S", "tstamp": 0.0, "dist": 0.5926912998810671}, "_child3": {"label": 14, "event": "S", "tstamp": 0.0, "dist": 0.5926912998810671}}, "_child1": {"label": 10, "event": "S", "tstamp": 0.0, "dist": 0.9542601298361592}, "_child2": {"label": 13, "event": "S", "tstamp": 0.0, "dist": 0.9542601298361592}, "_child3": {"label": 12, "event": "S", "tstamp": 0.0, "dist": 0.9542601298361592}}}