{"label": 0, "event": null, "tstamp": 1.0, "dist": 0.0, "_child0": {"label": 1, "event": "S", "tstamp": 0.9193580366731323, "dist": 0.08064196332686768, "_child0": {"label": 3, "event": "S", "tstamp": 0.8918522000122331, "dist": 0.02750583666089923, "_child0": {"label": 7, "event": "S", "tstamp": 0.0, "dist": 0.8918522000122331}, "_child1": {"label": 6, "event": "S", "tstamp": 0.0, "dist": 0.8918522000122331}, "_child2": {"label": 8, "event": "S", "tstamp": 0.0, "dist": 0.8918522000122331}, "_child3": {"label": 9, "event": "S", "tstamp": 0.21458422410781602, "dist": 0.6772679759044171, "_child0": {"label": 11, "event": "S", "tstamp": 0.031603249235102916, "dist": 0.18298097487271311, "_child0": {"label": 15, "event": "S", "tstamp": 0.0, "dist": 0.031603249235102916}, "_child1": {"label": 14, "event": "S", "tstamp": 0.0, "dist": 0.031603249235102916}, "_child2": {"label": 12, "event": "S", "tstamp": 0.0, "dist": 0.031603249235102916}}, "_child1": {"label": 10, "event": "S", "tstamp": 0.0, "dist": 0.21458422410781602}}}, "_child1": {"label": 2, "event": "S", "tstamp": 0.0, "dist": 0.9193580366731323}}}