{"label": 2, "event": "S", "reconc": 3, "tstamp": 0.8918522000122331, "transferred": 0, "dist": 0.0, "_child0": {"label": 9, "event": "S", "reconc": 9, "tstamp": 0.21458422410781602, "transferred": 0, "dist": 0.7164512472161559, "_child0": {"label": 14, "event": "S", "reconc": 11, "tstamp": 0.031603249235102916, "transferred": 0, "dist": 0.21750541517404406, "_child0": {"label": 24, "event": "S", "reconc": 15, "tstamp": 0.0, "transferred": 0, "dist": 0.03646449023070137}, "_child1": {"label": 25, "event": "S", "reconc": 14, "tstamp": 0.0, "transferred": 0, "dist": 0.03838375450001168}, "_child2": {"label": 26, "event": "S", "reconc": 12, "tstamp": 0.0, "transferred": 0, "dist": 0.04033679406412501}}, "_child1": {"label": 15, "event": "S", "reconc": 10, "tstamp": 0.0, "transferred": 0, "dist": 0.23869141872784003}}, "_child1": {"label": 4, "event": "D", "reconc": [3, 7], "tstamp": 0.43107919733752714, "transferred": 0, "dist": 0.5649401432603517, "_child0": {"label": 11, "event": "H", "reconc": [3, 7], "tstamp": 0.33012325893872324, "transferred": 0, "dist": 0.38869662989732173, "_child0": {"label": 13, "event": "S", "reconc": 9, "tstamp": 0.21458422410781602, "transferred": 1, "dist": 0.33978714545476635, "_child0": {"label": 16, "event": "H", "reconc": [9, 11], "tstamp": 0.04522988677697863, "transferred": 0, "dist": 0.5866037074012058, "_child0": {"label": 22, "event": "S", "reconc": 11, "tstamp": 0.031603249235102916, "transferred": 0, "dist": 0.047199476715269466, "_child0": {"label": 27, "event": "S", "reconc": 15, "tstamp": 0.0, "transferred": 0, "dist": 0.05806718720669794}, "_child1": {"label": 28, "event": "S", "reconc": 14, "tstamp": 0.0, "transferred": 0, "dist": 0.05473580657171023}, "_child2": {"label": 29, "event": "S", "reconc": 12, "tstamp": 0.0, "transferred": 0, "dist": 0.040783332940865516}}, "_child1": {"label": 23, "event": "S", "reconc": 10, "tstamp": 0.0, "transferred": 1, "dist": 0.06851915757006274}}, "_child1": {"label": 17, "event": "S", "reconc": 10, "tstamp": 0.0, "transferred": 0, "dist": 0.559616313138231}}, "_child1": {"label": 12, "event": "S", "reconc": 7, "tstamp": 0.0, "transferred": 0, "dist": 1.2710277397780385}}, "_child1": {"label": 10, "event": "S", "reconc": 7, "tstamp": 0.0, "transferred": 0, "dist": 0.5285334472435417}}, "_child2": {"label": 5, "event": "D", "reconc": [3, 6], "tstamp": 0.09834940554065913, "transferred": 0, "dist": 0.802552885751727, "_child0": {"label": 18, "event": "D", "reconc": [3, 6], "tstamp": 0.05191457309543722, "transferred": 0, "dist": 0.04696443293955631, "_child0": {"label": 20, "event": "S", "reconc": 6, "tstamp": 0.0, "transferred": 0, "dist": 0.2628543802217876}, "_child1": {"label": 21, "event": "S", "reconc": 6, "tstamp": 0.0, "transferred": 0, "dist": 0.05250667135716642}}, "_child1": {"label": 19, "event": "S", "reconc": 6, "tstamp": 0.0, "transferred": 0, "dist": 0.09947110429672272}}, "_child3": {"label": 6, "event": "S", "reconc": 8, "tstamp": 0.0, "transferred": 0, "dist": 0.8813561316130738}}