{"label": 0, "event": null, "tstamp": 1.0, "dist": 0.0, "_child0": {"label": 1, "event": "S", "tstamp": 0.9680485075092989, "dist": 0.03195149249070106, "_child0": {"label": 3, "event": "S", "tstamp": 0.8131178865424432, "dist": 0.15493062096685573, "_child0": {"label": 5, "event": "S", "tstamp": 0.7517923965913843, "dist": 0.06132548995105891, "_child0": {"label": 6, "event": "S", "tstamp": 0.7420593044305497, "dist": 0.009733092160834622, "_child0": {"label": 9, "event": "S", "tstamp": 0.7070877981448341, "dist": 0.03497150628571555, "_child0": {"label": 10, "event": "S", "tstamp": 0.6257102645692417, "dist": 0.08137753357559241, "_child0": {"label": 13, "event": "S", "tstamp": 0.2489012397633556, "dist": 0.37680902480588613, "_child0": {"label": 21, "event": "S", "tstamp": 0.15406711693884315, "dist": 0.09483412282451245, "_child0": {"label": 22, "event": "S", "tstamp": 0.12294998887701578, "dist": 0.03111712806182737, "_child0": {"label": 24, "event": "S", "tstamp": 0.0, "dist": 0.12294998887701578}, "_child1": {"label": 25, "event": "S", "tstamp": 0.0, "dist": 0.12294998887701578}}, "_child1": {"label": 23, "event": "S", "tstamp": 0.0, "dist": 0.15406711693884315}}, "_child1": {"label": 20, "event": "S", "tstamp": 0.0, "dist": 0.2489012397633556}}, "_child1": {"label": 12, "event": "S", "tstamp": 0.0, "dist": 0.6257102645692417}}, "_child1": {"label": 11, "event": "S", "tstamp": 0.6219160118614561, "dist": 0.08517178628337807, "_child0": {"label": 14, "event": "S", "tstamp": 0.0, "dist": 0.6219160118614561}, "_child1": {"label": 15, "event": "S", "tstamp": 0.0, "dist": 0.6219160118614561}}}, "_child1": {"label": 8, "event": "S", "tstamp": 0.0, "dist": 0.7420593044305497}}, "_child1": {"label": 7, "event": "S", "tstamp": 0.0, "dist": 0.7517923965913843}}, "_child1": {"label": 4, "event": "S", "tstamp": 0.41129291662418477, "dist": 0.40182496991825845, "_child0": {"label": 17, "event": "S", "tstamp": 0.3741101623612445, "dist": 0.037182754262940265, "_child0": {"label": 18, "event": "S", "tstamp": 0.0, "dist": 0.3741101623612445}, "_child1": {"label": 19, "event": "S", "tstamp": 0.0, "dist": 0.3741101623612445}}, "_child1": {"label": 16, "event": "S", "tstamp": 0.0, "dist": 0.41129291662418477}}}, "_child1": {"label": 2, "event": "S", "tstamp": 0.0, "dist": 0.9680485075092989}}}