{"label": 0, "event": null, "tstamp": 1.0, "dist": 0.0, "_child0": {"label": 1, "event": "S", "tstamp": 0.3851718357796898, "dist": 0.6148281642203102, "_child0": {"label": 2, "event": "S", "tstamp": 0.26640677194592277, "dist": 0.118765063833767, "_child0": {"label": 5, "event": "S", "tstamp": 0.10455660675024354, "dist": 0.16185016519567924, "_child0": {"label": 7, "event": "S", "tstamp": 0.06863067168585851, "dist": 0.03592593506438503, "_child0": {"label": 8, "event": "S", "tstamp": 0.0, "dist": 0.06863067168585851}, "_child1": {"label": 9, "event": "S", "tstamp": 0.0, "dist": 0.06863067168585851}}, "_child1": {"label": 6, "event": "S", "tstamp": 0.0, "dist": 0.10455660675024354}}, "_child1": {"label": 4, "event": "S", "tstamp": 0.0, "dist": 0.26640677194592277}}, "_child1": {"label": 3, "event": "S", "tstamp": 0.0, "dist": 0.3851718357796898}}}