{"label": 0, "event": null, "tstamp": 1.0, "dist": 0.0, "_child0": {"label": 1, "event": "S", "tstamp": 0.8854670684515722, "dist": 0.11453293154842781, "_child0": {"label": 3, "event": "S", "tstamp": 0.885205788415106, "dist": 0.0002612800364661938, "_child0": {"label": 7, "event": "S", "tstamp": 0.0, "dist": 0.885205788415106}, "_child1": {"label": 6, "event": "S", "tstamp": 0.45263166365996016, "dist": 0.43257412475514584, "_child0": {"label": 14, "event": "S", "tstamp": 0.33669357757691265, "dist": 0.11593808608304751, "_child0": {"label": 18, "event": "S", "tstamp": 0.0, "dist": 0.33669357757691265}, "_child1": {"label": 19, "event": "S", "tstamp": 0.0, "dist": 0.33669357757691265}}, "_child1": {"label": 15, "event": "S", "tstamp": 0.4181171933856206, "dist": 0.03451447027433957, "_child0": {"label": 17, "event": "S", "tstamp": 0.19313758836400208, "dist": 0.2249796050216185, "_child0": {"label": 21, "event": "S", "tstamp": 0.1471448092875937, "dist": 0.04599277907640839, "_child0": {"label": 22, "event": "S", "tstamp": 0.0, "dist": 0.1471448092875937}, "_child1": {"label": 23, "event": "S", "tstamp": 0.0, "dist": 0.1471448092875937}}, "_child1": {"label": 20, "event": "S", "tstamp": 0.0, "dist": 0.19313758836400208}}, "_child1": {"label": 16, "event": "S", "tstamp": 0.0, "dist": 0.4181171933856206}}, "_child2": {"label": 12, "event": "S", "tstamp": 0.12576539976647597, "dist": 0.32686626389348417, "_child0": {"label": 25, "event": "S", "tstamp": 0.07830984901606829, "dist": 0.04745555075040768, "_child0": {"label": 26, "event": "S", "tstamp": 0.0444523350896163, "dist": 0.03385751392645198, "_child0": {"label": 28, "event": "S", "tstamp": 0.0, "dist": 0.0444523350896163}, "_child1": {"label": 29, "event": "S", "tstamp": 0.0, "dist": 0.0444523350896163}}, "_child1": {"label": 27, "event": "S", "tstamp": 0.0, "dist": 0.07830984901606829}}, "_child1": {"label": 24, "event": "S", "tstamp": 0.0, "dist": 0.12576539976647597}}}, "_child2": {"label": 4, "event": "S", "tstamp": 0.0, "dist": 0.885205788415106}}, "_child1": {"label": 2, "event": "S", "tstamp": 0.7908618343336692, "dist": 0.094605234117903, "_child0": {"label": 8, "event": "S", "tstamp": 0.7160018982178328, "dist": 0.07485993611583641, "_child0": {"label": 10, "event": "S", "tstamp": 0.0, "dist": 0.7160018982178328}, "_child1": {"label": 11, "event": "S", "tstamp": 0.0, "dist": 0.7160018982178328}}, "_child1": {"label": 9, "event": "S", "tstamp": 0.0, "dist": 0.7908618343336692}}}}