{"label": 1, "event": "S", "reconc": 1, "tstamp": 0.9118843626990687, "transferred": 0, "dist": 0.0, "_child0": {"label": 2, "event": "S", "reconc": 2, "tstamp": 0.7815047517623345, "transferred": 0, "dist": 0.13005088589622224, "_child0": {"label": 7, "event": "D", "reconc": [2, 4], "tstamp": 0.7176352457182882, "transferred": 0, "dist": 0.05656307559823037, "_child0": {"label": 8, "event": "S", "reconc": 4, "tstamp": 0.5163400370439217, "transferred": 0, "dist": 0.17826779649677757, "_child0": {"label": 12, "event": "S", "reconc": 10, "tstamp": 0.0, "transferred": 0, "dist": 0.4859735179180345}, "_child1": {"label": 13, "event": "S", "reconc": 11, "tstamp": 0.0, "transferred": 0, "dist": 0.4541489059946838}}, "_child1": {"label": 9, "event": "S", "reconc": 4, "tstamp": 0.5163400370439217, "transferred": 0, "dist": 0.34693085126473483, "_child0": {"label": 15, "event": "D", "reconc": [4, 11], "tstamp": 0.3572827280763402, "transferred": 0, "dist": 0.14737509296970785, "_child0": {"label": 21, "event": "S", "reconc": 11, "tstamp": 0.0, "transferred": 0, "dist": 0.3665115790613335}, "_child1": {"label": 22, "event": "S", "reconc": 11, "tstamp": 0.0, "transferred": 0, "dist": 0.3357720608999572}}, "_child1": {"label": 27, "event": "D", "reconc": [4, 10], "tstamp": 0.09302063077430724, "transferred": 0, "dist": 1.3439516228548245, "_child0": {"label": 29, "event": "S", "reconc": 10, "tstamp": 0.0, "transferred": 0, "dist": 0.0876070580228614}, "_child1": {"label": 30, "event": "S", "reconc": 10, "tstamp": 0.0, "transferred": 0, "dist": 0.1424677921480484}}}}, "_child1": {"label": 6, "event": "H", "reconc": [2, 9], "tstamp": 0.6512420103065168, "transferred": 0, "dist": 0.09473147839883686, "_child0": {"label": 10, "event": "S", "reconc": 9, "tstamp": 0.49619349068960616, "transferred": 0, "dist": 0.11275653592660538, "_child0": {"label": 18, "event": "D", "reconc": [9, 12], "tstamp": 0.40783069235217884, "transferred": 0, "dist": 0.03984775498725314, "_child0": {"label": 19, "event": "S", "reconc": 12, "tstamp": 0.0, "transferred": 0, "dist": 0.2455300685193912}, "_child1": {"label": 20, "event": "S", "reconc": 12, "tstamp": 0.0, "transferred": 0, "dist": 0.18391379416339773}}, "_child1": {"label": 16, "event": "D", "reconc": [9, 15], "tstamp": 0.2971168456188408, "transferred": 0, "dist": 0.09693638861063544, "_child0": {"label": 24, "event": "D", "reconc": [9, 15], "tstamp": 0.17052351744329847, "transferred": 0, "dist": 0.13449659250634435, "_child0": {"label": 25, "event": "S", "reconc": 15, "tstamp": 0.0, "transferred": 0, "dist": 0.16007045998188854}, "_child1": {"label": 26, "event": "S", "reconc": 15, "tstamp": 0.0, "transferred": 0, "dist": 0.08409859385177554}}, "_child1": {"label": 23, "event": "S", "reconc": 15, "tstamp": 0.0, "transferred": 0, "dist": 0.17501268217998334}}}, "_child1": {"label": 11, "event": "S", "reconc": 8, "tstamp": 0.0, "transferred": 1, "dist": 0.620269786962482}}, "_child2": {"label": 4, "event": "S", "reconc": 6, "tstamp": 0.0, "transferred": 0, "dist": 0.6654218111789091}, "_child3": {"label": 5, "event": "S", "reconc": 8, "tstamp": 0.0, "transferred": 0, "dist": 0.6835456674689276}}, "_child1": {"label": 3, "event": "S", "reconc": 3, "tstamp": 0.0, "transferred": 0, "dist": 1.1681815480198732}}