{"label": 0, "event": null, "tstamp": 1.0, "dist": 0.0, "_child0": {"label": 1, "event": "S", "tstamp": 0.7848733321678091, "dist": 0.21512666783219092, "_child0": {"label": 2, "event": "S", "tstamp": 0.22159779424349932, "dist": 0.5632755379243097, "_child0": {"label": 4, "event": "S", "tstamp": 0.0, "dist": 0.22159779424349932}, "_child1": {"label": 5, "event": "S", "tstamp": 0.0, "dist": 0.22159779424349932}}, "_child1": {"label": 3, "event": "S", "tstamp": 0.22069433595728344, "dist": 0.5641789962105257, "_child0": {"label": 9, "event": "S", "tstamp": 0.0, "dist": 0.22069433595728344}, "_child1": {"label": 8, "event": "S", "tstamp": 0.0, "dist": 0.22069433595728344}, "_child2": {"label": 6, "event": "S", "tstamp": 0.0, "dist": 0.22069433595728344}}}}