{"label": 0, "event": null, "tstamp": 1.0, "dist": 0.0, "_child0": {"label": 1, "event": "S", "tstamp": 0.8411962506153821, "dist": 0.15880374938461794, "_child0": {"label": 3, "event": "S", "tstamp": 0.47871708609024893, "dist": 0.3624791645251331, "_child0": {"label": 5, "event": "S", "tstamp": 0.32591481551481566, "dist": 0.15280227057543327, "_child0": {"label": 6, "event": "S", "tstamp": 0.315176757364562, "dist": 0.010738058150253638, "_child0": {"label": 9, "event": "S", "tstamp": 0.3014124340373695, "dist": 0.013764323327192518, "_child0": {"label": 11, "event": "S", "tstamp": 0.15188882749292454, "dist": 0.14952360654444496, "_child0": {"label": 12, "event": "S", "tstamp": 0.0, "dist": 0.15188882749292454}, "_child1": {"label": 13, "event": "S", "tstamp": 0.0, "dist": 0.15188882749292454}}, "_child1": {"label": 14, "event": "S", "tstamp": 0.0, "dist": 0.3014124340373695}, "_child2": {"label": 15, "event": "S", "tstamp": 0.06569776895985466, "dist": 0.23571466507751485, "_child0": {"label": 19, "event": "S", "tstamp": 0.0, "dist": 0.06569776895985466}, "_child1": {"label": 18, "event": "S", "tstamp": 0.0, "dist": 0.06569776895985466}, "_child2": {"label": 16, "event": "S", "tstamp": 0.0, "dist": 0.06569776895985466}}}, "_child1": {"label": 8, "event": "S", "tstamp": 0.0, "dist": 0.315176757364562}}, "_child1": {"label": 7, "event": "S", "tstamp": 0.0, "dist": 0.32591481551481566}}, "_child1": {"label": 4, "event": "S", "tstamp": 0.0, "dist": 0.47871708609024893}}, "_child1": {"label": 2, "event": "S", "tstamp": 0.0, "dist": 0.8411962506153821}}}