{"label": 0, "event": null, "tstamp": 1.0, "dist": 0.0, "_child0": {"label": 1, "event": "S", "tstamp": 0.5424798316627583, "dist": 0.45752016833724174, "_child0": {"label": 2, "event": "S", "tstamp": 0.4349819835478415, "dist": 0.10749784811491675, "_child0": {"label": 4, "event": "S", "tstamp": 0.2499420206078479, "dist": 0.1850399629399936, "_child0": {"label": 6, "event": "S", "tstamp": 0.0, "dist": 0.2499420206078479}, "_child1": {"label": 7, "event": "S", "tstamp": 0.0, "dist": 0.2499420206078479}}, "_child1": {"label": 5, "event": "S", "tstamp": 0.0, "dist": 0.4349819835478415}}, "_child1": {"label": 3, "event": "S", "tstamp": 0.16448629433462778, "dist": 0.37799353732813046, "_child0": {"label": 8, "event": "S", "tstamp": 0.0, "dist": 0.16448629433462778}, "_child1": {"label": 9, "event": "S", "tstamp": 0.0, "dist": 0.16448629433462778}}}}