{"label": 3, "event": "S", "reconc": 1, "tstamp": 0.7734624178744368, "transferred": 0, "dist": 0.0, "_child0": {"label": 4, "event": "S", "reconc": 3, "tstamp": 0.6518832271695657, "transferred": 0, "dist": 0.17215164745041622, "_child0": {"label": 11, "event": "D", "reconc": [3, 6], "tstamp": 0.1914627631574478, "transferred": 0, "dist": 0.9832773612244146, "_child0": {"label": 22, "event": "S", "reconc": 6, "tstamp": 0.0, "transferred": 0, "dist": 0.40888929846792277}, "_child1": {"label": 23, "event": "S", "reconc": 6, "tstamp": 0.0, "transferred": 0, "dist": 0.40888929846792277}}, "_child1": {"label": 9, "event": "S", "reconc": 9, "tstamp": 0.404011363175527, "transferred": 0, "dist": 0.39308523628690856, "_child0": {"label": 12, "event": "D", "reconc": [9, 10], "tstamp": 0.36919077408324286, "transferred": 0, "dist": 0.055171957183417546, "_child0": {"label": 14, "event": "S", "reconc": 10, "tstamp": 0.0, "transferred": 0, "dist": 0.5849693560970511}, "_child1": {"label": 15, "event": "S", "reconc": 10, "tstamp": 0.0, "transferred": 0, "dist": 0.5849693560970511}}, "_child1": {"label": 13, "event": "S", "reconc": 11, "tstamp": 0.0, "transferred": 0, "dist": 0.62979185001337}}, "_child2": {"label": 7, "event": "S", "reconc": 7, "tstamp": 0.34983203999794255, "transferred": 0, "dist": 0.6802521116996755, "_child0": {"label": 16, "event": "H", "reconc": [7, 14], "tstamp": 0.20060895865340206, "transferred": 0, "dist": 0.4286948497243976, "_child0": {"label": 25, "event": "D", "reconc": [7, 17], "tstamp": 0.07086765811541723, "transferred": 1, "dist": 0.7824259383224659, "_child0": {"label": 32, "event": "S", "reconc": 17, "tstamp": 0.03676755166680743, "transferred": 0, "dist": 0.1967008560007663, "_child0": {"label": 36, "event": "S", "reconc": 18, "tstamp": 0.0, "transferred": 0, "dist": 0.28076630413655673}, "_child1": {"label": 37, "event": "S", "reconc": 19, "tstamp": 0.0, "transferred": 0, "dist": 0.6080189673882848}}, "_child1": {"label": 33, "event": "S", "reconc": 17, "tstamp": 0.03676755166680743, "transferred": 0, "dist": 0.6000929250578055, "_child0": {"label": 38, "event": "S", "reconc": 18, "tstamp": 0.0, "transferred": 0, "dist": 0.1206595265883334}, "_child1": {"label": 39, "event": "S", "reconc": 19, "tstamp": 0.0, "transferred": 0, "dist": 0.16239766855990712}}}, "_child1": {"label": 20, "event": "D", "reconc": [7, 14], "tstamp": 0.004551476072244896, "transferred": 0, "dist": 0.5632428460474751, "_child0": {"label": 42, "event": "S", "reconc": 14, "tstamp": 0.0, "transferred": 0, "dist": 0.09907249533950097}, "_child1": {"label": 43, "event": "S", "reconc": 14, "tstamp": 0.0, "transferred": 0, "dist": 0.013075687308119}}}, "_child1": {"label": 19, "event": "D", "reconc": [7, 12], "tstamp": 0.16489433733361433, "transferred": 0, "dist": 0.47920453836522797, "_child0": {"label": 26, "event": "D", "reconc": [7, 12], "tstamp": 0.15009047113406018, "transferred": 0, "dist": 0.1459866175943154, "_child0": {"label": 29, "event": "D", "reconc": [7, 12], "tstamp": 0.11879656457606788, "transferred": 0, "dist": 0.25765572913730544, "_child0": {"label": 30, "event": "S", "reconc": 12, "tstamp": 0.0, "transferred": 0, "dist": 0.38912190451397943}, "_child1": {"label": 31, "event": "S", "reconc": 12, "tstamp": 0.0, "transferred": 0, "dist": 1.8514089136419025}}, "_child1": {"label": 28, "event": "D", "reconc": [7, 12], "tstamp": 0.024135755869326994, "transferred": 0, "dist": 0.34578999749135003, "_child0": {"label": 40, "event": "S", "reconc": 12, "tstamp": 0.0, "transferred": 0, "dist": 0.08300274608544995}, "_child1": {"label": 41, "event": "S", "reconc": 12, "tstamp": 0.0, "transferred": 0, "dist": 0.15814046500890733}}}, "_child1": {"label": 27, "event": "S", "reconc": 12, "tstamp": 0.0, "transferred": 0, "dist": 0.42726882438037483}}, "_child2": {"label": 18, "event": "S", "reconc": 17, "tstamp": 0.03676755166680743, "transferred": 0, "dist": 0.9623545576467862, "_child0": {"label": 34, "event": "S", "reconc": 18, "tstamp": 0.0, "transferred": 0, "dist": 0.11858396401260332}, "_child1": {"label": 35, "event": "S", "reconc": 19, "tstamp": 0.0, "transferred": 0, "dist": 0.11780310171737847}}, "_child3": {"label": 17, "event": "S", "reconc": 16, "tstamp": 0.0, "transferred": 0, "dist": 0.8549360973021034}}}, "_child1": {"label": 5, "event": "S", "reconc": 2, "tstamp": 0.0, "transferred": 0, "dist": 1.065920088587841}}