{"label": 0, "event": null, "tstamp": 1.0, "dist": 0.0, "_child0": {"label": 1, "event": "S", "tstamp": 0.980001849513081, "dist": 0.019998150486918997, "_child0": {"label": 4, "event": "S", "tstamp": 0.0, "dist": 0.980001849513081}, "_child1": {"label": 6, "event": "S", "tstamp": 0.0, "dist": 0.980001849513081}, "_child2": {"label": 7, "event": "S", "tstamp": 0.6592987481316228, "dist": 0.3207031013814582, "_child0": {"label": 8, "event": "S", "tstamp": 0.6061830385776046, "dist": 0.05311570955401823, "_child0": {"label": 11, "event": "S", "tstamp": 0.5909544454624205, "dist": 0.015228593115184097, "_child0": {"label": 12, "event": "S", "tstamp": 0.4340834939835012, "dist": 0.15687095147891927, "_child0": {"label": 15, "event": "S", "tstamp": 0.43118087467806415, "dist": 0.0029026193054370597, "_child0": {"label": 16, "event": "S", "tstamp": 0.0, "dist": 0.43118087467806415}, "_child1": {"label": 17, "event": "S", "tstamp": 0.0, "dist": 0.43118087467806415}}, "_child1": {"label": 14, "event": "S", "tstamp": 0.04859213106037865, "dist": 0.3854913629231226, "_child0": {"label": 23, "event": "S", "tstamp": 0.026718941828495803, "dist": 0.021873189231882847, "_child0": {"label": 24, "event": "S", "tstamp": 0.0, "dist": 0.026718941828495803}, "_child1": {"label": 25, "event": "S", "tstamp": 0.0, "dist": 0.026718941828495803}}, "_child1": {"label": 22, "event": "S", "tstamp": 0.0, "dist": 0.04859213106037865}}}, "_child1": {"label": 13, "event": "S", "tstamp": 0.0, "dist": 0.5909544454624205}}, "_child1": {"label": 10, "event": "S", "tstamp": 0.0, "dist": 0.6061830385776046}}, "_child1": {"label": 9, "event": "S", "tstamp": 0.11095139932712443, "dist": 0.5483473488044984, "_child0": {"label": 19, "event": "S", "tstamp": 0.10517352089862736, "dist": 0.005777878428497071, "_child0": {"label": 20, "event": "S", "tstamp": 0.0, "dist": 0.10517352089862736}, "_child1": {"label": 21, "event": "S", "tstamp": 0.0, "dist": 0.10517352089862736}}, "_child1": {"label": 18, "event": "S", "tstamp": 0.0, "dist": 0.11095139932712443}}}, "_child3": {"label": 3, "event": "S", "tstamp": 0.0, "dist": 0.980001849513081}}}