{"label": 0, "event": null, "tstamp": 1.0, "dist": 0.0, "_child0": {"label": 1, "event": "S", "tstamp": 0.7657602657193179, "dist": 0.23423973428068212, "_child0": {"label": 3, "event": "S", "tstamp": 0.4074074148601231, "dist": 0.35835285085919477, "_child0": {"label": 5, "event": "S", "tstamp": 0.36098475954996334, "dist": 0.046422655310159766, "_child0": {"label": 8, "event": "S", "tstamp": 0.0, "dist": 0.36098475954996334}, "_child1": {"label": 9, "event": "S", "tstamp": 0.22419108472876348, "dist": 0.13679367482119986, "_child0": {"label": 10, "event": "S", "tstamp": 0.0, "dist": 0.22419108472876348}, "_child1": {"label": 11, "event": "S", "tstamp": 0.0, "dist": 0.22419108472876348}}, "_child2": {"label": 6, "event": "S", "tstamp": 0.0, "dist": 0.36098475954996334}}, "_child1": {"label": 4, "event": "S", "tstamp": 0.06448808093250907, "dist": 0.34291933392761403, "_child0": {"label": 14, "event": "S", "tstamp": 0.0, "dist": 0.06448808093250907}, "_child1": {"label": 15, "event": "S", "tstamp": 0.0, "dist": 0.06448808093250907}}}, "_child1": {"label": 2, "event": "S", "tstamp": 0.2241146790684074, "dist": 0.5416455866509104, "_child0": {"label": 12, "event": "S", "tstamp": 0.0, "dist": 0.2241146790684074}, "_child1": {"label": 13, "event": "S", "tstamp": 0.0, "dist": 0.2241146790684074}}}}