{"label": 1, "event": "S", "reconc": 1, "tstamp": 0.827148818547309, "transferred": 0, "dist": 0.0, "_child0": {"label": 2, "event": "S", "reconc": 2, "tstamp": 0.7586772462489032, "transferred": 0, "dist": 0.09909991709960839, "_child0": {"label": 8, "event": "S", "reconc": 9, "tstamp": 0.4087437607041995, "transferred": 0, "dist": 0.7187703561960737, "_child0": {"label": 13, "event": "H", "reconc": [9, 11], "tstamp": 0.3024647825127753, "transferred": 0, "dist": 0.3029466859803765, "_child0": {"label": 20, "event": "S", "reconc": 15, "tstamp": 0.0, "transferred": 1, "dist": 1.0412665400174304}, "_child1": {"label": 19, "event": "S", "reconc": 11, "tstamp": 0.0, "transferred": 0, "dist": 0.8621714759336522}}, "_child1": {"label": 12, "event": "S", "reconc": 10, "tstamp": 0.0, "transferred": 0, "dist": 0.8300096259229677}}, "_child1": {"label": 4, "event": "D", "reconc": [2, 6], "tstamp": 0.4882889119619427, "transferred": 0, "dist": 0.46394594551440915, "_child0": {"label": 10, "event": "D", "reconc": [2, 6], "tstamp": 0.17537119121718886, "transferred": 0, "dist": 0.5369200124775495, "_child0": {"label": 23, "event": "S", "reconc": 6, "tstamp": 0.0, "transferred": 0, "dist": 0.3009107376611057}, "_child1": {"label": 24, "event": "S", "reconc": 6, "tstamp": 0.0, "transferred": 0, "dist": 0.3009107376611057}}, "_child1": {"label": 11, "event": "S", "reconc": 6, "tstamp": 0.0, "transferred": 0, "dist": 0.8378307501386552}}, "_child2": {"label": 5, "event": "S", "reconc": 8, "tstamp": 0.34619723240308264, "transferred": 0, "dist": 0.6352261202319888, "_child0": {"label": 14, "event": "H", "reconc": [8, 15], "tstamp": 0.332237156727707, "transferred": 0, "dist": 0.018978050401287666, "_child0": {"label": 17, "event": "H", "reconc": [8, 15], "tstamp": 0.11193980520377003, "transferred": 0, "dist": 0.2994836373176722, "_child0": {"label": 31, "event": "S", "reconc": 15, "tstamp": 0.0, "transferred": 0, "dist": 0.15217677285336811}, "_child1": {"label": 32, "event": "S", "reconc": 12, "tstamp": 0.0, "transferred": 1, "dist": 0.3038579019677265}}, "_child1": {"label": 18, "event": "S", "reconc": 6, "tstamp": 0.0, "transferred": 1, "dist": 1.67699547920312}}, "_child1": {"label": 15, "event": "D", "reconc": [8, 14], "tstamp": 0.1445701797297571, "transferred": 0, "dist": 0.31374762256621597, "_child0": {"label": 25, "event": "S", "reconc": 14, "tstamp": 0.0, "transferred": 0, "dist": 0.22549852654970565}, "_child1": {"label": 26, "event": "S", "reconc": 14, "tstamp": 0.0, "transferred": 0, "dist": 0.22496262075343323}}, "_child2": {"label": 16, "event": "H", "reconc": [8, 12], "tstamp": 0.006369456235339445, "transferred": 0, "dist": 0.39562982681474956, "_child0": {"label": 37, "event": "S", "reconc": 12, "tstamp": 0.0, "transferred": 0, "dist": 0.007415364617068837}, "_child1": {"label": 38, "event": "S", "reconc": 19, "tstamp": 0.0, "transferred": 1, "dist": 0.012072637971424226}}}, "_child3": {"label": 7, "event": "D", "reconc": [2, 5], "tstamp": 0.21207578706885455, "transferred": 0, "dist": 0.8380782489670323, "_child0": {"label": 21, "event": "S", "reconc": 5, "tstamp": 0.12296948234923859, "transferred": 0, "dist": 0.13662249629439766, "_child0": {"label": 27, "event": "S", "reconc": 17, "tstamp": 0.03862510681373034, "transferred": 0, "dist": 0.1351618443934736, "_child0": {"label": 33, "event": "S", "reconc": 18, "tstamp": 0.0, "transferred": 0, "dist": 0.06961079961641718}, "_child1": {"label": 34, "event": "S", "reconc": 19, "tstamp": 0.0, "transferred": 0, "dist": 0.071028370539024}}, "_child1": {"label": 28, "event": "S", "reconc": 16, "tstamp": 0.0, "transferred": 0, "dist": 0.1848906553124151}}, "_child1": {"label": 22, "event": "S", "reconc": 5, "tstamp": 0.12296948234923859, "transferred": 0, "dist": 0.13662249629439766, "_child0": {"label": 29, "event": "S", "reconc": 17, "tstamp": 0.03862510681373034, "transferred": 0, "dist": 0.1351618443934736, "_child0": {"label": 35, "event": "S", "reconc": 18, "tstamp": 0.0, "transferred": 0, "dist": 0.06961079961641718}, "_child1": {"label": 36, "event": "S", "reconc": 19, "tstamp": 0.0, "transferred": 0, "dist": 0.071028370539024}}, "_child1": {"label": 30, "event": "S", "reconc": 16, "tstamp": 0.0, "transferred": 0, "dist": 0.1848906553124151}}}}, "_child1": {"label": 3, "event": "S", "reconc": 3, "tstamp": 0.0, "transferred": 0, "dist": 1.1190431351361367}}