{"label": 0, "event": null, "tstamp": 1.0, "dist": 0.0, "_child0": {"label": 1, "event": "S", "tstamp": 0.9195473584716439, "dist": 0.08045264152835607, "_child0": {"label": 2, "event": "S", "tstamp": 0.8062266589195122, "dist": 0.11332069955213175, "_child0": {"label": 5, "event": "S", "tstamp": 0.7110382389671692, "dist": 0.09518841995234295, "_child0": {"label": 9, "event": "S", "tstamp": 0.0, "dist": 0.7110382389671692}, "_child1": {"label": 8, "event": "S", "tstamp": 0.2820311505586908, "dist": 0.4290070884084784, "_child0": {"label": 11, "event": "S", "tstamp": 0.13051496909025875, "dist": 0.15151618146843207, "_child0": {"label": 15, "event": "S", "tstamp": 0.0, "dist": 0.13051496909025875}, "_child1": {"label": 14, "event": "S", "tstamp": 0.0, "dist": 0.13051496909025875}, "_child2": {"label": 13, "event": "S", "tstamp": 0.0, "dist": 0.13051496909025875}}, "_child1": {"label": 10, "event": "S", "tstamp": 0.0, "dist": 0.2820311505586908}}, "_child2": {"label": 6, "event": "S", "tstamp": 0.0, "dist": 0.7110382389671692}}, "_child1": {"label": 4, "event": "S", "tstamp": 0.0, "dist": 0.8062266589195122}}, "_child1": {"label": 3, "event": "S", "tstamp": 0.0, "dist": 0.9195473584716439}}}