{"label": 1, "event": "S", "reconc": 1, "tstamp": 0.9747278827715599, "transferred": 0, "dist": 0.0, "_child0": {"label": 2, "event": "S", "reconc": 3, "tstamp": 0.6690423775096973, "transferred": 0, "dist": 0.36387914474090877, "_child0": {"label": 4, "event": "S", "reconc": 5, "tstamp": 0.5870824875766576, "transferred": 0, "dist": 0.10133767027734673, "_child0": {"label": 6, "event": "S", "reconc": 6, "tstamp": 0.49055386805464857, "transferred": 0, "dist": 0.1052519476374643, "_child0": {"label": 9, "event": "H", "reconc": [6, 11], "tstamp": 0.429305744511275, "transferred": 0, "dist": 0.0660020543595841, "_child0": {"label": 11, "event": "D", "reconc": [6, 11], "tstamp": 0.3546465545935926, "transferred": 0, "dist": 0.08045405518260176, "_child0": {"label": 15, "event": "S", "reconc": 11, "tstamp": 0.3302788632785765, "transferred": 0, "dist": 0.026259052420639674, "_child0": {"label": 17, "event": "S", "reconc": 12, "tstamp": 0.0, "transferred": 0, "dist": 0.32892976802365714}, "_child1": {"label": 18, "event": "S", "reconc": 13, "tstamp": 0.0, "transferred": 0, "dist": 0.35179075063084725}}, "_child1": {"label": 16, "event": "S", "reconc": 11, "tstamp": 0.3302788632785765, "transferred": 0, "dist": 0.026259052420639674, "_child0": {"label": 19, "event": "H", "reconc": [11, 12], "tstamp": 0.29213559851607823, "transferred": 0, "dist": 0.03798746037045389, "_child0": {"label": 22, "event": "H", "reconc": [5, 7], "tstamp": 0.17687748046201457, "transferred": 1, "dist": 0.18301366646639844, "_child0": {"label": 25, "event": "S", "reconc": 7, "tstamp": 0.0, "transferred": 0, "dist": 0.2808565397493989}, "_child1": {"label": 26, "event": "S", "reconc": 2, "tstamp": 0.0, "transferred": 1, "dist": 0.2430954111999893}}, "_child1": {"label": 21, "event": "S", "reconc": 12, "tstamp": 0.0, "transferred": 0, "dist": 0.2909423076532033}}, "_child1": {"label": 20, "event": "S", "reconc": 13, "tstamp": 0.0, "transferred": 0, "dist": 0.35179075063084725}}}, "_child1": {"label": 12, "event": "S", "reconc": 4, "tstamp": 0.0, "transferred": 1, "dist": 0.6800778125256315}}, "_child1": {"label": 8, "event": "S", "reconc": 10, "tstamp": 0.28070047483904725, "transferred": 0, "dist": 0.2119324579615343, "_child0": {"label": 23, "event": "S", "reconc": 14, "tstamp": 0.0, "transferred": 0, "dist": 0.35832178071015}, "_child1": {"label": 24, "event": "S", "reconc": 15, "tstamp": 0.0, "transferred": 0, "dist": 0.27813295113458186}}, "_child2": {"label": 10, "event": "S", "reconc": 8, "tstamp": 0.0, "transferred": 0, "dist": 0.7008641109374483}}, "_child1": {"label": 7, "event": "S", "reconc": 7, "tstamp": 0.0, "transferred": 0, "dist": 0.5445987693634481}}, "_child1": {"label": 13, "event": "H", "reconc": [3, 4], "tstamp": 0.0010247364155233293, "transferred": 0, "dist": 0.9671769168812849, "_child0": {"label": 30, "event": "S", "reconc": 12, "tstamp": 0.0, "transferred": 1, "dist": 0.0016010999879882237}, "_child1": {"label": 29, "event": "S", "reconc": 4, "tstamp": 0.0, "transferred": 0, "dist": 0.0014836455596568777}}}, "_child1": {"label": 3, "event": "H", "reconc": [1, 2], "tstamp": 0.07646637690441942, "transferred": 0, "dist": 0.8777321805299811, "_child0": {"label": 28, "event": "S", "reconc": 12, "tstamp": 0.0, "transferred": 1, "dist": 0.07615584345477767}, "_child1": {"label": 27, "event": "S", "reconc": 2, "tstamp": 0.0, "transferred": 0, "dist": 0.07471877543361025}}}