{"label": 0, "event": null, "tstamp": 1.0, "dist": 0.0, "_child0": {"label": 1, "event": "S", "tstamp": 0.9447450258019393, "dist": 0.05525497419806069, "_child0": {"label": 3, "event": "S", "tstamp": 0.926029628653536, "dist": 0.018715397148403312, "_child0": {"label": 5, "event": "S", "tstamp": 0.8681301845518616, "dist": 0.05789944410167436, "_child0": {"label": 7, "event": "S", "tstamp": 0.5107229618320783, "dist": 0.3574072227197833, "_child0": {"label": 15, "event": "S", "tstamp": 0.22908385942494558, "dist": 0.28163910240713275, "_child0": {"label": 16, "event": "S", "tstamp": 0.0, "dist": 0.22908385942494558}, "_child1": {"label": 17, "event": "S", "tstamp": 0.0, "dist": 0.22908385942494558}}, "_child1": {"label": 14, "event": "S", "tstamp": 0.0, "dist": 0.5107229618320783}}, "_child1": {"label": 6, "event": "S", "tstamp": 0.0, "dist": 0.8681301845518616}}, "_child1": {"label": 4, "event": "S", "tstamp": 0.8126079956348199, "dist": 0.1134216330187161, "_child0": {"label": 11, "event": "S", "tstamp": 0.0, "dist": 0.8126079956348199}, "_child1": {"label": 18, "event": "S", "tstamp": 0.0, "dist": 0.8126079956348199}, "_child2": {"label": 19, "event": "S", "tstamp": 0.19147776253833249, "dist": 0.6211302330964874, "_child0": {"label": 21, "event": "S", "tstamp": 0.10006946773131853, "dist": 0.09140829480701396, "_child0": {"label": 22, "event": "S", "tstamp": 0.027345370783932125, "dist": 0.07272409694738641, "_child0": {"label": 29, "event": "S", "tstamp": 0.0, "dist": 0.027345370783932125}, "_child1": {"label": 28, "event": "S", "tstamp": 0.0, "dist": 0.027345370783932125}, "_child2": {"label": 26, "event": "S", "tstamp": 0.0, "dist": 0.027345370783932125}}, "_child1": {"label": 23, "event": "S", "tstamp": 0.0, "dist": 0.10006946773131853}}, "_child1": {"label": 25, "event": "S", "tstamp": 0.0, "dist": 0.19147776253833249}, "_child2": {"label": 24, "event": "S", "tstamp": 0.0, "dist": 0.19147776253833249}}, "_child3": {"label": 8, "event": "S", "tstamp": 0.0, "dist": 0.8126079956348199}}}, "_child1": {"label": 2, "event": "S", "tstamp": 0.6570047091391803, "dist": 0.287740316662759, "_child0": {"label": 12, "event": "S", "tstamp": 0.0, "dist": 0.6570047091391803}, "_child1": {"label": 13, "event": "S", "tstamp": 0.0, "dist": 0.6570047091391803}}}}