{"label": 0, "event": null, "tstamp": 1.0, "dist": 0.0, "_child0": {"label": 1, "event": "S", "tstamp": 0.9912761691669268, "dist": 0.008723830833073154, "_child0": {"label": 3, "event": "S", "tstamp": 0.9164830899008896, "dist": 0.07479307926603729, "_child0": {"label": 6, "event": "S", "tstamp": 0.0, "dist": 0.9164830899008896}, "_child1": {"label": 7, "event": "S", "tstamp": 0.18156945910416586, "dist": 0.7349136307967237, "_child0": {"label": 21, "event": "S", "tstamp": 0.1773871095776736, "dist": 0.004182349526492268, "_child0": {"label": 22, "event": "S", "tstamp": 0.0, "dist": 0.1773871095776736}, "_child1": {"label": 23, "event": "S", "tstamp": 0.0, "dist": 0.1773871095776736}}, "_child1": {"label": 20, "event": "S", "tstamp": 0.0, "dist": 0.18156945910416586}}, "_child2": {"label": 8, "event": "S", "tstamp": 0.0, "dist": 0.9164830899008896}, "_child3": {"label": 11, "event": "S", "tstamp": 0.0, "dist": 0.9164830899008896}, "_child4": {"label": 12, "event": "S", "tstamp": 0.0, "dist": 0.9164830899008896}, "_child5": {"label": 13, "event": "S", "tstamp": 0.3244656812945283, "dist": 0.5920174086063612, "_child0": {"label": 15, "event": "S", "tstamp": 0.19674015381976448, "dist": 0.12772552747476382, "_child0": {"label": 16, "event": "S", "tstamp": 0.0, "dist": 0.19674015381976448}, "_child1": {"label": 17, "event": "S", "tstamp": 0.0, "dist": 0.19674015381976448}}, "_child1": {"label": 14, "event": "S", "tstamp": 0.18419112147105804, "dist": 0.14027455982347026, "_child0": {"label": 18, "event": "S", "tstamp": 0.1300707818122436, "dist": 0.05412033965881444, "_child0": {"label": 25, "event": "S", "tstamp": 0.07781628112515311, "dist": 0.05225450068709049, "_child0": {"label": 26, "event": "S", "tstamp": 0.05763915566869269, "dist": 0.020177125456460422, "_child0": {"label": 28, "event": "S", "tstamp": 0.0, "dist": 0.05763915566869269}, "_child1": {"label": 29, "event": "S", "tstamp": 0.0, "dist": 0.05763915566869269}}, "_child1": {"label": 27, "event": "S", "tstamp": 0.0, "dist": 0.07781628112515311}}, "_child1": {"label": 24, "event": "S", "tstamp": 0.0, "dist": 0.1300707818122436}}, "_child1": {"label": 19, "event": "S", "tstamp": 0.0, "dist": 0.18419112147105804}}}}, "_child1": {"label": 2, "event": "S", "tstamp": 0.0, "dist": 0.9912761691669268}}}