{"label": 0, "event": null, "tstamp": 1.0, "dist": 0.0, "_child0": {"label": 1, "event": "S", "tstamp": 0.8996526517883694, "dist": 0.1003473482116306, "_child0": {"label": 3, "event": "S", "tstamp": 0.1312195483747692, "dist": 0.7684331034136002, "_child0": {"label": 5, "event": "S", "tstamp": 0.1253751104421313, "dist": 0.005844437932637919, "_child0": {"label": 7, "event": "S", "tstamp": 0.041256602013163175, "dist": 0.08411850842896812, "_child0": {"label": 8, "event": "S", "tstamp": 0.0, "dist": 0.041256602013163175}, "_child1": {"label": 9, "event": "S", "tstamp": 0.0, "dist": 0.041256602013163175}}, "_child1": {"label": 6, "event": "S", "tstamp": 0.0, "dist": 0.1253751104421313}}, "_child1": {"label": 4, "event": "S", "tstamp": 0.0, "dist": 0.1312195483747692}}, "_child1": {"label": 2, "event": "S", "tstamp": 0.0, "dist": 0.8996526517883694}}}