{"label": 2, "event": "D", "reconc": [1, 3], "tstamp": 0.2600504604513323, "transferred": 0, "dist": 0.0, "_child0": {"label": 4, "event": "S", "reconc": 3, "tstamp": 0.1312195483747692, "transferred": 0, "dist": 0.09259912412093656, "_child0": {"label": 6, "event": "S", "reconc": 5, "tstamp": 0.1253751104421313, "transferred": 0, "dist": 0.0037616016990523484, "_child0": {"label": 10, "event": "S", "reconc": 7, "tstamp": 0.041256602013163175, "transferred": 0, "dist": 0.13302217416780812, "_child0": {"label": 16, "event": "S", "reconc": 8, "tstamp": 0.0, "transferred": 0, "dist": 0.04044499729369358}, "_child1": {"label": 17, "event": "S", "reconc": 9, "tstamp": 0.0, "transferred": 0, "dist": 0.019543484259046253}}, "_child1": {"label": 11, "event": "S", "reconc": 6, "tstamp": 0.0, "transferred": 0, "dist": 0.25852253644596884}}, "_child1": {"label": 7, "event": "S", "reconc": 4, "tstamp": 0.0, "transferred": 0, "dist": 0.19474288450350868}}, "_child1": {"label": 5, "event": "S", "reconc": 3, "tstamp": 0.1312195483747692, "transferred": 0, "dist": 0.09483941221821766, "_child0": {"label": 8, "event": "S", "reconc": 5, "tstamp": 0.1253751104421313, "transferred": 0, "dist": 0.00457106139775371, "_child0": {"label": 12, "event": "D", "reconc": [5, 7], "tstamp": 0.055562128077396924, "transferred": 0, "dist": 0.09939550229549872, "_child0": {"label": 14, "event": "S", "reconc": 7, "tstamp": 0.041256602013163175, "transferred": 0, "dist": 0.0071379500227108095, "_child0": {"label": 18, "event": "S", "reconc": 8, "tstamp": 0.0, "transferred": 0, "dist": 0.02917448109876982}, "_child1": {"label": 19, "event": "S", "reconc": 9, "tstamp": 0.0, "transferred": 0, "dist": 0.023466172130897186}}, "_child1": {"label": 15, "event": "S", "reconc": 7, "tstamp": 0.041256602013163175, "transferred": 0, "dist": 0.017558906137104428, "_child0": {"label": 20, "event": "S", "reconc": 8, "tstamp": 0.0, "transferred": 0, "dist": 0.027820606370961138}, "_child1": {"label": 21, "event": "S", "reconc": 9, "tstamp": 0.0, "transferred": 0, "dist": 0.06015795910289455}}}, "_child1": {"label": 13, "event": "S", "reconc": 6, "tstamp": 0.0, "transferred": 0, "dist": 0.07931775190904543}}, "_child1": {"label": 9, "event": "S", "reconc": 4, "tstamp": 0.0, "transferred": 0, "dist": 0.17531669035495134}}}