{"label": 1, "event": "D", "reconc": [0, 1], "tstamp": 0.5565509332535103, "transferred": 0, "dist": 0.0, "_child0": {"label": 4, "event": "S", "reconc": 2, "tstamp": 0.4195390451067924, "transferred": 0, "dist": 0.27339159543547875, "_child0": {"label": 11, "event": "S", "reconc": 5, "tstamp": 0.0, "transferred": 0, "dist": 0.45312932627821173}, "_child1": {"label": 13, "event": "S", "reconc": 7, "tstamp": 0.0, "transferred": 0, "dist": 0.4602376299179406}, "_child2": {"label": 9, "event": "D", "reconc": [2, 6], "tstamp": 0.156378575781818, "transferred": 0, "dist": 0.3113443454667291, "_child0": {"label": 16, "event": "D", "reconc": [2, 6], "tstamp": 0.15275452367347933, "transferred": 0, "dist": 0.004287604952606533, "_child0": {"label": 17, "event": "S", "reconc": 6, "tstamp": 0.032254677700454606, "transferred": 0, "dist": 0.14256299880277132, "_child0": {"label": 21, "event": "S", "reconc": 8, "tstamp": 0.0, "transferred": 0, "dist": 0.043058414780920255}, "_child1": {"label": 22, "event": "S", "reconc": 9, "tstamp": 0.0, "transferred": 0, "dist": 0.04185778810199971}}, "_child1": {"label": 18, "event": "S", "reconc": 6, "tstamp": 0.032254677700454606, "transferred": 0, "dist": 0.14256299880277132, "_child0": {"label": 23, "event": "D", "reconc": [6, 8], "tstamp": 0.01932074400066373, "transferred": 0, "dist": 0.017266167939004668, "_child0": {"label": 25, "event": "S", "reconc": 8, "tstamp": 0.0, "transferred": 0, "dist": 0.02579224684191559}, "_child1": {"label": 26, "event": "S", "reconc": 8, "tstamp": 0.0, "transferred": 0, "dist": 0.02579224684191559}}, "_child1": {"label": 24, "event": "S", "reconc": 9, "tstamp": 0.0, "transferred": 0, "dist": 0.04185778810199971}}}, "_child1": {"label": 15, "event": "S", "reconc": 6, "tstamp": 0.032254677700454606, "transferred": 0, "dist": 0.34239977117274395, "_child0": {"label": 19, "event": "S", "reconc": 8, "tstamp": 0.0, "transferred": 0, "dist": 0.047725073867108656}, "_child1": {"label": 20, "event": "S", "reconc": 9, "tstamp": 0.0, "transferred": 0, "dist": 0.05072775728106837}}}}, "_child1": {"label": 7, "event": "S", "reconc": 3, "tstamp": 0.0, "transferred": 0, "dist": 0.5441846375495094}}