{"label": 1, "event": "S", "reconc": 1, "tstamp": 0.9050077402742847, "transferred": 0, "dist": 0.0, "_child0": {"label": 2, "event": "S", "reconc": 3, "tstamp": 0.8249080315950467, "transferred": 0, "dist": 0.07679609033719244, "_child0": {"label": 4, "event": "S", "reconc": 5, "tstamp": 0.7727552529911214, "transferred": 0, "dist": 0.04376179190939926, "_child0": {"label": 6, "event": "S", "reconc": 6, "tstamp": 0.7578626418822638, "transferred": 0, "dist": 0.01160696054223587, "_child0": {"label": 8, "event": "S", "reconc": 9, "tstamp": 0.6779921236214775, "transferred": 0, "dist": 0.06063247330565579, "_child0": {"label": 10, "event": "S", "reconc": 10, "tstamp": 0.6602590058809318, "transferred": 0, "dist": 0.01272233831683929, "_child0": {"label": 12, "event": "D", "reconc": [10, 15], "tstamp": 0.5812058982577164, "transferred": 0, "dist": 0.08262136980641431, "_child0": {"label": 29, "event": "D", "reconc": [10, 15], "tstamp": 0.3438449027506896, "transferred": 0, "dist": 0.43969262043132734, "_child0": {"label": 36, "event": "D", "reconc": [10, 15], "tstamp": 0.1238005522918465, "transferred": 0, "dist": 0.2660028056901904, "_child0": {"label": 53, "event": "S", "reconc": 15, "tstamp": 0.0, "transferred": 0, "dist": 0.15598987363813813}, "_child1": {"label": 54, "event": "S", "reconc": 15, "tstamp": 0.0, "transferred": 0, "dist": 0.14363882618482515}}, "_child1": {"label": 35, "event": "S", "reconc": 15, "tstamp": 0.0, "transferred": 0, "dist": 1.0563244277186898}}, "_child1": {"label": 17, "event": "D", "reconc": [10, 15], "tstamp": 0.39218933551166396, "transferred": 0, "dist": 0.2588157729746767, "_child0": {"label": 31, "event": "D", "reconc": [10, 15], "tstamp": 0.0473237478140405, "transferred": 0, "dist": 0.8641087416699614, "_child0": {"label": 63, "event": "S", "reconc": 15, "tstamp": 0.0, "transferred": 0, "dist": 0.1488008896561506}, "_child1": {"label": 64, "event": "S", "reconc": 15, "tstamp": 0.0, "transferred": 0, "dist": 0.07281265905858011}}, "_child1": {"label": 32, "event": "S", "reconc": 15, "tstamp": 0.0, "transferred": 0, "dist": 1.4833260051414312}}}, "_child1": {"label": 15, "event": "S", "reconc": 25, "tstamp": 0.23251539790643397, "transferred": 0, "dist": 0.30419656677506185, "_child0": {"label": 41, "event": "S", "reconc": 26, "tstamp": 0.0790264189474043, "transferred": 0, "dist": 0.10266852230954425, "_child0": {"label": 59, "event": "S", "reconc": 28, "tstamp": 0.0, "transferred": 0, "dist": 0.04332888043833849}, "_child1": {"label": 60, "event": "S", "reconc": 29, "tstamp": 0.0, "transferred": 0, "dist": 0.05048810616721492}}, "_child1": {"label": 42, "event": "S", "reconc": 27, "tstamp": 0.0, "transferred": 0, "dist": 0.20467394599683778}}, "_child2": {"label": 13, "event": "S", "reconc": 14, "tstamp": 0.0, "transferred": 0, "dist": 0.6361624695971827}, "_child3": {"label": 14, "event": "S", "reconc": 24, "tstamp": 0.0, "transferred": 0, "dist": 0.40564891556782406}}, "_child1": {"label": 11, "event": "S", "reconc": 11, "tstamp": 0.0, "transferred": 0, "dist": 0.5183774170508383}}, "_child1": {"label": 9, "event": "H", "reconc": [6, 8], "tstamp": 0.23526301339136874, "transferred": 0, "dist": 0.3450941051286612, "_child0": {"label": 50, "event": "S", "reconc": 22, "tstamp": 0.0, "transferred": 1, "dist": 1.5305382415274897}, "_child1": {"label": 39, "event": "S", "reconc": 8, "tstamp": 0.0, "transferred": 0, "dist": 0.15535387828462854}}}, "_child1": {"label": 7, "event": "D", "reconc": [5, 7], "tstamp": 0.40703128238150976, "transferred": 0, "dist": 0.2986877952610962, "_child0": {"label": 26, "event": "D", "reconc": [5, 7], "tstamp": 0.35586949683398683, "transferred": 0, "dist": 0.07906061684959617, "_child0": {"label": 34, "event": "H", "reconc": [5, 7], "tstamp": 0.1288457515285131, "transferred": 0, "dist": 0.9578115950998642, "_child0": {"label": 57, "event": "S", "reconc": 27, "tstamp": 0.0, "transferred": 1, "dist": 0.30962555952231846}, "_child1": {"label": 51, "event": "S", "reconc": 7, "tstamp": 0.0, "transferred": 0, "dist": 0.543599325380306}}, "_child1": {"label": 33, "event": "D", "reconc": [5, 7], "tstamp": 0.11831962044429677, "transferred": 0, "dist": 0.8356201102873111, "_child0": {"label": 56, "event": "D", "reconc": [5, 7], "tstamp": 0.07751166358954756, "transferred": 0, "dist": 0.12540557273632133, "_child0": {"label": 61, "event": "S", "reconc": 7, "tstamp": 0.0, "transferred": 0, "dist": 0.07652906491014108}, "_child1": {"label": 62, "event": "S", "reconc": 7, "tstamp": 0.0, "transferred": 0, "dist": 0.16110388622775298}}, "_child1": {"label": 55, "event": "S", "reconc": 7, "tstamp": 0.0, "transferred": 0, "dist": 0.12012962253537814}}}, "_child1": {"label": 25, "event": "S", "reconc": 7, "tstamp": 0.0, "transferred": 0, "dist": 1.7331989880517138}}}, "_child1": {"label": 5, "event": "S", "reconc": 4, "tstamp": 0.5367333227909126, "transferred": 0, "dist": 0.22976627773417246, "_child0": {"label": 18, "event": "S", "reconc": 17, "tstamp": 0.5276279797389505, "transferred": 0, "dist": 0.006191244261205251, "_child0": {"label": 20, "event": "D", "reconc": [17, 18], "tstamp": 0.32477427221554805, "transferred": 0, "dist": 0.1265963956968017, "_child0": {"label": 37, "event": "S", "reconc": 18, "tstamp": 0.0, "transferred": 0, "dist": 0.20268425349236965}, "_child1": {"label": 38, "event": "S", "reconc": 18, "tstamp": 0.0, "transferred": 0, "dist": 0.20268425349236965}}, "_child1": {"label": 21, "event": "S", "reconc": 19, "tstamp": 0.0, "transferred": 0, "dist": 0.2809556278951825}}, "_child1": {"label": 19, "event": "S", "reconc": 16, "tstamp": 0.47397375325344726, "transferred": 0, "dist": 0.047205449947490256, "_child0": {"label": 45, "event": "S", "reconc": 22, "tstamp": 0.0, "transferred": 0, "dist": 0.5256445297614252}, "_child1": {"label": 22, "event": "S", "reconc": 23, "tstamp": 0.0, "transferred": 0, "dist": 0.38369827831093567}, "_child2": {"label": 24, "event": "S", "reconc": 20, "tstamp": 0.0, "transferred": 0, "dist": 0.32809009437147646}}}}, "_child1": {"label": 3, "event": "D", "reconc": [1, 2], "tstamp": 0.4067540734885513, "transferred": 0, "dist": 0.354266578743447, "_child0": {"label": 28, "event": "D", "reconc": [1, 2], "tstamp": 0.2006740616513972, "transferred": 0, "dist": 0.14652628893216627, "_child0": {"label": 44, "event": "D", "reconc": [1, 2], "tstamp": 0.1836390606949857, "transferred": 0, "dist": 0.012112166773705819, "_child0": {"label": 47, "event": "S", "reconc": 2, "tstamp": 0.0, "transferred": 0, "dist": 0.17336407530323822}, "_child1": {"label": 48, "event": "S", "reconc": 2, "tstamp": 0.0, "transferred": 0, "dist": 0.19420363350401768}}, "_child1": {"label": 43, "event": "S", "reconc": 2, "tstamp": 0.0, "transferred": 0, "dist": 0.14268256914677993}}, "_child1": {"label": 27, "event": "S", "reconc": 2, "tstamp": 0.0, "transferred": 0, "dist": 0.2892088580789462}}}