{"label": 0, "event": null, "tstamp": 1.0, "dist": 0.0, "_child0": {"label": 1, "event": "S", "tstamp": 0.9261244642940272, "dist": 0.07387553570597283, "_child0": {"label": 2, "event": "S", "tstamp": 0.511644959094374, "dist": 0.41447950519965315, "_child0": {"label": 5, "event": "S", "tstamp": 0.4710049848741047, "dist": 0.040639974220269326, "_child0": {"label": 9, "event": "S", "tstamp": 0.0, "dist": 0.4710049848741047}, "_child1": {"label": 8, "event": "S", "tstamp": 0.2882673643005068, "dist": 0.18273762057359788, "_child0": {"label": 11, "event": "S", "tstamp": 0.046909948846772014, "dist": 0.2413574154537348, "_child0": {"label": 13, "event": "S", "tstamp": 0.028583353181581554, "dist": 0.01832659566519046, "_child0": {"label": 14, "event": "S", "tstamp": 0.0, "dist": 0.028583353181581554}, "_child1": {"label": 15, "event": "S", "tstamp": 0.0, "dist": 0.028583353181581554}}, "_child1": {"label": 12, "event": "S", "tstamp": 0.0, "dist": 0.046909948846772014}}, "_child1": {"label": 10, "event": "S", "tstamp": 0.0, "dist": 0.2882673643005068}}, "_child2": {"label": 6, "event": "S", "tstamp": 0.0, "dist": 0.4710049848741047}}, "_child1": {"label": 4, "event": "S", "tstamp": 0.0, "dist": 0.511644959094374}}, "_child1": {"label": 3, "event": "S", "tstamp": 0.0, "dist": 0.9261244642940272}}}