{"label": 1, "event": "S", "reconc": 1, "tstamp": 0.3805472498812111, "transferred": 0, "dist": 0.0, "_child0": {"label": 2, "event": "S", "reconc": 3, "tstamp": 0.2897751931247161, "transferred": 0, "dist": 0.0563799256001001, "_child0": {"label": 6, "event": "H", "reconc": [3, 4], "tstamp": 0.16607717482190784, "transferred": 0, "dist": 0.08681319036541417, "_child0": {"label": 10, "event": "S", "reconc": 7, "tstamp": 0.0, "transferred": 1, "dist": 0.12135956600235727}, "_child1": {"label": 9, "event": "S", "reconc": 4, "tstamp": 0.0, "transferred": 0, "dist": 0.11655554058974876}}, "_child1": {"label": 5, "event": "H", "reconc": [3, 6], "tstamp": 0.10292873338172512, "transferred": 0, "dist": 0.11101293156136734, "_child0": {"label": 11, "event": "S", "reconc": 6, "tstamp": 0.0, "transferred": 0, "dist": 0.061154064413748176}, "_child1": {"label": 12, "event": "S", "reconc": 9, "tstamp": 0.0, "transferred": 1, "dist": 0.2385838892966757}}, "_child2": {"label": 4, "event": "H", "reconc": [3, 7], "tstamp": 0.09514432567253228, "transferred": 0, "dist": 0.11630057266812979, "_child0": {"label": 13, "event": "H", "reconc": [3, 7], "tstamp": 0.028712550999025296, "transferred": 0, "dist": 0.03969593075870728, "_child0": {"label": 15, "event": "S", "reconc": 7, "tstamp": 0.0, "transferred": 0, "dist": 0.017157022252751904}, "_child1": {"label": 16, "event": "S", "reconc": 6, "tstamp": 0.0, "transferred": 1, "dist": 0.06250175514694555}}, "_child1": {"label": 14, "event": "S", "reconc": 8, "tstamp": 0.0, "transferred": 1, "dist": 0.08936230402009356}}}, "_child1": {"label": 3, "event": "S", "reconc": 2, "tstamp": 0.2557434515102841, "transferred": 0, "dist": 0.07334372562431823, "_child0": {"label": 8, "event": "H", "reconc": [2, 9], "tstamp": 0.022829161278048748, "transferred": 0, "dist": 0.1261529467000307, "_child0": {"label": 18, "event": "S", "reconc": 7, "tstamp": 0.0, "transferred": 1, "dist": 0.021055882898767576}, "_child1": {"label": 17, "event": "S", "reconc": 9, "tstamp": 0.0, "transferred": 0, "dist": 0.012364917425395056}}, "_child1": {"label": 7, "event": "S", "reconc": 8, "tstamp": 0.0, "transferred": 0, "dist": 0.13063483727598543}}}