{"label": 0, "event": null, "tstamp": 1.0, "dist": 0.0, "_child0": {"label": 1, "event": "S", "tstamp": 0.49322842072322265, "dist": 0.5067715792767773, "_child0": {"label": 5, "event": "S", "tstamp": 0.0, "dist": 0.49322842072322265}, "_child1": {"label": 4, "event": "S", "tstamp": 0.0, "dist": 0.49322842072322265}, "_child2": {"label": 3, "event": "S", "tstamp": 0.2778016906961307, "dist": 0.21542673002709195, "_child0": {"label": 7, "event": "S", "tstamp": 0.25485201117617684, "dist": 0.02294967951995386, "_child0": {"label": 8, "event": "S", "tstamp": 0.0, "dist": 0.25485201117617684}, "_child1": {"label": 9, "event": "S", "tstamp": 0.0, "dist": 0.25485201117617684}}, "_child1": {"label": 6, "event": "S", "tstamp": 0.0, "dist": 0.2778016906961307}}}}