{"label": 0, "event": null, "tstamp": 1.0, "dist": 0.0, "_child0": {"label": 1, "event": "S", "tstamp": 0.9669751211741874, "dist": 0.03302487882581262, "_child0": {"label": 2, "event": "S", "tstamp": 0.6395537177414928, "dist": 0.32742140343269455, "_child0": {"label": 4, "event": "S", "tstamp": 0.0, "dist": 0.6395537177414928}, "_child1": {"label": 5, "event": "S", "tstamp": 0.0, "dist": 0.6395537177414928}}, "_child1": {"label": 3, "event": "S", "tstamp": 0.593288370350154, "dist": 0.37368675082403335, "_child0": {"label": 7, "event": "S", "tstamp": 0.5658835038956845, "dist": 0.02740486645446949, "_child0": {"label": 8, "event": "S", "tstamp": 0.0, "dist": 0.5658835038956845}, "_child1": {"label": 9, "event": "S", "tstamp": 0.0, "dist": 0.5658835038956845}}, "_child1": {"label": 6, "event": "S", "tstamp": 0.0, "dist": 0.593288370350154}}}}