{"label": 0, "event": null, "tstamp": 1.0, "dist": 0.0, "_child0": {"label": 1, "event": "S", "tstamp": 0.8761546163564685, "dist": 0.12384538364353148, "_child0": {"label": 2, "event": "S", "tstamp": 0.8117803016020905, "dist": 0.06437431475437805, "_child0": {"label": 5, "event": "S", "tstamp": 0.580166092005275, "dist": 0.23161420959681545, "_child0": {"label": 11, "event": "S", "tstamp": 0.5436035369979193, "dist": 0.036562555007355724, "_child0": {"label": 12, "event": "S", "tstamp": 0.0, "dist": 0.5436035369979193}, "_child1": {"label": 13, "event": "S", "tstamp": 0.0, "dist": 0.5436035369979193}}, "_child1": {"label": 10, "event": "S", "tstamp": 0.0, "dist": 0.580166092005275}}, "_child1": {"label": 4, "event": "S", "tstamp": 0.0, "dist": 0.8117803016020905}}, "_child1": {"label": 3, "event": "S", "tstamp": 0.758248811352773, "dist": 0.11790580500369552, "_child0": {"label": 8, "event": "S", "tstamp": 0.0, "dist": 0.758248811352773}, "_child1": {"label": 9, "event": "S", "tstamp": 0.38538068987205126, "dist": 0.37286812148072174, "_child0": {"label": 16, "event": "S", "tstamp": 0.0, "dist": 0.38538068987205126}, "_child1": {"label": 17, "event": "S", "tstamp": 0.23696089766213183, "dist": 0.14841979220991944, "_child0": {"label": 18, "event": "S", "tstamp": 0.0, "dist": 0.23696089766213183}, "_child1": {"label": 19, "event": "S", "tstamp": 0.0, "dist": 0.23696089766213183}}, "_child2": {"label": 14, "event": "S", "tstamp": 0.0, "dist": 0.38538068987205126}}, "_child2": {"label": 6, "event": "S", "tstamp": 0.0, "dist": 0.758248811352773}}}}