{"label": 0, "event": null, "tstamp": 1.0, "dist": 0.0, "_child0": {"label": 1, "event": "S", "tstamp": 0.9614496824488454, "dist": 0.03855031755115457, "_child0": {"label": 5, "event": "S", "tstamp": 0.6214820141180691, "dist": 0.3399676683307763, "_child0": {"label": 9, "event": "S", "tstamp": 0.5464973197756459, "dist": 0.07498469434242327, "_child0": {"label": 11, "event": "S", "tstamp": 0.3230475323527332, "dist": 0.22344978742291266, "_child0": {"label": 17, "event": "S", "tstamp": 0.2402931367929022, "dist": 0.082754395559831, "_child0": {"label": 19, "event": "S", "tstamp": 0.22445504051838128, "dist": 0.01583809627452093, "_child0": {"label": 21, "event": "S", "tstamp": 0.2203889435330726, "dist": 0.004066096985308687, "_child0": {"label": 22, "event": "S", "tstamp": 0.00740813006071223, "dist": 0.21298081347236036, "_child0": {"label": 28, "event": "S", "tstamp": 0.0, "dist": 0.00740813006071223}, "_child1": {"label": 29, "event": "S", "tstamp": 0.0, "dist": 0.00740813006071223}}, "_child1": {"label": 23, "event": "S", "tstamp": 0.0, "dist": 0.2203889435330726}}, "_child1": {"label": 20, "event": "S", "tstamp": 0.0, "dist": 0.22445504051838128}}, "_child1": {"label": 18, "event": "S", "tstamp": 0.0, "dist": 0.2402931367929022}}, "_child1": {"label": 16, "event": "S", "tstamp": 0.0, "dist": 0.3230475323527332}}, "_child1": {"label": 10, "event": "S", "tstamp": 0.0, "dist": 0.5464973197756459}}, "_child1": {"label": 8, "event": "S", "tstamp": 0.2158111357278398, "dist": 0.4056708783902293, "_child0": {"label": 25, "event": "S", "tstamp": 0.12484147892966858, "dist": 0.09096965679817122, "_child0": {"label": 26, "event": "S", "tstamp": 0.0, "dist": 0.12484147892966858}, "_child1": {"label": 27, "event": "S", "tstamp": 0.0, "dist": 0.12484147892966858}}, "_child1": {"label": 24, "event": "S", "tstamp": 0.0, "dist": 0.2158111357278398}}}, "_child1": {"label": 4, "event": "S", "tstamp": 0.7210566607839102, "dist": 0.24039302166493526, "_child0": {"label": 6, "event": "S", "tstamp": 0.0, "dist": 0.7210566607839102}, "_child1": {"label": 7, "event": "S", "tstamp": 0.0, "dist": 0.7210566607839102}}, "_child2": {"label": 12, "event": "S", "tstamp": 0.0, "dist": 0.9614496824488454}, "_child3": {"label": 13, "event": "S", "tstamp": 0.40019710316250057, "dist": 0.5612525792863449, "_child0": {"label": 14, "event": "S", "tstamp": 0.0, "dist": 0.40019710316250057}, "_child1": {"label": 15, "event": "S", "tstamp": 0.0, "dist": 0.40019710316250057}}}}