{"label": 1, "event": "D", "reconc": [0, 1], "tstamp": 0.8831583457489365, "transferred": 0, "dist": 0.0, "_child0": {"label": 2, "event": "S", "reconc": 1, "tstamp": 0.8707792566321685, "transferred": 0, "dist": 0.08116969590018357, "_child0": {"label": 4, "event": "S", "reconc": 3, "tstamp": 0.6507355557840927, "transferred": 0, "dist": 0.7322252553173608, "_child0": {"label": 8, "event": "H", "reconc": [3, 7], "tstamp": 0.12842171985497497, "transferred": 0, "dist": 0.8447996534585253, "_child0": {"label": 19, "event": "S", "reconc": 6, "tstamp": 0.08296301689279544, "transferred": 1, "dist": 0.10916678079840977, "_child0": {"label": 22, "event": "S", "reconc": 8, "tstamp": 0.0, "transferred": 0, "dist": 0.11095141942243669}, "_child1": {"label": 23, "event": "S", "reconc": 9, "tstamp": 0.0, "transferred": 0, "dist": 0.10585017911025833}}, "_child1": {"label": 18, "event": "S", "reconc": 7, "tstamp": 0.0, "transferred": 0, "dist": 0.20771156528343188}}, "_child1": {"label": 10, "event": "S", "reconc": 4, "tstamp": 0.0, "transferred": 0, "dist": 2.602669804616264}}, "_child1": {"label": 5, "event": "S", "reconc": 2, "tstamp": 0.0, "transferred": 0, "dist": 1.0320264158233723}}, "_child1": {"label": 6, "event": "S", "reconc": 3, "tstamp": 0.6507355557840927, "transferred": 0, "dist": 0.3202500942445466, "_child0": {"label": 14, "event": "D", "reconc": [3, 4], "tstamp": 0.4951201901943685, "transferred": 0, "dist": 0.29075206986277, "_child0": {"label": 16, "event": "S", "reconc": 4, "tstamp": 0.0, "transferred": 0, "dist": 1.7179801548573503}, "_child1": {"label": 17, "event": "S", "reconc": 4, "tstamp": 0.0, "transferred": 0, "dist": 0.786821937584978}}, "_child1": {"label": 12, "event": "S", "reconc": 6, "tstamp": 0.08296301689279544, "transferred": 0, "dist": 1.5770055893653614, "_child0": {"label": 20, "event": "S", "reconc": 8, "tstamp": 0.0, "transferred": 0, "dist": 0.10051956634973755}, "_child1": {"label": 21, "event": "S", "reconc": 9, "tstamp": 0.0, "transferred": 0, "dist": 0.09975172435050504}}, "_child2": {"label": 11, "event": "S", "reconc": 7, "tstamp": 0.0, "transferred": 0, "dist": 2.9340832556653385}}}