{"label": 0, "event": null, "tstamp": 1.0, "dist": 0.0, "_child0": {"label": 1, "event": "S", "tstamp": 0.9486095208516314, "dist": 0.051390479148368584, "_child0": {"label": 4, "event": "S", "tstamp": 0.5295784797263056, "dist": 0.41903104112532585, "_child0": {"label": 11, "event": "S", "tstamp": 0.4427760956004518, "dist": 0.08680238412585378, "_child0": {"label": 12, "event": "S", "tstamp": 0.0, "dist": 0.4427760956004518}, "_child1": {"label": 13, "event": "S", "tstamp": 0.0, "dist": 0.4427760956004518}}, "_child1": {"label": 10, "event": "S", "tstamp": 0.346368190322868, "dist": 0.1832102894034376, "_child0": {"label": 15, "event": "S", "tstamp": 0.3186535645421341, "dist": 0.02771462578073386, "_child0": {"label": 17, "event": "S", "tstamp": 0.018925935815801053, "dist": 0.2997276287263331, "_child0": {"label": 24, "event": "S", "tstamp": 0.0, "dist": 0.018925935815801053}, "_child1": {"label": 25, "event": "S", "tstamp": 0.0, "dist": 0.018925935815801053}}, "_child1": {"label": 16, "event": "S", "tstamp": 0.0, "dist": 0.3186535645421341}}, "_child1": {"label": 14, "event": "S", "tstamp": 0.3163063030420059, "dist": 0.030061887280862065, "_child0": {"label": 19, "event": "S", "tstamp": 0.26350167377133804, "dist": 0.05280462927066787, "_child0": {"label": 20, "event": "S", "tstamp": 0.0, "dist": 0.26350167377133804}, "_child1": {"label": 21, "event": "S", "tstamp": 0.0, "dist": 0.26350167377133804}}, "_child1": {"label": 18, "event": "S", "tstamp": 0.0, "dist": 0.3163063030420059}}}}, "_child1": {"label": 5, "event": "S", "tstamp": 0.9186012041637133, "dist": 0.030008316687918146, "_child0": {"label": 6, "event": "S", "tstamp": 0.0, "dist": 0.9186012041637133}, "_child1": {"label": 7, "event": "S", "tstamp": 0.0, "dist": 0.9186012041637133}}, "_child2": {"label": 9, "event": "S", "tstamp": 0.0, "dist": 0.9486095208516314}, "_child3": {"label": 8, "event": "S", "tstamp": 0.17332599115399283, "dist": 0.7752835296976386, "_child0": {"label": 22, "event": "S", "tstamp": 0.0, "dist": 0.17332599115399283}, "_child1": {"label": 23, "event": "S", "tstamp": 0.0, "dist": 0.17332599115399283}}}}