{"label": 0, "event": null, "tstamp": 1.0, "dist": 0.0, "_child0": {"label": 1, "event": "S", "tstamp": 0.9833420642058294, "dist": 0.01665793579417063, "_child0": {"label": 4, "event": "S", "tstamp": 0.4376556446706349, "dist": 0.5456864195351945, "_child0": {"label": 11, "event": "S", "tstamp": 0.0017602028382867037, "dist": 0.4358954418323482, "_child0": {"label": 28, "event": "S", "tstamp": 0.0, "dist": 0.0017602028382867037}, "_child1": {"label": 29, "event": "S", "tstamp": 0.0, "dist": 0.0017602028382867037}}, "_child1": {"label": 10, "event": "S", "tstamp": 0.0, "dist": 0.4376556446706349}}, "_child1": {"label": 5, "event": "S", "tstamp": 0.6434792390875226, "dist": 0.3398628251183068, "_child0": {"label": 7, "event": "S", "tstamp": 0.4616941145143916, "dist": 0.181785124573131, "_child0": {"label": 9, "event": "S", "tstamp": 0.290706958084858, "dist": 0.17098715642953355, "_child0": {"label": 19, "event": "S", "tstamp": 0.0, "dist": 0.290706958084858}, "_child1": {"label": 18, "event": "S", "tstamp": 0.0, "dist": 0.290706958084858}, "_child2": {"label": 16, "event": "S", "tstamp": 0.0, "dist": 0.290706958084858}}, "_child1": {"label": 8, "event": "S", "tstamp": 0.0, "dist": 0.4616941145143916}}, "_child1": {"label": 6, "event": "S", "tstamp": 0.3771716938758555, "dist": 0.2663075452116671, "_child0": {"label": 13, "event": "S", "tstamp": 0.3533829272332514, "dist": 0.023788766642604098, "_child0": {"label": 14, "event": "S", "tstamp": 0.2586290915605248, "dist": 0.09475383567272655, "_child0": {"label": 21, "event": "S", "tstamp": 0.19051761968842115, "dist": 0.06811147187210367, "_child0": {"label": 25, "event": "S", "tstamp": 0.0, "dist": 0.19051761968842115}, "_child1": {"label": 24, "event": "S", "tstamp": 0.0, "dist": 0.19051761968842115}, "_child2": {"label": 23, "event": "S", "tstamp": 0.03124463999471813, "dist": 0.15927297969370302, "_child0": {"label": 26, "event": "S", "tstamp": 0.0, "dist": 0.03124463999471813}, "_child1": {"label": 27, "event": "S", "tstamp": 0.0, "dist": 0.03124463999471813}}}, "_child1": {"label": 20, "event": "S", "tstamp": 0.0, "dist": 0.2586290915605248}}, "_child1": {"label": 15, "event": "S", "tstamp": 0.0, "dist": 0.3533829272332514}}, "_child1": {"label": 12, "event": "S", "tstamp": 0.0, "dist": 0.3771716938758555}}}, "_child2": {"label": 3, "event": "S", "tstamp": 0.0, "dist": 0.9833420642058294}}}