{"label": 0, "event": null, "tstamp": 1.0, "dist": 0.0, "_child0": {"label": 1, "event": "S", "tstamp": 0.8281676374889322, "dist": 0.17183236251106782, "_child0": {"label": 2, "event": "S", "tstamp": 0.7895035731540279, "dist": 0.038664064334904324, "_child0": {"label": 7, "event": "S", "tstamp": 0.0, "dist": 0.7895035731540279}, "_child1": {"label": 6, "event": "S", "tstamp": 0.0, "dist": 0.7895035731540279}, "_child2": {"label": 5, "event": "S", "tstamp": 0.38455211533743233, "dist": 0.40495145781659553, "_child0": {"label": 13, "event": "S", "tstamp": 0.24673795519752417, "dist": 0.13781416013990816, "_child0": {"label": 14, "event": "S", "tstamp": 0.0, "dist": 0.24673795519752417}, "_child1": {"label": 15, "event": "S", "tstamp": 0.0, "dist": 0.24673795519752417}}, "_child1": {"label": 12, "event": "S", "tstamp": 0.0, "dist": 0.38455211533743233}}}, "_child1": {"label": 3, "event": "S", "tstamp": 0.5222915055942423, "dist": 0.3058761318946899, "_child0": {"label": 9, "event": "S", "tstamp": 0.5012531230265318, "dist": 0.021038382567710512, "_child0": {"label": 16, "event": "S", "tstamp": 0.0, "dist": 0.5012531230265318}, "_child1": {"label": 17, "event": "S", "tstamp": 0.11602439977821025, "dist": 0.3852287232483216, "_child0": {"label": 18, "event": "S", "tstamp": 0.09085882333035535, "dist": 0.0251655764478549, "_child0": {"label": 20, "event": "S", "tstamp": 0.0, "dist": 0.09085882333035535}, "_child1": {"label": 21, "event": "S", "tstamp": 0.0, "dist": 0.09085882333035535}}, "_child1": {"label": 19, "event": "S", "tstamp": 0.06390078628017261, "dist": 0.05212361349803764, "_child0": {"label": 24, "event": "S", "tstamp": 0.0, "dist": 0.06390078628017261}, "_child1": {"label": 25, "event": "S", "tstamp": 0.021058939405695233, "dist": 0.042841846874477375, "_child0": {"label": 26, "event": "S", "tstamp": 0.02027761713871382, "dist": 0.0007813222669814136, "_child0": {"label": 28, "event": "S", "tstamp": 0.0, "dist": 0.02027761713871382}, "_child1": {"label": 29, "event": "S", "tstamp": 0.0, "dist": 0.02027761713871382}}, "_child1": {"label": 27, "event": "S", "tstamp": 0.0, "dist": 0.021058939405695233}}, "_child2": {"label": 23, "event": "S", "tstamp": 0.0, "dist": 0.06390078628017261}}}, "_child2": {"label": 11, "event": "S", "tstamp": 0.0, "dist": 0.5012531230265318}}, "_child1": {"label": 8, "event": "S", "tstamp": 0.0, "dist": 0.5222915055942423}}}}