{"label": 1, "event": "D", "reconc": [0, 1], "tstamp": 0.8623269661291157, "transferred": 0, "dist": 0.0, "_child0": {"label": 2, "event": "S", "reconc": 1, "tstamp": 0.8281676374889322, "transferred": 0, "dist": 0.03184400402186784, "_child0": {"label": 4, "event": "S", "reconc": 2, "tstamp": 0.7895035731540279, "transferred": 0, "dist": 0.03446317967991051, "_child0": {"label": 9, "event": "D", "reconc": [2, 6], "tstamp": 0.472644938128766, "transferred": 0, "dist": 0.1865831027343984, "_child0": {"label": 25, "event": "H", "reconc": [2, 6], "tstamp": 0.2011429880356671, "transferred": 0, "dist": 0.15987469062590468, "_child0": {"label": 37, "event": "H", "reconc": [5, 12], "tstamp": 0.08137500733503501, "transferred": 1, "dist": 0.14935490940601373, "_child0": {"label": 48, "event": "S", "reconc": 12, "tstamp": 0.0, "transferred": 0, "dist": 0.1014775132496971}, "_child1": {"label": 49, "event": "S", "reconc": 16, "tstamp": 0.0, "transferred": 1, "dist": 0.052321277136381204}}, "_child1": {"label": 36, "event": "S", "reconc": 6, "tstamp": 0.0, "transferred": 0, "dist": 0.11844361697124221}}, "_child1": {"label": 24, "event": "S", "reconc": 6, "tstamp": 0.0, "transferred": 0, "dist": 0.2783183075971469}}, "_child1": {"label": 10, "event": "S", "reconc": 5, "tstamp": 0.38455211533743233, "transferred": 0, "dist": 0.4396052540134103, "_child0": {"label": 31, "event": "S", "reconc": 15, "tstamp": 0.0, "transferred": 0, "dist": 0.391452411768637}, "_child1": {"label": 27, "event": "S", "reconc": 12, "tstamp": 0.0, "transferred": 0, "dist": 0.4784414371137539}}}, "_child1": {"label": 14, "event": "S", "reconc": 9, "tstamp": 0.5012531230265318, "transferred": 0, "dist": 0.23032510231502626, "_child0": {"label": 19, "event": "S", "reconc": 17, "tstamp": 0.11602439977821025, "transferred": 0, "dist": 0.22465555458217223, "_child0": {"label": 40, "event": "S", "reconc": 18, "tstamp": 0.09085882333035535, "transferred": 0, "dist": 0.01445636376319272, "_child0": {"label": 44, "event": "S", "reconc": 20, "tstamp": 0.0, "transferred": 0, "dist": 0.05076844598360657}, "_child1": {"label": 45, "event": "S", "reconc": 21, "tstamp": 0.0, "transferred": 0, "dist": 0.04727538135568852}}, "_child1": {"label": 41, "event": "S", "reconc": 19, "tstamp": 0.06390078628017261, "transferred": 0, "dist": 0.02959501891745989, "_child0": {"label": 51, "event": "S", "reconc": 25, "tstamp": 0.021058939405695233, "transferred": 0, "dist": 0.023168141971136164, "_child0": {"label": 58, "event": "S", "reconc": 26, "tstamp": 0.02027761713871382, "transferred": 0, "dist": 0.0004023866921095029, "_child0": {"label": 62, "event": "S", "reconc": 28, "tstamp": 0.0, "transferred": 0, "dist": 0.010092587489001952}, "_child1": {"label": 63, "event": "S", "reconc": 29, "tstamp": 0.0, "transferred": 0, "dist": 0.010886160802453212}}, "_child1": {"label": 59, "event": "S", "reconc": 27, "tstamp": 0.0, "transferred": 0, "dist": 0.01052290212431686}}, "_child1": {"label": 50, "event": "S", "reconc": 24, "tstamp": 0.0, "transferred": 0, "dist": 0.036930814864454264}, "_child2": {"label": 52, "event": "S", "reconc": 23, "tstamp": 0.0, "transferred": 0, "dist": 0.03329112597908388}}}, "_child1": {"label": 20, "event": "S", "reconc": 11, "tstamp": 0.0, "transferred": 0, "dist": 0.3309550772426414}}}, "_child1": {"label": 3, "event": "S", "reconc": 1, "tstamp": 0.8281676374889322, "transferred": 0, "dist": 0.0432315990795066, "_child0": {"label": 6, "event": "S", "reconc": 2, "tstamp": 0.7895035731540279, "transferred": 0, "dist": 0.04541876697633516, "_child0": {"label": 32, "event": "S", "reconc": 14, "tstamp": 0.0, "transferred": 0, "dist": 1.2119126169995704}, "_child1": {"label": 11, "event": "H", "reconc": [2, 7], "tstamp": 0.21882118089234015, "transferred": 0, "dist": 0.5475404527218383, "_child0": {"label": 34, "event": "S", "reconc": 7, "tstamp": 0.0, "transferred": 0, "dist": 0.17958704584277962}, "_child1": {"label": 35, "event": "S", "reconc": 16, "tstamp": 0.0, "transferred": 1, "dist": 0.1495593054829222}}, "_child2": {"label": 12, "event": "S", "reconc": 6, "tstamp": 0.0, "transferred": 0, "dist": 0.5641914208467059}}, "_child1": {"label": 7, "event": "S", "reconc": 3, "tstamp": 0.5222915055942423, "transferred": 0, "dist": 0.22381201038525858, "_child0": {"label": 16, "event": "S", "reconc": 9, "tstamp": 0.5012531230265318, "transferred": 0, "dist": 0.03751152988245174, "_child0": {"label": 23, "event": "D", "reconc": [9, 11], "tstamp": 0.12278009173682185, "transferred": 0, "dist": 0.3436697555480497, "_child0": {"label": 38, "event": "S", "reconc": 11, "tstamp": 0.0, "transferred": 0, "dist": 0.2567751091109258}, "_child1": {"label": 39, "event": "S", "reconc": 11, "tstamp": 0.0, "transferred": 0, "dist": 0.15375901582782017}}, "_child1": {"label": 22, "event": "S", "reconc": 17, "tstamp": 0.11602439977821025, "transferred": 0, "dist": 0.22483296217442994, "_child0": {"label": 42, "event": "S", "reconc": 18, "tstamp": 0.09085882333035535, "transferred": 0, "dist": 0.014459392007940844, "_child0": {"label": 46, "event": "S", "reconc": 20, "tstamp": 0.0, "transferred": 0, "dist": 0.05446714368429899}, "_child1": {"label": 47, "event": "S", "reconc": 21, "tstamp": 0.0, "transferred": 0, "dist": 0.06415550284736428}}, "_child1": {"label": 43, "event": "S", "reconc": 19, "tstamp": 0.06390078628017261, "transferred": 0, "dist": 0.03329518927693003, "_child0": {"label": 55, "event": "H", "reconc": [19, 23], "tstamp": 0.04696812719636856, "transferred": 0, "dist": 0.009453353488067712, "_child0": {"label": 57, "event": "S", "reconc": 6, "tstamp": 0.0, "transferred": 1, "dist": 0.0776184359531367}, "_child1": {"label": 56, "event": "S", "reconc": 23, "tstamp": 0.0, "transferred": 0, "dist": 0.026221889123397464}}, "_child1": {"label": 54, "event": "S", "reconc": 25, "tstamp": 0.021058939405695233, "transferred": 0, "dist": 0.05741086637915347, "_child0": {"label": 60, "event": "S", "reconc": 26, "tstamp": 0.02027761713871382, "transferred": 0, "dist": 0.00040239492991717786, "_child0": {"label": 64, "event": "S", "reconc": 28, "tstamp": 0.0, "transferred": 0, "dist": 0.03492257373847567}, "_child1": {"label": 65, "event": "S", "reconc": 29, "tstamp": 0.0, "transferred": 0, "dist": 0.01580696809613732}}, "_child1": {"label": 61, "event": "S", "reconc": 27, "tstamp": 0.0, "transferred": 0, "dist": 0.03886917341947972}}, "_child2": {"label": 53, "event": "S", "reconc": 24, "tstamp": 0.0, "transferred": 0, "dist": 0.07523065290085819}}}, "_child2": {"label": 21, "event": "S", "reconc": 16, "tstamp": 0.0, "transferred": 0, "dist": 0.23592028187810443}}, "_child1": {"label": 17, "event": "S", "reconc": 8, "tstamp": 0.0, "transferred": 0, "dist": 0.29154914626074785}}}}