{"label": 1, "event": "S", "reconc": 1, "tstamp": 0.9568494885894702, "transferred": 0, "dist": 0.0, "_child0": {"label": 2, "event": "S", "reconc": 3, "tstamp": 0.6461941465255157, "transferred": 0, "dist": 0.4039325912669909, "_child0": {"label": 4, "event": "H", "reconc": [3, 5], "tstamp": 0.6225052090631009, "transferred": 0, "dist": 0.028437390021694764, "_child0": {"label": 6, "event": "H", "reconc": [3, 5], "tstamp": 0.2667628630804897, "transferred": 0, "dist": 0.42705097499586114, "_child0": {"label": 10, "event": "S", "reconc": 5, "tstamp": 0.22376856293514857, "transferred": 0, "dist": 0.0516125167658002, "_child0": {"label": 13, "event": "H", "reconc": [5, 8], "tstamp": 0.15532472393185084, "transferred": 0, "dist": 0.061703785487299295, "_child0": {"label": 17, "event": "S", "reconc": 8, "tstamp": 0.0, "transferred": 0, "dist": 0.14002901628447711}, "_child1": {"label": 18, "event": "S", "reconc": 7, "tstamp": 0.0, "transferred": 1, "dist": 0.6985882922572769}}, "_child1": {"label": 12, "event": "S", "reconc": 9, "tstamp": 0.0, "transferred": 0, "dist": 0.223264852473837}, "_child2": {"label": 14, "event": "S", "reconc": 7, "tstamp": 0.0, "transferred": 0, "dist": 0.21904163103107346}}, "_child1": {"label": 11, "event": "S", "reconc": 4, "tstamp": 0.0, "transferred": 1, "dist": 0.5059659302305324}}, "_child1": {"label": 7, "event": "S", "reconc": 4, "tstamp": 0.0, "transferred": 1, "dist": 0.8910218958375511}}, "_child1": {"label": 5, "event": "H", "reconc": [3, 4], "tstamp": 0.19650272597685295, "transferred": 0, "dist": 0.5887750899359879, "_child0": {"label": 16, "event": "S", "reconc": 7, "tstamp": 0.0, "transferred": 1, "dist": 1.0265859856135298}, "_child1": {"label": 15, "event": "S", "reconc": 4, "tstamp": 0.0, "transferred": 0, "dist": 0.2572784466702284}}}, "_child1": {"label": 3, "event": "H", "reconc": [1, 2], "tstamp": 0.5077763577552831, "transferred": 0, "dist": 0.4581459088816146, "_child0": {"label": 9, "event": "S", "reconc": 4, "tstamp": 0.0, "transferred": 1, "dist": 1.7601536367968647}, "_child1": {"label": 8, "event": "S", "reconc": 2, "tstamp": 0.0, "transferred": 0, "dist": 0.5180351371729852}}}