{"label": 5, "event": "H", "reconc": [3, 8], "tstamp": 0.6544637267290799, "transferred": 0, "dist": 0.0, "_child0": {"label": 8, "event": "D", "reconc": [3, 9], "tstamp": 0.5808773095011043, "transferred": 1, "dist": 0.08723243762308897, "_child0": {"label": 9, "event": "S", "reconc": 9, "tstamp": 0.4268895995827054, "transferred": 0, "dist": 0.18254351558608392, "_child0": {"label": 11, "event": "S", "reconc": 11, "tstamp": 0.34406498454779577, "transferred": 0, "dist": 0.097082376740024, "_child0": {"label": 20, "event": "H", "reconc": [11, 14], "tstamp": 0.32200578035884286, "transferred": 0, "dist": 0.019410423785916415, "_child0": {"label": 26, "event": "S", "reconc": 8, "tstamp": 0.0, "transferred": 1, "dist": 0.5951266914072442}, "_child1": {"label": 25, "event": "S", "reconc": 14, "tstamp": 0.0, "transferred": 0, "dist": 0.2833406230225636}}, "_child1": {"label": 21, "event": "D", "reconc": [11, 12], "tstamp": 0.19067715379223574, "transferred": 0, "dist": 0.15949113221361974, "_child0": {"label": 31, "event": "S", "reconc": 12, "tstamp": 0.0, "transferred": 0, "dist": 0.9665580665846817}, "_child1": {"label": 32, "event": "S", "reconc": 12, "tstamp": 0.0, "transferred": 0, "dist": 0.19826419733425835}}, "_child2": {"label": 33, "event": "S", "reconc": 15, "tstamp": 0.0, "transferred": 0, "dist": 0.4119991663800979}}, "_child1": {"label": 12, "event": "H", "reconc": [9, 10], "tstamp": 0.24851202173940112, "transferred": 0, "dist": 0.1650001660921225, "_child0": {"label": 36, "event": "S", "reconc": 8, "tstamp": 0.0, "transferred": 1, "dist": 0.5727181857568271}, "_child1": {"label": 29, "event": "S", "reconc": 10, "tstamp": 0.0, "transferred": 0, "dist": 0.22987488314764964}}}, "_child1": {"label": 10, "event": "S", "reconc": 9, "tstamp": 0.4268895995827054, "transferred": 0, "dist": 0.40919838323790514, "_child0": {"label": 14, "event": "H", "reconc": [9, 10], "tstamp": 0.36302534520924173, "transferred": 0, "dist": 0.180437607411985, "_child0": {"label": 17, "event": "S", "reconc": 10, "tstamp": 0.0, "transferred": 0, "dist": 1.0256664759039749}, "_child1": {"label": 18, "event": "S", "reconc": 2, "tstamp": 0.0, "transferred": 1, "dist": 0.3731977236510116}}, "_child1": {"label": 13, "event": "S", "reconc": 11, "tstamp": 0.34406498454779577, "transferred": 0, "dist": 0.15047435831614098, "_child0": {"label": 23, "event": "S", "reconc": 14, "tstamp": 0.0, "transferred": 0, "dist": 0.6131408154589815}, "_child1": {"label": 24, "event": "S", "reconc": 12, "tstamp": 0.0, "transferred": 0, "dist": 0.4437950413236392}}}}, "_child1": {"label": 7, "event": "D", "reconc": [3, 8], "tstamp": 0.36486823169935173, "transferred": 0, "dist": 0.44990089428309354, "_child0": {"label": 16, "event": "H", "reconc": [3, 8], "tstamp": 0.266118824853781, "transferred": 0, "dist": 0.15341207723271608, "_child0": {"label": 27, "event": "H", "reconc": [3, 8], "tstamp": 0.07765019072397569, "transferred": 0, "dist": 0.29279532483959503, "_child0": {"label": 37, "event": "S", "reconc": 8, "tstamp": 0.0, "transferred": 0, "dist": 0.12063340365285456}, "_child1": {"label": 38, "event": "S", "reconc": 14, "tstamp": 0.0, "transferred": 1, "dist": 0.2474840455502355}}, "_child1": {"label": 28, "event": "S", "reconc": 12, "tstamp": 0.0, "transferred": 1, "dist": 0.4824838891346552}}, "_child1": {"label": 15, "event": "S", "reconc": 8, "tstamp": 0.0, "transferred": 0, "dist": 0.5668408057251656}}}