{"label": 1, "event": "S", "reconc": 1, "tstamp": 0.19767636208276176, "transferred": 0, "dist": 0.0, "_child0": {"label": 2, "event": "S", "reconc": 3, "tstamp": 0.16383586514467605, "transferred": 0, "dist": 0.02297448170282988, "_child0": {"label": 5, "event": "H", "reconc": [3, 4], "tstamp": 0.0979853327662894, "transferred": 0, "dist": 0.04464620935366461, "_child0": {"label": 7, "event": "S", "reconc": 5, "tstamp": 0.08318383398916694, "transferred": 1, "dist": 0.009458825150808623, "_child0": {"label": 10, "event": "S", "reconc": 6, "tstamp": 0.0, "transferred": 0, "dist": 0.05641599139581502}, "_child1": {"label": 11, "event": "S", "reconc": 7, "tstamp": 0.0, "transferred": 0, "dist": 0.06357294513918288}}, "_child1": {"label": 6, "event": "S", "reconc": 4, "tstamp": 0.0, "transferred": 0, "dist": 0.06643338363818753}}, "_child1": {"label": 4, "event": "S", "reconc": 5, "tstamp": 0.08318383398916694, "transferred": 0, "dist": 0.05034000205696444, "_child0": {"label": 9, "event": "H", "reconc": [5, 7], "tstamp": 0.04076790928136799, "transferred": 0, "dist": 0.024555635690008674, "_child0": {"label": 12, "event": "S", "reconc": 7, "tstamp": 0.0, "transferred": 0, "dist": 0.023601558496083624}, "_child1": {"label": 13, "event": "S", "reconc": 4, "tstamp": 0.0, "transferred": 1, "dist": 0.031281548802819734}}, "_child1": {"label": 8, "event": "S", "reconc": 6, "tstamp": 0.0, "transferred": 0, "dist": 0.055259665007058034}}}, "_child1": {"label": 3, "event": "S", "reconc": 2, "tstamp": 0.007801296224248435, "transferred": 0, "dist": 0.11770635719940431, "_child0": {"label": 14, "event": "H", "reconc": [2, 8], "tstamp": 0.006902902646839499, "transferred": 0, "dist": 0.00048502116689690627, "_child0": {"label": 16, "event": "D", "reconc": [2, 8], "tstamp": 0.001093268338503834, "transferred": 0, "dist": 0.003136482363999187, "_child0": {"label": 18, "event": "S", "reconc": 8, "tstamp": 0.0, "transferred": 0, "dist": 0.0005902293812049433}, "_child1": {"label": 19, "event": "S", "reconc": 8, "tstamp": 0.0, "transferred": 0, "dist": 0.0005902293812049433}}, "_child1": {"label": 17, "event": "S", "reconc": 6, "tstamp": 0.0, "transferred": 1, "dist": 0.011760088947658448}}, "_child1": {"label": 15, "event": "S", "reconc": 9, "tstamp": 0.0, "transferred": 0, "dist": 0.004297338630982567}}}