{"label": 1, "event": "D", "reconc": [0, 1], "tstamp": 0.6118349470565305, "transferred": 0, "dist": 0.0, "_child0": {"label": 2, "event": "S", "reconc": 1, "tstamp": 0.579606231969552, "transferred": 0, "dist": 0.05409842203676127, "_child0": {"label": 5, "event": "S", "reconc": 4, "tstamp": 0.51460089495877, "transferred": 0, "dist": 0.24537127113200433, "_child0": {"label": 18, "event": "S", "reconc": 7, "tstamp": 0.0, "transferred": 0, "dist": 0.6740773088873087}, "_child1": {"label": 10, "event": "S", "reconc": 6, "tstamp": 0.0, "transferred": 0, "dist": 0.39023586998396664}}, "_child1": {"label": 6, "event": "S", "reconc": 3, "tstamp": 0.5093447787060433, "transferred": 0, "dist": 0.3949192296259307, "_child0": {"label": 15, "event": "D", "reconc": [3, 9], "tstamp": 0.17065622538426659, "transferred": 0, "dist": 0.4456767854461974, "_child0": {"label": 20, "event": "S", "reconc": 9, "tstamp": 0.0, "transferred": 0, "dist": 0.17558290771597668}, "_child1": {"label": 21, "event": "S", "reconc": 9, "tstamp": 0.0, "transferred": 0, "dist": 0.45614892426067777}}, "_child1": {"label": 14, "event": "S", "reconc": 8, "tstamp": 0.0, "transferred": 0, "dist": 0.7195093557738045}}}, "_child1": {"label": 3, "event": "S", "reconc": 1, "tstamp": 0.579606231969552, "transferred": 0, "dist": 0.03053351331689253, "_child0": {"label": 13, "event": "S", "reconc": 7, "tstamp": 0.0, "transferred": 0, "dist": 0.42200585016577036}, "_child1": {"label": 9, "event": "S", "reconc": 3, "tstamp": 0.5093447787060433, "transferred": 0, "dist": 0.06721966908827176, "_child0": {"label": 17, "event": "D", "reconc": [3, 9], "tstamp": 0.07348560390225868, "transferred": 0, "dist": 0.43877322517779405, "_child0": {"label": 22, "event": "S", "reconc": 9, "tstamp": 0.0, "transferred": 0, "dist": 0.07397691110402192}, "_child1": {"label": 23, "event": "S", "reconc": 9, "tstamp": 0.0, "transferred": 0, "dist": 0.08139203664164461}}, "_child1": {"label": 16, "event": "S", "reconc": 8, "tstamp": 0.0, "transferred": 0, "dist": 0.6266796754497206}}, "_child2": {"label": 7, "event": "S", "reconc": 5, "tstamp": 0.0, "transferred": 0, "dist": 0.45292985306076644}}}