{"label": 0, "event": null, "tstamp": 1.0, "dist": 0.0, "_child0": {"label": 1, "event": "S", "tstamp": 0.9821800277853187, "dist": 0.017819972214681346, "_child0": {"label": 3, "event": "S", "tstamp": 0.7401713322590202, "dist": 0.24200869552629845, "_child0": {"label": 5, "event": "S", "tstamp": 0.6888419387672651, "dist": 0.05132939349175514, "_child0": {"label": 14, "event": "S", "tstamp": 0.0, "dist": 0.6888419387672651}, "_child1": {"label": 15, "event": "S", "tstamp": 0.07883985845017064, "dist": 0.6100020803170945, "_child0": {"label": 16, "event": "S", "tstamp": 0.0, "dist": 0.07883985845017064}, "_child1": {"label": 17, "event": "S", "tstamp": 0.0, "dist": 0.07883985845017064}}, "_child2": {"label": 6, "event": "S", "tstamp": 0.0, "dist": 0.6888419387672651}}, "_child1": {"label": 4, "event": "S", "tstamp": 0.0, "dist": 0.7401713322590202}}, "_child1": {"label": 2, "event": "S", "tstamp": 0.386687417357804, "dist": 0.5954926104275147, "_child0": {"label": 8, "event": "S", "tstamp": 0.2588269446380895, "dist": 0.1278604727197145, "_child0": {"label": 10, "event": "S", "tstamp": 0.16656646283066465, "dist": 0.09226048180742483, "_child0": {"label": 12, "event": "S", "tstamp": 0.0, "dist": 0.16656646283066465}, "_child1": {"label": 13, "event": "S", "tstamp": 0.0, "dist": 0.16656646283066465}}, "_child1": {"label": 11, "event": "S", "tstamp": 0.0, "dist": 0.2588269446380895}}, "_child1": {"label": 9, "event": "S", "tstamp": 0.03720882257306741, "dist": 0.3494785947847366, "_child0": {"label": 18, "event": "S", "tstamp": 0.0, "dist": 0.03720882257306741}, "_child1": {"label": 19, "event": "S", "tstamp": 0.0, "dist": 0.03720882257306741}}}}}