{"label": 0, "event": null, "tstamp": 1.0, "dist": 0.0, "_child0": {"label": 1, "event": "S", "tstamp": 0.9007527413027091, "dist": 0.0992472586972909, "_child0": {"label": 2, "event": "S", "tstamp": 0.1510645684424236, "dist": 0.7496881728602856, "_child0": {"label": 4, "event": "S", "tstamp": 0.0, "dist": 0.1510645684424236}, "_child1": {"label": 5, "event": "S", "tstamp": 0.0, "dist": 0.1510645684424236}}, "_child1": {"label": 3, "event": "S", "tstamp": 0.1300745859657468, "dist": 0.7706781553369623, "_child0": {"label": 9, "event": "S", "tstamp": 0.0, "dist": 0.1300745859657468}, "_child1": {"label": 8, "event": "S", "tstamp": 0.0, "dist": 0.1300745859657468}, "_child2": {"label": 6, "event": "S", "tstamp": 0.0, "dist": 0.1300745859657468}}}}