{"label": 0, "event": null, "tstamp": 1.0, "dist": 0.0, "_child0": {"label": 1, "event": "S", "tstamp": 0.3908655612630989, "dist": 0.6091344387369011, "_child0": {"label": 2, "event": "S", "tstamp": 0.3698618491935658, "dist": 0.02100371206953311, "_child0": {"label": 4, "event": "S", "tstamp": 0.31957503105654117, "dist": 0.050286818137024625, "_child0": {"label": 7, "event": "S", "tstamp": 0.2003846873303685, "dist": 0.11919034372617268, "_child0": {"label": 8, "event": "S", "tstamp": 0.0, "dist": 0.2003846873303685}, "_child1": {"label": 9, "event": "S", "tstamp": 0.0, "dist": 0.2003846873303685}}, "_child1": {"label": 6, "event": "S", "tstamp": 0.0, "dist": 0.31957503105654117}}, "_child1": {"label": 5, "event": "S", "tstamp": 0.0, "dist": 0.3698618491935658}}, "_child1": {"label": 3, "event": "S", "tstamp": 0.0, "dist": 0.3908655612630989}}}