{"label": 0, "event": null, "tstamp": 1.0, "dist": 0.0, "_child0": {"label": 1, "event": "S", "tstamp": 0.5678364190704475, "dist": 0.43216358092955254, "_child0": {"label": 4, "event": "S", "tstamp": 0.44058561715263345, "dist": 0.12725080191781402, "_child0": {"label": 11, "event": "S", "tstamp": 0.0, "dist": 0.44058561715263345}, "_child1": {"label": 10, "event": "S", "tstamp": 0.0, "dist": 0.44058561715263345}, "_child2": {"label": 8, "event": "S", "tstamp": 0.0, "dist": 0.44058561715263345}}, "_child1": {"label": 5, "event": "S", "tstamp": 0.4770668629903502, "dist": 0.09076955608009724, "_child0": {"label": 6, "event": "S", "tstamp": 0.385591083978704, "dist": 0.09147577901164622, "_child0": {"label": 13, "event": "S", "tstamp": 0.3534194637157028, "dist": 0.03217162026300119, "_child0": {"label": 15, "event": "S", "tstamp": 0.3386822948303414, "dist": 0.014737168885361418, "_child0": {"label": 24, "event": "S", "tstamp": 0.0, "dist": 0.3386822948303414}, "_child1": {"label": 25, "event": "S", "tstamp": 0.03874015424856631, "dist": 0.2999421405817751, "_child0": {"label": 29, "event": "S", "tstamp": 0.0, "dist": 0.03874015424856631}, "_child1": {"label": 28, "event": "S", "tstamp": 0.0, "dist": 0.03874015424856631}, "_child2": {"label": 26, "event": "S", "tstamp": 0.0, "dist": 0.03874015424856631}}, "_child2": {"label": 17, "event": "S", "tstamp": 0.0, "dist": 0.3386822948303414}}, "_child1": {"label": 14, "event": "S", "tstamp": 0.28694442523838987, "dist": 0.06647503847731295, "_child0": {"label": 18, "event": "S", "tstamp": 0.0, "dist": 0.28694442523838987}, "_child1": {"label": 19, "event": "S", "tstamp": 0.0, "dist": 0.28694442523838987}}}, "_child1": {"label": 12, "event": "S", "tstamp": 0.0, "dist": 0.385591083978704}}, "_child1": {"label": 7, "event": "S", "tstamp": 0.0, "dist": 0.4770668629903502}}, "_child2": {"label": 2, "event": "S", "tstamp": 0.26847688202951525, "dist": 0.2993595370409322, "_child0": {"label": 20, "event": "S", "tstamp": 0.2598324111170668, "dist": 0.008644470912448465, "_child0": {"label": 22, "event": "S", "tstamp": 0.0, "dist": 0.2598324111170668}, "_child1": {"label": 23, "event": "S", "tstamp": 0.0, "dist": 0.2598324111170668}}, "_child1": {"label": 21, "event": "S", "tstamp": 0.0, "dist": 0.26847688202951525}}}}