{"label": 1, "event": "S", "reconc": 1, "tstamp": 0.8606819146185012, "transferred": 0, "dist": 0.0, "_child0": {"label": 2, "event": "S", "reconc": 3, "tstamp": 0.8267996806140429, "transferred": 0, "dist": 0.028866002433969973, "_child0": {"label": 5, "event": "D", "reconc": [3, 5], "tstamp": 0.6639968148276503, "transferred": 0, "dist": 0.17495152684042406, "_child0": {"label": 9, "event": "S", "reconc": 5, "tstamp": 0.3103118148554398, "transferred": 0, "dist": 0.38007765076372163, "_child0": {"label": 15, "event": "S", "reconc": 6, "tstamp": 0.0, "transferred": 0, "dist": 0.36164986755273176}, "_child1": {"label": 16, "event": "S", "reconc": 7, "tstamp": 0.0, "transferred": 0, "dist": 0.3553255804105724}}, "_child1": {"label": 7, "event": "H", "reconc": [3, 5], "tstamp": 0.3110753369154262, "transferred": 0, "dist": 0.3792571532280933, "_child0": {"label": 13, "event": "S", "reconc": 5, "tstamp": 0.3103118148554398, "transferred": 0, "dist": 0.000820497535628363, "_child0": {"label": 17, "event": "H", "reconc": [5, 6], "tstamp": 0.29702632921548866, "transferred": 0, "dist": 0.015483439211943433, "_child0": {"label": 20, "event": "H", "reconc": [1, 8], "tstamp": 0.03164580250405248, "transferred": 1, "dist": 0.2729458114455113, "_child0": {"label": 22, "event": "S", "reconc": 7, "tstamp": 0.0, "transferred": 1, "dist": 0.04798486178709203}, "_child1": {"label": 21, "event": "S", "reconc": 8, "tstamp": 0.0, "transferred": 0, "dist": 0.03254793918132944}}, "_child1": {"label": 19, "event": "S", "reconc": 6, "tstamp": 0.0, "transferred": 0, "dist": 0.3461664283407883}}, "_child1": {"label": 18, "event": "S", "reconc": 7, "tstamp": 0.0, "transferred": 0, "dist": 0.3553255804105724}}, "_child1": {"label": 14, "event": "S", "reconc": 4, "tstamp": 0.0, "transferred": 1, "dist": 0.33530064238388657}}}, "_child1": {"label": 6, "event": "S", "reconc": 4, "tstamp": 0.0, "transferred": 0, "dist": 0.7692786295491504}}, "_child1": {"label": 4, "event": "D", "reconc": [1, 8], "tstamp": 0.3685427334461854, "transferred": 0, "dist": 0.46310928808774005, "_child0": {"label": 11, "event": "S", "reconc": 8, "tstamp": 0.0, "transferred": 0, "dist": 0.44502847194593625}, "_child1": {"label": 12, "event": "S", "reconc": 8, "tstamp": 0.0, "transferred": 0, "dist": 1.0702874135296314}}}