{"label": 1, "event": "S", "reconc": 1, "tstamp": 0.9271223916243366, "transferred": 0, "dist": 0.0, "_child0": {"label": 3, "event": "S", "reconc": 5, "tstamp": 0.720141528909162, "transferred": 0, "dist": 0.2913428415330714, "_child0": {"label": 8, "event": "D", "reconc": [5, 7], "tstamp": 0.7049132480648693, "transferred": 0, "dist": 0.029669819447235526, "_child0": {"label": 9, "event": "H", "reconc": [5, 7], "tstamp": 0.26515341107610024, "transferred": 0, "dist": 0.8568002584804244, "_child0": {"label": 30, "event": "S", "reconc": 4, "tstamp": 0.0, "transferred": 1, "dist": 0.3711929104649806}, "_child1": {"label": 29, "event": "S", "reconc": 7, "tstamp": 0.0, "transferred": 0, "dist": 0.5166081393485028}}, "_child1": {"label": 10, "event": "S", "reconc": 7, "tstamp": 0.0, "transferred": 0, "dist": 2.671782161544652}}, "_child1": {"label": 11, "event": "S", "reconc": 11, "tstamp": 0.6217917510457664, "transferred": 0, "dist": 0.16031654649078875, "_child0": {"label": 13, "event": "D", "reconc": [11, 13], "tstamp": 0.5492559960229273, "transferred": 0, "dist": 0.1061375316275664, "_child0": {"label": 31, "event": "S", "reconc": 17, "tstamp": 0.25139434345868583, "transferred": 0, "dist": 0.4422379196805825, "_child0": {"label": 45, "event": "S", "reconc": 18, "tstamp": 0.0, "transferred": 0, "dist": 1.0599242766742984}, "_child1": {"label": 37, "event": "S", "reconc": 19, "tstamp": 0.19258963721222708, "transferred": 0, "dist": 0.19113748157166485, "_child0": {"label": 47, "event": "S", "reconc": 21, "tstamp": 0.106645330079653, "transferred": 0, "dist": 0.14735950510739906, "_child0": {"label": 55, "event": "S", "reconc": 22, "tstamp": 0.0, "transferred": 0, "dist": 0.21774054686995434}, "_child1": {"label": 56, "event": "S", "reconc": 23, "tstamp": 0.0, "transferred": 0, "dist": 0.2508545537669624}}, "_child1": {"label": 48, "event": "S", "reconc": 20, "tstamp": 0.0, "transferred": 0, "dist": 0.357393038048808}}}, "_child1": {"label": 33, "event": "S", "reconc": 17, "tstamp": 0.25139434345868583, "transferred": 0, "dist": 1.1296319530658832, "_child0": {"label": 39, "event": "S", "reconc": 19, "tstamp": 0.19258963721222708, "transferred": 0, "dist": 0.0918627224955379, "_child0": {"label": 49, "event": "S", "reconc": 21, "tstamp": 0.106645330079653, "transferred": 0, "dist": 0.4459220013625777, "_child0": {"label": 57, "event": "S", "reconc": 22, "tstamp": 0.0, "transferred": 0, "dist": 0.46093097927999555}, "_child1": {"label": 58, "event": "S", "reconc": 23, "tstamp": 0.0, "transferred": 0, "dist": 0.25756372495654184}}, "_child1": {"label": 50, "event": "S", "reconc": 20, "tstamp": 0.0, "transferred": 0, "dist": 0.33556334371877683}}, "_child1": {"label": 40, "event": "S", "reconc": 18, "tstamp": 0.0, "transferred": 0, "dist": 0.5860622696203694}}}, "_child1": {"label": 61, "event": "S", "reconc": 24, "tstamp": 0.0, "transferred": 0, "dist": 0.9953940087345453}}, "_child2": {"label": 17, "event": "H", "reconc": [10, 14], "tstamp": 0.2805973040335143, "transferred": 0, "dist": 0.8097337438419039, "_child0": {"label": 28, "event": "S", "reconc": 13, "tstamp": 0.26248791364632357, "transferred": 1, "dist": 0.028376646716518895, "_child0": {"label": 35, "event": "S", "reconc": 17, "tstamp": 0.25139434345868583, "transferred": 0, "dist": 0.03424839275104445, "_child0": {"label": 41, "event": "S", "reconc": 19, "tstamp": 0.19258963721222708, "transferred": 0, "dist": 0.09944298157172328, "_child0": {"label": 51, "event": "S", "reconc": 21, "tstamp": 0.106645330079653, "transferred": 0, "dist": 0.33609304357651987, "_child0": {"label": 59, "event": "S", "reconc": 22, "tstamp": 0.0, "transferred": 0, "dist": 0.42007189239461545}, "_child1": {"label": 60, "event": "S", "reconc": 23, "tstamp": 0.0, "transferred": 0, "dist": 0.1605805404099704}}, "_child1": {"label": 52, "event": "S", "reconc": 20, "tstamp": 0.0, "transferred": 0, "dist": 0.3631507189363917}}, "_child1": {"label": 42, "event": "S", "reconc": 18, "tstamp": 0.0, "transferred": 0, "dist": 0.7824377704565461}}, "_child1": {"label": 53, "event": "S", "reconc": 16, "tstamp": 0.0, "transferred": 0, "dist": 0.8425928462838403}}, "_child1": {"label": 27, "event": "H", "reconc": [10, 14], "tstamp": 0.23026486677474883, "transferred": 0, "dist": 0.09923436507719383, "_child0": {"label": 43, "event": "S", "reconc": 14, "tstamp": 0.0, "transferred": 0, "dist": 0.4539853243446389}, "_child1": {"label": 44, "event": "S", "reconc": 7, "tstamp": 0.0, "transferred": 1, "dist": 0.5359407354634323}}}, "_child3": {"label": 5, "event": "D", "reconc": [5, 8], "tstamp": 0.5255322363685458, "transferred": 0, "dist": 0.33682739809878803, "_child0": {"label": 20, "event": "D", "reconc": [5, 8], "tstamp": 0.3944147270377764, "transferred": 0, "dist": 1.6973905833499647, "_child0": {"label": 23, "event": "D", "reconc": [5, 8], "tstamp": 0.2874658174993593, "transferred": 0, "dist": 1.249077820612194, "_child0": {"label": 25, "event": "S", "reconc": 8, "tstamp": 0.0, "transferred": 0, "dist": 0.6189707342175109}, "_child1": {"label": 26, "event": "S", "reconc": 8, "tstamp": 0.0, "transferred": 0, "dist": 0.6926425750732083}}, "_child1": {"label": 24, "event": "S", "reconc": 8, "tstamp": 0.0, "transferred": 0, "dist": 0.6851865420616045}}, "_child1": {"label": 19, "event": "S", "reconc": 8, "tstamp": 0.0, "transferred": 0, "dist": 2.062062990431973}}}, "_child1": {"label": 2, "event": "D", "reconc": [1, 4], "tstamp": 0.43862507066862516, "transferred": 0, "dist": 0.45273291335342164, "_child0": {"label": 21, "event": "S", "reconc": 4, "tstamp": 0.0, "transferred": 0, "dist": 0.4065119655623678}, "_child1": {"label": 22, "event": "S", "reconc": 4, "tstamp": 0.0, "transferred": 0, "dist": 0.4065119655623678}}}