{"label": 1, "event": "S", "reconc": 1, "tstamp": 0.6934356461338195, "transferred": 0, "dist": 0.0, "_child0": {"label": 2, "event": "S", "reconc": 3, "tstamp": 0.2900476673844453, "transferred": 0, "dist": 0.2822392998927336, "_child0": {"label": 6, "event": "H", "reconc": [3, 4], "tstamp": 0.1619009312935325, "transferred": 0, "dist": 0.0645555627593625, "_child0": {"label": 9, "event": "S", "reconc": 4, "tstamp": 0.08529124861805619, "transferred": 0, "dist": 0.03859311074784572, "_child0": {"label": 15, "event": "S", "reconc": 8, "tstamp": 0.0, "transferred": 0, "dist": 0.0380075706522625}, "_child1": {"label": 16, "event": "S", "reconc": 9, "tstamp": 0.0, "transferred": 0, "dist": 0.04050513920961509}}, "_child1": {"label": 10, "event": "S", "reconc": 7, "tstamp": 0.0, "transferred": 1, "dist": 0.8531477584427547}}, "_child1": {"label": 5, "event": "H", "reconc": [3, 6], "tstamp": 0.11437209706688871, "transferred": 0, "dist": 0.09437597499707194, "_child0": {"label": 13, "event": "H", "reconc": [3, 6], "tstamp": 0.07823960447513298, "transferred": 0, "dist": 0.019411004109776524, "_child0": {"label": 17, "event": "H", "reconc": [3, 6], "tstamp": 0.06032378440296898, "transferred": 0, "dist": 0.00962469046849374, "_child0": {"label": 19, "event": "S", "reconc": 6, "tstamp": 0.0, "transferred": 0, "dist": 0.03240698725640854}, "_child1": {"label": 20, "event": "S", "reconc": 8, "tstamp": 0.0, "transferred": 1, "dist": 0.0355325715977411}}, "_child1": {"label": 18, "event": "S", "reconc": 9, "tstamp": 0.0, "transferred": 1, "dist": 0.06338726967688256}}, "_child1": {"label": 14, "event": "H", "reconc": [3, 7], "tstamp": 0.0028584601565235027, "transferred": 1, "dist": 0.07194485036747254, "_child0": {"label": 21, "event": "S", "reconc": 7, "tstamp": 0.0, "transferred": 0, "dist": 0.001844182415176437}, "_child1": {"label": 22, "event": "S", "reconc": 8, "tstamp": 0.0, "transferred": 1, "dist": 0.004564428090627997}}}}, "_child1": {"label": 3, "event": "H", "reconc": [1, 2], "tstamp": 0.1259547810313031, "transferred": 0, "dist": 0.36837440952533435, "_child0": {"label": 12, "event": "S", "reconc": 7, "tstamp": 0.0, "transferred": 1, "dist": 0.08730738707545839}, "_child1": {"label": 11, "event": "S", "reconc": 2, "tstamp": 0.0, "transferred": 0, "dist": 0.08176226009121398}}}