{"label": 2, "event": "S", "reconc": 3, "tstamp": 0.8469059020324934, "transferred": 0, "dist": 0.0, "_child0": {"label": 6, "event": "S", "reconc": 7, "tstamp": 0.7446042784763283, "transferred": 0, "dist": 0.11722587241206832, "_child0": {"label": 8, "event": "D", "reconc": [7, 9], "tstamp": 0.6882496941094571, "transferred": 0, "dist": 0.0586431071978259, "_child0": {"label": 12, "event": "S", "reconc": 9, "tstamp": 0.5338090199741374, "transferred": 0, "dist": 0.16071240895081945, "_child0": {"label": 18, "event": "S", "reconc": 11, "tstamp": 0.4679188882707941, "transferred": 0, "dist": 0.06474351276661718, "_child0": {"label": 27, "event": "H", "reconc": [13, 15], "tstamp": 0.0490552842549619, "transferred": 0, "dist": 0.5060803474072926, "_child0": {"label": 61, "event": "D", "reconc": [13, 14], "tstamp": 0.028124858759163127, "transferred": 1, "dist": 0.03162763410161885, "_child0": {"label": 62, "event": "S", "reconc": 14, "tstamp": 0.0, "transferred": 0, "dist": 0.058115965570330254}, "_child1": {"label": 63, "event": "S", "reconc": 14, "tstamp": 0.0, "transferred": 0, "dist": 0.03367719314197897}}, "_child1": {"label": 60, "event": "S", "reconc": 15, "tstamp": 0.0, "transferred": 0, "dist": 0.05959111873607308}}, "_child1": {"label": 23, "event": "S", "reconc": 12, "tstamp": 0.18410067304244276, "transferred": 0, "dist": 0.2929505243148733, "_child0": {"label": 33, "event": "D", "reconc": [12, 16], "tstamp": 0.16217844019157016, "transferred": 0, "dist": 0.019307062634967634, "_child0": {"label": 34, "event": "S", "reconc": 16, "tstamp": 0.009844423528181871, "transferred": 0, "dist": 0.27977928043319367, "_child0": {"label": 66, "event": "S", "reconc": 28, "tstamp": 0.0, "transferred": 0, "dist": 0.010907692583519847}, "_child1": {"label": 67, "event": "S", "reconc": 29, "tstamp": 0.0, "transferred": 0, "dist": 0.01699566754243121}}, "_child1": {"label": 35, "event": "S", "reconc": 16, "tstamp": 0.009844423528181871, "transferred": 0, "dist": 0.284389531015686, "_child0": {"label": 68, "event": "S", "reconc": 28, "tstamp": 0.0, "transferred": 0, "dist": 0.011855077576833213}, "_child1": {"label": 69, "event": "S", "reconc": 29, "tstamp": 0.0, "transferred": 0, "dist": 0.007595888114637129}}}, "_child1": {"label": 32, "event": "S", "reconc": 17, "tstamp": 0.14920590786532925, "transferred": 0, "dist": 0.034871695699364345, "_child0": {"label": 38, "event": "S", "reconc": 18, "tstamp": 0.1229925819431785, "transferred": 0, "dist": 0.02652734803143939, "_child0": {"label": 44, "event": "S", "reconc": 21, "tstamp": 0.09757753205624976, "transferred": 0, "dist": 0.026535460397563763, "_child0": {"label": 50, "event": "S", "reconc": 22, "tstamp": 0.08929333589677999, "transferred": 0, "dist": 0.008770026997272638, "_child0": {"label": 54, "event": "S", "reconc": 25, "tstamp": 0.08555775141225454, "transferred": 0, "dist": 0.0040659177556777405, "_child0": {"label": 58, "event": "S", "reconc": 26, "tstamp": 0.0, "transferred": 0, "dist": 0.09307606844302918}, "_child1": {"label": 59, "event": "S", "reconc": 27, "tstamp": 0.0, "transferred": 0, "dist": 0.0922680329182255}}, "_child1": {"label": 55, "event": "S", "reconc": 24, "tstamp": 0.0, "transferred": 0, "dist": 0.09347637680976859}}, "_child1": {"label": 51, "event": "S", "reconc": 23, "tstamp": 0.0, "transferred": 0, "dist": 0.10229951636729157}}, "_child1": {"label": 45, "event": "S", "reconc": 20, "tstamp": 0.0, "transferred": 0, "dist": 0.12036723388121728}}, "_child1": {"label": 39, "event": "S", "reconc": 19, "tstamp": 0.0, "transferred": 0, "dist": 0.16392206011700075}}}}, "_child1": {"label": 19, "event": "H", "reconc": [9, 10], "tstamp": 0.3504361373775229, "transferred": 0, "dist": 0.19773034681744758, "_child0": {"label": 28, "event": "S", "reconc": 10, "tstamp": 0.0, "transferred": 0, "dist": 0.37787407821609703}, "_child1": {"label": 29, "event": "S", "reconc": 4, "tstamp": 0.0, "transferred": 1, "dist": 0.6376811419070969}}}, "_child1": {"label": 10, "event": "S", "reconc": 9, "tstamp": 0.5338090199741374, "transferred": 0, "dist": 0.16071240895081948, "_child0": {"label": 16, "event": "S", "reconc": 11, "tstamp": 0.4679188882707941, "transferred": 0, "dist": 0.06474351276661718, "_child0": {"label": 20, "event": "S", "reconc": 13, "tstamp": 0.4254701443725397, "transferred": 0, "dist": 0.0488210946282193, "_child0": {"label": 24, "event": "S", "reconc": 14, "tstamp": 0.0, "transferred": 0, "dist": 0.5075057303996048}, "_child1": {"label": 25, "event": "S", "reconc": 15, "tstamp": 0.0, "transferred": 0, "dist": 0.5168503715151463}}, "_child1": {"label": 21, "event": "S", "reconc": 12, "tstamp": 0.18410067304244276, "transferred": 0, "dist": 0.2929505243148733, "_child0": {"label": 30, "event": "S", "reconc": 17, "tstamp": 0.14920590786532925, "transferred": 0, "dist": 0.034871695699364345, "_child0": {"label": 37, "event": "H", "reconc": [17, 19], "tstamp": 0.13767433369497253, "transferred": 0, "dist": 0.012668931287245016, "_child0": {"label": 41, "event": "S", "reconc": 14, "tstamp": 0.0, "transferred": 1, "dist": 0.22213128331210066}, "_child1": {"label": 40, "event": "S", "reconc": 19, "tstamp": 0.0, "transferred": 0, "dist": 0.15125312882975575}}, "_child1": {"label": 36, "event": "S", "reconc": 18, "tstamp": 0.1229925819431785, "transferred": 0, "dist": 0.02652734803143939, "_child0": {"label": 47, "event": "S", "reconc": 2, "tstamp": 0.0, "transferred": 1, "dist": 0.2395795736209226}, "_child1": {"label": 42, "event": "S", "reconc": 21, "tstamp": 0.09757753205624976, "transferred": 0, "dist": 0.026535460397563763, "_child0": {"label": 48, "event": "S", "reconc": 22, "tstamp": 0.08929333589677999, "transferred": 0, "dist": 0.008770026997272638, "_child0": {"label": 52, "event": "S", "reconc": 25, "tstamp": 0.08555775141225454, "transferred": 0, "dist": 0.0040659177556777405, "_child0": {"label": 56, "event": "S", "reconc": 26, "tstamp": 0.0, "transferred": 0, "dist": 0.09307606844302918}, "_child1": {"label": 57, "event": "S", "reconc": 27, "tstamp": 0.0, "transferred": 0, "dist": 0.0922680329182255}}, "_child1": {"label": 53, "event": "S", "reconc": 24, "tstamp": 0.0, "transferred": 0, "dist": 0.09347637680976859}}, "_child1": {"label": 49, "event": "S", "reconc": 23, "tstamp": 0.0, "transferred": 0, "dist": 0.10229951636729157}}}}, "_child1": {"label": 31, "event": "S", "reconc": 16, "tstamp": 0.009844423528181871, "transferred": 0, "dist": 0.15346868846767428, "_child0": {"label": 64, "event": "S", "reconc": 28, "tstamp": 0.0, "transferred": 0, "dist": 0.007267501373864671}, "_child1": {"label": 65, "event": "S", "reconc": 29, "tstamp": 0.0, "transferred": 0, "dist": 0.007256487353229323}}}}, "_child1": {"label": 17, "event": "S", "reconc": 10, "tstamp": 0.0, "transferred": 0, "dist": 0.5756044250335446}}}, "_child1": {"label": 9, "event": "S", "reconc": 8, "tstamp": 0.0, "transferred": 0, "dist": 0.7779502090536545}}, "_child1": {"label": 5, "event": "D", "reconc": [3, 4], "tstamp": 0.5339926092574, "transferred": 0, "dist": 0.49537727047000063, "_child0": {"label": 14, "event": "S", "reconc": 4, "tstamp": 0.0, "transferred": 0, "dist": 0.8488727346973165}, "_child1": {"label": 15, "event": "S", "reconc": 4, "tstamp": 0.0, "transferred": 0, "dist": 0.8453709296882248}}}