{"label": 0, "event": null, "tstamp": 1.0, "dist": 0.0, "_child0": {"label": 1, "event": "S", "tstamp": 0.8130846841135565, "dist": 0.1869153158864435, "_child0": {"label": 2, "event": "S", "tstamp": 0.48139037363347986, "dist": 0.33169431048007664, "_child0": {"label": 5, "event": "S", "tstamp": 0.35652774591133046, "dist": 0.1248626277221494, "_child0": {"label": 9, "event": "S", "tstamp": 0.0, "dist": 0.35652774591133046}, "_child1": {"label": 8, "event": "S", "tstamp": 0.0, "dist": 0.35652774591133046}, "_child2": {"label": 6, "event": "S", "tstamp": 0.0, "dist": 0.35652774591133046}}, "_child1": {"label": 4, "event": "S", "tstamp": 0.0, "dist": 0.48139037363347986}}, "_child1": {"label": 3, "event": "S", "tstamp": 0.0, "dist": 0.8130846841135565}}}