{"label": 1, "event": "S", "reconc": 1, "tstamp": 0.9935189243922251, "transferred": 0, "dist": 0.0, "_child0": {"label": 3, "event": "S", "reconc": 5, "tstamp": 0.7104680443179857, "transferred": 0, "dist": 0.2712090941060354, "_child0": {"label": 8, "event": "D", "reconc": [5, 6], "tstamp": 0.4250408217094205, "transferred": 0, "dist": 0.21463609263286496, "_child0": {"label": 12, "event": "D", "reconc": [5, 6], "tstamp": 0.06282272979109006, "transferred": 0, "dist": 0.28741683248818156, "_child0": {"label": 48, "event": "S", "reconc": 6, "tstamp": 0.0, "transferred": 0, "dist": 0.08753201706860837}, "_child1": {"label": 49, "event": "S", "reconc": 6, "tstamp": 0.0, "transferred": 0, "dist": 0.05314027576028081}}, "_child1": {"label": 11, "event": "S", "reconc": 6, "tstamp": 0.0, "transferred": 0, "dist": 0.3362778855612981}}, "_child1": {"label": 7, "event": "S", "reconc": 7, "tstamp": 0.38039537225953274, "transferred": 0, "dist": 0.3072583998797334, "_child0": {"label": 23, "event": "H", "reconc": [15, 16], "tstamp": 0.02428255423002607, "transferred": 0, "dist": 0.3662349564329508, "_child0": {"label": 54, "event": "S", "reconc": 16, "tstamp": 0.0, "transferred": 0, "dist": 0.02563792178260548}, "_child1": {"label": 55, "event": "S", "reconc": 9, "tstamp": 0.0, "transferred": 1, "dist": 0.01592126558305394}}, "_child1": {"label": 19, "event": "D", "reconc": [7, 12], "tstamp": 0.12610875512973013, "transferred": 0, "dist": 0.19972072631330537, "_child0": {"label": 30, "event": "S", "reconc": 12, "tstamp": 0.016852160516671554, "transferred": 0, "dist": 0.09447051435267657, "_child0": {"label": 56, "event": "S", "reconc": 28, "tstamp": 0.0, "transferred": 0, "dist": 0.02274141719648418}, "_child1": {"label": 57, "event": "S", "reconc": 29, "tstamp": 0.0, "transferred": 0, "dist": 0.010720196110213574}}, "_child1": {"label": 59, "event": "S", "reconc": 29, "tstamp": 0.0, "transferred": 0, "dist": 0.09641250161950368}}, "_child2": {"label": 17, "event": "S", "reconc": 14, "tstamp": 0.0, "transferred": 0, "dist": 0.3135653964522264}}}, "_child1": {"label": 10, "event": "S", "reconc": 10, "tstamp": 0.11927677998256588, "transferred": 0, "dist": 0.6736801269525234, "_child0": {"label": 32, "event": "S", "reconc": 20, "tstamp": 0.10708423289389106, "transferred": 0, "dist": 0.006390933606834519, "_child0": {"label": 38, "event": "S", "reconc": 22, "tstamp": 0.0, "transferred": 0, "dist": 0.060143080470625}, "_child1": {"label": 39, "event": "S", "reconc": 23, "tstamp": 0.0, "transferred": 0, "dist": 0.05981558334692279}}, "_child1": {"label": 33, "event": "D", "reconc": [10, 21], "tstamp": 0.014658006929998265, "transferred": 0, "dist": 0.04798352711391779, "_child0": {"label": 60, "event": "H", "reconc": [10, 21], "tstamp": 0.004497616584744207, "transferred": 0, "dist": 0.00466281305969102, "_child0": {"label": 63, "event": "S", "reconc": 22, "tstamp": 0.0, "transferred": 1, "dist": 0.003727534682533053}, "_child1": {"label": 62, "event": "S", "reconc": 21, "tstamp": 0.0, "transferred": 0, "dist": 0.002064049178841251}}, "_child1": {"label": 61, "event": "S", "reconc": 21, "tstamp": 0.0, "transferred": 0, "dist": 0.00672291265171079}}}, "_child2": {"label": 5, "event": "H", "reconc": [1, 11], "tstamp": 0.4104528408380944, "transferred": 0, "dist": 0.9357087803219596, "_child0": {"label": 14, "event": "D", "reconc": [1, 10], "tstamp": 0.1714306529607213, "transferred": 1, "dist": 0.5315068788765065, "_child0": {"label": 28, "event": "S", "reconc": 10, "tstamp": 0.11927677998256588, "transferred": 0, "dist": 0.11725077401181165, "_child0": {"label": 34, "event": "S", "reconc": 20, "tstamp": 0.10708423289389106, "transferred": 0, "dist": 0.00644747820305851, "_child0": {"label": 40, "event": "S", "reconc": 22, "tstamp": 0.0, "transferred": 0, "dist": 0.06165281943447986}, "_child1": {"label": 41, "event": "S", "reconc": 23, "tstamp": 0.0, "transferred": 0, "dist": 0.08664453015588715}}, "_child1": {"label": 35, "event": "S", "reconc": 21, "tstamp": 0.0, "transferred": 0, "dist": 0.05648245141518421}}, "_child1": {"label": 29, "event": "S", "reconc": 10, "tstamp": 0.11927677998256588, "transferred": 0, "dist": 0.07710922305330496, "_child0": {"label": 36, "event": "S", "reconc": 20, "tstamp": 0.10708423289389106, "transferred": 0, "dist": 0.00938357903764416, "_child0": {"label": 42, "event": "S", "reconc": 22, "tstamp": 0.0, "transferred": 0, "dist": 0.06394765618282786}, "_child1": {"label": 43, "event": "S", "reconc": 23, "tstamp": 0.0, "transferred": 0, "dist": 0.10099991963670749}}, "_child1": {"label": 37, "event": "H", "reconc": [10, 21], "tstamp": 0.04592753875039388, "transferred": 0, "dist": 0.041433795832741385, "_child0": {"label": 53, "event": "S", "reconc": 18, "tstamp": 0.0, "transferred": 1, "dist": 0.05748563213120125}, "_child1": {"label": 52, "event": "S", "reconc": 21, "tstamp": 0.0, "transferred": 0, "dist": 0.025943721185345783}}}}, "_child1": {"label": 13, "event": "S", "reconc": 11, "tstamp": 0.09188215610553667, "transferred": 0, "dist": 0.511244600338272, "_child0": {"label": 44, "event": "S", "reconc": 25, "tstamp": 0.06888759808417025, "transferred": 0, "dist": 0.051607095164731644, "_child0": {"label": 46, "event": "S", "reconc": 26, "tstamp": 0.0, "transferred": 0, "dist": 0.16550619165329425}, "_child1": {"label": 47, "event": "S", "reconc": 27, "tstamp": 0.0, "transferred": 0, "dist": 0.1369714050184587}}, "_child1": {"label": 45, "event": "D", "reconc": [11, 24], "tstamp": 0.06183053451319902, "transferred": 0, "dist": 0.06091314483280767, "_child0": {"label": 51, "event": "D", "reconc": [11, 24], "tstamp": 0.0012052183170128258, "transferred": 0, "dist": 0.1228845057377747, "_child0": {"label": 64, "event": "S", "reconc": 24, "tstamp": 0.0, "transferred": 0, "dist": 0.0028858901960693004}, "_child1": {"label": 65, "event": "S", "reconc": 24, "tstamp": 0.0, "transferred": 0, "dist": 0.007680249401473375}}, "_child1": {"label": 50, "event": "S", "reconc": 24, "tstamp": 0.0, "transferred": 0, "dist": 0.12532742342438877}}}}, "_child3": {"label": 2, "event": "D", "reconc": [1, 4], "tstamp": 0.387169219702355, "transferred": 0, "dist": 0.5630283502940568, "_child0": {"label": 16, "event": "D", "reconc": [1, 4], "tstamp": 0.24143305578623397, "transferred": 0, "dist": 0.14553524127185788, "_child0": {"label": 20, "event": "S", "reconc": 4, "tstamp": 0.0, "transferred": 0, "dist": 0.2674920229184584}, "_child1": {"label": 21, "event": "S", "reconc": 4, "tstamp": 0.0, "transferred": 0, "dist": 0.36020810543605125}}, "_child1": {"label": 15, "event": "D", "reconc": [1, 4], "tstamp": 0.18099491272077015, "transferred": 0, "dist": 0.20811346604189065, "_child0": {"label": 26, "event": "S", "reconc": 4, "tstamp": 0.0, "transferred": 0, "dist": 0.5799126541725957}, "_child1": {"label": 27, "event": "S", "reconc": 4, "tstamp": 0.0, "transferred": 0, "dist": 0.3171937272876454}}}}