{"label": 0, "event": null, "tstamp": 1.0, "dist": 0.0, "_child0": {"label": 1, "event": "S", "tstamp": 0.9173798543158981, "dist": 0.08262014568410192, "_child0": {"label": 2, "event": "S", "tstamp": 0.8435444852684224, "dist": 0.07383536904747567, "_child0": {"label": 4, "event": "S", "tstamp": 0.3806001706003343, "dist": 0.4629443146680881, "_child0": {"label": 14, "event": "S", "tstamp": 0.0, "dist": 0.3806001706003343}, "_child1": {"label": 15, "event": "S", "tstamp": 0.0, "dist": 0.3806001706003343}}, "_child1": {"label": 5, "event": "S", "tstamp": 0.0, "dist": 0.8435444852684224}}, "_child1": {"label": 3, "event": "S", "tstamp": 0.8284075751143672, "dist": 0.08897227920153084, "_child0": {"label": 7, "event": "S", "tstamp": 0.6731348474364696, "dist": 0.15527272767789768, "_child0": {"label": 8, "event": "S", "tstamp": 0.16207333417913547, "dist": 0.5110615132573341, "_child0": {"label": 21, "event": "S", "tstamp": 0.15220107947451608, "dist": 0.009872254704619388, "_child0": {"label": 22, "event": "S", "tstamp": 0.15024978391365582, "dist": 0.0019512955608602667, "_child0": {"label": 25, "event": "S", "tstamp": 0.14648002792954617, "dist": 0.0037697559841096406, "_child0": {"label": 26, "event": "S", "tstamp": 0.0, "dist": 0.14648002792954617}, "_child1": {"label": 27, "event": "S", "tstamp": 0.0, "dist": 0.14648002792954617}}, "_child1": {"label": 24, "event": "S", "tstamp": 0.0, "dist": 0.15024978391365582}}, "_child1": {"label": 23, "event": "S", "tstamp": 0.0, "dist": 0.15220107947451608}}, "_child1": {"label": 20, "event": "S", "tstamp": 0.0, "dist": 0.16207333417913547}}, "_child1": {"label": 9, "event": "S", "tstamp": 0.0, "dist": 0.6731348474364696}}, "_child1": {"label": 6, "event": "S", "tstamp": 0.5536046018546054, "dist": 0.2748029732597619, "_child0": {"label": 11, "event": "S", "tstamp": 0.47583347450310065, "dist": 0.07777112735150471, "_child0": {"label": 12, "event": "S", "tstamp": 0.07359279010599104, "dist": 0.4022406843971096, "_child0": {"label": 28, "event": "S", "tstamp": 0.0, "dist": 0.07359279010599104}, "_child1": {"label": 29, "event": "S", "tstamp": 0.0, "dist": 0.07359279010599104}}, "_child1": {"label": 13, "event": "S", "tstamp": 0.0, "dist": 0.47583347450310065}}, "_child1": {"label": 10, "event": "S", "tstamp": 0.31607676282732716, "dist": 0.2375278390272782, "_child0": {"label": 17, "event": "S", "tstamp": 0.26426207678831326, "dist": 0.0518146860390139, "_child0": {"label": 18, "event": "S", "tstamp": 0.0, "dist": 0.26426207678831326}, "_child1": {"label": 19, "event": "S", "tstamp": 0.0, "dist": 0.26426207678831326}}, "_child1": {"label": 16, "event": "S", "tstamp": 0.0, "dist": 0.31607676282732716}}}}}}