{"label": 1, "event": "S", "reconc": 1, "tstamp": 0.9583909003776545, "transferred": 0, "dist": 0.0, "_child0": {"label": 3, "event": "D", "reconc": [1, 17], "tstamp": 0.8221947432228498, "transferred": 0, "dist": 0.14224902711587734, "_child0": {"label": 6, "event": "S", "reconc": 17, "tstamp": 0.38798921127092517, "transferred": 0, "dist": 0.638634054518695, "_child0": {"label": 23, "event": "H", "reconc": [17, 19], "tstamp": 0.13288576749967426, "transferred": 0, "dist": 1.2132376166084002, "_child0": {"label": 40, "event": "S", "reconc": 19, "tstamp": 0.0, "transferred": 0, "dist": 0.6319868107584201}, "_child1": {"label": 41, "event": "S", "reconc": 23, "tstamp": 0.0, "transferred": 1, "dist": 0.20695101743246277}}, "_child1": {"label": 22, "event": "S", "reconc": 18, "tstamp": 0.0, "transferred": 0, "dist": 0.4376016157081888}}, "_child1": {"label": 7, "event": "S", "reconc": 17, "tstamp": 0.38798921127092517, "transferred": 0, "dist": 0.45350262282575954, "_child0": {"label": 25, "event": "D", "reconc": [17, 19], "tstamp": 0.18898516504318694, "transferred": 0, "dist": 0.2176953127970596, "_child0": {"label": 36, "event": "H", "reconc": [17, 19], "tstamp": 0.038334235930077044, "transferred": 0, "dist": 0.17881042172380113, "_child0": {"label": 50, "event": "S", "reconc": 19, "tstamp": 0.0, "transferred": 0, "dist": 0.045499625747215326}, "_child1": {"label": 51, "event": "S", "reconc": 2, "tstamp": 0.0, "transferred": 1, "dist": 0.031811603149592305}}, "_child1": {"label": 37, "event": "S", "reconc": 19, "tstamp": 0.0, "transferred": 0, "dist": 0.2773792856363709}}, "_child1": {"label": 24, "event": "H", "reconc": [17, 18], "tstamp": 0.11564364375539671, "transferred": 0, "dist": 0.2830165659232906, "_child0": {"label": 43, "event": "H", "reconc": [6, 15], "tstamp": 0.0559899482637334, "transferred": 1, "dist": 0.09066305335433684, "_child0": {"label": 49, "event": "S", "reconc": 16, "tstamp": 0.0, "transferred": 1, "dist": 0.07162442567178892}, "_child1": {"label": 48, "event": "S", "reconc": 15, "tstamp": 0.0, "transferred": 0, "dist": 0.08509480636368673}}, "_child1": {"label": 42, "event": "S", "reconc": 18, "tstamp": 0.0, "transferred": 0, "dist": 0.12017477363439241}}}}, "_child1": {"label": 4, "event": "S", "reconc": 5, "tstamp": 0.8092196550083057, "transferred": 0, "dist": 0.15097734177702743, "_child0": {"label": 8, "event": "S", "reconc": 6, "tstamp": 0.6511842132397073, "transferred": 0, "dist": 0.17650678688382085, "_child0": {"label": 14, "event": "S", "reconc": 10, "tstamp": 0.5700074583706051, "transferred": 0, "dist": 0.09402915874834222, "_child0": {"label": 16, "event": "S", "reconc": 12, "tstamp": 0.0, "transferred": 0, "dist": 0.7357143778925124}, "_child1": {"label": 17, "event": "S", "reconc": 13, "tstamp": 0.0, "transferred": 0, "dist": 0.49379076635771246}}, "_child1": {"label": 13, "event": "D", "reconc": [6, 14], "tstamp": 0.31623824478748813, "transferred": 0, "dist": 0.4036647443688284, "_child0": {"label": 26, "event": "D", "reconc": [6, 14], "tstamp": 0.2849954828937241, "transferred": 0, "dist": 0.03765264454891176, "_child0": {"label": 29, "event": "D", "reconc": [6, 14], "tstamp": 0.16499514172312138, "transferred": 0, "dist": 0.14462006295117896, "_child0": {"label": 38, "event": "S", "reconc": 14, "tstamp": 0.0, "transferred": 0, "dist": 0.23871012909800643}, "_child1": {"label": 39, "event": "S", "reconc": 14, "tstamp": 0.0, "transferred": 0, "dist": 0.19884616618475118}}, "_child1": {"label": 28, "event": "S", "reconc": 14, "tstamp": 0.0, "transferred": 0, "dist": 0.3434662291359301}}, "_child1": {"label": 27, "event": "D", "reconc": [6, 14], "tstamp": 0.2679703424475953, "transferred": 0, "dist": 0.058170726906455805, "_child0": {"label": 30, "event": "S", "reconc": 14, "tstamp": 0.0, "transferred": 0, "dist": 0.3619967679032834}, "_child1": {"label": 31, "event": "S", "reconc": 14, "tstamp": 0.0, "transferred": 0, "dist": 0.32294814677838607}}}, "_child2": {"label": 15, "event": "S", "reconc": 8, "tstamp": 0.11295092901429894, "transferred": 0, "dist": 0.4866082135198264, "_child0": {"label": 44, "event": "S", "reconc": 24, "tstamp": 0.0, "transferred": 0, "dist": 0.06007333196704703}, "_child1": {"label": 45, "event": "S", "reconc": 25, "tstamp": 0.0, "transferred": 0, "dist": 0.06680182967371533}}, "_child3": {"label": 12, "event": "S", "reconc": 15, "tstamp": 0.0, "transferred": 0, "dist": 0.7764130235389037}}, "_child1": {"label": 9, "event": "H", "reconc": [5, 7], "tstamp": 0.48329729264930216, "transferred": 0, "dist": 0.39188278508621943, "_child0": {"label": 18, "event": "H", "reconc": [5, 7], "tstamp": 0.45217612872252194, "transferred": 0, "dist": 0.03741948943447362, "_child0": {"label": 20, "event": "S", "reconc": 7, "tstamp": 0.21595199241587792, "transferred": 0, "dist": 0.2840313618568649, "_child0": {"label": 35, "event": "D", "reconc": [21, 23], "tstamp": 0.10926495141358465, "transferred": 0, "dist": 0.15755059841102345, "_child0": {"label": 46, "event": "S", "reconc": 23, "tstamp": 0.0, "transferred": 0, "dist": 0.16293914430824707}, "_child1": {"label": 47, "event": "S", "reconc": 23, "tstamp": 0.0, "transferred": 0, "dist": 0.16293914430824707}}, "_child1": {"label": 33, "event": "S", "reconc": 20, "tstamp": 0.0, "transferred": 0, "dist": 0.27785832303596114}}, "_child1": {"label": 21, "event": "S", "reconc": 16, "tstamp": 0.0, "transferred": 1, "dist": 1.1711930415128213}}, "_child1": {"label": 19, "event": "S", "reconc": 13, "tstamp": 0.0, "transferred": 1, "dist": 2.5027733583842937}}}, "_child2": {"label": 10, "event": "S", "reconc": 16, "tstamp": 0.0, "transferred": 0, "dist": 1.0197246572085492}}