{"label": 0, "event": null, "tstamp": 1.0, "dist": 0.0, "_child0": {"label": 1, "event": "S", "tstamp": 0.9242018234614592, "dist": 0.07579817653854082, "_child0": {"label": 4, "event": "S", "tstamp": 0.8472876377721364, "dist": 0.07691418568932273, "_child0": {"label": 11, "event": "S", "tstamp": 0.0, "dist": 0.8472876377721364}, "_child1": {"label": 10, "event": "S", "tstamp": 0.15769821924367752, "dist": 0.6895894185284589, "_child0": {"label": 21, "event": "S", "tstamp": 0.11740888599723005, "dist": 0.04028933324644747, "_child0": {"label": 22, "event": "S", "tstamp": 0.08397075924005747, "dist": 0.03343812675717259, "_child0": {"label": 25, "event": "S", "tstamp": 0.07956164870940209, "dist": 0.004409110530655375, "_child0": {"label": 26, "event": "S", "tstamp": 0.0, "dist": 0.07956164870940209}, "_child1": {"label": 27, "event": "S", "tstamp": 0.0, "dist": 0.07956164870940209}}, "_child1": {"label": 24, "event": "S", "tstamp": 0.0, "dist": 0.08397075924005747}}, "_child1": {"label": 23, "event": "S", "tstamp": 0.0, "dist": 0.11740888599723005}}, "_child1": {"label": 20, "event": "S", "tstamp": 0.0, "dist": 0.15769821924367752}}, "_child2": {"label": 8, "event": "S", "tstamp": 0.0, "dist": 0.8472876377721364}}, "_child1": {"label": 5, "event": "S", "tstamp": 0.8727371691563347, "dist": 0.05146465430512448, "_child0": {"label": 6, "event": "S", "tstamp": 0.3996524555147953, "dist": 0.4730847136415394, "_child0": {"label": 13, "event": "S", "tstamp": 0.27440377524077525, "dist": 0.12524868027402003, "_child0": {"label": 14, "event": "S", "tstamp": 0.23258571940333397, "dist": 0.041818055837441276, "_child0": {"label": 16, "event": "S", "tstamp": 0.0, "dist": 0.23258571940333397}, "_child1": {"label": 17, "event": "S", "tstamp": 0.0, "dist": 0.23258571940333397}}, "_child1": {"label": 15, "event": "S", "tstamp": 0.1637163833774649, "dist": 0.11068739186331034, "_child0": {"label": 18, "event": "S", "tstamp": 0.015878522596818788, "dist": 0.14783786078064612, "_child0": {"label": 28, "event": "S", "tstamp": 0.0, "dist": 0.015878522596818788}, "_child1": {"label": 29, "event": "S", "tstamp": 0.0, "dist": 0.015878522596818788}}, "_child1": {"label": 19, "event": "S", "tstamp": 0.0, "dist": 0.1637163833774649}}}, "_child1": {"label": 12, "event": "S", "tstamp": 0.0, "dist": 0.3996524555147953}}, "_child1": {"label": 7, "event": "S", "tstamp": 0.0, "dist": 0.8727371691563347}}, "_child2": {"label": 2, "event": "S", "tstamp": 0.0, "dist": 0.9242018234614592}}}