{"label": 0, "event": null, "tstamp": 1.0, "dist": 0.0, "_child0": {"label": 1, "event": "S", "tstamp": 0.9658534106696529, "dist": 0.03414658933034709, "_child0": {"label": 3, "event": "S", "tstamp": 0.9202690448297317, "dist": 0.045584365839921204, "_child0": {"label": 5, "event": "S", "tstamp": 0.8676721042924204, "dist": 0.05259694053731134, "_child0": {"label": 6, "event": "S", "tstamp": 0.0, "dist": 0.8676721042924204}, "_child1": {"label": 7, "event": "S", "tstamp": 0.0, "dist": 0.8676721042924204}}, "_child1": {"label": 4, "event": "S", "tstamp": 0.7474862623236296, "dist": 0.17278278250610213, "_child0": {"label": 9, "event": "S", "tstamp": 0.3287237680976299, "dist": 0.4187624942259997, "_child0": {"label": 10, "event": "S", "tstamp": 0.23756044845972019, "dist": 0.09116331963790969, "_child0": {"label": 13, "event": "S", "tstamp": 0.1518130876286657, "dist": 0.0857473608310545, "_child0": {"label": 14, "event": "S", "tstamp": 0.08825146150597918, "dist": 0.06356162612268651, "_child0": {"label": 19, "event": "S", "tstamp": 0.0, "dist": 0.08825146150597918}, "_child1": {"label": 18, "event": "S", "tstamp": 0.0, "dist": 0.08825146150597918}, "_child2": {"label": 16, "event": "S", "tstamp": 0.0, "dist": 0.08825146150597918}}, "_child1": {"label": 15, "event": "S", "tstamp": 0.0, "dist": 0.1518130876286657}}, "_child1": {"label": 12, "event": "S", "tstamp": 0.007053778335008907, "dist": 0.23050667012471127, "_child0": {"label": 23, "event": "S", "tstamp": 0.003553397284785563, "dist": 0.003500381050223344, "_child0": {"label": 24, "event": "S", "tstamp": 0.0, "dist": 0.003553397284785563}, "_child1": {"label": 25, "event": "S", "tstamp": 0.0, "dist": 0.003553397284785563}}, "_child1": {"label": 22, "event": "S", "tstamp": 0.0, "dist": 0.007053778335008907}}}, "_child1": {"label": 11, "event": "S", "tstamp": 0.0, "dist": 0.3287237680976299}}, "_child1": {"label": 8, "event": "S", "tstamp": 0.0, "dist": 0.7474862623236296}}}, "_child1": {"label": 2, "event": "S", "tstamp": 0.039527355034048174, "dist": 0.9263260556356048, "_child0": {"label": 20, "event": "S", "tstamp": 0.0, "dist": 0.039527355034048174}, "_child1": {"label": 21, "event": "S", "tstamp": 0.0, "dist": 0.039527355034048174}}}}