{"label": 1, "event": "S", "reconc": 1, "tstamp": 0.9888494739310602, "transferred": 0, "dist": 0.0, "_child0": {"label": 5, "event": "D", "reconc": [1, 7], "tstamp": 0.4802878672254921, "transferred": 0, "dist": 0.3150652358128355, "_child0": {"label": 7, "event": "S", "reconc": 7, "tstamp": 0.2997135872692313, "transferred": 0, "dist": 0.22298742238118036, "_child0": {"label": 37, "event": "S", "reconc": 15, "tstamp": 0.07588003886506646, "transferred": 0, "dist": 0.3154643284306255, "_child0": {"label": 41, "event": "S", "reconc": 16, "tstamp": 0.0, "transferred": 0, "dist": 0.04820076280215077}, "_child1": {"label": 42, "event": "S", "reconc": 17, "tstamp": 0.0, "transferred": 0, "dist": 0.030877866830042764}}, "_child1": {"label": 11, "event": "S", "reconc": 14, "tstamp": 0.0, "transferred": 0, "dist": 0.12613436622644583}, "_child2": {"label": 13, "event": "S", "reconc": 8, "tstamp": 0.0, "transferred": 0, "dist": 0.12566679574122952}}, "_child1": {"label": 8, "event": "S", "reconc": 7, "tstamp": 0.2997135872692313, "transferred": 0, "dist": 0.11760375711689992, "_child0": {"label": 16, "event": "H", "reconc": [7, 8], "tstamp": 0.2588747794309337, "transferred": 0, "dist": 0.012313479248381961, "_child0": {"label": 19, "event": "D", "reconc": [7, 8], "tstamp": 0.036556272042615495, "transferred": 0, "dist": 0.06703218022662585, "_child0": {"label": 47, "event": "S", "reconc": 8, "tstamp": 0.0, "transferred": 0, "dist": 0.013687120187831532}, "_child1": {"label": 48, "event": "S", "reconc": 8, "tstamp": 0.0, "transferred": 0, "dist": 0.0168611913574839}}, "_child1": {"label": 20, "event": "S", "reconc": 14, "tstamp": 0.0, "transferred": 1, "dist": 0.1428841830557387}}, "_child1": {"label": 15, "event": "H", "reconc": [7, 15], "tstamp": 0.22951197229024334, "transferred": 0, "dist": 0.02166627859263186, "_child0": {"label": 23, "event": "S", "reconc": 15, "tstamp": 0.07588003886506646, "transferred": 0, "dist": 0.047415323298628465, "_child0": {"label": 39, "event": "S", "reconc": 16, "tstamp": 0.0, "transferred": 0, "dist": 0.018367003375363438}, "_child1": {"label": 40, "event": "S", "reconc": 17, "tstamp": 0.0, "transferred": 0, "dist": 0.019594739668544227}}, "_child1": {"label": 24, "event": "D", "reconc": [2, 5], "tstamp": 0.06503682171952654, "transferred": 1, "dist": 0.10083109098339613, "_child0": {"label": 45, "event": "S", "reconc": 5, "tstamp": 0.0, "transferred": 0, "dist": 0.039870665357761556}, "_child1": {"label": 46, "event": "S", "reconc": 5, "tstamp": 0.0, "transferred": 0, "dist": 0.039870665357761556}}}}}, "_child1": {"label": 3, "event": "D", "reconc": [1, 6], "tstamp": 0.4480758559468054, "transferred": 0, "dist": 0.6677088804396225, "_child0": {"label": 10, "event": "D", "reconc": [1, 6], "tstamp": 0.28609719340872486, "transferred": 0, "dist": 0.19999975557527697, "_child0": {"label": 17, "event": "S", "reconc": 6, "tstamp": 0.1566235455882997, "transferred": 0, "dist": 0.16341724885325637, "_child0": {"label": 29, "event": "S", "reconc": 12, "tstamp": 0.0, "transferred": 0, "dist": 0.28641584739490433}, "_child1": {"label": 30, "event": "S", "reconc": 19, "tstamp": 0.0, "transferred": 0, "dist": 0.21661183187879252}, "_child2": {"label": 31, "event": "S", "reconc": 18, "tstamp": 0.0, "transferred": 0, "dist": 0.5312514422428717}}, "_child1": {"label": 18, "event": "S", "reconc": 6, "tstamp": 0.1566235455882997, "transferred": 0, "dist": 0.17968814291444277, "_child0": {"label": 33, "event": "S", "reconc": 12, "tstamp": 0.0, "transferred": 0, "dist": 0.6272863607525377}, "_child1": {"label": 34, "event": "S", "reconc": 19, "tstamp": 0.0, "transferred": 0, "dist": 0.21641560447182465}, "_child2": {"label": 35, "event": "S", "reconc": 18, "tstamp": 0.0, "transferred": 0, "dist": 0.3013694340609983}}}, "_child1": {"label": 9, "event": "S", "reconc": 6, "tstamp": 0.1566235455882997, "transferred": 0, "dist": 0.3598646261191783, "_child0": {"label": 26, "event": "S", "reconc": 19, "tstamp": 0.0, "transferred": 0, "dist": 0.21628628388638857}, "_child1": {"label": 27, "event": "S", "reconc": 18, "tstamp": 0.0, "transferred": 0, "dist": 0.20966786899810816}, "_child2": {"label": 28, "event": "S", "reconc": 10, "tstamp": 0.0, "transferred": 0, "dist": 0.2159437478037398}}}}