{"label": 1, "event": "S", "reconc": 1, "tstamp": 0.9657951836999812, "transferred": 0, "dist": 0.0, "_child0": {"label": 6, "event": "D", "reconc": [1, 5], "tstamp": 0.8935498628680171, "transferred": 0, "dist": 0.06510723186376514, "_child0": {"label": 8, "event": "D", "reconc": [1, 5], "tstamp": 0.027494969700484477, "transferred": 0, "dist": 0.7804856575743708, "_child0": {"label": 29, "event": "H", "reconc": [1, 5], "tstamp": 0.018554144697410038, "transferred": 0, "dist": 0.011162935855785181, "_child0": {"label": 31, "event": "S", "reconc": 5, "tstamp": 0.0, "transferred": 0, "dist": 0.02316550508984619}, "_child1": {"label": 32, "event": "S", "reconc": 3, "tstamp": 0.0, "transferred": 1, "dist": 0.015152236173098054}}, "_child1": {"label": 30, "event": "S", "reconc": 5, "tstamp": 0.0, "transferred": 0, "dist": 0.025705625916996704}}, "_child1": {"label": 7, "event": "S", "reconc": 5, "tstamp": 0.0, "transferred": 0, "dist": 0.8052640286406478}}, "_child1": {"label": 3, "event": "H", "reconc": [1, 4], "tstamp": 0.7050309302468946, "transferred": 0, "dist": 0.2155786763522629, "_child0": {"label": 10, "event": "D", "reconc": [1, 5], "tstamp": 0.3798460106013602, "transferred": 1, "dist": 0.33650804195190526, "_child0": {"label": 28, "event": "S", "reconc": 5, "tstamp": 0.0, "transferred": 0, "dist": 0.4118417405076411}, "_child1": {"label": 16, "event": "S", "reconc": 5, "tstamp": 0.0, "transferred": 0, "dist": 0.5992314567924799}}, "_child1": {"label": 9, "event": "S", "reconc": 4, "tstamp": 0.2543848230212362, "transferred": 0, "dist": 0.3725575496354806, "_child0": {"label": 24, "event": "S", "reconc": 9, "tstamp": 0.0, "transferred": 0, "dist": 0.19329185972955146}, "_child1": {"label": 22, "event": "D", "reconc": [4, 6], "tstamp": 0.16776563142970158, "transferred": 0, "dist": 0.06643906954765366, "_child0": {"label": 25, "event": "S", "reconc": 6, "tstamp": 0.0, "transferred": 0, "dist": 0.12868040268518624}, "_child1": {"label": 26, "event": "S", "reconc": 6, "tstamp": 0.0, "transferred": 0, "dist": 0.5203300937835417}}}}, "_child2": {"label": 20, "event": "S", "reconc": 5, "tstamp": 0.0, "transferred": 1, "dist": 0.99438333880562}}