{"label": 0, "event": null, "tstamp": 1.0, "dist": 0.0, "_child0": {"label": 1, "event": "S", "tstamp": 0.9683268565248071, "dist": 0.0316731434751929, "_child0": {"label": 2, "event": "S", "tstamp": 0.9234344981592701, "dist": 0.044892358365536955, "_child0": {"label": 4, "event": "S", "tstamp": 0.26162052469924296, "dist": 0.6618139734600272, "_child0": {"label": 10, "event": "S", "tstamp": 0.0, "dist": 0.26162052469924296}, "_child1": {"label": 11, "event": "S", "tstamp": 0.0, "dist": 0.26162052469924296}}, "_child1": {"label": 5, "event": "S", "tstamp": 0.0, "dist": 0.9234344981592701}}, "_child1": {"label": 3, "event": "S", "tstamp": 0.7579022188191958, "dist": 0.21042463770561126, "_child0": {"label": 7, "event": "S", "tstamp": 0.512987265444159, "dist": 0.24491495337503688, "_child0": {"label": 9, "event": "S", "tstamp": 0.20000047208955354, "dist": 0.31298679335460544, "_child0": {"label": 14, "event": "S", "tstamp": 0.0, "dist": 0.20000047208955354}, "_child1": {"label": 15, "event": "S", "tstamp": 0.024796587477516712, "dist": 0.17520388461203684, "_child0": {"label": 17, "event": "S", "tstamp": 0.0038872545740066987, "dist": 0.020909332903510013, "_child0": {"label": 18, "event": "S", "tstamp": 0.0, "dist": 0.0038872545740066987}, "_child1": {"label": 19, "event": "S", "tstamp": 0.0, "dist": 0.0038872545740066987}}, "_child1": {"label": 16, "event": "S", "tstamp": 0.0, "dist": 0.024796587477516712}}, "_child2": {"label": 12, "event": "S", "tstamp": 0.0, "dist": 0.20000047208955354}}, "_child1": {"label": 8, "event": "S", "tstamp": 0.0, "dist": 0.512987265444159}}, "_child1": {"label": 6, "event": "S", "tstamp": 0.0, "dist": 0.7579022188191958}}}}