{"label": 1, "event": "S", "reconc": 1, "tstamp": 0.9050085928077009, "transferred": 0, "dist": 0.0, "_child0": {"label": 2, "event": "H", "reconc": [1, 2], "tstamp": 0.7884108859807873, "transferred": 0, "dist": 0.0980695375436131, "_child0": {"label": 4, "event": "S", "reconc": 2, "tstamp": 0.7647480793322308, "transferred": 0, "dist": 0.01990262560182897, "_child0": {"label": 7, "event": "D", "reconc": [2, 5], "tstamp": 0.6471201109644679, "transferred": 0, "dist": 0.08574295764858651, "_child0": {"label": 8, "event": "D", "reconc": [2, 5], "tstamp": 0.5712759854678482, "transferred": 0, "dist": 0.0884453450595981, "_child0": {"label": 10, "event": "D", "reconc": [2, 5], "tstamp": 0.07942700880500146, "transferred": 0, "dist": 0.9050390090736202, "_child0": {"label": 44, "event": "S", "reconc": 5, "tstamp": 0.0, "transferred": 0, "dist": 0.06729608548699648}, "_child1": {"label": 45, "event": "S", "reconc": 5, "tstamp": 0.0, "transferred": 0, "dist": 0.07127548875275863}}, "_child1": {"label": 11, "event": "S", "reconc": 5, "tstamp": 0.0, "transferred": 0, "dist": 0.41868465639156044}}, "_child1": {"label": 9, "event": "S", "reconc": 5, "tstamp": 0.0, "transferred": 0, "dist": 0.6654109577929544}}, "_child1": {"label": 6, "event": "S", "reconc": 4, "tstamp": 0.5318705699552085, "transferred": 0, "dist": 0.18678814995054904, "_child0": {"label": 12, "event": "S", "reconc": 7, "tstamp": 0.4792776087420827, "transferred": 0, "dist": 0.04359094644835076, "_child0": {"label": 14, "event": "S", "reconc": 9, "tstamp": 0.45342782299906037, "transferred": 0, "dist": 0.022145036765704933, "_child0": {"label": 18, "event": "S", "reconc": 11, "tstamp": 0.11150046463138631, "transferred": 0, "dist": 0.30773483523728196, "_child0": {"label": 42, "event": "S", "reconc": 23, "tstamp": 0.005446432650170031, "transferred": 0, "dist": 0.09937583237733885, "_child0": {"label": 50, "event": "S", "reconc": 24, "tstamp": 0.0, "transferred": 0, "dist": 0.005021021037011061}, "_child1": {"label": 51, "event": "S", "reconc": 25, "tstamp": 0.0, "transferred": 0, "dist": 0.005135989063165969}}, "_child1": {"label": 43, "event": "S", "reconc": 22, "tstamp": 0.0, "transferred": 0, "dist": 0.11566779831101648}}, "_child1": {"label": 19, "event": "S", "reconc": 10, "tstamp": 0.0, "transferred": 0, "dist": 0.3267118076082015}}, "_child1": {"label": 17, "event": "D", "reconc": [7, 16], "tstamp": 0.41270762874359884, "transferred": 0, "dist": 0.04740583445308257, "_child0": {"label": 24, "event": "D", "reconc": [7, 16], "tstamp": 0.40309169208794077, "transferred": 0, "dist": 0.006847703743036085, "_child0": {"label": 27, "event": "D", "reconc": [7, 16], "tstamp": 0.055449007032811054, "transferred": 0, "dist": 0.2475634148744516, "_child0": {"label": 46, "event": "S", "reconc": 16, "tstamp": 0.0, "transferred": 0, "dist": 0.039486363794087355}, "_child1": {"label": 47, "event": "S", "reconc": 16, "tstamp": 0.0, "transferred": 0, "dist": 0.039486363794087355}}, "_child1": {"label": 26, "event": "S", "reconc": 16, "tstamp": 0.0, "transferred": 0, "dist": 0.2870497786685389}}, "_child1": {"label": 25, "event": "D", "reconc": [7, 16], "tstamp": 0.36310986601891027, "transferred": 0, "dist": 0.05579832945974237, "_child0": {"label": 29, "event": "D", "reconc": [7, 16], "tstamp": 0.26351269549808704, "transferred": 0, "dist": 0.18289013938295054, "_child0": {"label": 31, "event": "D", "reconc": [7, 16], "tstamp": 0.047832778840496575, "transferred": 0, "dist": 0.8084219463050247, "_child0": {"label": 48, "event": "S", "reconc": 16, "tstamp": 0.0, "transferred": 0, "dist": 0.03422548703601429}, "_child1": {"label": 49, "event": "S", "reconc": 16, "tstamp": 0.0, "transferred": 0, "dist": 0.034293898068621015}}, "_child1": {"label": 30, "event": "S", "reconc": 16, "tstamp": 0.0, "transferred": 0, "dist": 0.7655306871604715}}, "_child1": {"label": 28, "event": "S", "reconc": 16, "tstamp": 0.0, "transferred": 0, "dist": 0.3710645277878315}}}, "_child2": {"label": 15, "event": "S", "reconc": 14, "tstamp": 0.0, "transferred": 0, "dist": 0.36274403142588385}, "_child3": {"label": 16, "event": "S", "reconc": 17, "tstamp": 0.0, "transferred": 0, "dist": 0.3984195670228068}}, "_child1": {"label": 13, "event": "S", "reconc": 6, "tstamp": 0.4256231062725092, "transferred": 0, "dist": 0.08474534377240826, "_child0": {"label": 20, "event": "S", "reconc": 12, "tstamp": 0.0, "transferred": 0, "dist": 0.34767883213912776}, "_child1": {"label": 21, "event": "S", "reconc": 13, "tstamp": 0.0, "transferred": 0, "dist": 0.292982218487431}}}}, "_child1": {"label": 23, "event": "S", "reconc": 3, "tstamp": 0.25994979112762795, "transferred": 1, "dist": 0.7719101502453809, "_child0": {"label": 34, "event": "S", "reconc": 19, "tstamp": 0.25302829911915575, "transferred": 0, "dist": 0.003608039731205886, "_child0": {"label": 38, "event": "D", "reconc": [19, 20], "tstamp": 0.18880561286137199, "transferred": 0, "dist": 0.15901125930814297, "_child0": {"label": 40, "event": "S", "reconc": 20, "tstamp": 0.0, "transferred": 0, "dist": 0.23290734077689645}, "_child1": {"label": 41, "event": "S", "reconc": 20, "tstamp": 0.0, "transferred": 0, "dist": 0.13477911923882988}}, "_child1": {"label": 39, "event": "S", "reconc": 21, "tstamp": 0.0, "transferred": 0, "dist": 0.11766652518477126}}, "_child1": {"label": 35, "event": "S", "reconc": 18, "tstamp": 0.0, "transferred": 0, "dist": 0.19679166452685531}}}, "_child1": {"label": 32, "event": "S", "reconc": 19, "tstamp": 0.25302829911915575, "transferred": 0, "dist": 0.43373883474657426, "_child0": {"label": 36, "event": "S", "reconc": 20, "tstamp": 0.0, "transferred": 0, "dist": 0.13325489467408105}, "_child1": {"label": 37, "event": "S", "reconc": 21, "tstamp": 0.0, "transferred": 0, "dist": 0.11003480074242412}}}