{"label": 1, "event": "S", "reconc": 1, "tstamp": 0.8938770262099917, "transferred": 0, "dist": 0.0, "_child0": {"label": 12, "event": "H", "reconc": [3, 9], "tstamp": 0.3938492745014541, "transferred": 1, "dist": 0.5203558249096809, "_child0": {"label": 14, "event": "S", "reconc": 5, "tstamp": 0.2014764086764664, "transferred": 1, "dist": 0.15435615805817662, "_child0": {"label": 15, "event": "S", "reconc": 11, "tstamp": 0.17096427765556577, "transferred": 0, "dist": 0.020180103762539044, "_child0": {"label": 17, "event": "S", "reconc": 12, "tstamp": 0.0, "transferred": 0, "dist": 0.12010558767323358}, "_child1": {"label": 18, "event": "S", "reconc": 13, "tstamp": 0.0, "transferred": 0, "dist": 0.12223815009168879}}, "_child1": {"label": 16, "event": "S", "reconc": 10, "tstamp": 0.0, "transferred": 0, "dist": 0.12101292727256605}}, "_child1": {"label": 13, "event": "H", "reconc": [3, 9], "tstamp": 0.04918093663366298, "transferred": 0, "dist": 0.4257292755486007, "_child0": {"label": 25, "event": "S", "reconc": 9, "tstamp": 0.044240836868470405, "transferred": 0, "dist": 0.006101938771585036, "_child0": {"label": 31, "event": "S", "reconc": 14, "tstamp": 0.0, "transferred": 0, "dist": 0.10463958518541233}, "_child1": {"label": 32, "event": "S", "reconc": 15, "tstamp": 0.0, "transferred": 0, "dist": 0.046102398806020975}}, "_child1": {"label": 26, "event": "H", "reconc": [5, 10], "tstamp": 0.03579569738030699, "transferred": 1, "dist": 0.008908407475156317, "_child0": {"label": 33, "event": "S", "reconc": 10, "tstamp": 0.0, "transferred": 0, "dist": 0.023823455979033688}, "_child1": {"label": 34, "event": "S", "reconc": 8, "tstamp": 0.0, "transferred": 1, "dist": 0.02784332341019296}}}}, "_child1": {"label": 3, "event": "S", "reconc": 3, "tstamp": 0.7428933825653783, "transferred": 0, "dist": 0.11111115960959854, "_child0": {"label": 9, "event": "H", "reconc": [3, 8], "tstamp": 0.10231739955653299, "transferred": 0, "dist": 0.3262558674388292, "_child0": {"label": 19, "event": "H", "reconc": [3, 8], "tstamp": 0.08780687227217975, "transferred": 0, "dist": 0.00739044983221935, "_child0": {"label": 24, "event": "S", "reconc": 9, "tstamp": 0.044240836868470405, "transferred": 1, "dist": 0.02848146911427226, "_child0": {"label": 29, "event": "S", "reconc": 14, "tstamp": 0.0, "transferred": 0, "dist": 0.19984007591825378}, "_child1": {"label": 30, "event": "S", "reconc": 15, "tstamp": 0.0, "transferred": 0, "dist": 0.09804801598906493}}, "_child1": {"label": 23, "event": "S", "reconc": 8, "tstamp": 0.0, "transferred": 0, "dist": 0.04472148197890664}}, "_child1": {"label": 20, "event": "S", "reconc": 12, "tstamp": 0.0, "transferred": 1, "dist": 0.11046842603703373}}, "_child1": {"label": 7, "event": "H", "reconc": [3, 9], "tstamp": 0.09080375567184865, "transferred": 0, "dist": 0.42627523472987594, "_child0": {"label": 21, "event": "S", "reconc": 9, "tstamp": 0.044240836868470405, "transferred": 0, "dist": 0.03043848318393663, "_child0": {"label": 27, "event": "S", "reconc": 14, "tstamp": 0.0, "transferred": 0, "dist": 0.03227004878088917}, "_child1": {"label": 28, "event": "S", "reconc": 15, "tstamp": 0.0, "transferred": 0, "dist": 0.03326265453522517}}, "_child1": {"label": 22, "event": "S", "reconc": 12, "tstamp": 0.0, "transferred": 1, "dist": 0.17462909454566902}}, "_child2": {"label": 8, "event": "S", "reconc": 6, "tstamp": 0.0, "transferred": 0, "dist": 0.543420505051855}}}