{"label": 1, "event": "S", "reconc": 1, "tstamp": 0.8099417697016227, "transferred": 0, "dist": 0.0, "_child0": {"label": 5, "event": "H", "reconc": [1, 2], "tstamp": 0.7685998867906183, "transferred": 0, "dist": 0.039471636195383006, "_child0": {"label": 7, "event": "S", "reconc": 3, "tstamp": 0.6593503273831653, "transferred": 1, "dist": 0.17417548738469135, "_child0": {"label": 10, "event": "S", "reconc": 5, "tstamp": 0.6423014500921734, "transferred": 0, "dist": 0.03398426729317436, "_child0": {"label": 14, "event": "S", "reconc": 7, "tstamp": 0.5243524863512726, "transferred": 0, "dist": 0.4826314965155354, "_child0": {"label": 20, "event": "D", "reconc": [7, 10], "tstamp": 0.37518968692060345, "transferred": 0, "dist": 1.5781063816953462, "_child0": {"label": 22, "event": "H", "reconc": [7, 10], "tstamp": 0.26829007557248863, "transferred": 0, "dist": 0.8144696424071439, "_child0": {"label": 33, "event": "S", "reconc": 11, "tstamp": 0.0, "transferred": 1, "dist": 0.8207667432264483}, "_child1": {"label": 32, "event": "S", "reconc": 10, "tstamp": 0.0, "transferred": 0, "dist": 2.04410585929379}}, "_child1": {"label": 23, "event": "S", "reconc": 10, "tstamp": 0.0, "transferred": 0, "dist": 0.8697125098540505}}, "_child1": {"label": 19, "event": "S", "reconc": 11, "tstamp": 0.0, "transferred": 0, "dist": 0.9458734126022527}}, "_child1": {"label": 15, "event": "S", "reconc": 6, "tstamp": 0.0, "transferred": 0, "dist": 3.211137238743437}}, "_child1": {"label": 11, "event": "S", "reconc": 4, "tstamp": 0.3328005742093554, "transferred": 0, "dist": 1.3679734930462726, "_child0": {"label": 26, "event": "S", "reconc": 13, "tstamp": 0.2758077627134317, "transferred": 0, "dist": 0.11067196407245097, "_child0": {"label": 30, "event": "S", "reconc": 14, "tstamp": 0.0, "transferred": 0, "dist": 1.2461429662283636}, "_child1": {"label": 31, "event": "S", "reconc": 15, "tstamp": 0.0, "transferred": 0, "dist": 1.005736897963768}}, "_child1": {"label": 27, "event": "S", "reconc": 12, "tstamp": 0.056492636460930404, "transferred": 0, "dist": 0.795669689270419, "_child0": {"label": 36, "event": "S", "reconc": 17, "tstamp": 0.015123538874179426, "transferred": 0, "dist": 0.08954244907006821, "_child0": {"label": 40, "event": "S", "reconc": 18, "tstamp": 0.0, "transferred": 0, "dist": 0.043009981942288916}, "_child1": {"label": 41, "event": "S", "reconc": 19, "tstamp": 0.0, "transferred": 0, "dist": 0.03180124580680901}}, "_child1": {"label": 37, "event": "S", "reconc": 16, "tstamp": 0.0, "transferred": 0, "dist": 0.2393096416508772}}}}, "_child1": {"label": 6, "event": "S", "reconc": 2, "tstamp": 0.0, "transferred": 0, "dist": 0.7338295446416766}}, "_child1": {"label": 2, "event": "S", "reconc": 3, "tstamp": 0.6593503273831653, "transferred": 0, "dist": 0.18586468586727914, "_child0": {"label": 8, "event": "S", "reconc": 5, "tstamp": 0.6423014500921734, "transferred": 0, "dist": 0.023067999452837475, "_child0": {"label": 12, "event": "S", "reconc": 7, "tstamp": 0.5243524863512726, "transferred": 0, "dist": 0.20192500163621854, "_child0": {"label": 16, "event": "S", "reconc": 11, "tstamp": 0.0, "transferred": 0, "dist": 0.7849220788809019}, "_child1": {"label": 17, "event": "S", "reconc": 10, "tstamp": 0.0, "transferred": 0, "dist": 1.212441150337482}, "_child2": {"label": 18, "event": "S", "reconc": 8, "tstamp": 0.0, "transferred": 0, "dist": 0.9213496790270078}}, "_child1": {"label": 13, "event": "S", "reconc": 6, "tstamp": 0.0, "transferred": 0, "dist": 0.9666887282948251}}, "_child1": {"label": 9, "event": "S", "reconc": 4, "tstamp": 0.3328005742093554, "transferred": 0, "dist": 0.5489875033401862, "_child0": {"label": 24, "event": "S", "reconc": 13, "tstamp": 0.2758077627134317, "transferred": 0, "dist": 0.10979999531127198, "_child0": {"label": 28, "event": "S", "reconc": 14, "tstamp": 0.0, "transferred": 0, "dist": 0.46343059804227593}, "_child1": {"label": 29, "event": "S", "reconc": 15, "tstamp": 0.0, "transferred": 0, "dist": 0.4680540475730863}}, "_child1": {"label": 25, "event": "S", "reconc": 12, "tstamp": 0.056492636460930404, "transferred": 0, "dist": 0.5884473237396557, "_child0": {"label": 34, "event": "S", "reconc": 17, "tstamp": 0.015123538874179426, "transferred": 0, "dist": 0.0843980319942534, "_child0": {"label": 38, "event": "S", "reconc": 18, "tstamp": 0.0, "transferred": 0, "dist": 0.02695456024115515}, "_child1": {"label": 39, "event": "S", "reconc": 19, "tstamp": 0.0, "transferred": 0, "dist": 0.027778722530149107}}, "_child1": {"label": 35, "event": "S", "reconc": 16, "tstamp": 0.0, "transferred": 0, "dist": 0.12829606790449288}}}}}