{"label": 1, "event": "S", "reconc": 1, "tstamp": 0.9831956150934771, "transferred": 0, "dist": 0.0, "_child0": {"label": 2, "event": "S", "reconc": 2, "tstamp": 0.9392239870209993, "transferred": 0, "dist": 0.041184916509396895, "_child0": {"label": 7, "event": "S", "reconc": 5, "tstamp": 0.809049323389877, "transferred": 1, "dist": 0.26063943237753695, "_child0": {"label": 37, "event": "S", "reconc": 9, "tstamp": 0.0, "transferred": 0, "dist": 1.0334860045262453}, "_child1": {"label": 15, "event": "S", "reconc": 8, "tstamp": 0.09255233800171625, "transferred": 0, "dist": 0.5111745935382654, "_child0": {"label": 45, "event": "S", "reconc": 14, "tstamp": 0.0, "transferred": 0, "dist": 0.052686519381903774}, "_child1": {"label": 46, "event": "S", "reconc": 15, "tstamp": 0.0, "transferred": 0, "dist": 0.05418775371685473}}, "_child2": {"label": 16, "event": "S", "reconc": 6, "tstamp": 0.0, "transferred": 0, "dist": 0.5346716328769456}}, "_child1": {"label": 23, "event": "H", "reconc": [5, 9], "tstamp": 0.3827961254879616, "transferred": 0, "dist": 0.5556943407333015, "_child0": {"label": 32, "event": "H", "reconc": [2, 4], "tstamp": 0.019631274788455264, "transferred": 1, "dist": 0.2738129614888331, "_child0": {"label": 48, "event": "S", "reconc": 6, "tstamp": 0.0, "transferred": 1, "dist": 0.03437173166686176}, "_child1": {"label": 47, "event": "S", "reconc": 4, "tstamp": 0.0, "transferred": 0, "dist": 0.014801260301690612}}, "_child1": {"label": 31, "event": "S", "reconc": 9, "tstamp": 0.0, "transferred": 0, "dist": 0.4311250288222477}}}, "_child1": {"label": 3, "event": "H", "reconc": [1, 3], "tstamp": 0.8556534564265841, "transferred": 0, "dist": 0.109006932764002, "_child0": {"label": 11, "event": "H", "reconc": [2, 4], "tstamp": 0.8265408760794379, "transferred": 1, "dist": 0.06738811819414257, "_child0": {"label": 13, "event": "S", "reconc": 5, "tstamp": 0.809049323389877, "transferred": 1, "dist": 0.01580952678143405, "_child0": {"label": 20, "event": "H", "reconc": [5, 9], "tstamp": 0.21422771061693102, "transferred": 0, "dist": 0.5148663800510915, "_child0": {"label": 39, "event": "S", "reconc": 9, "tstamp": 0.0, "transferred": 0, "dist": 0.1854314697103567}, "_child1": {"label": 40, "event": "S", "reconc": 10, "tstamp": 0.0, "transferred": 1, "dist": 0.18486161905544218}}, "_child1": {"label": 22, "event": "S", "reconc": 6, "tstamp": 0.0, "transferred": 0, "dist": 1.8908955420748674}}, "_child1": {"label": 30, "event": "S", "reconc": 11, "tstamp": 0.2337305224567927, "transferred": 1, "dist": 0.9730909287594595, "_child0": {"label": 44, "event": "S", "reconc": 13, "tstamp": 0.0, "transferred": 0, "dist": 0.9147538960357342}, "_child1": {"label": 35, "event": "S", "reconc": 12, "tstamp": 0.0, "transferred": 0, "dist": 0.1649473955277502}}}, "_child1": {"label": 27, "event": "S", "reconc": 11, "tstamp": 0.2337305224567927, "transferred": 0, "dist": 0.5229246960122147, "_child0": {"label": 33, "event": "D", "reconc": [11, 12], "tstamp": 0.20918076817391756, "transferred": 0, "dist": 0.017221934955797984, "_child0": {"label": 41, "event": "S", "reconc": 12, "tstamp": 0.0, "transferred": 0, "dist": 0.1659745442926101}, "_child1": {"label": 42, "event": "S", "reconc": 12, "tstamp": 0.0, "transferred": 0, "dist": 0.7073757610771644}}, "_child1": {"label": 34, "event": "S", "reconc": 13, "tstamp": 0.0, "transferred": 0, "dist": 0.18349512415127214}}}}