{"label": 1, "event": "S", "reconc": 1, "tstamp": 0.9819898951382513, "transferred": 0, "dist": 0.0, "_child0": {"label": 3, "event": "S", "reconc": 5, "tstamp": 0.8286465831697956, "transferred": 0, "dist": 0.13465236910465161, "_child0": {"label": 6, "event": "S", "reconc": 9, "tstamp": 0.7294601914550285, "transferred": 0, "dist": 0.07142736883791588, "_child0": {"label": 8, "event": "S", "reconc": 10, "tstamp": 0.0, "transferred": 0, "dist": 0.5483436159177019}, "_child1": {"label": 9, "event": "S", "reconc": 11, "tstamp": 0.0, "transferred": 0, "dist": 0.5274086163180133}}, "_child1": {"label": 5, "event": "S", "reconc": 8, "tstamp": 0.5460600917461547, "transferred": 0, "dist": 0.19547250275119582, "_child0": {"label": 16, "event": "S", "reconc": 13, "tstamp": 0.3264501276215823, "transferred": 0, "dist": 0.13928609165580813, "_child0": {"label": 20, "event": "S", "reconc": 15, "tstamp": 0.2906738208469373, "transferred": 0, "dist": 0.024362792967053203, "_child0": {"label": 22, "event": "S", "reconc": 17, "tstamp": 0.2727031776475106, "transferred": 0, "dist": 0.013434879767685565, "_child0": {"label": 25, "event": "H", "reconc": [17, 19], "tstamp": 0.1943188682946125, "transferred": 0, "dist": 0.07114640869207507, "_child0": {"label": 28, "event": "H", "reconc": [17, 19], "tstamp": 0.09897185430085456, "transferred": 0, "dist": 0.08654280022584766, "_child0": {"label": 46, "event": "S", "reconc": 19, "tstamp": 0.0, "transferred": 0, "dist": 0.08983292770239559}, "_child1": {"label": 47, "event": "S", "reconc": 24, "tstamp": 0.0, "transferred": 1, "dist": 0.5815680273624101}}, "_child1": {"label": 29, "event": "S", "reconc": 11, "tstamp": 0.0, "transferred": 1, "dist": 0.14146646866503929}}, "_child1": {"label": 24, "event": "S", "reconc": 18, "tstamp": 0.0, "transferred": 0, "dist": 0.23632725713549074}}, "_child1": {"label": 23, "event": "S", "reconc": 16, "tstamp": 0.0, "transferred": 0, "dist": 0.20192699935671882}}, "_child1": {"label": 21, "event": "S", "reconc": 14, "tstamp": 0.0, "transferred": 0, "dist": 0.21984858589396405}}, "_child1": {"label": 15, "event": "H", "reconc": [8, 12], "tstamp": 0.21239619291285186, "transferred": 0, "dist": 0.1893691772869754, "_child0": {"label": 27, "event": "H", "reconc": [17, 18], "tstamp": 0.1607357802752713, "transferred": 1, "dist": 0.04557584999782145, "_child0": {"label": 33, "event": "S", "reconc": 21, "tstamp": 0.15763142076357703, "transferred": 1, "dist": 0.0021328963382555004, "_child0": {"label": 39, "event": "D", "reconc": [21, 22], "tstamp": 0.12803562634812815, "transferred": 0, "dist": 0.0959795600098358, "_child0": {"label": 43, "event": "H", "reconc": [21, 22], "tstamp": 0.11411490200806096, "transferred": 0, "dist": 0.06970240082008593, "_child0": {"label": 45, "event": "S", "reconc": 14, "tstamp": 0.0, "transferred": 1, "dist": 0.12211996955543108}, "_child1": {"label": 44, "event": "S", "reconc": 22, "tstamp": 0.0, "transferred": 0, "dist": 0.5713842502014734}}, "_child1": {"label": 42, "event": "S", "reconc": 22, "tstamp": 0.0, "transferred": 0, "dist": 0.09087163791509607}}, "_child1": {"label": 37, "event": "S", "reconc": 25, "tstamp": 0.0, "transferred": 0, "dist": 0.7147678283911266}, "_child2": {"label": 38, "event": "S", "reconc": 24, "tstamp": 0.0, "transferred": 0, "dist": 0.5310002341300928}}, "_child1": {"label": 32, "event": "S", "reconc": 18, "tstamp": 0.0, "transferred": 0, "dist": 0.14180432244127036}}, "_child1": {"label": 26, "event": "D", "reconc": [8, 12], "tstamp": 0.042689113962281124, "transferred": 0, "dist": 0.09631635317161184, "_child0": {"label": 50, "event": "S", "reconc": 12, "tstamp": 0.0, "transferred": 0, "dist": 0.024227980367111414}, "_child1": {"label": 51, "event": "S", "reconc": 12, "tstamp": 0.0, "transferred": 0, "dist": 0.024227980367111414}}}}, "_child2": {"label": 7, "event": "S", "reconc": 6, "tstamp": 0.18755637846668438, "transferred": 0, "dist": 0.45055160212992895, "_child0": {"label": 30, "event": "S", "reconc": 21, "tstamp": 0.15763142076357703, "transferred": 0, "dist": 0.019238143092114975, "_child0": {"label": 35, "event": "H", "reconc": [21, 24], "tstamp": 0.13062173207210687, "transferred": 0, "dist": 0.017963664311933924, "_child0": {"label": 40, "event": "D", "reconc": [21, 24], "tstamp": 0.024021093348244427, "transferred": 0, "dist": 0.07089819180618542, "_child0": {"label": 52, "event": "S", "reconc": 24, "tstamp": 0.0, "transferred": 0, "dist": 0.015976002620487977}, "_child1": {"label": 53, "event": "S", "reconc": 24, "tstamp": 0.0, "transferred": 0, "dist": 0.04096043565096774}}, "_child1": {"label": 41, "event": "S", "reconc": 25, "tstamp": 0.0, "transferred": 1, "dist": 0.07818774639388976}}, "_child1": {"label": 34, "event": "S", "reconc": 25, "tstamp": 0.0, "transferred": 0, "dist": 0.0883957336875096}, "_child2": {"label": 36, "event": "S", "reconc": 22, "tstamp": 0.0, "transferred": 0, "dist": 0.10254318295695043}}, "_child1": {"label": 31, "event": "H", "reconc": [6, 20], "tstamp": 0.07151896527253737, "transferred": 0, "dist": 0.07380500398873248, "_child0": {"label": 48, "event": "S", "reconc": 20, "tstamp": 0.0, "transferred": 0, "dist": 0.04548927257089086}, "_child1": {"label": 49, "event": "S", "reconc": 2, "tstamp": 0.0, "transferred": 1, "dist": 0.23428869417408085}}}}, "_child1": {"label": 4, "event": "D", "reconc": [1, 2], "tstamp": 0.7116291094237265, "transferred": 0, "dist": 0.28998951269920753, "_child0": {"label": 12, "event": "S", "reconc": 2, "tstamp": 0.0, "transferred": 0, "dist": 0.7632947881807801}, "_child1": {"label": 11, "event": "S", "reconc": 2, "tstamp": 0.0, "transferred": 0, "dist": 0.76329478818078}}}