{"label": 0, "event": null, "tstamp": 1.0, "dist": 0.0, "_child0": {"label": 1, "event": "S", "tstamp": 0.9096100036285597, "dist": 0.0903899963714403, "_child0": {"label": 2, "event": "S", "tstamp": 0.7351597336244674, "dist": 0.1744502700040923, "_child0": {"label": 5, "event": "S", "tstamp": 0.5311976867382792, "dist": 0.20396204688618824, "_child0": {"label": 7, "event": "S", "tstamp": 0.5035594772841887, "dist": 0.027638209454090457, "_child0": {"label": 8, "event": "S", "tstamp": 0.0, "dist": 0.5035594772841887}, "_child1": {"label": 9, "event": "S", "tstamp": 0.0, "dist": 0.5035594772841887}}, "_child1": {"label": 6, "event": "S", "tstamp": 0.46229363171521654, "dist": 0.06890405502306263, "_child0": {"label": 11, "event": "S", "tstamp": 0.4173936198526269, "dist": 0.04490001186258963, "_child0": {"label": 14, "event": "S", "tstamp": 0.0, "dist": 0.4173936198526269}, "_child1": {"label": 15, "event": "S", "tstamp": 0.39256607278380634, "dist": 0.024827547068820566, "_child0": {"label": 16, "event": "S", "tstamp": 0.3813056359306664, "dist": 0.011260436853139932, "_child0": {"label": 18, "event": "S", "tstamp": 0.0, "dist": 0.3813056359306664}, "_child1": {"label": 19, "event": "S", "tstamp": 0.0, "dist": 0.3813056359306664}}, "_child1": {"label": 21, "event": "S", "tstamp": 0.0, "dist": 0.39256607278380634}, "_child2": {"label": 20, "event": "S", "tstamp": 0.0, "dist": 0.39256607278380634}}, "_child2": {"label": 13, "event": "S", "tstamp": 0.0, "dist": 0.4173936198526269}}, "_child1": {"label": 10, "event": "S", "tstamp": 0.33284052397454406, "dist": 0.12945310774067248, "_child0": {"label": 23, "event": "S", "tstamp": 0.32739534196818526, "dist": 0.005445182006358795, "_child0": {"label": 24, "event": "S", "tstamp": 0.032998600258660894, "dist": 0.29439674170952435, "_child0": {"label": 28, "event": "S", "tstamp": 0.0, "dist": 0.032998600258660894}, "_child1": {"label": 29, "event": "S", "tstamp": 0.0, "dist": 0.032998600258660894}}, "_child1": {"label": 25, "event": "S", "tstamp": 0.0, "dist": 0.32739534196818526}}, "_child1": {"label": 22, "event": "S", "tstamp": 0.0, "dist": 0.33284052397454406}}}}, "_child1": {"label": 4, "event": "S", "tstamp": 0.09968556443196556, "dist": 0.6354741691925019, "_child0": {"label": 26, "event": "S", "tstamp": 0.0, "dist": 0.09968556443196556}, "_child1": {"label": 27, "event": "S", "tstamp": 0.0, "dist": 0.09968556443196556}}}, "_child1": {"label": 3, "event": "S", "tstamp": 0.0, "dist": 0.9096100036285597}}}