{"label": 1, "event": "S", "reconc": 1, "tstamp": 0.7910580016349463, "transferred": 0, "dist": 0.0, "_child0": {"label": 4, "event": "H", "reconc": [1, 3], "tstamp": 0.6120717956697697, "transferred": 0, "dist": 0.2063940911003155, "_child0": {"label": 5, "event": "S", "reconc": 3, "tstamp": 0.1589656144160768, "transferred": 0, "dist": 0.5224896407379325, "_child0": {"label": 13, "event": "S", "reconc": 7, "tstamp": 0.03572417228270344, "transferred": 0, "dist": 0.11311850768880677, "_child0": {"label": 15, "event": "D", "reconc": [7, 8], "tstamp": 0.005299031641223511, "transferred": 0, "dist": 0.02333763688827907, "_child0": {"label": 19, "event": "S", "reconc": 8, "tstamp": 0.0, "transferred": 0, "dist": 0.004064627925951978}, "_child1": {"label": 20, "event": "S", "reconc": 8, "tstamp": 0.0, "transferred": 0, "dist": 0.004064627925951978}}, "_child1": {"label": 16, "event": "S", "reconc": 9, "tstamp": 0.0, "transferred": 0, "dist": 0.02739147688133064}}, "_child1": {"label": 14, "event": "S", "reconc": 6, "tstamp": 0.0, "transferred": 0, "dist": 0.18812567071045622}}, "_child1": {"label": 6, "event": "H", "reconc": [1, 4], "tstamp": 0.03320086087794869, "transferred": 1, "dist": 0.566261583555539, "_child0": {"label": 17, "event": "S", "reconc": 4, "tstamp": 0.0, "transferred": 0, "dist": 0.03247765767150762}, "_child1": {"label": 18, "event": "S", "reconc": 8, "tstamp": 0.0, "transferred": 1, "dist": 0.11039451747551773}}}, "_child1": {"label": 2, "event": "D", "reconc": [1, 5], "tstamp": 0.5478204670131643, "transferred": 0, "dist": 0.3717306866603563, "_child0": {"label": 7, "event": "H", "reconc": [1, 5], "tstamp": 0.5348537122467188, "transferred": 0, "dist": 0.019816598867367342, "_child0": {"label": 9, "event": "S", "reconc": 5, "tstamp": 0.0, "transferred": 0, "dist": 0.8173966161327344}, "_child1": {"label": 10, "event": "S", "reconc": 4, "tstamp": 0.0, "transferred": 1, "dist": 1.350878177211767}}, "_child1": {"label": 8, "event": "D", "reconc": [1, 5], "tstamp": 0.3614058897774435, "transferred": 0, "dist": 0.28489031886910543, "_child0": {"label": 11, "event": "S", "reconc": 5, "tstamp": 0.0, "transferred": 0, "dist": 0.6907716417683776}, "_child1": {"label": 12, "event": "S", "reconc": 5, "tstamp": 0.0, "transferred": 0, "dist": 0.9344844254263523}}}}