{"label": 1, "event": "S", "reconc": 1, "tstamp": 0.9106665507285985, "transferred": 0, "dist": 0.0, "_child0": {"label": 4, "event": "S", "reconc": 4, "tstamp": 0.744584409350497, "transferred": 0, "dist": 0.18812118543103296, "_child0": {"label": 6, "event": "H", "reconc": [4, 7], "tstamp": 0.561111388354136, "transferred": 0, "dist": 0.3016800667540842, "_child0": {"label": 9, "event": "S", "reconc": 7, "tstamp": 0.4846318273864224, "transferred": 0, "dist": 0.12575341558539282, "_child0": {"label": 12, "event": "D", "reconc": [7, 18], "tstamp": 0.4355761990741782, "transferred": 0, "dist": 0.10341590116039756, "_child0": {"label": 16, "event": "D", "reconc": [7, 18], "tstamp": 0.3823985625821139, "transferred": 0, "dist": 0.11479399334967837, "_child0": {"label": 17, "event": "D", "reconc": [7, 18], "tstamp": 0.36435670174515455, "transferred": 0, "dist": 0.03804915085382794, "_child0": {"label": 20, "event": "D", "reconc": [7, 18], "tstamp": 0.3441870081861147, "transferred": 0, "dist": 0.18673946575486597, "_child0": {"label": 22, "event": "H", "reconc": [7, 18], "tstamp": 0.21473503182727485, "transferred": 0, "dist": 0.333908018937282, "_child0": {"label": 38, "event": "S", "reconc": 20, "tstamp": 0.21126799632200263, "transferred": 1, "dist": 0.012761017819177463, "_child0": {"label": 44, "event": "D", "reconc": [20, 22], "tstamp": 0.04610624068108547, "transferred": 0, "dist": 4.699720685051221, "_child0": {"label": 51, "event": "S", "reconc": 22, "tstamp": 0.0, "transferred": 0, "dist": 0.48728658915379386}, "_child1": {"label": 52, "event": "S", "reconc": 22, "tstamp": 0.0, "transferred": 0, "dist": 0.0858915737223862}}, "_child1": {"label": 43, "event": "S", "reconc": 23, "tstamp": 0.03455059276779191, "transferred": 0, "dist": 0.3088893790957429, "_child0": {"label": 55, "event": "S", "reconc": 24, "tstamp": 0.0, "transferred": 0, "dist": 0.049401261800886505}, "_child1": {"label": 56, "event": "S", "reconc": 25, "tstamp": 0.0, "transferred": 0, "dist": 0.124624900413236}}}, "_child1": {"label": 37, "event": "S", "reconc": 18, "tstamp": 0.0, "transferred": 0, "dist": 0.5538868628403392}}, "_child1": {"label": 21, "event": "D", "reconc": [7, 18], "tstamp": 0.11348576878624377, "transferred": 0, "dist": 1.1056367647408618, "_child0": {"label": 49, "event": "S", "reconc": 18, "tstamp": 0.0, "transferred": 0, "dist": 0.25139901933627035}, "_child1": {"label": 50, "event": "S", "reconc": 18, "tstamp": 0.0, "transferred": 0, "dist": 1.1672155473908776}}}, "_child1": {"label": 19, "event": "S", "reconc": 18, "tstamp": 0.0, "transferred": 0, "dist": 0.7944069571385242}}, "_child1": {"label": 18, "event": "S", "reconc": 18, "tstamp": 0.0, "transferred": 0, "dist": 2.4079092726319837}}, "_child1": {"label": 15, "event": "H", "reconc": [7, 18], "tstamp": 0.20081389998218438, "transferred": 0, "dist": 0.49491068720091275, "_child0": {"label": 45, "event": "S", "reconc": 18, "tstamp": 0.0, "transferred": 0, "dist": 0.4233428690384963}, "_child1": {"label": 46, "event": "S", "reconc": 13, "tstamp": 0.0, "transferred": 1, "dist": 0.17359910304836887}}}, "_child1": {"label": 13, "event": "S", "reconc": 19, "tstamp": 0.2520936187991449, "transferred": 0, "dist": 0.4209986588931004, "_child0": {"label": 40, "event": "S", "reconc": 22, "tstamp": 0.0, "transferred": 0, "dist": 0.3530091370989225}, "_child1": {"label": 34, "event": "S", "reconc": 21, "tstamp": 0.0, "transferred": 0, "dist": 0.34078700385150607}}, "_child2": {"label": 11, "event": "S", "reconc": 11, "tstamp": 0.0, "transferred": 0, "dist": 1.3478488862061124}}, "_child1": {"label": 10, "event": "S", "reconc": 3, "tstamp": 0.3149465185750457, "transferred": 1, "dist": 1.352270417519283, "_child0": {"label": 25, "event": "S", "reconc": 15, "tstamp": 0.301804736391296, "transferred": 0, "dist": 0.012304619755634594, "_child0": {"label": 47, "event": "S", "reconc": 16, "tstamp": 0.0, "transferred": 0, "dist": 0.7805532908240393}, "_child1": {"label": 30, "event": "S", "reconc": 17, "tstamp": 0.0, "transferred": 0, "dist": 2.774225336132226}}, "_child1": {"label": 26, "event": "S", "reconc": 14, "tstamp": 0.0, "transferred": 0, "dist": 0.27109776695262905}}}, "_child1": {"label": 32, "event": "S", "reconc": 19, "tstamp": 0.2520936187991449, "transferred": 1, "dist": 0.4821629090286531, "_child0": {"label": 35, "event": "S", "reconc": 20, "tstamp": 0.21126799632200263, "transferred": 0, "dist": 0.16687917992056453, "_child0": {"label": 41, "event": "S", "reconc": 23, "tstamp": 0.03455059276779191, "transferred": 0, "dist": 0.2689474199633994, "_child0": {"label": 53, "event": "S", "reconc": 24, "tstamp": 0.0, "transferred": 0, "dist": 0.04049768661028277}, "_child1": {"label": 54, "event": "S", "reconc": 25, "tstamp": 0.0, "transferred": 0, "dist": 0.10474031220153668}}, "_child1": {"label": 42, "event": "S", "reconc": 22, "tstamp": 0.0, "transferred": 0, "dist": 0.7190239980909233}}, "_child1": {"label": 36, "event": "S", "reconc": 21, "tstamp": 0.0, "transferred": 0, "dist": 0.45446288592023276}}, "_child2": {"label": 8, "event": "S", "reconc": 12, "tstamp": 0.0, "transferred": 0, "dist": 0.785334821111078}}, "_child1": {"label": 3, "event": "S", "reconc": 3, "tstamp": 0.3149465185750457, "transferred": 0, "dist": 0.618709517587634, "_child0": {"label": 23, "event": "S", "reconc": 15, "tstamp": 0.301804736391296, "transferred": 0, "dist": 0.012286794867798276, "_child0": {"label": 27, "event": "S", "reconc": 16, "tstamp": 0.0, "transferred": 0, "dist": 0.25222359921764104}, "_child1": {"label": 28, "event": "S", "reconc": 17, "tstamp": 0.0, "transferred": 0, "dist": 0.33063796212671875}}, "_child1": {"label": 24, "event": "S", "reconc": 14, "tstamp": 0.0, "transferred": 0, "dist": 0.25723284394917145}}}