{"label": 1, "event": "S", "reconc": 1, "tstamp": 0.8486369405553228, "transferred": 0, "dist": 0.0, "_child0": {"label": 2, "event": "S", "reconc": 3, "tstamp": 0.6714778891049876, "transferred": 0, "dist": 0.1804714109040732, "_child0": {"label": 4, "event": "S", "reconc": 5, "tstamp": 0.6070114709584606, "transferred": 0, "dist": 0.06602779720130136, "_child0": {"label": 7, "event": "H", "reconc": [5, 12], "tstamp": 0.401260637529367, "transferred": 0, "dist": 0.2018725578433592, "_child0": {"label": 11, "event": "S", "reconc": 9, "tstamp": 0.24329603352859305, "transferred": 1, "dist": 0.3550845447198166, "_child0": {"label": 14, "event": "S", "reconc": 10, "tstamp": 0.0, "transferred": 0, "dist": 0.5373250386499937}, "_child1": {"label": 15, "event": "S", "reconc": 11, "tstamp": 0.0, "transferred": 0, "dist": 0.21478952125800627}}, "_child1": {"label": 10, "event": "H", "reconc": [5, 12], "tstamp": 0.2068487829562518, "transferred": 0, "dist": 0.1907473117054038, "_child0": {"label": 16, "event": "S", "reconc": 12, "tstamp": 0.0, "transferred": 0, "dist": 0.2029498117029734}, "_child1": {"label": 17, "event": "S", "reconc": 10, "tstamp": 0.0, "transferred": 1, "dist": 0.394644320529911}}}, "_child1": {"label": 9, "event": "H", "reconc": [5, 6], "tstamp": 0.04272969841826724, "transferred": 0, "dist": 0.5146384849213314, "_child0": {"label": 22, "event": "H", "reconc": [5, 6], "tstamp": 0.0012177835871917085, "transferred": 0, "dist": 0.03785986008138574, "_child0": {"label": 29, "event": "S", "reconc": 15, "tstamp": 0.0, "transferred": 1, "dist": 0.0012542789710188154}, "_child1": {"label": 28, "event": "S", "reconc": 6, "tstamp": 0.0, "transferred": 0, "dist": 0.0011106477840904638}}, "_child1": {"label": 23, "event": "S", "reconc": 10, "tstamp": 0.0, "transferred": 1, "dist": 0.049298109545399926}}, "_child2": {"label": 8, "event": "S", "reconc": 13, "tstamp": 0.016935743667677656, "transferred": 0, "dist": 0.5886770132960069, "_child0": {"label": 24, "event": "D", "reconc": [13, 14], "tstamp": 0.015386177327865066, "transferred": 0, "dist": 0.0014566507564147352, "_child0": {"label": 26, "event": "S", "reconc": 14, "tstamp": 0.0, "transferred": 0, "dist": 0.025327974979610864}, "_child1": {"label": 27, "event": "S", "reconc": 14, "tstamp": 0.0, "transferred": 0, "dist": 0.08478194169804625}}, "_child1": {"label": 25, "event": "S", "reconc": 15, "tstamp": 0.0, "transferred": 0, "dist": 0.016988568697575077}}}, "_child1": {"label": 6, "event": "S", "reconc": 9, "tstamp": 0.24329603352859305, "transferred": 0, "dist": 0.4183872049706749, "_child0": {"label": 12, "event": "H", "reconc": [9, 10], "tstamp": 0.17943433173839962, "transferred": 0, "dist": 0.051456984363621734, "_child0": {"label": 20, "event": "S", "reconc": 10, "tstamp": 0.0, "transferred": 0, "dist": 0.14458038767732279}, "_child1": {"label": 19, "event": "S", "reconc": 2, "tstamp": 0.0, "transferred": 1, "dist": 0.22537001892408773}}, "_child1": {"label": 13, "event": "S", "reconc": 11, "tstamp": 0.0, "transferred": 0, "dist": 0.1900470040681145}}, "_child2": {"label": 5, "event": "S", "reconc": 8, "tstamp": 0.0, "transferred": 0, "dist": 0.72289367250313}}, "_child1": {"label": 3, "event": "S", "reconc": 2, "tstamp": 0.0, "transferred": 0, "dist": 0.6642994469078835}}