{"label": 0, "event": null, "tstamp": 1.0, "dist": 0.0, "_child0": {"label": 1, "event": "S", "tstamp": 0.9865049603535908, "dist": 0.01349503964640919, "_child0": {"label": 4, "event": "S", "tstamp": 0.0, "dist": 0.9865049603535908}, "_child1": {"label": 7, "event": "S", "tstamp": 0.0, "dist": 0.9865049603535908}, "_child2": {"label": 6, "event": "S", "tstamp": 0.6312046728238115, "dist": 0.35530028752977927, "_child0": {"label": 10, "event": "S", "tstamp": 0.3820875893194141, "dist": 0.24911708350439743, "_child0": {"label": 14, "event": "S", "tstamp": 0.0, "dist": 0.3820875893194141}, "_child1": {"label": 15, "event": "S", "tstamp": 0.0, "dist": 0.3820875893194141}}, "_child1": {"label": 11, "event": "S", "tstamp": 0.4627986115717665, "dist": 0.16840606125204505, "_child0": {"label": 13, "event": "S", "tstamp": 0.35994955490231195, "dist": 0.10284905666945454, "_child0": {"label": 17, "event": "S", "tstamp": 0.27925259727313484, "dist": 0.08069695762917711, "_child0": {"label": 18, "event": "S", "tstamp": 0.0, "dist": 0.27925259727313484}, "_child1": {"label": 19, "event": "S", "tstamp": 0.0, "dist": 0.27925259727313484}}, "_child1": {"label": 16, "event": "S", "tstamp": 0.22459965015517022, "dist": 0.13534990474714173, "_child0": {"label": 21, "event": "S", "tstamp": 0.19004684392434357, "dist": 0.034552806230826655, "_child0": {"label": 22, "event": "S", "tstamp": 0.0, "dist": 0.19004684392434357}, "_child1": {"label": 23, "event": "S", "tstamp": 0.0, "dist": 0.19004684392434357}}, "_child1": {"label": 20, "event": "S", "tstamp": 0.0, "dist": 0.22459965015517022}}}, "_child1": {"label": 12, "event": "S", "tstamp": 0.0, "dist": 0.4627986115717665}}, "_child2": {"label": 8, "event": "S", "tstamp": 0.0, "dist": 0.6312046728238115}}, "_child3": {"label": 2, "event": "S", "tstamp": 0.1750032026509382, "dist": 0.8115017577026526, "_child0": {"label": 24, "event": "S", "tstamp": 0.0, "dist": 0.1750032026509382}, "_child1": {"label": 25, "event": "S", "tstamp": 0.0, "dist": 0.1750032026509382}}}}