{"label": 1, "event": "S", "reconc": 1, "tstamp": 0.9229782813310566, "transferred": 0, "dist": 0.0, "_child0": {"label": 18, "event": "D", "reconc": [1, 9], "tstamp": 0.46534665139421305, "transferred": 0, "dist": 0.6869472872247021, "_child0": {"label": 22, "event": "D", "reconc": [1, 9], "tstamp": 0.40184993234381056, "transferred": 0, "dist": 0.15428743288526464, "_child0": {"label": 23, "event": "S", "reconc": 9, "tstamp": 0.0, "transferred": 0, "dist": 1.3041524489485774}, "_child1": {"label": 24, "event": "S", "reconc": 9, "tstamp": 0.0, "transferred": 0, "dist": 0.5011649104332294}}, "_child1": {"label": 21, "event": "S", "reconc": 9, "tstamp": 0.0, "transferred": 0, "dist": 2.82784842095469}}, "_child1": {"label": 2, "event": "S", "reconc": 3, "tstamp": 0.8172871670090183, "transferred": 0, "dist": 0.11214045875981106, "_child0": {"label": 7, "event": "S", "reconc": 5, "tstamp": 0.7559194005799993, "transferred": 0, "dist": 0.06899625171117856, "_child0": {"label": 13, "event": "S", "reconc": 6, "tstamp": 0.21682082001569894, "transferred": 0, "dist": 0.5093338313417161, "_child0": {"label": 25, "event": "S", "reconc": 11, "tstamp": 0.1474433715298615, "transferred": 0, "dist": 0.047053052009186185, "_child0": {"label": 27, "event": "D", "reconc": [11, 12], "tstamp": 0.06295274431442825, "transferred": 0, "dist": 0.05533314443709371, "_child0": {"label": 33, "event": "S", "reconc": 12, "tstamp": 0.009929339167543117, "transferred": 0, "dist": 0.03512449437832582, "_child0": {"label": 37, "event": "S", "reconc": 14, "tstamp": 0.0, "transferred": 0, "dist": 0.010116723543768217}, "_child1": {"label": 38, "event": "S", "reconc": 15, "tstamp": 0.0, "transferred": 0, "dist": 0.017838890303531113}}, "_child1": {"label": 34, "event": "S", "reconc": 12, "tstamp": 0.009929339167543117, "transferred": 0, "dist": 0.07563113367514693, "_child0": {"label": 39, "event": "S", "reconc": 14, "tstamp": 0.0, "transferred": 0, "dist": 0.006666280081022124}, "_child1": {"label": 40, "event": "S", "reconc": 15, "tstamp": 0.0, "transferred": 0, "dist": 0.01875452993688025}}}, "_child1": {"label": 28, "event": "S", "reconc": 13, "tstamp": 0.0, "transferred": 0, "dist": 0.09796458035923795}}, "_child1": {"label": 26, "event": "S", "reconc": 10, "tstamp": 0.0, "transferred": 0, "dist": 0.16836835148268772}}, "_child1": {"label": 14, "event": "D", "reconc": [5, 7], "tstamp": 0.12557088310888254, "transferred": 0, "dist": 0.9515339849544301, "_child0": {"label": 29, "event": "H", "reconc": [5, 7], "tstamp": 0.07780586609377442, "transferred": 0, "dist": 0.17809318063267995, "_child0": {"label": 32, "event": "S", "reconc": 12, "tstamp": 0.009929339167543117, "transferred": 1, "dist": 0.11577091749398231, "_child0": {"label": 35, "event": "S", "reconc": 14, "tstamp": 0.0, "transferred": 0, "dist": 0.007040937992642516}, "_child1": {"label": 36, "event": "S", "reconc": 15, "tstamp": 0.0, "transferred": 0, "dist": 0.006541116252928692}}, "_child1": {"label": 31, "event": "S", "reconc": 7, "tstamp": 0.0, "transferred": 0, "dist": 0.2901013132715474}}, "_child1": {"label": 30, "event": "S", "reconc": 7, "tstamp": 0.0, "transferred": 0, "dist": 0.27026782134634364}}}, "_child1": {"label": 8, "event": "D", "reconc": [3, 4], "tstamp": 0.6232925413628092, "transferred": 0, "dist": 0.2308380553403286, "_child0": {"label": 15, "event": "S", "reconc": 4, "tstamp": 0.0, "transferred": 0, "dist": 0.7416681656878356}, "_child1": {"label": 16, "event": "S", "reconc": 4, "tstamp": 0.0, "transferred": 0, "dist": 0.7416681656878356}}}}