{"label": 0, "event": null, "tstamp": 1.0, "dist": 0.0, "_child0": {"label": 1, "event": "S", "tstamp": 0.5930057439067125, "dist": 0.40699425609328754, "_child0": {"label": 3, "event": "S", "tstamp": 0.35008322913597134, "dist": 0.24292251477074112, "_child0": {"label": 5, "event": "S", "tstamp": 0.32167979429153826, "dist": 0.028403434844433084, "_child0": {"label": 6, "event": "S", "tstamp": 0.0, "dist": 0.32167979429153826}, "_child1": {"label": 7, "event": "S", "tstamp": 0.0, "dist": 0.32167979429153826}}, "_child1": {"label": 4, "event": "S", "tstamp": 0.0, "dist": 0.35008322913597134}}, "_child1": {"label": 2, "event": "S", "tstamp": 0.2894865792791631, "dist": 0.30351916462754935, "_child0": {"label": 9, "event": "S", "tstamp": 0.18361358432932776, "dist": 0.10587299494983535, "_child0": {"label": 11, "event": "S", "tstamp": 0.17066659429638964, "dist": 0.012946990032938116, "_child0": {"label": 15, "event": "S", "tstamp": 0.0, "dist": 0.17066659429638964}, "_child1": {"label": 14, "event": "S", "tstamp": 0.0, "dist": 0.17066659429638964}, "_child2": {"label": 12, "event": "S", "tstamp": 0.0, "dist": 0.17066659429638964}}, "_child1": {"label": 10, "event": "S", "tstamp": 0.0, "dist": 0.18361358432932776}}, "_child1": {"label": 8, "event": "S", "tstamp": 0.0, "dist": 0.2894865792791631}}}}