{"label": 1, "event": "S", "reconc": 1, "tstamp": 0.7247983256968704, "transferred": 0, "dist": 0.0, "_child0": {"label": 3, "event": "S", "reconc": 5, "tstamp": 0.5971394801706745, "transferred": 0, "dist": 0.12666244045512817, "_child0": {"label": 6, "event": "H", "reconc": [5, 6], "tstamp": 0.5306100883496317, "transferred": 0, "dist": 0.05728670595508071, "_child0": {"label": 24, "event": "S", "reconc": 12, "tstamp": 0.2699251887170426, "transferred": 1, "dist": 0.4278836137284701, "_child0": {"label": 33, "event": "S", "reconc": 17, "tstamp": 0.20322415165694208, "transferred": 0, "dist": 0.16523821223708934, "_child0": {"label": 41, "event": "S", "reconc": 18, "tstamp": 0.0, "transferred": 0, "dist": 0.18554741267865218}, "_child1": {"label": 42, "event": "S", "reconc": 19, "tstamp": 0.0, "transferred": 0, "dist": 0.2263998745631261}}, "_child1": {"label": 34, "event": "H", "reconc": [12, 16], "tstamp": 0.004106561360148163, "transferred": 0, "dist": 0.3065949616100679, "_child0": {"label": 72, "event": "S", "reconc": 19, "tstamp": 0.0, "transferred": 1, "dist": 0.018563313384489778}, "_child1": {"label": 71, "event": "S", "reconc": 16, "tstamp": 0.0, "transferred": 0, "dist": 0.0047365041159195456}}}, "_child1": {"label": 23, "event": "S", "reconc": 6, "tstamp": 0.0, "transferred": 0, "dist": 0.4568943631688276}}, "_child1": {"label": 27, "event": "S", "reconc": 7, "tstamp": 0.023459015248475566, "transferred": 0, "dist": 0.6005410493956376, "_child0": {"label": 67, "event": "S", "reconc": 28, "tstamp": 0.0, "transferred": 0, "dist": 0.026256567172341427}, "_child1": {"label": 68, "event": "S", "reconc": 29, "tstamp": 0.0, "transferred": 0, "dist": 0.026864064646432623}}}, "_child1": {"label": 2, "event": "S", "reconc": 4, "tstamp": 0.5619150248670142, "transferred": 0, "dist": 0.1661606858635317, "_child0": {"label": 7, "event": "H", "reconc": [4, 9], "tstamp": 0.557701150236067, "transferred": 0, "dist": 0.004038573837655677, "_child0": {"label": 9, "event": "S", "reconc": 9, "tstamp": 0.5373571306404871, "transferred": 0, "dist": 0.019497690958356, "_child0": {"label": 12, "event": "H", "reconc": [9, 11], "tstamp": 0.526053374363442, "transferred": 0, "dist": 0.008186585878478161, "_child0": {"label": 26, "event": "H", "reconc": [5, 7], "tstamp": 0.42730474761459797, "transferred": 1, "dist": 0.10969279328707772, "_child0": {"label": 29, "event": "S", "reconc": 7, "tstamp": 0.023459015248475566, "transferred": 0, "dist": 0.44860336694073716, "_child0": {"label": 69, "event": "S", "reconc": 28, "tstamp": 0.0, "transferred": 0, "dist": 0.03741582787059203}, "_child1": {"label": 70, "event": "S", "reconc": 29, "tstamp": 0.0, "transferred": 0, "dist": 0.027137615979150966}}, "_child1": {"label": 30, "event": "S", "reconc": 6, "tstamp": 0.0, "transferred": 1, "dist": 0.7478840851087271}}, "_child1": {"label": 25, "event": "S", "reconc": 11, "tstamp": 0.0, "transferred": 0, "dist": 0.3809867286890351}}, "_child1": {"label": 11, "event": "S", "reconc": 10, "tstamp": 0.0, "transferred": 0, "dist": 0.490562667297014}}, "_child1": {"label": 16, "event": "H", "reconc": [8, 12], "tstamp": 0.5317882791804664, "transferred": 1, "dist": 0.026460369155088603, "_child0": {"label": 32, "event": "S", "reconc": 12, "tstamp": 0.2699251887170426, "transferred": 0, "dist": 0.4493491345617282, "_child0": {"label": 35, "event": "H", "reconc": [12, 17], "tstamp": 0.25913688279140645, "transferred": 0, "dist": 0.055994117236452194, "_child0": {"label": 37, "event": "S", "reconc": 17, "tstamp": 0.20322415165694208, "transferred": 0, "dist": 0.29020163533866655, "_child0": {"label": 43, "event": "S", "reconc": 18, "tstamp": 0.0, "transferred": 0, "dist": 0.5138728249313418}, "_child1": {"label": 44, "event": "S", "reconc": 19, "tstamp": 0.0, "transferred": 0, "dist": 0.21465518302458347}}, "_child1": {"label": 38, "event": "S", "reconc": 14, "tstamp": 0.1699380644327624, "transferred": 1, "dist": 0.21164143142045536, "_child0": {"label": 47, "event": "S", "reconc": 21, "tstamp": 0.15858536373848064, "transferred": 0, "dist": 0.021582783227887793, "_child0": {"label": 51, "event": "S", "reconc": 23, "tstamp": 0.09125453139238143, "transferred": 0, "dist": 0.1352707312169193, "_child0": {"label": 55, "event": "H", "reconc": [23, 24], "tstamp": 0.06906924528456589, "transferred": 0, "dist": 0.018617082454210034, "_child0": {"label": 61, "event": "S", "reconc": 24, "tstamp": 0.0, "transferred": 0, "dist": 0.05796038997485944}, "_child1": {"label": 62, "event": "S", "reconc": 18, "tstamp": 0.0, "transferred": 1, "dist": 0.3469994035591537}}, "_child1": {"label": 56, "event": "S", "reconc": 25, "tstamp": 0.0, "transferred": 0, "dist": 0.2770413677892824}}, "_child1": {"label": 52, "event": "S", "reconc": 22, "tstamp": 0.08049803513670022, "transferred": 0, "dist": 0.08446173522564526, "_child0": {"label": 59, "event": "S", "reconc": 26, "tstamp": 0.0, "transferred": 0, "dist": 0.10332432438216768}, "_child1": {"label": 60, "event": "S", "reconc": 27, "tstamp": 0.0, "transferred": 0, "dist": 0.09250030528770783}}}, "_child1": {"label": 48, "event": "D", "reconc": [14, 20], "tstamp": 0.033298203314080746, "transferred": 0, "dist": 0.22593806270204334, "_child0": {"label": 65, "event": "S", "reconc": 20, "tstamp": 0.0, "transferred": 0, "dist": 0.08635661124403599}, "_child1": {"label": 66, "event": "S", "reconc": 20, "tstamp": 0.0, "transferred": 0, "dist": 0.08979304864503729}}}}, "_child1": {"label": 36, "event": "H", "reconc": [12, 16], "tstamp": 0.2461353854101092, "transferred": 0, "dist": 0.08676906840481857, "_child0": {"label": 39, "event": "S", "reconc": 16, "tstamp": 0.0, "transferred": 0, "dist": 0.8977349588792869}, "_child1": {"label": 40, "event": "S", "reconc": 2, "tstamp": 0.0, "transferred": 1, "dist": 0.305996882466738}}}, "_child1": {"label": 18, "event": "S", "reconc": 6, "tstamp": 0.0, "transferred": 1, "dist": 1.2607947824272385}}}, "_child1": {"label": 19, "event": "S", "reconc": 14, "tstamp": 0.1699380644327624, "transferred": 0, "dist": 0.3907463540252013, "_child0": {"label": 45, "event": "S", "reconc": 21, "tstamp": 0.15858536373848064, "transferred": 0, "dist": 0.011308436516582289, "_child0": {"label": 49, "event": "S", "reconc": 23, "tstamp": 0.09125453139238143, "transferred": 0, "dist": 0.06216542067486958, "_child0": {"label": 53, "event": "S", "reconc": 24, "tstamp": 0.0, "transferred": 0, "dist": 0.07397852001194934}, "_child1": {"label": 54, "event": "S", "reconc": 25, "tstamp": 0.0, "transferred": 0, "dist": 0.07754262461202936}}, "_child1": {"label": 50, "event": "S", "reconc": 22, "tstamp": 0.08049803513670022, "transferred": 0, "dist": 0.08170518874835718, "_child0": {"label": 58, "event": "H", "reconc": [22, 27], "tstamp": 0.03702106273253618, "transferred": 0, "dist": 0.04618038216135438, "_child0": {"label": 64, "event": "S", "reconc": 26, "tstamp": 0.0, "transferred": 1, "dist": 0.04960242886761779}, "_child1": {"label": 63, "event": "S", "reconc": 27, "tstamp": 0.0, "transferred": 0, "dist": 0.03932304230191182}}, "_child1": {"label": 57, "event": "S", "reconc": 26, "tstamp": 0.0, "transferred": 0, "dist": 0.09586926696814455}}}, "_child1": {"label": 46, "event": "S", "reconc": 20, "tstamp": 0.0, "transferred": 0, "dist": 0.16203250471527972}}}}