{"label": 0, "event": null, "tstamp": 1.0, "dist": 0.0, "_child0": {"label": 1, "event": "S", "tstamp": 0.948721268221153, "dist": 0.05127873177884701, "_child0": {"label": 5, "event": "S", "tstamp": 0.0, "dist": 0.948721268221153}, "_child1": {"label": 4, "event": "S", "tstamp": 0.13031955049072036, "dist": 0.8184017177304326, "_child0": {"label": 18, "event": "S", "tstamp": 0.0, "dist": 0.13031955049072036}, "_child1": {"label": 19, "event": "S", "tstamp": 0.0, "dist": 0.13031955049072036}}, "_child2": {"label": 3, "event": "S", "tstamp": 0.815103308762655, "dist": 0.13361795945849797, "_child0": {"label": 8, "event": "S", "tstamp": 0.0, "dist": 0.815103308762655}, "_child1": {"label": 9, "event": "S", "tstamp": 0.24359275312573703, "dist": 0.571510555636918, "_child0": {"label": 15, "event": "S", "tstamp": 0.23896915226419183, "dist": 0.004623600861545202, "_child0": {"label": 17, "event": "S", "tstamp": 0.03812989449572508, "dist": 0.20083925776846676, "_child0": {"label": 24, "event": "S", "tstamp": 0.0, "dist": 0.03812989449572508}, "_child1": {"label": 25, "event": "S", "tstamp": 0.0, "dist": 0.03812989449572508}}, "_child1": {"label": 16, "event": "S", "tstamp": 0.0, "dist": 0.23896915226419183}}, "_child1": {"label": 14, "event": "S", "tstamp": 0.09220979341220126, "dist": 0.15138295971353577, "_child0": {"label": 23, "event": "S", "tstamp": 0.0, "dist": 0.09220979341220126}, "_child1": {"label": 22, "event": "S", "tstamp": 0.0, "dist": 0.09220979341220126}, "_child2": {"label": 20, "event": "S", "tstamp": 0.0, "dist": 0.09220979341220126}}}, "_child2": {"label": 6, "event": "S", "tstamp": 0.32513972659210727, "dist": 0.48996358217054775, "_child0": {"label": 11, "event": "S", "tstamp": 0.3179438044906939, "dist": 0.007195922101413343, "_child0": {"label": 12, "event": "S", "tstamp": 0.0, "dist": 0.3179438044906939}, "_child1": {"label": 13, "event": "S", "tstamp": 0.0, "dist": 0.3179438044906939}}, "_child1": {"label": 10, "event": "S", "tstamp": 0.0, "dist": 0.32513972659210727}}}}}