{"label": 0, "event": null, "tstamp": 1.0, "dist": 0.0, "_child0": {"label": 1, "event": "S", "tstamp": 0.8894015142086313, "dist": 0.11059848579136866, "_child0": {"label": 2, "event": "S", "tstamp": 0.5715041022917842, "dist": 0.3178974119168472, "_child0": {"label": 4, "event": "S", "tstamp": 0.26810470432091027, "dist": 0.3033993979708739, "_child0": {"label": 10, "event": "S", "tstamp": 0.2536042249801581, "dist": 0.01450047934075216, "_child0": {"label": 12, "event": "S", "tstamp": 0.0, "dist": 0.2536042249801581}, "_child1": {"label": 13, "event": "S", "tstamp": 0.0, "dist": 0.2536042249801581}}, "_child1": {"label": 11, "event": "S", "tstamp": 0.06372715798779131, "dist": 0.20437754633311894, "_child0": {"label": 14, "event": "S", "tstamp": 0.0, "dist": 0.06372715798779131}, "_child1": {"label": 15, "event": "S", "tstamp": 0.0, "dist": 0.06372715798779131}}}, "_child1": {"label": 5, "event": "S", "tstamp": 0.0, "dist": 0.5715041022917842}}, "_child1": {"label": 3, "event": "S", "tstamp": 0.3262473098883673, "dist": 0.563154204320264, "_child0": {"label": 9, "event": "S", "tstamp": 0.0, "dist": 0.3262473098883673}, "_child1": {"label": 8, "event": "S", "tstamp": 0.0, "dist": 0.3262473098883673}, "_child2": {"label": 6, "event": "S", "tstamp": 0.0, "dist": 0.3262473098883673}}}}