{"label": 1, "event": "S", "reconc": 1, "tstamp": 0.8426175157605581, "transferred": 0, "dist": 0.0, "_child0": {"label": 2, "event": "S", "reconc": 3, "tstamp": 0.6392202517186107, "transferred": 0, "dist": 0.2659992722158681, "_child0": {"label": 4, "event": "S", "reconc": 5, "tstamp": 0.4963333114505775, "transferred": 0, "dist": 0.20335071262518253, "_child0": {"label": 6, "event": "S", "reconc": 7, "tstamp": 0.47809520032634945, "transferred": 0, "dist": 0.024505322314862795, "_child0": {"label": 9, "event": "H", "reconc": [7, 10], "tstamp": 0.3411124663712541, "transferred": 0, "dist": 0.19377612923403362, "_child0": {"label": 21, "event": "S", "reconc": 11, "tstamp": 0.0, "transferred": 1, "dist": 0.5090188847667553}, "_child1": {"label": 15, "event": "S", "reconc": 10, "tstamp": 0.0, "transferred": 0, "dist": 0.4825385759096055}}, "_child1": {"label": 10, "event": "S", "reconc": 8, "tstamp": 0.09631822868852033, "transferred": 0, "dist": 0.6194010674253975, "_child0": {"label": 31, "event": "S", "reconc": 13, "tstamp": 0.008907437533616953, "transferred": 0, "dist": 0.17962727521779506, "_child0": {"label": 35, "event": "S", "reconc": 14, "tstamp": 0.0, "transferred": 0, "dist": 0.019567412409299583}, "_child1": {"label": 36, "event": "S", "reconc": 15, "tstamp": 0.0, "transferred": 0, "dist": 0.0194353693535787}}, "_child1": {"label": 32, "event": "S", "reconc": 12, "tstamp": 0.0, "transferred": 0, "dist": 0.18038951571994466}}}, "_child1": {"label": 7, "event": "H", "reconc": [5, 6], "tstamp": 0.116098703971757, "transferred": 0, "dist": 0.5333556777547709, "_child0": {"label": 30, "event": "S", "reconc": 11, "tstamp": 0.0, "transferred": 1, "dist": 0.16831930665150382}, "_child1": {"label": 29, "event": "S", "reconc": 6, "tstamp": 0.0, "transferred": 0, "dist": 0.16285183338225223}}}, "_child1": {"label": 26, "event": "H", "reconc": [1, 2], "tstamp": 0.1543762481269974, "transferred": 1, "dist": 2.017897262388084, "_child0": {"label": 28, "event": "S", "reconc": 6, "tstamp": 0.0, "transferred": 1, "dist": 0.2318817316581746}, "_child1": {"label": 27, "event": "S", "reconc": 2, "tstamp": 0.0, "transferred": 0, "dist": 1.68546951281777}}}, "_child1": {"label": 3, "event": "H", "reconc": [1, 2], "tstamp": 0.3954954138354403, "transferred": 0, "dist": 0.3715460948374473, "_child0": {"label": 12, "event": "H", "reconc": [3, 4], "tstamp": 0.3163944534795894, "transferred": 1, "dist": 0.3919474033994102, "_child0": {"label": 19, "event": "S", "reconc": 4, "tstamp": 0.0, "transferred": 0, "dist": 1.5308628012876786}, "_child1": {"label": 18, "event": "S", "reconc": 6, "tstamp": 0.0, "transferred": 1, "dist": 4.128463064630049}}, "_child1": {"label": 11, "event": "H", "reconc": [1, 2], "tstamp": 0.26821378728434253, "transferred": 0, "dist": 0.1057675097831304, "_child0": {"label": 24, "event": "S", "reconc": 8, "tstamp": 0.09631822868852033, "transferred": 1, "dist": 0.8935018553314036, "_child0": {"label": 33, "event": "S", "reconc": 13, "tstamp": 0.008907437533616953, "transferred": 0, "dist": 0.18663178004099656, "_child0": {"label": 37, "event": "S", "reconc": 14, "tstamp": 0.0, "transferred": 0, "dist": 0.05011927220495771}, "_child1": {"label": 38, "event": "S", "reconc": 15, "tstamp": 0.0, "transferred": 0, "dist": 0.04264343996014735}}, "_child1": {"label": 34, "event": "S", "reconc": 12, "tstamp": 0.0, "transferred": 0, "dist": 0.20066371974694758}}, "_child1": {"label": 23, "event": "S", "reconc": 2, "tstamp": 0.0, "transferred": 0, "dist": 0.22287823576153448}}}}