{"label": 0, "event": null, "tstamp": 1.0, "dist": 0.0, "_child0": {"label": 1, "event": "S", "tstamp": 0.695356156601851, "dist": 0.304643843398149, "_child0": {"label": 3, "event": "S", "tstamp": 0.6239065315758036, "dist": 0.07144962502604746, "_child0": {"label": 5, "event": "S", "tstamp": 0.5968938482614456, "dist": 0.02701268331435791, "_child0": {"label": 7, "event": "S", "tstamp": 0.5949021162997101, "dist": 0.001991731961735521, "_child0": {"label": 11, "event": "S", "tstamp": 0.0, "dist": 0.5949021162997101}, "_child1": {"label": 10, "event": "S", "tstamp": 0.0, "dist": 0.5949021162997101}, "_child2": {"label": 8, "event": "S", "tstamp": 0.0, "dist": 0.5949021162997101}}, "_child1": {"label": 6, "event": "S", "tstamp": 0.20362183661881106, "dist": 0.3932720116426346, "_child0": {"label": 15, "event": "S", "tstamp": 0.13076358222481135, "dist": 0.0728582543939997, "_child0": {"label": 16, "event": "S", "tstamp": 0.023529016065373404, "dist": 0.10723456615943795, "_child0": {"label": 18, "event": "S", "tstamp": 0.0, "dist": 0.023529016065373404}, "_child1": {"label": 19, "event": "S", "tstamp": 0.0, "dist": 0.023529016065373404}}, "_child1": {"label": 17, "event": "S", "tstamp": 0.0, "dist": 0.13076358222481135}}, "_child1": {"label": 14, "event": "S", "tstamp": 0.0, "dist": 0.20362183661881106}}}, "_child1": {"label": 4, "event": "S", "tstamp": 0.0, "dist": 0.6239065315758036}}, "_child1": {"label": 2, "event": "S", "tstamp": 0.26157361109937877, "dist": 0.43378254550247225, "_child0": {"label": 12, "event": "S", "tstamp": 0.0, "dist": 0.26157361109937877}, "_child1": {"label": 13, "event": "S", "tstamp": 0.0, "dist": 0.26157361109937877}}}}