{"label": 1, "event": "S", "reconc": 1, "tstamp": 0.5678571769245363, "transferred": 0, "dist": 0.0, "_child0": {"label": 2, "event": "S", "reconc": 3, "tstamp": 0.4859265258440105, "transferred": 0, "dist": 0.09453390873811819, "_child0": {"label": 4, "event": "S", "reconc": 5, "tstamp": 0.4222352797346447, "transferred": 0, "dist": 0.07758348039937972, "_child0": {"label": 7, "event": "D", "reconc": [5, 7], "tstamp": 0.333373025162933, "transferred": 0, "dist": 0.13281732366844795, "_child0": {"label": 8, "event": "H", "reconc": [5, 7], "tstamp": 0.241789624527192, "transferred": 0, "dist": 0.13688446487792108, "_child0": {"label": 11, "event": "H", "reconc": [1, 2], "tstamp": 0.07971896755398838, "transferred": 1, "dist": 0.2269246487033977, "_child0": {"label": 15, "event": "S", "reconc": 4, "tstamp": 0.037104890679956, "transferred": 1, "dist": 0.08921065652927368, "_child0": {"label": 18, "event": "S", "reconc": 8, "tstamp": 0.0, "transferred": 0, "dist": 0.14408182937721195}, "_child1": {"label": 19, "event": "S", "reconc": 9, "tstamp": 0.0, "transferred": 0, "dist": 0.071529254957818}}, "_child1": {"label": 14, "event": "S", "reconc": 2, "tstamp": 0.0, "transferred": 0, "dist": 0.1116192100719217}}, "_child1": {"label": 10, "event": "S", "reconc": 7, "tstamp": 0.0, "transferred": 0, "dist": 0.36138910694174126}}, "_child1": {"label": 9, "event": "D", "reconc": [5, 7], "tstamp": 0.21023368855976227, "transferred": 0, "dist": 0.2444626324299466, "_child0": {"label": 12, "event": "S", "reconc": 7, "tstamp": 0.0, "transferred": 0, "dist": 0.7740967524312724}, "_child1": {"label": 13, "event": "S", "reconc": 7, "tstamp": 0.0, "transferred": 0, "dist": 0.6308517214946159}}}, "_child1": {"label": 6, "event": "S", "reconc": 6, "tstamp": 0.0, "transferred": 0, "dist": 0.5470735963883447}}, "_child1": {"label": 5, "event": "S", "reconc": 4, "tstamp": 0.037104890679956, "transferred": 0, "dist": 0.49385192991018756, "_child0": {"label": 16, "event": "S", "reconc": 8, "tstamp": 0.0, "transferred": 0, "dist": 0.03718694539520739}, "_child1": {"label": 17, "event": "S", "reconc": 9, "tstamp": 0.0, "transferred": 0, "dist": 0.03793795285933321}}}, "_child1": {"label": 3, "event": "S", "reconc": 2, "tstamp": 0.0, "transferred": 0, "dist": 0.7340062605442913}}