{"label": 1, "event": "S", "reconc": 1, "tstamp": 0.894916149429534, "transferred": 0, "dist": 0.0, "_child0": {"label": 2, "event": "S", "reconc": 3, "tstamp": 0.8310960003429981, "transferred": 0, "dist": 0.07470018169181723, "_child0": {"label": 4, "event": "S", "reconc": 5, "tstamp": 0.6211838315362779, "transferred": 0, "dist": 0.25314412174832707, "_child0": {"label": 9, "event": "H", "reconc": [5, 7], "tstamp": 0.6183911074866647, "transferred": 0, "dist": 0.002730142752081051, "_child0": {"label": 11, "event": "S", "reconc": 4, "tstamp": 0.5185483936112223, "transferred": 1, "dist": 0.7034824185076864, "_child0": {"label": 14, "event": "S", "reconc": 9, "tstamp": 0.5089015322716752, "transferred": 0, "dist": 0.014711102098174344, "_child0": {"label": 18, "event": "S", "reconc": 11, "tstamp": 0.06905977953375571, "transferred": 0, "dist": 1.0298157491862325, "_child0": {"label": 34, "event": "S", "reconc": 18, "tstamp": 0.0, "transferred": 0, "dist": 0.14275303148876162}, "_child1": {"label": 35, "event": "S", "reconc": 19, "tstamp": 0.0, "transferred": 0, "dist": 0.13078429948964893}}, "_child1": {"label": 19, "event": "H", "reconc": [9, 10], "tstamp": 0.01070736815540326, "transferred": 0, "dist": 2.541779028779274, "_child0": {"label": 40, "event": "S", "reconc": 10, "tstamp": 0.0, "transferred": 0, "dist": 0.05462882906125577}, "_child1": {"label": 41, "event": "S", "reconc": 17, "tstamp": 0.0, "transferred": 1, "dist": 0.019411492854582837}}}, "_child1": {"label": 15, "event": "S", "reconc": 8, "tstamp": 0.32319366309882497, "transferred": 0, "dist": 0.31542142091320097, "_child0": {"label": 27, "event": "S", "reconc": 17, "tstamp": 0.0, "transferred": 0, "dist": 0.6520562649291055}, "_child1": {"label": 28, "event": "S", "reconc": 16, "tstamp": 0.0, "transferred": 0, "dist": 0.5203874143902769}, "_child2": {"label": 29, "event": "S", "reconc": 14, "tstamp": 0.0, "transferred": 0, "dist": 4.303343407936391}}}, "_child1": {"label": 10, "event": "H", "reconc": [5, 7], "tstamp": 0.03776979553280767, "transferred": 0, "dist": 0.5676103468776952, "_child0": {"label": 37, "event": "D", "reconc": [5, 6], "tstamp": 0.02243681037321121, "transferred": 1, "dist": 0.03484809222386107, "_child0": {"label": 38, "event": "S", "reconc": 6, "tstamp": 0.0, "transferred": 0, "dist": 0.025828258713455923}, "_child1": {"label": 39, "event": "S", "reconc": 6, "tstamp": 0.0, "transferred": 0, "dist": 0.09525849805468058}}, "_child1": {"label": 36, "event": "S", "reconc": 7, "tstamp": 0.0, "transferred": 0, "dist": 0.036923423757446124}}}, "_child1": {"label": 8, "event": "S", "reconc": 6, "tstamp": 0.0, "transferred": 0, "dist": 0.6719586476333123}}, "_child1": {"label": 5, "event": "S", "reconc": 4, "tstamp": 0.5185483936112223, "transferred": 0, "dist": 0.44008505844130674, "_child0": {"label": 17, "event": "S", "reconc": 10, "tstamp": 0.0, "transferred": 0, "dist": 0.6693354987297467}, "_child1": {"label": 13, "event": "S", "reconc": 8, "tstamp": 0.32319366309882497, "transferred": 0, "dist": 0.3104218792100395, "_child0": {"label": 24, "event": "D", "reconc": [8, 17], "tstamp": 0.19944937034054444, "transferred": 0, "dist": 0.1933809930609824, "_child0": {"label": 30, "event": "S", "reconc": 17, "tstamp": 0.0, "transferred": 0, "dist": 0.3116888580646171}, "_child1": {"label": 31, "event": "S", "reconc": 17, "tstamp": 0.0, "transferred": 0, "dist": 0.32737956259698664}}, "_child1": {"label": 25, "event": "S", "reconc": 16, "tstamp": 0.0, "transferred": 0, "dist": 0.48019961176775283}, "_child2": {"label": 26, "event": "S", "reconc": 14, "tstamp": 0.0, "transferred": 0, "dist": 0.5005372690943969}}}}, "_child1": {"label": 3, "event": "D", "reconc": [1, 2], "tstamp": 0.7231189659270576, "transferred": 0, "dist": 0.18348592752999504, "_child0": {"label": 6, "event": "S", "reconc": 2, "tstamp": 0.42537426256418587, "transferred": 0, "dist": 0.32335253284718907, "_child0": {"label": 21, "event": "D", "reconc": [2, 13], "tstamp": 0.12123181175468338, "transferred": 0, "dist": 0.6199763224804838, "_child0": {"label": 32, "event": "S", "reconc": 13, "tstamp": 0.0, "transferred": 0, "dist": 0.567852606035004}, "_child1": {"label": 33, "event": "S", "reconc": 13, "tstamp": 0.0, "transferred": 0, "dist": 0.8037377557480697}}, "_child1": {"label": 20, "event": "S", "reconc": 12, "tstamp": 0.0, "transferred": 0, "dist": 1.3209546544756814}}, "_child1": {"label": 22, "event": "S", "reconc": 12, "tstamp": 0.0, "transferred": 0, "dist": 0.9316400608282054}}}