{"label": 0, "event": null, "tstamp": 1.0, "dist": 0.0, "_child0": {"label": 1, "event": "S", "tstamp": 0.9502653839142913, "dist": 0.04973461608570873, "_child0": {"label": 5, "event": "S", "tstamp": 0.0, "dist": 0.9502653839142913}, "_child1": {"label": 4, "event": "S", "tstamp": 0.0, "dist": 0.9502653839142913}, "_child2": {"label": 3, "event": "S", "tstamp": 0.571510326318741, "dist": 0.3787550575955503, "_child0": {"label": 9, "event": "S", "tstamp": 0.0, "dist": 0.571510326318741}, "_child1": {"label": 8, "event": "S", "tstamp": 0.46748381964577995, "dist": 0.10402650667296104, "_child0": {"label": 11, "event": "S", "tstamp": 0.3048100291770288, "dist": 0.16267379046875113, "_child0": {"label": 13, "event": "S", "tstamp": 0.05242014933974707, "dist": 0.2523898798372817, "_child0": {"label": 14, "event": "S", "tstamp": 0.0, "dist": 0.05242014933974707}, "_child1": {"label": 15, "event": "S", "tstamp": 0.0, "dist": 0.05242014933974707}}, "_child1": {"label": 12, "event": "S", "tstamp": 0.0, "dist": 0.3048100291770288}}, "_child1": {"label": 10, "event": "S", "tstamp": 0.0, "dist": 0.46748381964577995}}, "_child2": {"label": 6, "event": "S", "tstamp": 0.0, "dist": 0.571510326318741}}}}