{"label": 1, "event": "S", "reconc": 1, "tstamp": 0.9971724426305166, "transferred": 0, "dist": 0.0, "_child0": {"label": 11, "event": "D", "reconc": [2, 5], "tstamp": 0.4011979328538809, "transferred": 0, "dist": 0.667388804434094, "_child0": {"label": 21, "event": "S", "reconc": 4, "tstamp": 0.0, "transferred": 1, "dist": 0.47588748335734393}, "_child1": {"label": 15, "event": "S", "reconc": 5, "tstamp": 0.0, "transferred": 0, "dist": 0.4304342027113251}}, "_child1": {"label": 3, "event": "D", "reconc": [1, 3], "tstamp": 0.6402688894836086, "transferred": 0, "dist": 0.42333411690346434, "_child0": {"label": 6, "event": "H", "reconc": [1, 3], "tstamp": 0.6354795841464509, "transferred": 0, "dist": 0.005680740154055463, "_child0": {"label": 12, "event": "D", "reconc": [2, 4], "tstamp": 0.017210650179032554, "transferred": 1, "dist": 0.9375951246458754, "_child0": {"label": 28, "event": "S", "reconc": 4, "tstamp": 0.0, "transferred": 0, "dist": 0.023586308503498018}, "_child1": {"label": 29, "event": "S", "reconc": 4, "tstamp": 0.0, "transferred": 0, "dist": 0.04220518661024814}}, "_child1": {"label": 8, "event": "S", "reconc": 3, "tstamp": 0.21941058605468675, "transferred": 0, "dist": 0.49351204359006556, "_child0": {"label": 19, "event": "D", "reconc": [3, 6], "tstamp": 0.15629341136542083, "transferred": 0, "dist": 0.09276592430216449, "_child0": {"label": 22, "event": "S", "reconc": 6, "tstamp": 0.0, "transferred": 0, "dist": 0.22971089626604307}, "_child1": {"label": 23, "event": "S", "reconc": 6, "tstamp": 0.0, "transferred": 0, "dist": 0.22971089626604307}}, "_child1": {"label": 27, "event": "S", "reconc": 9, "tstamp": 0.0, "transferred": 0, "dist": 0.30002367118746764}}}, "_child1": {"label": 7, "event": "S", "reconc": 3, "tstamp": 0.21941058605468675, "transferred": 0, "dist": 0.499192783744121, "_child0": {"label": 16, "event": "S", "reconc": 7, "tstamp": 0.12600922578796225, "transferred": 0, "dist": 0.12836889878488597, "_child0": {"label": 24, "event": "S", "reconc": 8, "tstamp": 0.0, "transferred": 0, "dist": 0.16751681504463034}, "_child1": {"label": 25, "event": "S", "reconc": 9, "tstamp": 0.0, "transferred": 0, "dist": 0.1716547724025817}}, "_child1": {"label": 17, "event": "S", "reconc": 6, "tstamp": 0.0, "transferred": 0, "dist": 0.3224768205682076}}}}