{"label": 0, "event": null, "tstamp": 1.0, "dist": 0.0, "_child0": {"label": 1, "event": "S", "tstamp": 0.7777773105276412, "dist": 0.2222226894723588, "_child0": {"label": 2, "event": "S", "tstamp": 0.751114712399846, "dist": 0.026662598127795256, "_child0": {"label": 5, "event": "S", "tstamp": 0.5924489064032314, "dist": 0.1586658059966145, "_child0": {"label": 11, "event": "S", "tstamp": 0.4564089033187927, "dist": 0.13604000308443875, "_child0": {"label": 12, "event": "S", "tstamp": 0.0, "dist": 0.4564089033187927}, "_child1": {"label": 13, "event": "S", "tstamp": 0.0, "dist": 0.4564089033187927}}, "_child1": {"label": 22, "event": "S", "tstamp": 0.0, "dist": 0.5924489064032314}, "_child2": {"label": 23, "event": "S", "tstamp": 0.01647054862094682, "dist": 0.5759783577822847, "_child0": {"label": 24, "event": "S", "tstamp": 0.0, "dist": 0.01647054862094682}, "_child1": {"label": 25, "event": "S", "tstamp": 0.0, "dist": 0.01647054862094682}}}, "_child1": {"label": 4, "event": "S", "tstamp": 0.0, "dist": 0.751114712399846}}, "_child1": {"label": 3, "event": "S", "tstamp": 0.7016143867383424, "dist": 0.07616292378929879, "_child0": {"label": 7, "event": "S", "tstamp": 0.6395735573781282, "dist": 0.06204082936021427, "_child0": {"label": 8, "event": "S", "tstamp": 0.0, "dist": 0.6395735573781282}, "_child1": {"label": 9, "event": "S", "tstamp": 0.0, "dist": 0.6395735573781282}}, "_child1": {"label": 6, "event": "S", "tstamp": 0.44547700746435437, "dist": 0.25613737927398805, "_child0": {"label": 15, "event": "S", "tstamp": 0.3841513689759607, "dist": 0.061325638488393674, "_child0": {"label": 17, "event": "S", "tstamp": 0.27928898912016437, "dist": 0.10486237985579633, "_child0": {"label": 21, "event": "S", "tstamp": 0.0, "dist": 0.27928898912016437}, "_child1": {"label": 20, "event": "S", "tstamp": 0.0, "dist": 0.27928898912016437}, "_child2": {"label": 18, "event": "S", "tstamp": 0.0, "dist": 0.27928898912016437}}, "_child1": {"label": 16, "event": "S", "tstamp": 0.0, "dist": 0.3841513689759607}}, "_child1": {"label": 14, "event": "S", "tstamp": 0.0, "dist": 0.44547700746435437}}}}}