{"label": 1, "event": "S", "reconc": 1, "tstamp": 0.3253201405544699, "transferred": 0, "dist": 0.0, "_child0": {"label": 2, "event": "D", "reconc": [1, 5], "tstamp": 0.2508513008076889, "transferred": 0, "dist": 0.036514326276243764, "_child0": {"label": 6, "event": "S", "reconc": 5, "tstamp": 0.0, "transferred": 0, "dist": 0.2846828338031726}, "_child1": {"label": 7, "event": "S", "reconc": 5, "tstamp": 0.0, "transferred": 0, "dist": 0.20625805243831608}}, "_child1": {"label": 3, "event": "D", "reconc": [1, 7], "tstamp": 0.1995731614200309, "transferred": 0, "dist": 0.04797155516269891, "_child0": {"label": 8, "event": "H", "reconc": [1, 7], "tstamp": 0.16276103625476668, "transferred": 0, "dist": 0.014043557190615669, "_child0": {"label": 11, "event": "S", "reconc": 6, "tstamp": 0.033516309799341455, "transferred": 1, "dist": 0.06393360953362817, "_child0": {"label": 14, "event": "S", "reconc": 8, "tstamp": 0.0, "transferred": 0, "dist": 0.03610367079165181}, "_child1": {"label": 15, "event": "S", "reconc": 9, "tstamp": 0.0, "transferred": 0, "dist": 0.22406877765296895}}, "_child1": {"label": 10, "event": "D", "reconc": [1, 7], "tstamp": 0.014983792667817467, "transferred": 0, "dist": 0.056375940331288614, "_child0": {"label": 16, "event": "S", "reconc": 7, "tstamp": 0.0, "transferred": 0, "dist": 0.0071368210095047535}, "_child1": {"label": 17, "event": "S", "reconc": 7, "tstamp": 0.0, "transferred": 0, "dist": 0.006041880544798023}}}, "_child1": {"label": 9, "event": "S", "reconc": 7, "tstamp": 0.0, "transferred": 0, "dist": 0.16895813970061657}}, "_child2": {"label": 4, "event": "S", "reconc": 6, "tstamp": 0.033516309799341455, "transferred": 0, "dist": 0.12969728636886724, "_child0": {"label": 12, "event": "S", "reconc": 8, "tstamp": 0.0, "transferred": 0, "dist": 0.014375424327207221}, "_child1": {"label": 13, "event": "S", "reconc": 9, "tstamp": 0.0, "transferred": 0, "dist": 0.014543193328060968}}, "_child3": {"label": 5, "event": "S", "reconc": 3, "tstamp": 0.0, "transferred": 0, "dist": 0.13379629288916556}}