{"label": 1, "event": "S", "reconc": 1, "tstamp": 0.8197617030861597, "transferred": 0, "dist": 0.0, "_child0": {"label": 4, "event": "S", "reconc": 5, "tstamp": 0.7781901593791637, "transferred": 0, "dist": 0.028560151809395598, "_child0": {"label": 6, "event": "S", "reconc": 7, "tstamp": 0.7780026749653373, "transferred": 0, "dist": 0.00011779707603079013, "_child0": {"label": 8, "event": "D", "reconc": [7, 9], "tstamp": 0.7384905468223907, "transferred": 0, "dist": 0.0212604524275016, "_child0": {"label": 10, "event": "S", "reconc": 9, "tstamp": 0.5551742696290068, "transferred": 0, "dist": 0.09863773918622419, "_child0": {"label": 15, "event": "S", "reconc": 12, "tstamp": 0.41603924371491396, "transferred": 0, "dist": 0.06109255443853489, "_child0": {"label": 33, "event": "S", "reconc": 16, "tstamp": 0.22177494343542836, "transferred": 0, "dist": 0.09801304833022613, "_child0": {"label": 44, "event": "D", "reconc": [16, 20], "tstamp": 0.048382225657264424, "transferred": 0, "dist": 0.08683026456286315, "_child0": {"label": 56, "event": "D", "reconc": [16, 20], "tstamp": 0.014713743382999423, "transferred": 0, "dist": 0.08241410146593621, "_child0": {"label": 60, "event": "S", "reconc": 20, "tstamp": 0.0, "transferred": 0, "dist": 0.007397715002141285}, "_child1": {"label": 61, "event": "S", "reconc": 20, "tstamp": 0.0, "transferred": 0, "dist": 0.04177053107977514}}, "_child1": {"label": 57, "event": "S", "reconc": 20, "tstamp": 0.0, "transferred": 0, "dist": 0.14664069729199117}}, "_child1": {"label": 45, "event": "S", "reconc": 21, "tstamp": 0.0, "transferred": 0, "dist": 0.09900124632949155}}, "_child1": {"label": 27, "event": "S", "reconc": 14, "tstamp": 0.0, "transferred": 0, "dist": 0.18543982168464943}}, "_child1": {"label": 31, "event": "S", "reconc": 13, "tstamp": 0.0, "transferred": 0, "dist": 0.25090613383569854}, "_child2": {"label": 16, "event": "S", "reconc": 10, "tstamp": 0.0, "transferred": 0, "dist": 0.26482404564255096}}, "_child1": {"label": 11, "event": "S", "reconc": 9, "tstamp": 0.5551742696290068, "transferred": 0, "dist": 0.09863773918622419, "_child0": {"label": 19, "event": "D", "reconc": [9, 10], "tstamp": 0.5242128200601877, "transferred": 0, "dist": 0.014768941541998495, "_child0": {"label": 22, "event": "S", "reconc": 10, "tstamp": 0.0, "transferred": 0, "dist": 0.2500551041005525}, "_child1": {"label": 23, "event": "S", "reconc": 10, "tstamp": 0.0, "transferred": 0, "dist": 0.2500551041005525}}, "_child1": {"label": 18, "event": "S", "reconc": 12, "tstamp": 0.41603924371491396, "transferred": 0, "dist": 0.06109255443853489, "_child0": {"label": 35, "event": "S", "reconc": 16, "tstamp": 0.22177494343542836, "transferred": 0, "dist": 0.09801304833022613, "_child0": {"label": 46, "event": "S", "reconc": 20, "tstamp": 0.0, "transferred": 0, "dist": 0.11105874144350794}, "_child1": {"label": 47, "event": "S", "reconc": 21, "tstamp": 0.0, "transferred": 0, "dist": 0.09900124632949155}}, "_child1": {"label": 29, "event": "S", "reconc": 14, "tstamp": 0.0, "transferred": 0, "dist": 0.18543982168464943}}, "_child2": {"label": 17, "event": "S", "reconc": 13, "tstamp": 0.0, "transferred": 0, "dist": 0.18725201218205653}}}, "_child1": {"label": 9, "event": "S", "reconc": 8, "tstamp": 0.13995067682719245, "transferred": 0, "dist": 0.3502177130812318, "_child0": {"label": 54, "event": "S", "reconc": 23, "tstamp": 0.026315127917594265, "transferred": 0, "dist": 0.05115458547010855, "_child0": {"label": 58, "event": "S", "reconc": 24, "tstamp": 0.0, "transferred": 0, "dist": 0.01155795814200683}, "_child1": {"label": 59, "event": "S", "reconc": 25, "tstamp": 0.0, "transferred": 0, "dist": 0.010962508441598979}}, "_child1": {"label": 55, "event": "S", "reconc": 22, "tstamp": 0.0, "transferred": 0, "dist": 0.06834320738046398}}}, "_child1": {"label": 7, "event": "D", "reconc": [5, 6], "tstamp": 0.6277400042393543, "transferred": 0, "dist": 0.08165253844812771, "_child0": {"label": 13, "event": "D", "reconc": [5, 6], "tstamp": 0.54197578297476, "transferred": 0, "dist": 0.3605665786846894, "_child0": {"label": 20, "event": "S", "reconc": 6, "tstamp": 0.0, "transferred": 0, "dist": 0.29450544177898297}, "_child1": {"label": 21, "event": "S", "reconc": 6, "tstamp": 0.0, "transferred": 0, "dist": 0.651510845482413}}, "_child1": {"label": 12, "event": "S", "reconc": 6, "tstamp": 0.0, "transferred": 0, "dist": 0.9544047317182984}}}, "_child1": {"label": 3, "event": "D", "reconc": [1, 3], "tstamp": 0.46923375855053817, "transferred": 0, "dist": 0.1722539471818033, "_child0": {"label": 25, "event": "H", "reconc": [1, 3], "tstamp": 0.22799236107004575, "transferred": 0, "dist": 0.11854913021191742, "_child0": {"label": 42, "event": "H", "reconc": [1, 3], "tstamp": 0.19939530955860235, "transferred": 0, "dist": 0.014052959478404417, "_child0": {"label": 49, "event": "S", "reconc": 18, "tstamp": 0.0, "transferred": 1, "dist": 0.4614670438005411}, "_child1": {"label": 48, "event": "S", "reconc": 3, "tstamp": 0.0, "transferred": 0, "dist": 0.09798542357731031}}, "_child1": {"label": 43, "event": "D", "reconc": [12, 14], "tstamp": 0.17556418087977627, "transferred": 1, "dist": 0.03200969066458654, "_child0": {"label": 50, "event": "D", "reconc": [12, 14], "tstamp": 0.1435085298918931, "transferred": 0, "dist": 0.017954600339449345, "_child0": {"label": 52, "event": "S", "reconc": 14, "tstamp": 0.0, "transferred": 0, "dist": 0.06706177033630088}, "_child1": {"label": 53, "event": "S", "reconc": 14, "tstamp": 0.0, "transferred": 0, "dist": 0.18292823159855237}}, "_child1": {"label": 51, "event": "S", "reconc": 14, "tstamp": 0.0, "transferred": 0, "dist": 0.07907196886414064}}}, "_child1": {"label": 24, "event": "S", "reconc": 3, "tstamp": 0.0, "transferred": 0, "dist": 0.23058751326763216}}}