{"label": 0, "event": null, "tstamp": 1.0, "dist": 0.0, "_child0": {"label": 1, "event": "S", "tstamp": 0.8082659220592321, "dist": 0.1917340779407679, "_child0": {"label": 2, "event": "S", "tstamp": 0.5090186470101451, "dist": 0.299247275049087, "_child0": {"label": 10, "event": "S", "tstamp": 0.0, "dist": 0.5090186470101451}, "_child1": {"label": 11, "event": "S", "tstamp": 0.09362599107532292, "dist": 0.41539265593482216, "_child0": {"label": 12, "event": "S", "tstamp": 0.0, "dist": 0.09362599107532292}, "_child1": {"label": 13, "event": "S", "tstamp": 0.0, "dist": 0.09362599107532292}}, "_child2": {"label": 4, "event": "S", "tstamp": 0.0, "dist": 0.5090186470101451}}, "_child1": {"label": 3, "event": "S", "tstamp": 0.42618303186537526, "dist": 0.38208289019385683, "_child0": {"label": 7, "event": "S", "tstamp": 0.29036432902954323, "dist": 0.13581870283583203, "_child0": {"label": 8, "event": "S", "tstamp": 0.0, "dist": 0.29036432902954323}, "_child1": {"label": 9, "event": "S", "tstamp": 0.0, "dist": 0.29036432902954323}}, "_child1": {"label": 6, "event": "S", "tstamp": 0.09023095801239188, "dist": 0.33595207385298337, "_child0": {"label": 14, "event": "S", "tstamp": 0.0, "dist": 0.09023095801239188}, "_child1": {"label": 15, "event": "S", "tstamp": 0.0, "dist": 0.09023095801239188}}}}}