{"label": 0, "event": null, "tstamp": 1.0, "dist": 0.0, "_child0": {"label": 1, "event": "S", "tstamp": 0.5413265197245686, "dist": 0.4586734802754314, "_child0": {"label": 3, "event": "S", "tstamp": 0.47321775889936973, "dist": 0.06810876082519884, "_child0": {"label": 5, "event": "S", "tstamp": 0.17986333604611943, "dist": 0.2933544228532503, "_child0": {"label": 6, "event": "S", "tstamp": 0.0, "dist": 0.17986333604611943}, "_child1": {"label": 7, "event": "S", "tstamp": 0.0, "dist": 0.17986333604611943}}, "_child1": {"label": 4, "event": "S", "tstamp": 0.0, "dist": 0.47321775889936973}}, "_child1": {"label": 2, "event": "S", "tstamp": 0.12677017723885842, "dist": 0.41455634248571016, "_child0": {"label": 8, "event": "S", "tstamp": 0.0, "dist": 0.12677017723885842}, "_child1": {"label": 9, "event": "S", "tstamp": 0.0, "dist": 0.12677017723885842}}}}