{"label": 0, "event": null, "tstamp": 1.0, "dist": 0.0, "_child0": {"label": 1, "event": "S", "tstamp": 0.7679233033989894, "dist": 0.2320766966010106, "_child0": {"label": 3, "event": "S", "tstamp": 0.7638938345378805, "dist": 0.004029468861108887, "_child0": {"label": 5, "event": "S", "tstamp": 0.3957275050672546, "dist": 0.3681663294706259, "_child0": {"label": 6, "event": "S", "tstamp": 0.0, "dist": 0.3957275050672546}, "_child1": {"label": 7, "event": "S", "tstamp": 0.0, "dist": 0.3957275050672546}}, "_child1": {"label": 4, "event": "S", "tstamp": 0.27365643972142806, "dist": 0.49023739481645245, "_child0": {"label": 8, "event": "S", "tstamp": 0.0, "dist": 0.27365643972142806}, "_child1": {"label": 9, "event": "S", "tstamp": 0.0, "dist": 0.27365643972142806}}}, "_child1": {"label": 2, "event": "S", "tstamp": 0.0, "dist": 0.7679233033989894}}}