{"label": 0, "event": null, "tstamp": 1.0, "dist": 0.0, "_child0": {"label": 1, "event": "S", "tstamp": 0.8742356063215525, "dist": 0.1257643936784475, "_child0": {"label": 2, "event": "S", "tstamp": 0.8429761435763897, "dist": 0.03125946274516278, "_child0": {"label": 4, "event": "S", "tstamp": 0.0, "dist": 0.8429761435763897}, "_child1": {"label": 5, "event": "S", "tstamp": 0.0, "dist": 0.8429761435763897}}, "_child1": {"label": 3, "event": "S", "tstamp": 0.7940259539667243, "dist": 0.08020965235482824, "_child0": {"label": 7, "event": "S", "tstamp": 0.7617082226827482, "dist": 0.03231773128397608, "_child0": {"label": 8, "event": "S", "tstamp": 0.709685607073813, "dist": 0.052022615608935174, "_child0": {"label": 11, "event": "S", "tstamp": 0.6800002836447834, "dist": 0.02968532342902963, "_child0": {"label": 13, "event": "S", "tstamp": 0.5928871571149117, "dist": 0.08711312652987169, "_child0": {"label": 14, "event": "S", "tstamp": 0.0, "dist": 0.5928871571149117}, "_child1": {"label": 15, "event": "S", "tstamp": 0.0, "dist": 0.5928871571149117}}, "_child1": {"label": 12, "event": "S", "tstamp": 0.5319193352511105, "dist": 0.14808094839367292, "_child0": {"label": 16, "event": "S", "tstamp": 0.0, "dist": 0.5319193352511105}, "_child1": {"label": 17, "event": "S", "tstamp": 0.0, "dist": 0.5319193352511105}}}, "_child1": {"label": 10, "event": "S", "tstamp": 0.4122857324174776, "dist": 0.2973998746563354, "_child0": {"label": 19, "event": "S", "tstamp": 0.41052944289329063, "dist": 0.0017562895241869936, "_child0": {"label": 20, "event": "S", "tstamp": 0.26493905476995205, "dist": 0.14559038812333858, "_child0": {"label": 23, "event": "S", "tstamp": 0.1768813407696989, "dist": 0.08805771400025314, "_child0": {"label": 24, "event": "S", "tstamp": 0.0, "dist": 0.1768813407696989}, "_child1": {"label": 25, "event": "S", "tstamp": 0.0, "dist": 0.1768813407696989}}, "_child1": {"label": 22, "event": "S", "tstamp": 0.0, "dist": 0.26493905476995205}}, "_child1": {"label": 21, "event": "S", "tstamp": 0.10223286221801219, "dist": 0.30829658067527843, "_child0": {"label": 27, "event": "S", "tstamp": 0.03095089108708376, "dist": 0.07128197113092842, "_child0": {"label": 28, "event": "S", "tstamp": 0.0, "dist": 0.03095089108708376}, "_child1": {"label": 29, "event": "S", "tstamp": 0.0, "dist": 0.03095089108708376}}, "_child1": {"label": 26, "event": "S", "tstamp": 0.0, "dist": 0.10223286221801219}}}, "_child1": {"label": 18, "event": "S", "tstamp": 0.0, "dist": 0.4122857324174776}}}, "_child1": {"label": 9, "event": "S", "tstamp": 0.0, "dist": 0.7617082226827482}}, "_child1": {"label": 6, "event": "S", "tstamp": 0.0, "dist": 0.7940259539667243}}}}