{"label": 0, "event": null, "tstamp": 1.0, "dist": 0.0, "_child0": {"label": 1, "event": "S", "tstamp": 0.7199967906337339, "dist": 0.2800032093662661, "_child0": {"label": 2, "event": "S", "tstamp": 0.6788587202528574, "dist": 0.04113807038087647, "_child0": {"label": 5, "event": "S", "tstamp": 0.6545890136403406, "dist": 0.024269706612516817, "_child0": {"label": 7, "event": "S", "tstamp": 0.39897387274900425, "dist": 0.25561514089133636, "_child0": {"label": 8, "event": "S", "tstamp": 0.35639524219376845, "dist": 0.04257863055523581, "_child0": {"label": 11, "event": "S", "tstamp": 0.16217920227397262, "dist": 0.19421603991979583, "_child0": {"label": 13, "event": "S", "tstamp": 0.10754011985039222, "dist": 0.0546390824235804, "_child0": {"label": 14, "event": "S", "tstamp": 0.0, "dist": 0.10754011985039222}, "_child1": {"label": 15, "event": "S", "tstamp": 0.0, "dist": 0.10754011985039222}}, "_child1": {"label": 12, "event": "S", "tstamp": 0.0, "dist": 0.16217920227397262}}, "_child1": {"label": 10, "event": "S", "tstamp": 0.0, "dist": 0.35639524219376845}}, "_child1": {"label": 9, "event": "S", "tstamp": 0.0, "dist": 0.39897387274900425}}, "_child1": {"label": 6, "event": "S", "tstamp": 0.0, "dist": 0.6545890136403406}}, "_child1": {"label": 4, "event": "S", "tstamp": 0.0, "dist": 0.6788587202528574}}, "_child1": {"label": 3, "event": "S", "tstamp": 0.0, "dist": 0.7199967906337339}}}