{"label": 1, "event": "S", "reconc": 1, "tstamp": 0.949801315166135, "transferred": 0, "dist": 0.0, "_child0": {"label": 3, "event": "S", "reconc": 5, "tstamp": 0.8350260703474913, "transferred": 0, "dist": 0.13260585999767704, "_child0": {"label": 6, "event": "S", "reconc": 6, "tstamp": 0.8332715200404329, "transferred": 0, "dist": 0.0021370694598897054, "_child0": {"label": 12, "event": "S", "reconc": 10, "tstamp": 0.7315357715068525, "transferred": 0, "dist": 0.11669717056966397, "_child0": {"label": 16, "event": "D", "reconc": [10, 15], "tstamp": 0.12596199517524664, "transferred": 0, "dist": 0.4712786696135384, "_child0": {"label": 62, "event": "H", "reconc": [10, 15], "tstamp": 0.11980855833130141, "transferred": 0, "dist": 0.0047888195339843105, "_child0": {"label": 63, "event": "D", "reconc": [10, 15], "tstamp": 0.0006231774842641584, "transferred": 0, "dist": 0.09275422734325402, "_child0": {"label": 75, "event": "S", "reconc": 15, "tstamp": 0.0, "transferred": 0, "dist": 0.0007511534756298753}, "_child1": {"label": 76, "event": "S", "reconc": 15, "tstamp": 0.0, "transferred": 0, "dist": 0.0010128188577369199}}, "_child1": {"label": 64, "event": "S", "reconc": 18, "tstamp": 0.0, "transferred": 1, "dist": 0.28939017041936616}}, "_child1": {"label": 61, "event": "S", "reconc": 15, "tstamp": 0.0, "transferred": 0, "dist": 0.09802802536738402}}, "_child1": {"label": 15, "event": "S", "reconc": 14, "tstamp": 0.0, "transferred": 0, "dist": 0.9801854746455216}}, "_child1": {"label": 9, "event": "S", "reconc": 8, "tstamp": 0.0, "transferred": 0, "dist": 0.9146356319079443}}, "_child1": {"label": 7, "event": "D", "reconc": [5, 7], "tstamp": 0.7421087030876752, "transferred": 0, "dist": 0.11430677181378494, "_child0": {"label": 18, "event": "H", "reconc": [5, 7], "tstamp": 0.2898467253808389, "transferred": 0, "dist": 0.6983187418193078, "_child0": {"label": 47, "event": "S", "reconc": 26, "tstamp": 0.1564506444950309, "transferred": 1, "dist": 0.512105095060742, "_child0": {"label": 54, "event": "D", "reconc": [26, 29], "tstamp": 0.008001146693552487, "transferred": 0, "dist": 0.44853005179478456, "_child0": {"label": 72, "event": "D", "reconc": [26, 29], "tstamp": 0.0021803221664173636, "transferred": 0, "dist": 0.009510218171090134, "_child0": {"label": 73, "event": "S", "reconc": 29, "tstamp": 0.0, "transferred": 0, "dist": 0.008071170929832557}, "_child1": {"label": 74, "event": "S", "reconc": 29, "tstamp": 0.0, "transferred": 0, "dist": 0.0022021914439387296}}, "_child1": {"label": 71, "event": "S", "reconc": 29, "tstamp": 0.0, "transferred": 0, "dist": 0.009042354106594513}}, "_child1": {"label": 53, "event": "S", "reconc": 28, "tstamp": 0.0, "transferred": 0, "dist": 0.6917464411119638}}, "_child1": {"label": 41, "event": "S", "reconc": 7, "tstamp": 0.0, "transferred": 0, "dist": 0.36738965894000886}}, "_child1": {"label": 13, "event": "S", "reconc": 7, "tstamp": 0.0, "transferred": 0, "dist": 0.9129407417202215}}}, "_child1": {"label": 5, "event": "S", "reconc": 16, "tstamp": 0.6548609907364703, "transferred": 0, "dist": 0.3184942843486129, "_child0": {"label": 20, "event": "D", "reconc": [16, 19], "tstamp": 0.547322496716881, "transferred": 0, "dist": 0.12040805524579672, "_child0": {"label": 27, "event": "D", "reconc": [16, 19], "tstamp": 0.06962850036790907, "transferred": 0, "dist": 0.5598995678142634, "_child0": {"label": 69, "event": "S", "reconc": 19, "tstamp": 0.0, "transferred": 0, "dist": 0.08736199110067405}, "_child1": {"label": 70, "event": "S", "reconc": 19, "tstamp": 0.0, "transferred": 0, "dist": 0.079153085308336}}, "_child1": {"label": 28, "event": "S", "reconc": 19, "tstamp": 0.0, "transferred": 0, "dist": 1.0079177134792185}}, "_child1": {"label": 19, "event": "S", "reconc": 18, "tstamp": 0.0, "transferred": 0, "dist": 0.6926001350397594}}, "_child2": {"label": 4, "event": "S", "reconc": 17, "tstamp": 0.6128334565217671, "transferred": 0, "dist": 0.35027481113819275, "_child0": {"label": 21, "event": "S", "reconc": 21, "tstamp": 0.5897932578708365, "transferred": 0, "dist": 0.02351861906553831, "_child0": {"label": 23, "event": "S", "reconc": 22, "tstamp": 0.5446307191254379, "transferred": 0, "dist": 0.04670378844173329, "_child0": {"label": 40, "event": "D", "reconc": [22, 25], "tstamp": 0.19920183060969707, "transferred": 0, "dist": 1.1663213412760727, "_child0": {"label": 45, "event": "S", "reconc": 25, "tstamp": 0.19389449430360112, "transferred": 0, "dist": 0.006456848057622246, "_child0": {"label": 49, "event": "S", "reconc": 26, "tstamp": 0.1564506444950309, "transferred": 0, "dist": 0.18561298970752768, "_child0": {"label": 55, "event": "D", "reconc": [26, 28], "tstamp": 0.08919849969420304, "transferred": 0, "dist": 0.08954705696619555, "_child0": {"label": 67, "event": "S", "reconc": 28, "tstamp": 0.0, "transferred": 0, "dist": 0.12634502480426774}, "_child1": {"label": 68, "event": "S", "reconc": 28, "tstamp": 0.0, "transferred": 0, "dist": 0.11340116812609155}}, "_child1": {"label": 56, "event": "S", "reconc": 29, "tstamp": 0.0, "transferred": 0, "dist": 0.5737297405875322}}, "_child1": {"label": 50, "event": "S", "reconc": 27, "tstamp": 0.0, "transferred": 0, "dist": 0.5904772778543201}}, "_child1": {"label": 46, "event": "S", "reconc": 25, "tstamp": 0.19389449430360112, "transferred": 0, "dist": 0.008476501825352789, "_child0": {"label": 51, "event": "S", "reconc": 26, "tstamp": 0.1564506444950309, "transferred": 0, "dist": 0.04448804465937402, "_child0": {"label": 58, "event": "H", "reconc": [26, 29], "tstamp": 0.11321183265960764, "transferred": 0, "dist": 0.045066476242101854, "_child0": {"label": 66, "event": "S", "reconc": 4, "tstamp": 0.0, "transferred": 1, "dist": 0.14295401367469307}, "_child1": {"label": 65, "event": "S", "reconc": 29, "tstamp": 0.0, "transferred": 0, "dist": 0.1179971916503768}}, "_child1": {"label": 57, "event": "S", "reconc": 28, "tstamp": 0.0, "transferred": 0, "dist": 0.7454444863987567}}, "_child1": {"label": 52, "event": "S", "reconc": 27, "tstamp": 0.0, "transferred": 0, "dist": 0.25672359876392575}}}, "_child1": {"label": 30, "event": "H", "reconc": [22, 24], "tstamp": 0.20521621299294202, "transferred": 0, "dist": 0.31435077502595066, "_child0": {"label": 44, "event": "S", "reconc": 7, "tstamp": 0.0, "transferred": 1, "dist": 0.9773672185628466}, "_child1": {"label": 43, "event": "S", "reconc": 24, "tstamp": 0.0, "transferred": 0, "dist": 0.19006222314210525}}}, "_child1": {"label": 24, "event": "D", "reconc": [21, 23], "tstamp": 0.4042646776697263, "transferred": 0, "dist": 0.17315462241914265, "_child0": {"label": 37, "event": "S", "reconc": 23, "tstamp": 0.0, "transferred": 0, "dist": 0.4625812621564188}, "_child1": {"label": 38, "event": "S", "reconc": 23, "tstamp": 0.0, "transferred": 0, "dist": 4.592447130195133}}}, "_child1": {"label": 59, "event": "S", "reconc": 20, "tstamp": 0.0, "transferred": 0, "dist": 0.577524063164027}}, "_child3": {"label": 34, "event": "S", "reconc": 4, "tstamp": 0.0, "transferred": 0, "dist": 1.1485338573722892}}