{"label": 1, "event": "S", "reconc": 1, "tstamp": 0.7586712586154122, "transferred": 0, "dist": 0.0, "_child0": {"label": 2, "event": "S", "reconc": 2, "tstamp": 0.7045336012275055, "transferred": 0, "dist": 0.03516175513749867, "_child0": {"label": 5, "event": "H", "reconc": [2, 5], "tstamp": 0.5266560337331587, "transferred": 0, "dist": 0.11585131157735526, "_child0": {"label": 6, "event": "S", "reconc": 5, "tstamp": 0.4829907722274984, "transferred": 0, "dist": 0.028439099359505917, "_child0": {"label": 22, "event": "S", "reconc": 11, "tstamp": 0.0, "transferred": 0, "dist": 0.34181933292786154}, "_child1": {"label": 14, "event": "H", "reconc": [5, 8], "tstamp": 0.1166294314589985, "transferred": 0, "dist": 0.2815621750256541, "_child0": {"label": 32, "event": "S", "reconc": 10, "tstamp": 0.01483075520436812, "transferred": 1, "dist": 0.2615031564887857, "_child0": {"label": 35, "event": "S", "reconc": 14, "tstamp": 0.0, "transferred": 0, "dist": 0.015446617115841488}, "_child1": {"label": 36, "event": "S", "reconc": 15, "tstamp": 0.0, "transferred": 0, "dist": 0.018675834203777372}}, "_child1": {"label": 31, "event": "S", "reconc": 8, "tstamp": 0.0, "transferred": 0, "dist": 0.0896340108503734}}}, "_child1": {"label": 7, "event": "S", "reconc": 3, "tstamp": 0.0, "transferred": 1, "dist": 1.1894309807625767}}, "_child1": {"label": 12, "event": "S", "reconc": 5, "tstamp": 0.4829907722274984, "transferred": 1, "dist": 0.14443880476711765, "_child0": {"label": 16, "event": "H", "reconc": [5, 8], "tstamp": 0.42995453148650153, "transferred": 0, "dist": 0.34477449911205743, "_child0": {"label": 18, "event": "H", "reconc": [4, 7], "tstamp": 0.40456785804625217, "transferred": 1, "dist": 0.015146829888189661, "_child0": {"label": 19, "event": "D", "reconc": [4, 7], "tstamp": 0.20022593239679576, "transferred": 0, "dist": 0.12191957304379353, "_child0": {"label": 26, "event": "D", "reconc": [4, 7], "tstamp": 0.177870993451272, "transferred": 0, "dist": 0.012944725736277439, "_child0": {"label": 27, "event": "S", "reconc": 7, "tstamp": 0.0, "transferred": 0, "dist": 0.17363230308969524}, "_child1": {"label": 28, "event": "S", "reconc": 7, "tstamp": 0.0, "transferred": 0, "dist": 0.29284606384055994}}, "_child1": {"label": 25, "event": "S", "reconc": 7, "tstamp": 0.0, "transferred": 0, "dist": 0.11323195379071063}}, "_child1": {"label": 20, "event": "S", "reconc": 12, "tstamp": 0.0, "transferred": 1, "dist": 0.8651230709486092}}, "_child1": {"label": 17, "event": "D", "reconc": [5, 8], "tstamp": 0.1369039006874293, "transferred": 0, "dist": 1.9050442308238806, "_child0": {"label": 29, "event": "S", "reconc": 8, "tstamp": 0.0, "transferred": 0, "dist": 0.26435789442583413}, "_child1": {"label": 30, "event": "S", "reconc": 8, "tstamp": 0.0, "transferred": 0, "dist": 0.20603149961528291}}}, "_child1": {"label": 15, "event": "S", "reconc": 9, "tstamp": 0.3477078389062677, "transferred": 0, "dist": 0.4471414924810847, "_child0": {"label": 23, "event": "S", "reconc": 10, "tstamp": 0.01483075520436812, "transferred": 0, "dist": 0.2438849458124493, "_child0": {"label": 33, "event": "S", "reconc": 14, "tstamp": 0.0, "transferred": 0, "dist": 0.010251269258417265}, "_child1": {"label": 34, "event": "S", "reconc": 15, "tstamp": 0.0, "transferred": 0, "dist": 0.010868505115491334}}, "_child1": {"label": 24, "event": "S", "reconc": 11, "tstamp": 0.0, "transferred": 0, "dist": 0.41011042564711203}}}}, "_child1": {"label": 3, "event": "S", "reconc": 3, "tstamp": 0.0, "transferred": 0, "dist": 0.920852275240697}}