{"label": 0, "event": null, "tstamp": 1.0, "dist": 0.0, "_child0": {"label": 1, "event": "S", "tstamp": 0.8874491635627328, "dist": 0.11255083643726715, "_child0": {"label": 2, "event": "S", "tstamp": 0.6988920461462977, "dist": 0.1885571174164351, "_child0": {"label": 5, "event": "S", "tstamp": 0.6746247521147085, "dist": 0.024267294031589226, "_child0": {"label": 9, "event": "S", "tstamp": 0.0, "dist": 0.6746247521147085}, "_child1": {"label": 8, "event": "S", "tstamp": 0.0, "dist": 0.6746247521147085}, "_child2": {"label": 6, "event": "S", "tstamp": 0.0, "dist": 0.6746247521147085}}, "_child1": {"label": 4, "event": "S", "tstamp": 0.0, "dist": 0.6988920461462977}}, "_child1": {"label": 10, "event": "S", "tstamp": 0.0, "dist": 0.8874491635627328}, "_child2": {"label": 11, "event": "S", "tstamp": 0.4586176260178831, "dist": 0.42883153754484976, "_child0": {"label": 12, "event": "S", "tstamp": 0.23861280402083482, "dist": 0.22000482199704827, "_child0": {"label": 15, "event": "S", "tstamp": 0.20843331679947544, "dist": 0.03017948722135938, "_child0": {"label": 16, "event": "S", "tstamp": 0.16405984441624738, "dist": 0.04437347238322806, "_child0": {"label": 18, "event": "S", "tstamp": 0.0, "dist": 0.16405984441624738}, "_child1": {"label": 19, "event": "S", "tstamp": 0.0, "dist": 0.16405984441624738}}, "_child1": {"label": 17, "event": "S", "tstamp": 0.0, "dist": 0.20843331679947544}}, "_child1": {"label": 14, "event": "S", "tstamp": 0.0, "dist": 0.23861280402083482}}, "_child1": {"label": 13, "event": "S", "tstamp": 0.0, "dist": 0.4586176260178831}}}}