{"label": 0, "event": null, "tstamp": 1.0, "dist": 0.0, "_child0": {"label": 1, "event": "S", "tstamp": 0.9496081554470234, "dist": 0.05039184455297663, "_child0": {"label": 4, "event": "S", "tstamp": 0.6862818922010909, "dist": 0.26332626324593245, "_child0": {"label": 9, "event": "S", "tstamp": 0.5126511228595257, "dist": 0.17363076934156518, "_child0": {"label": 11, "event": "S", "tstamp": 0.1957584416029832, "dist": 0.3168926812565426, "_child0": {"label": 21, "event": "S", "tstamp": 0.10754648322055106, "dist": 0.08821195838243213, "_child0": {"label": 22, "event": "S", "tstamp": 0.0, "dist": 0.10754648322055106}, "_child1": {"label": 23, "event": "S", "tstamp": 0.0, "dist": 0.10754648322055106}}, "_child1": {"label": 20, "event": "S", "tstamp": 0.0, "dist": 0.1957584416029832}}, "_child1": {"label": 10, "event": "S", "tstamp": 0.0, "dist": 0.5126511228595257}}, "_child1": {"label": 8, "event": "S", "tstamp": 0.0, "dist": 0.6862818922010909}}, "_child1": {"label": 5, "event": "S", "tstamp": 0.69152966843713, "dist": 0.25807848700989333, "_child0": {"label": 6, "event": "S", "tstamp": 0.49887735490735063, "dist": 0.1926523135297794, "_child0": {"label": 19, "event": "S", "tstamp": 0.0, "dist": 0.49887735490735063}, "_child1": {"label": 18, "event": "S", "tstamp": 0.0, "dist": 0.49887735490735063}, "_child2": {"label": 17, "event": "S", "tstamp": 0.0, "dist": 0.49887735490735063}, "_child3": {"label": 16, "event": "S", "tstamp": 0.0, "dist": 0.49887735490735063}, "_child4": {"label": 12, "event": "S", "tstamp": 0.0, "dist": 0.49887735490735063}}, "_child1": {"label": 7, "event": "S", "tstamp": 0.06256604264420142, "dist": 0.6289636257929286, "_child0": {"label": 24, "event": "S", "tstamp": 0.0, "dist": 0.06256604264420142}, "_child1": {"label": 25, "event": "S", "tstamp": 0.0, "dist": 0.06256604264420142}}}, "_child2": {"label": 2, "event": "S", "tstamp": 0.0, "dist": 0.9496081554470234}}}