{"label": 1, "event": "S", "reconc": 1, "tstamp": 0.8178769890074865, "transferred": 0, "dist": 0.0, "_child0": {"label": 4, "event": "H", "reconc": [2, 4], "tstamp": 0.61984196613818, "transferred": 0, "dist": 0.1705326613333408, "_child0": {"label": 19, "event": "S", "reconc": 8, "tstamp": 0.0, "transferred": 1, "dist": 0.8294342995741566}, "_child1": {"label": 13, "event": "H", "reconc": [7, 8], "tstamp": 0.009930334741762319, "transferred": 1, "dist": 0.5660867955224229, "_child0": {"label": 33, "event": "S", "reconc": 12, "tstamp": 0.0, "transferred": 1, "dist": 0.015840683949779402}, "_child1": {"label": 32, "event": "S", "reconc": 8, "tstamp": 0.0, "transferred": 0, "dist": 0.009216796471906463}}}, "_child1": {"label": 3, "event": "S", "reconc": 3, "tstamp": 0.8072405328562817, "transferred": 0, "dist": 0.008257462249731333, "_child0": {"label": 6, "event": "S", "reconc": 7, "tstamp": 0.7483911440864909, "transferred": 0, "dist": 0.04620900552153796, "_child0": {"label": 8, "event": "D", "reconc": [7, 9], "tstamp": 0.745206972842655, "transferred": 0, "dist": 0.001957542022926732, "_child0": {"label": 10, "event": "S", "reconc": 9, "tstamp": 0.37791324111126545, "transferred": 0, "dist": 0.22580221337456352, "_child0": {"label": 20, "event": "S", "reconc": 11, "tstamp": 0.28084892938339623, "transferred": 0, "dist": 0.043019459650613975, "_child0": {"label": 24, "event": "S", "reconc": 15, "tstamp": 0.0, "transferred": 0, "dist": 0.12296611445187047}, "_child1": {"label": 25, "event": "S", "reconc": 14, "tstamp": 0.0, "transferred": 0, "dist": 0.12204612065273551}, "_child2": {"label": 26, "event": "S", "reconc": 12, "tstamp": 0.0, "transferred": 0, "dist": 0.1078280370239427}}, "_child1": {"label": 21, "event": "S", "reconc": 10, "tstamp": 0.0, "transferred": 0, "dist": 0.18019779982949471}}, "_child1": {"label": 11, "event": "S", "reconc": 9, "tstamp": 0.37791324111126545, "transferred": 0, "dist": 1.5847058736313087, "_child0": {"label": 22, "event": "S", "reconc": 11, "tstamp": 0.28084892938339623, "transferred": 0, "dist": 0.09491256910936771, "_child0": {"label": 27, "event": "S", "reconc": 15, "tstamp": 0.0, "transferred": 0, "dist": 0.23172950639816728}, "_child1": {"label": 28, "event": "S", "reconc": 14, "tstamp": 0.0, "transferred": 0, "dist": 0.13451845137383606}, "_child2": {"label": 29, "event": "S", "reconc": 12, "tstamp": 0.0, "transferred": 0, "dist": 0.12706391126600183}}, "_child1": {"label": 23, "event": "H", "reconc": [9, 10], "tstamp": 0.020586980381207515, "transferred": 0, "dist": 0.20333203724116092, "_child0": {"label": 31, "event": "S", "reconc": 15, "tstamp": 0.0, "transferred": 1, "dist": 0.01794304803710904}, "_child1": {"label": 30, "event": "S", "reconc": 10, "tstamp": 0.0, "transferred": 0, "dist": 0.011714763569300167}}}}, "_child1": {"label": 9, "event": "S", "reconc": 8, "tstamp": 0.0, "transferred": 0, "dist": 0.6025058154120101}}, "_child1": {"label": 7, "event": "H", "reconc": [3, 6], "tstamp": 0.5948415763084534, "transferred": 0, "dist": 0.18305215163556657, "_child0": {"label": 15, "event": "S", "reconc": 5, "tstamp": 0.0, "transferred": 1, "dist": 0.4401223191756821}, "_child1": {"label": 14, "event": "S", "reconc": 6, "tstamp": 0.0, "transferred": 0, "dist": 0.512653320879357}}}}