{"label": 0, "event": null, "tstamp": 1.0, "dist": 0.0, "_child0": {"label": 1, "event": "S", "tstamp": 0.8459815174552736, "dist": 0.1540184825447264, "_child0": {"label": 4, "event": "S", "tstamp": 0.7842070553694951, "dist": 0.061774462085778525, "_child0": {"label": 9, "event": "S", "tstamp": 0.7730178320143701, "dist": 0.011189223355124955, "_child0": {"label": 10, "event": "S", "tstamp": 0.5962543780586494, "dist": 0.17676345395572068, "_child0": {"label": 15, "event": "S", "tstamp": 0.43923339422661867, "dist": 0.15702098383203078, "_child0": {"label": 17, "event": "S", "tstamp": 0.42964832863430813, "dist": 0.009585065592310538, "_child0": {"label": 26, "event": "S", "tstamp": 0.0, "dist": 0.42964832863430813}, "_child1": {"label": 29, "event": "S", "tstamp": 0.0, "dist": 0.42964832863430813}, "_child2": {"label": 28, "event": "S", "tstamp": 0.0, "dist": 0.42964832863430813}, "_child3": {"label": 19, "event": "S", "tstamp": 0.0, "dist": 0.42964832863430813}}, "_child1": {"label": 16, "event": "S", "tstamp": 0.4018983586853536, "dist": 0.03733503554126505, "_child0": {"label": 20, "event": "S", "tstamp": 0.0, "dist": 0.4018983586853536}, "_child1": {"label": 21, "event": "S", "tstamp": 0.0, "dist": 0.4018983586853536}}}, "_child1": {"label": 14, "event": "S", "tstamp": 0.0, "dist": 0.5962543780586494}}, "_child1": {"label": 11, "event": "S", "tstamp": 0.0, "dist": 0.7730178320143701}}, "_child1": {"label": 8, "event": "S", "tstamp": 0.0, "dist": 0.7842070553694951}}, "_child1": {"label": 5, "event": "S", "tstamp": 0.7992212575875495, "dist": 0.04676025986772414, "_child0": {"label": 6, "event": "S", "tstamp": 0.0, "dist": 0.7992212575875495}, "_child1": {"label": 7, "event": "S", "tstamp": 0.0, "dist": 0.7992212575875495}}, "_child2": {"label": 2, "event": "S", "tstamp": 0.6623488520623936, "dist": 0.18363266539288003, "_child0": {"label": 22, "event": "S", "tstamp": 0.0, "dist": 0.6623488520623936}, "_child1": {"label": 25, "event": "S", "tstamp": 0.0, "dist": 0.6623488520623936}, "_child2": {"label": 24, "event": "S", "tstamp": 0.0, "dist": 0.6623488520623936}, "_child3": {"label": 12, "event": "S", "tstamp": 0.0, "dist": 0.6623488520623936}}}}