{"label": 0, "event": null, "tstamp": 1.0, "dist": 0.0, "_child0": {"label": 1, "event": "S", "tstamp": 0.9581426084769042, "dist": 0.041857391523095755, "_child0": {"label": 2, "event": "S", "tstamp": 0.8564013971838167, "dist": 0.10174121129308755, "_child0": {"label": 4, "event": "S", "tstamp": 0.5202700489213156, "dist": 0.33613134826250113, "_child0": {"label": 10, "event": "S", "tstamp": 0.0, "dist": 0.5202700489213156}, "_child1": {"label": 11, "event": "S", "tstamp": 0.0, "dist": 0.5202700489213156}}, "_child1": {"label": 12, "event": "S", "tstamp": 0.0, "dist": 0.8564013971838167}, "_child2": {"label": 13, "event": "S", "tstamp": 0.1112216909031375, "dist": 0.7451797062806792, "_child0": {"label": 14, "event": "S", "tstamp": 0.0, "dist": 0.1112216909031375}, "_child1": {"label": 15, "event": "S", "tstamp": 0.0, "dist": 0.1112216909031375}}}, "_child1": {"label": 3, "event": "S", "tstamp": 0.7638960886042695, "dist": 0.19424651987263475, "_child0": {"label": 7, "event": "S", "tstamp": 0.5254794501716773, "dist": 0.2384166384325922, "_child0": {"label": 8, "event": "S", "tstamp": 0.0, "dist": 0.5254794501716773}, "_child1": {"label": 9, "event": "S", "tstamp": 0.0, "dist": 0.5254794501716773}}, "_child1": {"label": 6, "event": "S", "tstamp": 0.0, "dist": 0.7638960886042695}}}}