{"label": 1, "event": "S", "reconc": 1, "tstamp": 0.9016635433311445, "transferred": 0, "dist": 0.0, "_child0": {"label": 3, "event": "H", "reconc": [1, 3], "tstamp": 0.8775495824330835, "transferred": 0, "dist": 0.020149149229421227, "_child0": {"label": 5, "event": "S", "reconc": 2, "tstamp": 0.8433310602027833, "transferred": 1, "dist": 0.04883696104265106, "_child0": {"label": 13, "event": "S", "reconc": 7, "tstamp": 0.0, "transferred": 0, "dist": 1.930466646529058}, "_child1": {"label": 9, "event": "S", "reconc": 5, "tstamp": 0.7287695850041891, "transferred": 0, "dist": 0.16615753944631587, "_child0": {"label": 22, "event": "D", "reconc": [9, 10], "tstamp": 0.5645361244695871, "transferred": 0, "dist": 0.3838477095052238, "_child0": {"label": 24, "event": "S", "reconc": 10, "tstamp": 0.0, "transferred": 0, "dist": 0.7620480805313293}, "_child1": {"label": 25, "event": "S", "reconc": 10, "tstamp": 0.0, "transferred": 0, "dist": 0.5985283797065415}}, "_child1": {"label": 19, "event": "S", "reconc": 8, "tstamp": 0.0, "transferred": 0, "dist": 0.8827514573395953}}}, "_child1": {"label": 14, "event": "S", "reconc": 3, "tstamp": 0.3580914030827241, "transferred": 0, "dist": 0.43404899006099995, "_child0": {"label": 30, "event": "S", "reconc": 13, "tstamp": 0.2604827308563975, "transferred": 0, "dist": 0.05581570952911471, "_child0": {"label": 33, "event": "H", "reconc": [13, 15], "tstamp": 0.037815214820435386, "transferred": 0, "dist": 0.1452826442300261, "_child0": {"label": 45, "event": "S", "reconc": 11, "tstamp": 0.0, "transferred": 1, "dist": 0.05775323162970704}, "_child1": {"label": 44, "event": "S", "reconc": 15, "tstamp": 0.0, "transferred": 0, "dist": 0.024673084332391026}}, "_child1": {"label": 32, "event": "S", "reconc": 14, "tstamp": 0.0, "transferred": 0, "dist": 0.1392061399183752}}, "_child1": {"label": 31, "event": "S", "reconc": 12, "tstamp": 0.192291665846416, "transferred": 0, "dist": 0.09398172167834748, "_child0": {"label": 34, "event": "S", "reconc": 17, "tstamp": 0.16544789670382817, "transferred": 0, "dist": 0.014590017580073956, "_child0": {"label": 37, "event": "H", "reconc": [17, 19], "tstamp": 0.061220918896521585, "transferred": 0, "dist": 0.060198467714971046, "_child0": {"label": 43, "event": "S", "reconc": 15, "tstamp": 0.0, "transferred": 1, "dist": 0.04010105433972936}, "_child1": {"label": 42, "event": "S", "reconc": 19, "tstamp": 0.0, "transferred": 0, "dist": 0.035359420249972545}}, "_child1": {"label": 36, "event": "S", "reconc": 18, "tstamp": 0.0, "transferred": 0, "dist": 0.07804754201990353}}, "_child1": {"label": 35, "event": "S", "reconc": 16, "tstamp": 0.0, "transferred": 0, "dist": 0.11414451054615554}}}}, "_child1": {"label": 2, "event": "S", "reconc": 2, "tstamp": 0.8433310602027833, "transferred": 0, "dist": 0.06356177283919022, "_child0": {"label": 6, "event": "S", "reconc": 4, "tstamp": 0.8336480946271401, "transferred": 0, "dist": 0.01034411661065966, "_child0": {"label": 11, "event": "D", "reconc": [4, 7], "tstamp": 0.3773081233782414, "transferred": 0, "dist": 0.4164849430604428, "_child0": {"label": 26, "event": "S", "reconc": 7, "tstamp": 0.0, "transferred": 0, "dist": 0.5791652487205465}, "_child1": {"label": 27, "event": "S", "reconc": 7, "tstamp": 0.0, "transferred": 0, "dist": 0.34435544151735015}}, "_child1": {"label": 10, "event": "H", "reconc": [4, 6], "tstamp": 0.3771045987750206, "transferred": 0, "dist": 0.39605241536230756, "_child0": {"label": 28, "event": "S", "reconc": 6, "tstamp": 0.0, "transferred": 0, "dist": 0.32713900985560923}, "_child1": {"label": 29, "event": "S", "reconc": 10, "tstamp": 0.0, "transferred": 1, "dist": 0.3699090827621459}}}, "_child1": {"label": 7, "event": "S", "reconc": 5, "tstamp": 0.7287695850041891, "transferred": 0, "dist": 0.12309485610918951, "_child0": {"label": 16, "event": "S", "reconc": 9, "tstamp": 0.7089998902477396, "transferred": 0, "dist": 0.020490083847927828, "_child0": {"label": 20, "event": "D", "reconc": [9, 10], "tstamp": 0.06441008065899256, "transferred": 0, "dist": 0.622073101132496, "_child0": {"label": 40, "event": "S", "reconc": 10, "tstamp": 0.0, "transferred": 0, "dist": 0.062160117990846364}, "_child1": {"label": 41, "event": "S", "reconc": 10, "tstamp": 0.0, "transferred": 0, "dist": 0.062160117990846364}}, "_child1": {"label": 21, "event": "S", "reconc": 11, "tstamp": 0.0, "transferred": 0, "dist": 0.8868576288715027}}, "_child1": {"label": 17, "event": "D", "reconc": [5, 8], "tstamp": 0.08446962456688872, "transferred": 0, "dist": 0.5981127580636746, "_child0": {"label": 38, "event": "S", "reconc": 8, "tstamp": 0.0, "transferred": 0, "dist": 0.0806331693335222}, "_child1": {"label": 39, "event": "S", "reconc": 8, "tstamp": 0.0, "transferred": 0, "dist": 0.11328696648460308}}}}}