{"label": 1, "event": "S", "reconc": 1, "tstamp": 0.7729628829465349, "transferred": 0, "dist": 0.0, "_child0": {"label": 4, "event": "S", "reconc": 4, "tstamp": 0.5452869543766614, "transferred": 0, "dist": 0.22132942113823073, "_child0": {"label": 8, "event": "H", "reconc": [4, 6], "tstamp": 0.4092449563237088, "transferred": 0, "dist": 0.09019589540768877, "_child0": {"label": 10, "event": "S", "reconc": 6, "tstamp": 0.1975635146109941, "transferred": 0, "dist": 0.1403448747425567, "_child0": {"label": 12, "event": "H", "reconc": [6, 8], "tstamp": 0.18203077739843299, "transferred": 0, "dist": 0.007543097267682719, "_child0": {"label": 14, "event": "S", "reconc": 8, "tstamp": 0.0, "transferred": 0, "dist": 0.0883988340778657}, "_child1": {"label": 15, "event": "S", "reconc": 7, "tstamp": 0.0, "transferred": 1, "dist": 0.3538643178079634}}, "_child1": {"label": 18, "event": "S", "reconc": 9, "tstamp": 0.0, "transferred": 0, "dist": 0.09476984695098725}}, "_child1": {"label": 11, "event": "D", "reconc": [4, 7], "tstamp": 0.16643174373334177, "transferred": 1, "dist": 0.25685523445455877, "_child0": {"label": 16, "event": "D", "reconc": [4, 7], "tstamp": 0.07972148662675778, "transferred": 0, "dist": 0.07510382073829824, "_child0": {"label": 20, "event": "D", "reconc": [4, 7], "tstamp": 0.05013785482031157, "transferred": 0, "dist": 0.032197905772445724, "_child0": {"label": 23, "event": "D", "reconc": [4, 7], "tstamp": 0.006383800674448402, "transferred": 0, "dist": 0.04124201748138655, "_child0": {"label": 24, "event": "S", "reconc": 7, "tstamp": 0.0, "transferred": 0, "dist": 0.019137416601160445}, "_child1": {"label": 25, "event": "S", "reconc": 7, "tstamp": 0.0, "transferred": 0, "dist": 0.0071036914942677705}}, "_child1": {"label": 22, "event": "S", "reconc": 7, "tstamp": 0.0, "transferred": 0, "dist": 0.0696195854652217}}, "_child1": {"label": 21, "event": "S", "reconc": 7, "tstamp": 0.0, "transferred": 0, "dist": 0.11797343114179058}}, "_child1": {"label": 17, "event": "S", "reconc": 7, "tstamp": 0.0, "transferred": 0, "dist": 0.2546627246246603}}}, "_child1": {"label": 9, "event": "S", "reconc": 7, "tstamp": 0.0, "transferred": 0, "dist": 0.47149171109280197}}, "_child1": {"label": 3, "event": "S", "reconc": 3, "tstamp": 0.0, "transferred": 0, "dist": 1.3040072440475212}}