{"label": 0, "event": null, "tstamp": 1.0, "dist": 0.0, "_child0": {"label": 1, "event": "S", "tstamp": 0.8961951588804111, "dist": 0.10380484111958888, "_child0": {"label": 3, "event": "S", "tstamp": 0.817974155431477, "dist": 0.07822100344893412, "_child0": {"label": 5, "event": "S", "tstamp": 0.6094087544547091, "dist": 0.2085654009767679, "_child0": {"label": 6, "event": "S", "tstamp": 0.5617521116738321, "dist": 0.047656642780877, "_child0": {"label": 9, "event": "S", "tstamp": 0.551299469770867, "dist": 0.010452641902965132, "_child0": {"label": 10, "event": "S", "tstamp": 0.4385376619547327, "dist": 0.11276180781613426, "_child0": {"label": 15, "event": "S", "tstamp": 0.0, "dist": 0.4385376619547327}, "_child1": {"label": 14, "event": "S", "tstamp": 0.0, "dist": 0.4385376619547327}, "_child2": {"label": 12, "event": "S", "tstamp": 0.3101888559032039, "dist": 0.12834880605152882, "_child0": {"label": 17, "event": "S", "tstamp": 0.17989556209667062, "dist": 0.13029329380653326, "_child0": {"label": 18, "event": "S", "tstamp": 0.09207381681125433, "dist": 0.0878217452854163, "_child0": {"label": 21, "event": "S", "tstamp": 0.0901609027902513, "dist": 0.0019129140210030343, "_child0": {"label": 22, "event": "S", "tstamp": 0.0, "dist": 0.0901609027902513}, "_child1": {"label": 23, "event": "S", "tstamp": 0.0, "dist": 0.0901609027902513}}, "_child1": {"label": 20, "event": "S", "tstamp": 0.0, "dist": 0.09207381681125433}}, "_child1": {"label": 25, "event": "S", "tstamp": 0.0, "dist": 0.17989556209667062}, "_child2": {"label": 24, "event": "S", "tstamp": 0.0, "dist": 0.17989556209667062}}, "_child1": {"label": 16, "event": "S", "tstamp": 0.0, "dist": 0.3101888559032039}}}, "_child1": {"label": 11, "event": "S", "tstamp": 0.0, "dist": 0.551299469770867}}, "_child1": {"label": 8, "event": "S", "tstamp": 0.0, "dist": 0.5617521116738321}}, "_child1": {"label": 7, "event": "S", "tstamp": 0.0, "dist": 0.6094087544547091}}, "_child1": {"label": 4, "event": "S", "tstamp": 0.0, "dist": 0.817974155431477}}, "_child1": {"label": 2, "event": "S", "tstamp": 0.0, "dist": 0.8961951588804111}}}