{"label": 0, "event": null, "tstamp": 1.0, "dist": 0.0, "_child0": {"label": 1, "event": "S", "tstamp": 0.9200490185026903, "dist": 0.07995098149730973, "_child0": {"label": 2, "event": "S", "tstamp": 0.5945418720790158, "dist": 0.3255071464236745, "_child0": {"label": 4, "event": "S", "tstamp": 0.5733007873911806, "dist": 0.021241084687835143, "_child0": {"label": 7, "event": "S", "tstamp": 0.10433093321983096, "dist": 0.4689698541713497, "_child0": {"label": 17, "event": "S", "tstamp": 0.09959607530892306, "dist": 0.0047348579109079, "_child0": {"label": 18, "event": "S", "tstamp": 0.0, "dist": 0.09959607530892306}, "_child1": {"label": 19, "event": "S", "tstamp": 0.0, "dist": 0.09959607530892306}}, "_child1": {"label": 16, "event": "S", "tstamp": 0.0, "dist": 0.10433093321983096}}, "_child1": {"label": 6, "event": "S", "tstamp": 0.0, "dist": 0.5733007873911806}}, "_child1": {"label": 5, "event": "S", "tstamp": 0.0, "dist": 0.5945418720790158}}, "_child1": {"label": 3, "event": "S", "tstamp": 0.4351028941402823, "dist": 0.48494612436240797, "_child0": {"label": 9, "event": "S", "tstamp": 0.40646946503987585, "dist": 0.02863342910040645, "_child0": {"label": 10, "event": "S", "tstamp": 0.0, "dist": 0.40646946503987585}, "_child1": {"label": 11, "event": "S", "tstamp": 0.0, "dist": 0.40646946503987585}}, "_child1": {"label": 12, "event": "S", "tstamp": 0.0, "dist": 0.4351028941402823}, "_child2": {"label": 13, "event": "S", "tstamp": 0.21751375994660033, "dist": 0.21758913419368198, "_child0": {"label": 14, "event": "S", "tstamp": 0.0, "dist": 0.21751375994660033}, "_child1": {"label": 15, "event": "S", "tstamp": 0.0, "dist": 0.21751375994660033}}}}}