{"label": 1, "event": "S", "reconc": 1, "tstamp": 0.9396398607996553, "transferred": 0, "dist": 0.0, "_child0": {"label": 3, "event": "D", "reconc": [1, 5], "tstamp": 0.5161568971045547, "transferred": 0, "dist": 0.43112979451633926, "_child0": {"label": 5, "event": "S", "reconc": 5, "tstamp": 0.3590543884125744, "transferred": 0, "dist": 0.15993930830034583, "_child0": {"label": 7, "event": "S", "reconc": 7, "tstamp": 0.3516006762484731, "transferred": 0, "dist": 0.006973373844239369, "_child0": {"label": 11, "event": "S", "reconc": 9, "tstamp": 0.32184020220551013, "transferred": 0, "dist": 0.028900610778908317, "_child0": {"label": 19, "event": "S", "reconc": 10, "tstamp": 0.0, "transferred": 0, "dist": 0.31276186295100145}, "_child1": {"label": 20, "event": "S", "reconc": 11, "tstamp": 0.0, "transferred": 0, "dist": 0.3439300652387188}}, "_child1": {"label": 14, "event": "S", "reconc": 26, "tstamp": 0.08251539545728058, "transferred": 0, "dist": 0.2187854659554616, "_child0": {"label": 44, "event": "D", "reconc": [26, 29], "tstamp": 0.04173993318050383, "transferred": 0, "dist": 0.03307656634987036, "_child0": {"label": 53, "event": "S", "reconc": 29, "tstamp": 0.0, "transferred": 0, "dist": 0.12191281739262974}, "_child1": {"label": 54, "event": "S", "reconc": 29, "tstamp": 0.0, "transferred": 0, "dist": 0.03385893358885116}}, "_child1": {"label": 43, "event": "S", "reconc": 28, "tstamp": 0.0, "transferred": 0, "dist": 0.057177622386520674}}, "_child2": {"label": 13, "event": "D", "reconc": [7, 27], "tstamp": 0.04524453228060105, "transferred": 0, "dist": 0.2560668091742528, "_child0": {"label": 51, "event": "S", "reconc": 27, "tstamp": 0.0, "transferred": 0, "dist": 0.15608299275118065}, "_child1": {"label": 52, "event": "S", "reconc": 27, "tstamp": 0.0, "transferred": 0, "dist": 0.0378174984957703}}, "_child3": {"label": 12, "event": "S", "reconc": 24, "tstamp": 0.0, "transferred": 0, "dist": 0.2903233126114851}}, "_child1": {"label": 8, "event": "S", "reconc": 6, "tstamp": 0.23403667806594872, "transferred": 0, "dist": 0.13010055775054827, "_child0": {"label": 25, "event": "S", "reconc": 17, "tstamp": 0.21139028523050285, "transferred": 0, "dist": 0.02550046854938734, "_child0": {"label": 29, "event": "S", "reconc": 18, "tstamp": 0.19146979208035073, "transferred": 0, "dist": 0.022397448105851578, "_child0": {"label": 33, "event": "S", "reconc": 21, "tstamp": 0.12689462740461255, "transferred": 0, "dist": 0.07139615067999862, "_child0": {"label": 38, "event": "D", "reconc": [21, 23], "tstamp": 0.10891626973105382, "transferred": 0, "dist": 0.019279618590207943, "_child0": {"label": 41, "event": "S", "reconc": 23, "tstamp": 0.0, "transferred": 0, "dist": 0.12001202950917891}, "_child1": {"label": 42, "event": "S", "reconc": 23, "tstamp": 0.0, "transferred": 0, "dist": 0.11697950668031597}}, "_child1": {"label": 37, "event": "S", "reconc": 22, "tstamp": 0.0, "transferred": 0, "dist": 0.1506191768973754}}, "_child1": {"label": 34, "event": "S", "reconc": 20, "tstamp": 0.0, "transferred": 0, "dist": 0.20756197938181303}}, "_child1": {"label": 30, "event": "D", "reconc": [17, 19], "tstamp": 0.04087846557493681, "transferred": 0, "dist": 0.16843312233296134, "_child0": {"label": 57, "event": "S", "reconc": 19, "tstamp": 0.0, "transferred": 0, "dist": 0.2296093600019419}, "_child1": {"label": 58, "event": "S", "reconc": 19, "tstamp": 0.0, "transferred": 0, "dist": 0.04227877228873661}}}, "_child1": {"label": 26, "event": "S", "reconc": 16, "tstamp": 0.0, "transferred": 0, "dist": 0.31315566673411005}}}, "_child1": {"label": 6, "event": "S", "reconc": 5, "tstamp": 0.3590543884125744, "transferred": 0, "dist": 0.15993930830034583, "_child0": {"label": 9, "event": "S", "reconc": 7, "tstamp": 0.3516006762484731, "transferred": 0, "dist": 0.006973373844239369, "_child0": {"label": 15, "event": "S", "reconc": 9, "tstamp": 0.32184020220551013, "transferred": 0, "dist": 0.028900610778908317, "_child0": {"label": 21, "event": "S", "reconc": 10, "tstamp": 0.0, "transferred": 0, "dist": 0.31276186295100145}, "_child1": {"label": 22, "event": "S", "reconc": 11, "tstamp": 0.0, "transferred": 0, "dist": 0.3439300652387188}}, "_child1": {"label": 16, "event": "D", "reconc": [7, 24], "tstamp": 0.23637608223014753, "transferred": 0, "dist": 0.09514312141445735, "_child0": {"label": 23, "event": "S", "reconc": 24, "tstamp": 0.0, "transferred": 0, "dist": 0.19518019119702776}, "_child1": {"label": 24, "event": "S", "reconc": 24, "tstamp": 0.0, "transferred": 0, "dist": 0.19518019119702776}}, "_child2": {"label": 18, "event": "S", "reconc": 26, "tstamp": 0.08251539545728058, "transferred": 0, "dist": 0.2187854659554616, "_child0": {"label": 46, "event": "D", "reconc": [26, 29], "tstamp": 0.08218964460805926, "transferred": 0, "dist": 0.00026424518512282243, "_child0": {"label": 47, "event": "S", "reconc": 29, "tstamp": 0.0, "transferred": 0, "dist": 0.18871754807087499}, "_child1": {"label": 48, "event": "S", "reconc": 29, "tstamp": 0.0, "transferred": 0, "dist": 0.0666712547535987}}, "_child1": {"label": 45, "event": "S", "reconc": 28, "tstamp": 0.0, "transferred": 0, "dist": 0.057177622386520674}}, "_child3": {"label": 17, "event": "S", "reconc": 27, "tstamp": 0.0, "transferred": 0, "dist": 0.29388430767002305}}, "_child1": {"label": 10, "event": "S", "reconc": 6, "tstamp": 0.23403667806594872, "transferred": 0, "dist": 0.13010055775054827, "_child0": {"label": 27, "event": "S", "reconc": 17, "tstamp": 0.21139028523050285, "transferred": 0, "dist": 0.02550046854938734, "_child0": {"label": 31, "event": "S", "reconc": 18, "tstamp": 0.19146979208035073, "transferred": 0, "dist": 0.022397448105851578, "_child0": {"label": 39, "event": "S", "reconc": 22, "tstamp": 0.0, "transferred": 0, "dist": 0.22201532757737402}, "_child1": {"label": 36, "event": "S", "reconc": 20, "tstamp": 0.0, "transferred": 0, "dist": 0.20756197938181303}}, "_child1": {"label": 32, "event": "D", "reconc": [17, 19], "tstamp": 0.0409859572117473, "transferred": 0, "dist": 0.1683269411189596, "_child0": {"label": 55, "event": "S", "reconc": 19, "tstamp": 0.0, "transferred": 0, "dist": 0.04048630035691724}, "_child1": {"label": 56, "event": "S", "reconc": 19, "tstamp": 0.0, "transferred": 0, "dist": 0.04048630035691724}}}, "_child1": {"label": 28, "event": "D", "reconc": [6, 16], "tstamp": 0.05549381144074565, "transferred": 0, "dist": 0.23890148715441736, "_child0": {"label": 49, "event": "S", "reconc": 16, "tstamp": 0.0, "transferred": 0, "dist": 0.22491089396407632}, "_child1": {"label": 50, "event": "S", "reconc": 16, "tstamp": 0.0, "transferred": 0, "dist": 0.07677995154063089}}}}}, "_child1": {"label": 4, "event": "S", "reconc": 2, "tstamp": 0.0, "transferred": 0, "dist": 0.9152451903495358}}