{"label": 0, "event": null, "tstamp": 1.0, "dist": 0.0, "_child0": {"label": 1, "event": "S", "tstamp": 0.6065161997813668, "dist": 0.39348380021863316, "_child0": {"label": 2, "event": "S", "tstamp": 0.1530609405853385, "dist": 0.45345525919602836, "_child0": {"label": 4, "event": "S", "tstamp": 0.10899643011025895, "dist": 0.04406451047507956, "_child0": {"label": 7, "event": "S", "tstamp": 0.09200930024364826, "dist": 0.01698712986661069, "_child0": {"label": 8, "event": "S", "tstamp": 0.0, "dist": 0.09200930024364826}, "_child1": {"label": 9, "event": "S", "tstamp": 0.0, "dist": 0.09200930024364826}}, "_child1": {"label": 6, "event": "S", "tstamp": 0.0, "dist": 0.10899643011025895}}, "_child1": {"label": 5, "event": "S", "tstamp": 0.0, "dist": 0.1530609405853385}}, "_child1": {"label": 3, "event": "S", "tstamp": 0.0, "dist": 0.6065161997813668}}}