{"label": 0, "event": null, "tstamp": 1.0, "dist": 0.0, "_child0": {"label": 1, "event": "S", "tstamp": 0.6220382611495565, "dist": 0.3779617388504435, "_child0": {"label": 3, "event": "S", "tstamp": 0.5793452356815767, "dist": 0.04269302546797982, "_child0": {"label": 5, "event": "S", "tstamp": 0.43832933619067493, "dist": 0.14101589949090176, "_child0": {"label": 6, "event": "S", "tstamp": 0.0, "dist": 0.43832933619067493}, "_child1": {"label": 7, "event": "S", "tstamp": 0.0, "dist": 0.43832933619067493}}, "_child1": {"label": 4, "event": "S", "tstamp": 0.0, "dist": 0.5793452356815767}}, "_child1": {"label": 9, "event": "S", "tstamp": 0.0, "dist": 0.6220382611495565}, "_child2": {"label": 8, "event": "S", "tstamp": 0.33933347456646745, "dist": 0.28270478658308906, "_child0": {"label": 10, "event": "S", "tstamp": 0.2529566774893868, "dist": 0.08637679707708062, "_child0": {"label": 12, "event": "S", "tstamp": 0.0, "dist": 0.2529566774893868}, "_child1": {"label": 13, "event": "S", "tstamp": 0.0, "dist": 0.2529566774893868}}, "_child1": {"label": 11, "event": "S", "tstamp": 0.015515817300682747, "dist": 0.3238176572657847, "_child0": {"label": 14, "event": "S", "tstamp": 0.0, "dist": 0.015515817300682747}, "_child1": {"label": 15, "event": "S", "tstamp": 0.0, "dist": 0.015515817300682747}}}}}