{"label": 1, "event": "S", "reconc": 1, "tstamp": 0.772593694380112, "transferred": 0, "dist": 0.0, "_child0": {"label": 2, "event": "S", "reconc": 3, "tstamp": 0.623006188871456, "transferred": 0, "dist": 0.12971828012976103, "_child0": {"label": 4, "event": "S", "reconc": 5, "tstamp": 0.5159489295591163, "transferred": 0, "dist": 0.07704887418230871, "_child0": {"label": 13, "event": "S", "reconc": 10, "tstamp": 0.0, "transferred": 0, "dist": 0.24864073400856104}, "_child1": {"label": 8, "event": "D", "reconc": [5, 8], "tstamp": 0.32927218003387404, "transferred": 0, "dist": 0.14235308142410524, "_child0": {"label": 15, "event": "D", "reconc": [5, 8], "tstamp": 0.11458420939411594, "transferred": 0, "dist": 0.1637134471378017, "_child0": {"label": 19, "event": "D", "reconc": [5, 8], "tstamp": 0.10981907593824206, "transferred": 0, "dist": 0.0057412295518984606, "_child0": {"label": 22, "event": "D", "reconc": [5, 8], "tstamp": 0.098982778232329, "transferred": 0, "dist": 0.03115700100375841, "_child0": {"label": 23, "event": "S", "reconc": 8, "tstamp": 0.0, "transferred": 0, "dist": 0.08300878562142902}, "_child1": {"label": 24, "event": "S", "reconc": 8, "tstamp": 0.0, "transferred": 0, "dist": 0.07573375406743807}}, "_child1": {"label": 21, "event": "S", "reconc": 8, "tstamp": 0.0, "transferred": 0, "dist": 0.09489960096713118}}, "_child1": {"label": 20, "event": "S", "reconc": 8, "tstamp": 0.0, "transferred": 0, "dist": 0.21962300028314843}}, "_child1": {"label": 16, "event": "S", "reconc": 8, "tstamp": 0.0, "transferred": 0, "dist": 0.6334575233457799}}, "_child2": {"label": 10, "event": "S", "reconc": 6, "tstamp": 0.0, "transferred": 0, "dist": 0.24299739830960293}}, "_child1": {"label": 5, "event": "D", "reconc": [3, 12], "tstamp": 0.45551602457080276, "transferred": 0, "dist": 0.13925161007142517, "_child0": {"label": 11, "event": "S", "reconc": 12, "tstamp": 0.0, "transferred": 0, "dist": 0.6838173529406963}, "_child1": {"label": 12, "event": "S", "reconc": 12, "tstamp": 0.0, "transferred": 0, "dist": 1.3446949747703631}}, "_child2": {"label": 6, "event": "S", "reconc": 15, "tstamp": 0.0, "transferred": 0, "dist": 0.6128503843587407}, "_child3": {"label": 7, "event": "S", "reconc": 14, "tstamp": 0.0, "transferred": 0, "dist": 0.4443589139421425}}, "_child1": {"label": 3, "event": "D", "reconc": [1, 2], "tstamp": 0.21033919366805004, "transferred": 0, "dist": 0.5742615515427278, "_child0": {"label": 17, "event": "D", "reconc": [1, 2], "tstamp": 0.08351156503645808, "transferred": 0, "dist": 0.12953605654418984, "_child0": {"label": 26, "event": "D", "reconc": [1, 2], "tstamp": 0.06420311314971089, "transferred": 0, "dist": 0.16534020315236342, "_child0": {"label": 27, "event": "S", "reconc": 2, "tstamp": 0.0, "transferred": 0, "dist": 0.07320559236270327}, "_child1": {"label": 28, "event": "S", "reconc": 2, "tstamp": 0.0, "transferred": 0, "dist": 0.2076918231113399}}, "_child1": {"label": 25, "event": "S", "reconc": 2, "tstamp": 0.0, "transferred": 0, "dist": 0.08529497024721462}}, "_child1": {"label": 18, "event": "S", "reconc": 2, "tstamp": 0.0, "transferred": 0, "dist": 0.21483102679140445}}}