{"label": 1, "event": "S", "reconc": 1, "tstamp": 0.47547536003115537, "transferred": 0, "dist": 0.0, "_child0": {"label": 2, "event": "S", "reconc": 2, "tstamp": 0.4442537500454999, "transferred": 0, "dist": 0.027467205276454233, "_child0": {"label": 4, "event": "S", "reconc": 5, "tstamp": 0.43014285609155334, "transferred": 0, "dist": 0.012037645091240588, "_child0": {"label": 6, "event": "S", "reconc": 7, "tstamp": 0.3849582409318072, "transferred": 0, "dist": 0.039074722832412256, "_child0": {"label": 8, "event": "S", "reconc": 8, "tstamp": 0.0, "transferred": 0, "dist": 0.3301886025552292}, "_child1": {"label": 9, "event": "S", "reconc": 9, "tstamp": 0.0, "transferred": 0, "dist": 0.4475550203418138}}, "_child1": {"label": 7, "event": "H", "reconc": [5, 6], "tstamp": 0.36048698181195304, "transferred": 0, "dist": 0.057706017310552415, "_child0": {"label": 11, "event": "S", "reconc": 4, "tstamp": 0.13684493380445947, "transferred": 1, "dist": 0.16687648169255975, "_child0": {"label": 16, "event": "S", "reconc": 10, "tstamp": 0.0, "transferred": 0, "dist": 0.10606071896401534}, "_child1": {"label": 17, "event": "S", "reconc": 11, "tstamp": 0.0, "transferred": 0, "dist": 0.11600819993425833}}, "_child1": {"label": 10, "event": "H", "reconc": [5, 6], "tstamp": 0.06867111130540784, "transferred": 0, "dist": 0.241753216783273, "_child0": {"label": 23, "event": "H", "reconc": [7, 8], "tstamp": 0.04485767278949196, "transferred": 1, "dist": 0.05610255331633101, "_child0": {"label": 26, "event": "S", "reconc": 8, "tstamp": 0.0, "transferred": 0, "dist": 0.10568108329408185}, "_child1": {"label": 27, "event": "S", "reconc": 6, "tstamp": 0.0, "transferred": 1, "dist": 0.05811029108630081}}, "_child1": {"label": 22, "event": "S", "reconc": 6, "tstamp": 0.0, "transferred": 0, "dist": 0.05689019596277295}}}}, "_child1": {"label": 5, "event": "H", "reconc": [2, 4], "tstamp": 0.26422857589474014, "transferred": 0, "dist": 0.13341990988108676, "_child0": {"label": 12, "event": "D", "reconc": [2, 4], "tstamp": 0.23096400936860814, "transferred": 0, "dist": 0.024652971391841402, "_child0": {"label": 14, "event": "S", "reconc": 4, "tstamp": 0.13684493380445947, "transferred": 0, "dist": 0.06975334776981754, "_child0": {"label": 18, "event": "S", "reconc": 10, "tstamp": 0.0, "transferred": 0, "dist": 0.09384212460922017}, "_child1": {"label": 19, "event": "S", "reconc": 11, "tstamp": 0.0, "transferred": 0, "dist": 0.09939966662799093}}, "_child1": {"label": 15, "event": "S", "reconc": 4, "tstamp": 0.13684493380445947, "transferred": 0, "dist": 0.06975334776981754, "_child0": {"label": 20, "event": "S", "reconc": 10, "tstamp": 0.0, "transferred": 0, "dist": 0.09384212460922017}, "_child1": {"label": 21, "event": "S", "reconc": 11, "tstamp": 0.0, "transferred": 0, "dist": 0.09939966662799093}}}, "_child1": {"label": 13, "event": "S", "reconc": 6, "tstamp": 0.0, "transferred": 1, "dist": 0.2631217747611733}}}, "_child1": {"label": 3, "event": "S", "reconc": 3, "tstamp": 0.06151245097737232, "transferred": 0, "dist": 0.43800081786929224, "_child0": {"label": 24, "event": "S", "reconc": 13, "tstamp": 0.006451045104988186, "transferred": 0, "dist": 0.06039682061797809, "_child0": {"label": 28, "event": "S", "reconc": 14, "tstamp": 0.0, "transferred": 0, "dist": 0.006318425573756263}, "_child1": {"label": 29, "event": "S", "reconc": 15, "tstamp": 0.0, "transferred": 0, "dist": 0.006482335802031011}}, "_child1": {"label": 25, "event": "S", "reconc": 12, "tstamp": 0.0, "transferred": 0, "dist": 0.06588663438561525}}}