{"label": 0, "event": null, "tstamp": 1.0, "dist": 0.0, "_child0": {"label": 1, "event": "S", "tstamp": 0.9722709347983388, "dist": 0.027729065201661185, "_child0": {"label": 3, "event": "S", "tstamp": 0.9101635176389289, "dist": 0.06210741715940993, "_child0": {"label": 5, "event": "S", "tstamp": 0.7519012589483485, "dist": 0.15826225869058042, "_child0": {"label": 7, "event": "S", "tstamp": 0.26000042184933325, "dist": 0.4919008370990152, "_child0": {"label": 15, "event": "S", "tstamp": 0.2295325901283302, "dist": 0.030467831721003064, "_child0": {"label": 16, "event": "S", "tstamp": 0.13240236042100326, "dist": 0.09713022970732693, "_child0": {"label": 19, "event": "S", "tstamp": 0.11488268957793145, "dist": 0.017519670843071808, "_child0": {"label": 21, "event": "S", "tstamp": 0.08180444753391057, "dist": 0.03307824204402088, "_child0": {"label": 22, "event": "S", "tstamp": 0.0, "dist": 0.08180444753391057}, "_child1": {"label": 23, "event": "S", "tstamp": 0.0, "dist": 0.08180444753391057}}, "_child1": {"label": 20, "event": "S", "tstamp": 0.00751751864921389, "dist": 0.10736517092871756, "_child0": {"label": 24, "event": "S", "tstamp": 0.0, "dist": 0.00751751864921389}, "_child1": {"label": 25, "event": "S", "tstamp": 0.0, "dist": 0.00751751864921389}}}, "_child1": {"label": 18, "event": "S", "tstamp": 0.0, "dist": 0.13240236042100326}}, "_child1": {"label": 17, "event": "S", "tstamp": 0.0, "dist": 0.2295325901283302}}, "_child1": {"label": 14, "event": "S", "tstamp": 0.0, "dist": 0.26000042184933325}}, "_child1": {"label": 6, "event": "S", "tstamp": 0.0, "dist": 0.7519012589483485}}, "_child1": {"label": 4, "event": "S", "tstamp": 0.4526722458914097, "dist": 0.4574912717475192, "_child0": {"label": 11, "event": "S", "tstamp": 0.37550440710773547, "dist": 0.07716783878367423, "_child0": {"label": 12, "event": "S", "tstamp": 0.0, "dist": 0.37550440710773547}, "_child1": {"label": 13, "event": "S", "tstamp": 0.0, "dist": 0.37550440710773547}}, "_child1": {"label": 10, "event": "S", "tstamp": 0.0, "dist": 0.4526722458914097}}}, "_child1": {"label": 2, "event": "S", "tstamp": 0.722016913808285, "dist": 0.2502540209900538, "_child0": {"label": 8, "event": "S", "tstamp": 0.0, "dist": 0.722016913808285}, "_child1": {"label": 9, "event": "S", "tstamp": 0.0, "dist": 0.722016913808285}}}}