{"label": 0, "event": null, "tstamp": 1.0, "dist": 0.0, "_child0": {"label": 1, "event": "S", "tstamp": 0.959351473506814, "dist": 0.040648526493185955, "_child0": {"label": 3, "event": "S", "tstamp": 0.7816357681912407, "dist": 0.17771570531557335, "_child0": {"label": 5, "event": "S", "tstamp": 0.6908605680376013, "dist": 0.09077520015363938, "_child0": {"label": 7, "event": "S", "tstamp": 0.5948996391658156, "dist": 0.09596092887178576, "_child0": {"label": 9, "event": "S", "tstamp": 0.4403598886188034, "dist": 0.1545397505470122, "_child0": {"label": 11, "event": "S", "tstamp": 0.08433439524132462, "dist": 0.35602549337747874, "_child0": {"label": 27, "event": "S", "tstamp": 0.0, "dist": 0.08433439524132462}, "_child1": {"label": 26, "event": "S", "tstamp": 0.0, "dist": 0.08433439524132462}, "_child2": {"label": 24, "event": "S", "tstamp": 0.0, "dist": 0.08433439524132462}}, "_child1": {"label": 10, "event": "S", "tstamp": 0.0, "dist": 0.4403598886188034}}, "_child1": {"label": 12, "event": "S", "tstamp": 0.2520001433523148, "dist": 0.34289949581350077, "_child0": {"label": 17, "event": "S", "tstamp": 0.25086274964024935, "dist": 0.0011373937120654487, "_child0": {"label": 19, "event": "S", "tstamp": 0.21763850905733229, "dist": 0.033224240582917064, "_child0": {"label": 22, "event": "S", "tstamp": 0.0, "dist": 0.21763850905733229}, "_child1": {"label": 23, "event": "S", "tstamp": 0.00792648159949824, "dist": 0.20971202745783404, "_child0": {"label": 28, "event": "S", "tstamp": 0.0, "dist": 0.00792648159949824}, "_child1": {"label": 29, "event": "S", "tstamp": 0.0, "dist": 0.00792648159949824}}, "_child2": {"label": 20, "event": "S", "tstamp": 0.0, "dist": 0.21763850905733229}}, "_child1": {"label": 18, "event": "S", "tstamp": 0.0, "dist": 0.25086274964024935}}, "_child1": {"label": 16, "event": "S", "tstamp": 0.0, "dist": 0.2520001433523148}}, "_child2": {"label": 13, "event": "S", "tstamp": 0.2961787598684477, "dist": 0.29872087929736785, "_child0": {"label": 14, "event": "S", "tstamp": 0.0, "dist": 0.2961787598684477}, "_child1": {"label": 15, "event": "S", "tstamp": 0.0, "dist": 0.2961787598684477}}}, "_child1": {"label": 6, "event": "S", "tstamp": 0.0, "dist": 0.6908605680376013}}, "_child1": {"label": 4, "event": "S", "tstamp": 0.0, "dist": 0.7816357681912407}}, "_child1": {"label": 2, "event": "S", "tstamp": 0.0, "dist": 0.959351473506814}}}