{"label": 2, "event": "S", "reconc": 3, "tstamp": 0.6287602814952865, "transferred": 0, "dist": 0.0, "_child0": {"label": 6, "event": "D", "reconc": [3, 9], "tstamp": 0.5248984345826684, "transferred": 0, "dist": 0.08414895219083163, "_child0": {"label": 12, "event": "H", "reconc": [9, 10], "tstamp": 0.026563120568588602, "transferred": 0, "dist": 0.9678919708169815, "_child0": {"label": 41, "event": "S", "reconc": 12, "tstamp": 0.0, "transferred": 1, "dist": 0.04379971155183855}, "_child1": {"label": 40, "event": "S", "reconc": 10, "tstamp": 0.0, "transferred": 0, "dist": 0.04636160184027277}}, "_child1": {"label": 9, "event": "S", "reconc": 9, "tstamp": 0.4788786490413667, "transferred": 0, "dist": 0.056421623143990435, "_child0": {"label": 14, "event": "S", "reconc": 10, "tstamp": 0.0, "transferred": 0, "dist": 2.797198818400013}, "_child1": {"label": 15, "event": "S", "reconc": 11, "tstamp": 0.0, "transferred": 0, "dist": 0.4841460397004973}}}, "_child1": {"label": 4, "event": "D", "reconc": [3, 6], "tstamp": 0.5189047607827968, "transferred": 0, "dist": 0.11067649898611293, "_child0": {"label": 10, "event": "S", "reconc": 6, "tstamp": 0.46052828087482217, "transferred": 0, "dist": 0.14815783301290258, "_child0": {"label": 17, "event": "D", "reconc": [6, 12], "tstamp": 0.3764069244989795, "transferred": 0, "dist": 0.14026042842010603, "_child0": {"label": 21, "event": "D", "reconc": [6, 12], "tstamp": 0.10594588569402875, "transferred": 0, "dist": 0.5128901915808657, "_child0": {"label": 26, "event": "S", "reconc": 12, "tstamp": 0.0, "transferred": 0, "dist": 0.14030554116358387}, "_child1": {"label": 27, "event": "S", "reconc": 12, "tstamp": 0.0, "transferred": 0, "dist": 0.17311872156318486}}, "_child1": {"label": 20, "event": "S", "reconc": 12, "tstamp": 0.0, "transferred": 0, "dist": 2.667595505347796}}, "_child1": {"label": 16, "event": "S", "reconc": 13, "tstamp": 0.08447720263894067, "transferred": 0, "dist": 0.8473308410128623, "_child0": {"label": 28, "event": "S", "reconc": 15, "tstamp": 0.08158659159016682, "transferred": 0, "dist": 0.009938100883053004, "_child0": {"label": 32, "event": "S", "reconc": 16, "tstamp": 0.0, "transferred": 0, "dist": 0.14600055105072746}, "_child1": {"label": 33, "event": "S", "reconc": 17, "tstamp": 0.0, "transferred": 0, "dist": 0.3322297640658647}}, "_child1": {"label": 29, "event": "S", "reconc": 14, "tstamp": 0.016443866533475425, "transferred": 0, "dist": 0.1782145666499767, "_child0": {"label": 42, "event": "S", "reconc": 18, "tstamp": 0.0, "transferred": 0, "dist": 0.09406244323202681}, "_child1": {"label": 43, "event": "S", "reconc": 19, "tstamp": 0.0, "transferred": 0, "dist": 0.028890677535712905}}}}, "_child1": {"label": 18, "event": "S", "reconc": 13, "tstamp": 0.08447720263894067, "transferred": 0, "dist": 0.8240541602649414, "_child0": {"label": 30, "event": "S", "reconc": 15, "tstamp": 0.08158659159016682, "transferred": 0, "dist": 0.00526995120710391, "_child0": {"label": 35, "event": "D", "reconc": [15, 17], "tstamp": 0.06880922891662715, "transferred": 0, "dist": 0.022893670734720067, "_child0": {"label": 36, "event": "S", "reconc": 17, "tstamp": 0.0, "transferred": 0, "dist": 0.3625654491194662}, "_child1": {"label": 37, "event": "S", "reconc": 17, "tstamp": 0.0, "transferred": 0, "dist": 0.4764961689236709}}, "_child1": {"label": 34, "event": "S", "reconc": 16, "tstamp": 0.0, "transferred": 0, "dist": 0.20231904319933064}}, "_child1": {"label": 31, "event": "S", "reconc": 14, "tstamp": 0.016443866533475425, "transferred": 0, "dist": 0.32169555943497186, "_child0": {"label": 44, "event": "S", "reconc": 18, "tstamp": 0.0, "transferred": 0, "dist": 0.03212290409249111}, "_child1": {"label": 45, "event": "S", "reconc": 19, "tstamp": 0.0, "transferred": 0, "dist": 0.07989520422227024}}}}, "_child2": {"label": 23, "event": "H", "reconc": [3, 8], "tstamp": 0.1324665231741059, "transferred": 1, "dist": 0.5202062675493699, "_child0": {"label": 24, "event": "S", "reconc": 8, "tstamp": 0.0, "transferred": 0, "dist": 0.8694354924694556}, "_child1": {"label": 25, "event": "S", "reconc": 11, "tstamp": 0.0, "transferred": 1, "dist": 0.6137921635912785}}, "_child3": {"label": 5, "event": "H", "reconc": [3, 8], "tstamp": 0.06356552014266265, "transferred": 0, "dist": 0.5128716609839084, "_child0": {"label": 38, "event": "S", "reconc": 8, "tstamp": 0.0, "transferred": 0, "dist": 0.05768092014662855}, "_child1": {"label": 39, "event": "S", "reconc": 10, "tstamp": 0.0, "transferred": 1, "dist": 0.24882147019008943}}}