{"label": 1, "event": "S", "reconc": 1, "tstamp": 0.8661543733991662, "transferred": 0, "dist": 0.0, "_child0": {"label": 5, "event": "D", "reconc": [1, 8], "tstamp": 0.5060479700619925, "transferred": 0, "dist": 0.43003342240661446, "_child0": {"label": 20, "event": "S", "reconc": 8, "tstamp": 0.0, "transferred": 0, "dist": 0.6043145538401317}, "_child1": {"label": 21, "event": "S", "reconc": 8, "tstamp": 0.0, "transferred": 0, "dist": 0.6676681723067107}}, "_child1": {"label": 2, "event": "S", "reconc": 3, "tstamp": 0.7357630395371214, "transferred": 0, "dist": 0.13082418411547858, "_child0": {"label": 8, "event": "D", "reconc": [3, 4], "tstamp": 0.7065147437376236, "transferred": 0, "dist": 0.023922953377382913, "_child0": {"label": 12, "event": "S", "reconc": 4, "tstamp": 0.0, "transferred": 0, "dist": 0.5778770630170867}, "_child1": {"label": 10, "event": "H", "reconc": [3, 4], "tstamp": 0.5625012341315854, "transferred": 0, "dist": 0.11779245189655423, "_child0": {"label": 14, "event": "D", "reconc": [1, 9], "tstamp": 0.5292093631077632, "transferred": 1, "dist": 0.04109703779141087, "_child0": {"label": 18, "event": "S", "reconc": 9, "tstamp": 0.0, "transferred": 0, "dist": 1.3541130066031997}, "_child1": {"label": 19, "event": "S", "reconc": 9, "tstamp": 0.0, "transferred": 0, "dist": 1.4619840030311726}}, "_child1": {"label": 13, "event": "S", "reconc": 4, "tstamp": 0.0, "transferred": 0, "dist": 0.4600846111205325}}}, "_child1": {"label": 16, "event": "D", "reconc": [5, 11], "tstamp": 0.49155993589146124, "transferred": 0, "dist": 0.21969649132958335, "_child0": {"label": 23, "event": "H", "reconc": [5, 11], "tstamp": 0.22625380291045935, "transferred": 0, "dist": 0.709040270125385, "_child0": {"label": 24, "event": "D", "reconc": [5, 11], "tstamp": 0.22508594122243353, "transferred": 0, "dist": 0.0031211527507591145, "_child0": {"label": 26, "event": "S", "reconc": 11, "tstamp": 0.13798994972195885, "transferred": 0, "dist": 0.16806104324210222, "_child0": {"label": 32, "event": "S", "reconc": 14, "tstamp": 0.0, "transferred": 0, "dist": 0.18336432806543515}, "_child1": {"label": 33, "event": "S", "reconc": 12, "tstamp": 0.0, "transferred": 0, "dist": 0.4529098065113207}}, "_child1": {"label": 27, "event": "S", "reconc": 11, "tstamp": 0.13798994972195885, "transferred": 0, "dist": 0.17109214489365915, "_child0": {"label": 34, "event": "S", "reconc": 15, "tstamp": 0.0, "transferred": 0, "dist": 0.11976616834122218}, "_child1": {"label": 35, "event": "S", "reconc": 14, "tstamp": 0.0, "transferred": 0, "dist": 0.48537233113643236}, "_child2": {"label": 36, "event": "S", "reconc": 12, "tstamp": 0.0, "transferred": 0, "dist": 0.09900342789762008}}}, "_child1": {"label": 25, "event": "S", "reconc": 6, "tstamp": 0.0, "transferred": 1, "dist": 0.20961766635449317}}, "_child1": {"label": 22, "event": "S", "reconc": 11, "tstamp": 0.13798994972195885, "transferred": 0, "dist": 0.2943660522172322, "_child0": {"label": 28, "event": "S", "reconc": 15, "tstamp": 0.0, "transferred": 0, "dist": 0.11707290999270165}, "_child1": {"label": 29, "event": "S", "reconc": 14, "tstamp": 0.0, "transferred": 0, "dist": 0.10788299964117296}, "_child2": {"label": 30, "event": "S", "reconc": 12, "tstamp": 0.0, "transferred": 0, "dist": 0.09890856302966251}}}}}