{"label": 0, "event": null, "tstamp": 1.0, "dist": 0.0, "_child0": {"label": 1, "event": "S", "tstamp": 0.49955441934634665, "dist": 0.5004455806536534, "_child0": {"label": 5, "event": "S", "tstamp": 0.0, "dist": 0.49955441934634665}, "_child1": {"label": 4, "event": "S", "tstamp": 0.13248080459448874, "dist": 0.3670736147518579, "_child0": {"label": 6, "event": "S", "tstamp": 0.0599247574628996, "dist": 0.07255604713158914, "_child0": {"label": 8, "event": "S", "tstamp": 0.0, "dist": 0.0599247574628996}, "_child1": {"label": 9, "event": "S", "tstamp": 0.0, "dist": 0.0599247574628996}}, "_child1": {"label": 7, "event": "S", "tstamp": 0.0, "dist": 0.13248080459448874}}, "_child2": {"label": 3, "event": "S", "tstamp": 0.0, "dist": 0.49955441934634665}}}