{"label": 1, "event": "S", "reconc": 1, "tstamp": 0.641484348032582, "transferred": 0, "dist": 0.0, "_child0": {"label": 5, "event": "H", "reconc": [1, 2], "tstamp": 0.6017379986962422, "transferred": 0, "dist": 0.01916815405609079, "_child0": {"label": 12, "event": "S", "reconc": 9, "tstamp": 0.24772742837480138, "transferred": 1, "dist": 0.6899580922414306, "_child0": {"label": 20, "event": "S", "reconc": 10, "tstamp": 0.13974771989946608, "transferred": 0, "dist": 0.096968929059649, "_child0": {"label": 26, "event": "S", "reconc": 13, "tstamp": 0.11354927230585316, "transferred": 0, "dist": 0.02775658776323313, "_child0": {"label": 30, "event": "S", "reconc": 14, "tstamp": 0.0, "transferred": 0, "dist": 0.09894206183569251}, "_child1": {"label": 31, "event": "S", "reconc": 15, "tstamp": 0.0, "transferred": 0, "dist": 0.16385130904155495}}, "_child1": {"label": 27, "event": "S", "reconc": 12, "tstamp": 0.0, "transferred": 0, "dist": 0.5699104700318787}}, "_child1": {"label": 21, "event": "S", "reconc": 11, "tstamp": 0.0, "transferred": 0, "dist": 0.2450896777866867}}, "_child1": {"label": 6, "event": "H", "reconc": [1, 2], "tstamp": 0.35683857466672153, "transferred": 0, "dist": 0.11810568684741615, "_child0": {"label": 14, "event": "D", "reconc": [1, 2], "tstamp": 0.23095169427933127, "transferred": 0, "dist": 0.06071045912888319, "_child0": {"label": 22, "event": "H", "reconc": [1, 2], "tstamp": 0.005540654687601397, "transferred": 0, "dist": 0.29720648274302214, "_child0": {"label": 43, "event": "S", "reconc": 4, "tstamp": 0.0, "transferred": 1, "dist": 0.003343665045551967}, "_child1": {"label": 42, "event": "S", "reconc": 2, "tstamp": 0.0, "transferred": 0, "dist": 0.007305403030739875}}, "_child1": {"label": 23, "event": "S", "reconc": 2, "tstamp": 0.0, "transferred": 0, "dist": 0.24151982899403893}}, "_child1": {"label": 15, "event": "H", "reconc": [1, 4], "tstamp": 0.037882742835600516, "transferred": 1, "dist": 0.20815013439723948, "_child0": {"label": 34, "event": "H", "reconc": [1, 4], "tstamp": 0.005960778574510868, "transferred": 0, "dist": 0.020832229694698955, "_child0": {"label": 40, "event": "S", "reconc": 4, "tstamp": 0.0, "transferred": 0, "dist": 0.003889995847618053}, "_child1": {"label": 41, "event": "S", "reconc": 18, "tstamp": 0.0, "transferred": 1, "dist": 0.004589428642161644}}, "_child1": {"label": 35, "event": "S", "reconc": 12, "tstamp": 0.0, "transferred": 1, "dist": 0.03152846322993779}}}}, "_child1": {"label": 8, "event": "S", "reconc": 4, "tstamp": 0.0, "transferred": 0, "dist": 0.6132869151672834}, "_child2": {"label": 4, "event": "S", "reconc": 6, "tstamp": 0.3577551501398133, "transferred": 0, "dist": 0.1925275189082852, "_child0": {"label": 16, "event": "D", "reconc": [6, 8], "tstamp": 0.09482995624456927, "transferred": 0, "dist": 0.30427879090265475, "_child0": {"label": 32, "event": "S", "reconc": 8, "tstamp": 0.0, "transferred": 0, "dist": 0.2561733747814714}, "_child1": {"label": 33, "event": "S", "reconc": 8, "tstamp": 0.0, "transferred": 0, "dist": 0.1772418522761602}}, "_child1": {"label": 10, "event": "S", "reconc": 9, "tstamp": 0.24772742837480138, "transferred": 0, "dist": 0.09034279995481759, "_child0": {"label": 18, "event": "S", "reconc": 10, "tstamp": 0.13974771989946608, "transferred": 0, "dist": 0.09596923970776473, "_child0": {"label": 24, "event": "S", "reconc": 13, "tstamp": 0.11354927230585316, "transferred": 0, "dist": 0.02275758583763769, "_child0": {"label": 28, "event": "S", "reconc": 14, "tstamp": 0.0, "transferred": 0, "dist": 0.09677320504473333}, "_child1": {"label": 29, "event": "S", "reconc": 15, "tstamp": 0.0, "transferred": 0, "dist": 0.10229826136206602}}, "_child1": {"label": 25, "event": "S", "reconc": 12, "tstamp": 0.0, "transferred": 0, "dist": 0.11306634253573544}}, "_child1": {"label": 19, "event": "S", "reconc": 11, "tstamp": 0.0, "transferred": 0, "dist": 0.23608021921639036}}}, "_child3": {"label": 3, "event": "S", "reconc": 7, "tstamp": 0.031111287751392633, "transferred": 0, "dist": 0.4345938366902991, "_child0": {"label": 36, "event": "S", "reconc": 17, "tstamp": 0.01995966435550666, "transferred": 0, "dist": 0.008806572564651154, "_child0": {"label": 38, "event": "S", "reconc": 18, "tstamp": 0.0, "transferred": 0, "dist": 0.015193317992198509}, "_child1": {"label": 39, "event": "S", "reconc": 19, "tstamp": 0.0, "transferred": 0, "dist": 0.016451009912280778}}, "_child1": {"label": 37, "event": "S", "reconc": 16, "tstamp": 0.0, "transferred": 0, "dist": 0.023595315181257116}}}