{"label": 0, "event": null, "tstamp": 1.0, "dist": 0.0, "_child0": {"label": 1, "event": "S", "tstamp": 0.8552552564814657, "dist": 0.14474474351853428, "_child0": {"label": 2, "event": "S", "tstamp": 0.599653239310406, "dist": 0.2556020171710597, "_child0": {"label": 7, "event": "S", "tstamp": 0.0, "dist": 0.599653239310406}, "_child1": {"label": 6, "event": "S", "tstamp": 0.0, "dist": 0.599653239310406}, "_child2": {"label": 8, "event": "S", "tstamp": 0.0, "dist": 0.599653239310406}, "_child3": {"label": 10, "event": "S", "tstamp": 0.0, "dist": 0.599653239310406}, "_child4": {"label": 11, "event": "S", "tstamp": 0.05005331202453956, "dist": 0.5495999272858665, "_child0": {"label": 13, "event": "S", "tstamp": 0.02226698271145395, "dist": 0.02778632931308561, "_child0": {"label": 14, "event": "S", "tstamp": 0.0, "dist": 0.02226698271145395}, "_child1": {"label": 15, "event": "S", "tstamp": 0.0, "dist": 0.02226698271145395}}, "_child1": {"label": 12, "event": "S", "tstamp": 0.0, "dist": 0.05005331202453956}}}, "_child1": {"label": 3, "event": "S", "tstamp": 0.0, "dist": 0.8552552564814657}}}