{"label": 0, "event": null, "tstamp": 1.0, "dist": 0.0, "_child0": {"label": 1, "event": "S", "tstamp": 0.7165433288477663, "dist": 0.2834566711522337, "_child0": {"label": 3, "event": "S", "tstamp": 0.18848210035997517, "dist": 0.5280612284877911, "_child0": {"label": 5, "event": "S", "tstamp": 0.03912100655649911, "dist": 0.14936109380347606, "_child0": {"label": 7, "event": "S", "tstamp": 0.024492067665973866, "dist": 0.014628938890525245, "_child0": {"label": 8, "event": "S", "tstamp": 0.0, "dist": 0.024492067665973866}, "_child1": {"label": 9, "event": "S", "tstamp": 0.0, "dist": 0.024492067665973866}}, "_child1": {"label": 6, "event": "S", "tstamp": 0.0, "dist": 0.03912100655649911}}, "_child1": {"label": 4, "event": "S", "tstamp": 0.0, "dist": 0.18848210035997517}}, "_child1": {"label": 2, "event": "S", "tstamp": 0.0, "dist": 0.7165433288477663}}}