{"label": 0, "event": null, "tstamp": 1.0, "dist": 0.0, "_child0": {"label": 1, "event": "S", "tstamp": 0.8354425553594851, "dist": 0.16455744464051492, "_child0": {"label": 4, "event": "S", "tstamp": 0.0, "dist": 0.8354425553594851}, "_child1": {"label": 5, "event": "S", "tstamp": 0.013857092416862787, "dist": 0.8215854629426222, "_child0": {"label": 14, "event": "S", "tstamp": 0.0, "dist": 0.013857092416862787}, "_child1": {"label": 15, "event": "S", "tstamp": 0.0, "dist": 0.013857092416862787}}, "_child2": {"label": 3, "event": "S", "tstamp": 0.29636235575290465, "dist": 0.5390801996065804, "_child0": {"label": 9, "event": "S", "tstamp": 0.0, "dist": 0.29636235575290465}, "_child1": {"label": 8, "event": "S", "tstamp": 0.0, "dist": 0.29636235575290465}, "_child2": {"label": 6, "event": "S", "tstamp": 0.06367734751309344, "dist": 0.2326850082398112, "_child0": {"label": 11, "event": "S", "tstamp": 0.04707734399435781, "dist": 0.016600003518735626, "_child0": {"label": 12, "event": "S", "tstamp": 0.0, "dist": 0.04707734399435781}, "_child1": {"label": 13, "event": "S", "tstamp": 0.0, "dist": 0.04707734399435781}}, "_child1": {"label": 10, "event": "S", "tstamp": 0.0, "dist": 0.06367734751309344}}}}}