{"label": 0, "event": null, "tstamp": 1.0, "dist": 0.0, "_child0": {"label": 1, "event": "S", "tstamp": 0.8060467549592729, "dist": 0.19395324504072708, "_child0": {"label": 3, "event": "S", "tstamp": 0.6366167016663531, "dist": 0.16943005329291982, "_child0": {"label": 5, "event": "S", "tstamp": 0.6026807108367839, "dist": 0.03393599082956922, "_child0": {"label": 7, "event": "S", "tstamp": 0.4439820013789652, "dist": 0.15869870945781867, "_child0": {"label": 9, "event": "S", "tstamp": 0.31665966744077817, "dist": 0.12732233393818704, "_child0": {"label": 11, "event": "S", "tstamp": 0.06150617288644793, "dist": 0.25515349455433023, "_child0": {"label": 17, "event": "S", "tstamp": 0.05532307070440291, "dist": 0.006183102182045014, "_child0": {"label": 18, "event": "S", "tstamp": 0.0, "dist": 0.05532307070440291}, "_child1": {"label": 19, "event": "S", "tstamp": 0.0, "dist": 0.05532307070440291}}, "_child1": {"label": 16, "event": "S", "tstamp": 0.0, "dist": 0.06150617288644793}}, "_child1": {"label": 10, "event": "S", "tstamp": 0.0, "dist": 0.31665966744077817}}, "_child1": {"label": 8, "event": "S", "tstamp": 0.0, "dist": 0.4439820013789652}}, "_child1": {"label": 6, "event": "S", "tstamp": 0.0, "dist": 0.6026807108367839}}, "_child1": {"label": 4, "event": "S", "tstamp": 0.2515264532332239, "dist": 0.38509024843312917, "_child0": {"label": 13, "event": "S", "tstamp": 0.0904276562175047, "dist": 0.16109879701571922, "_child0": {"label": 14, "event": "S", "tstamp": 0.0, "dist": 0.0904276562175047}, "_child1": {"label": 15, "event": "S", "tstamp": 0.0, "dist": 0.0904276562175047}}, "_child1": {"label": 12, "event": "S", "tstamp": 0.0, "dist": 0.2515264532332239}}}, "_child1": {"label": 2, "event": "S", "tstamp": 0.0, "dist": 0.8060467549592729}}}