{"label": 1, "event": "S", "reconc": 1, "tstamp": 0.900166673025778, "transferred": 0, "dist": 0.0, "_child0": {"label": 2, "event": "S", "reconc": 3, "tstamp": 0.8800247340383368, "transferred": 0, "dist": 0.02136449670288827, "_child0": {"label": 4, "event": "H", "reconc": [3, 6], "tstamp": 0.6737334684307383, "transferred": 0, "dist": 0.16897845451082166, "_child0": {"label": 17, "event": "S", "reconc": 19, "tstamp": 0.1932784870300962, "transferred": 1, "dist": 0.4259983226665803, "_child0": {"label": 45, "event": "S", "reconc": 23, "tstamp": 0.1488271069952999, "transferred": 0, "dist": 0.0299863925282881, "_child0": {"label": 47, "event": "S", "reconc": 24, "tstamp": 0.04588888502000235, "transferred": 0, "dist": 0.06708720811652875, "_child0": {"label": 55, "event": "H", "reconc": [24, 29], "tstamp": 0.04544226775703847, "transferred": 0, "dist": 0.0002982989106642946, "_child0": {"label": 60, "event": "S", "reconc": 29, "tstamp": 0.0, "transferred": 0, "dist": 0.030351220371739106}, "_child1": {"label": 61, "event": "S", "reconc": 28, "tstamp": 0.0, "transferred": 1, "dist": 0.08717399024161059}}, "_child1": {"label": 57, "event": "D", "reconc": [24, 26], "tstamp": 0.03829906266285367, "transferred": 0, "dist": 0.0048892440902248094, "_child0": {"label": 62, "event": "S", "reconc": 26, "tstamp": 0.0, "transferred": 0, "dist": 0.024671653297542222}, "_child1": {"label": 63, "event": "S", "reconc": 26, "tstamp": 0.0, "transferred": 0, "dist": 0.024671653297542222}}, "_child2": {"label": 56, "event": "S", "reconc": 28, "tstamp": 0.0, "transferred": 0, "dist": 0.029988940215863936}}, "_child1": {"label": 48, "event": "S", "reconc": 25, "tstamp": 0.0, "transferred": 0, "dist": 0.09371519475963967}}, "_child1": {"label": 44, "event": "S", "reconc": 22, "tstamp": 0.0, "transferred": 0, "dist": 0.14332036806565454}, "_child2": {"label": 46, "event": "S", "reconc": 21, "tstamp": 0.0, "transferred": 0, "dist": 0.11873310212190719}}, "_child1": {"label": 16, "event": "S", "reconc": 6, "tstamp": 0.0, "transferred": 0, "dist": 0.5518723243678051}}, "_child1": {"label": 34, "event": "S", "reconc": 17, "tstamp": 0.0, "transferred": 0, "dist": 1.0057699393867168}, "_child2": {"label": 6, "event": "S", "reconc": 18, "tstamp": 0.0, "transferred": 0, "dist": 1.0910181743506686}}, "_child1": {"label": 3, "event": "D", "reconc": [1, 2], "tstamp": 0.8786676756852129, "transferred": 0, "dist": 0.022685641569902687, "_child0": {"label": 8, "event": "S", "reconc": 2, "tstamp": 0.7736169665027852, "transferred": 0, "dist": 0.3927930965582787, "_child0": {"label": 11, "event": "H", "reconc": [2, 8], "tstamp": 0.731116422154908, "transferred": 0, "dist": 0.27431743161779537, "_child0": {"label": 15, "event": "S", "reconc": 7, "tstamp": 0.3566046461145338, "transferred": 1, "dist": 0.6513421282082558, "_child0": {"label": 37, "event": "S", "reconc": 17, "tstamp": 0.0, "transferred": 0, "dist": 0.5234243121862866}, "_child1": {"label": 39, "event": "S", "reconc": 14, "tstamp": 0.0, "transferred": 0, "dist": 0.5482711049615148}}, "_child1": {"label": 14, "event": "S", "reconc": 8, "tstamp": 0.0, "transferred": 0, "dist": 4.7189508326648895}}, "_child1": {"label": 10, "event": "D", "reconc": [2, 9], "tstamp": 0.5850570874407166, "transferred": 0, "dist": 0.20637194984247276, "_child0": {"label": 18, "event": "S", "reconc": 9, "tstamp": 0.5767449869528994, "transferred": 0, "dist": 0.0408743732127504, "_child0": {"label": 22, "event": "S", "reconc": 11, "tstamp": 0.43581803421795706, "transferred": 0, "dist": 0.2675026714474319, "_child0": {"label": 30, "event": "S", "reconc": 12, "tstamp": 0.0, "transferred": 0, "dist": 1.1359129295757977}, "_child1": {"label": 31, "event": "S", "reconc": 13, "tstamp": 0.0, "transferred": 0, "dist": 0.48395052122192805}}, "_child1": {"label": 23, "event": "S", "reconc": 10, "tstamp": 0.0, "transferred": 0, "dist": 0.5418671978755928}}, "_child1": {"label": 19, "event": "S", "reconc": 9, "tstamp": 0.5767449869528994, "transferred": 0, "dist": 0.012678271651776834, "_child0": {"label": 25, "event": "D", "reconc": [9, 10], "tstamp": 0.5751370975295793, "transferred": 0, "dist": 0.0039287251106184685, "_child0": {"label": 26, "event": "S", "reconc": 10, "tstamp": 0.0, "transferred": 0, "dist": 0.8883006292575798}, "_child1": {"label": 27, "event": "S", "reconc": 10, "tstamp": 0.0, "transferred": 0, "dist": 0.5370591762818221}}, "_child1": {"label": 24, "event": "S", "reconc": 11, "tstamp": 0.43581803421795706, "transferred": 0, "dist": 0.1527452564768765, "_child0": {"label": 32, "event": "D", "reconc": [11, 12], "tstamp": 0.11158704069771634, "transferred": 0, "dist": 0.4562516363217442, "_child0": {"label": 53, "event": "S", "reconc": 12, "tstamp": 0.0, "transferred": 0, "dist": 0.15341930874292944}, "_child1": {"label": 54, "event": "S", "reconc": 12, "tstamp": 0.0, "transferred": 0, "dist": 0.4476862159994512}}, "_child1": {"label": 33, "event": "S", "reconc": 13, "tstamp": 0.0, "transferred": 0, "dist": 0.7527486504887725}}}}}, "_child1": {"label": 9, "event": "S", "reconc": 2, "tstamp": 0.7736169665027852, "transferred": 0, "dist": 0.11085030399551421, "_child0": {"label": 20, "event": "S", "reconc": 11, "tstamp": 0.43581803421795706, "transferred": 0, "dist": 0.643373619445367, "_child0": {"label": 28, "event": "D", "reconc": [11, 12], "tstamp": 0.12328613679758184, "transferred": 0, "dist": 1.4498014735302087, "_child0": {"label": 50, "event": "D", "reconc": [11, 12], "tstamp": 0.045554913700476526, "transferred": 0, "dist": 0.12767513702725738, "_child0": {"label": 58, "event": "S", "reconc": 12, "tstamp": 0.0, "transferred": 0, "dist": 0.06275621263586363}, "_child1": {"label": 59, "event": "S", "reconc": 12, "tstamp": 0.0, "transferred": 0, "dist": 0.20451440492558037}}, "_child1": {"label": 49, "event": "S", "reconc": 12, "tstamp": 0.0, "transferred": 0, "dist": 0.24029130810650942}}, "_child1": {"label": 29, "event": "S", "reconc": 13, "tstamp": 0.0, "transferred": 0, "dist": 0.6404109271707566}}, "_child1": {"label": 13, "event": "D", "reconc": [2, 8], "tstamp": 0.32387678979874274, "transferred": 0, "dist": 0.8072346843769741, "_child0": {"label": 40, "event": "H", "reconc": [2, 8], "tstamp": 0.3108760243147415, "transferred": 0, "dist": 0.021599606954097, "_child0": {"label": 43, "event": "S", "reconc": 6, "tstamp": 0.0, "transferred": 1, "dist": 0.6864875197944156}, "_child1": {"label": 42, "event": "S", "reconc": 8, "tstamp": 0.0, "transferred": 0, "dist": 0.5164926592141019}}, "_child1": {"label": 41, "event": "H", "reconc": [2, 8], "tstamp": 0.12218470948941931, "transferred": 0, "dist": 0.7388281042109566, "_child0": {"label": 52, "event": "S", "reconc": 12, "tstamp": 0.0, "transferred": 1, "dist": 0.19375646529709709}, "_child1": {"label": 51, "event": "S", "reconc": 8, "tstamp": 0.0, "transferred": 0, "dist": 0.4475807733114107}}}}}}