{"label": 0, "event": null, "tstamp": 1.0, "dist": 0.0, "_child0": {"label": 1, "event": "S", "tstamp": 0.6731479306637115, "dist": 0.3268520693362885, "_child0": {"label": 2, "event": "S", "tstamp": 0.6222348853884082, "dist": 0.05091304527530327, "_child0": {"label": 4, "event": "S", "tstamp": 0.5556153177008832, "dist": 0.06661956768752497, "_child0": {"label": 6, "event": "S", "tstamp": 0.5103488336008861, "dist": 0.04526648409999712, "_child0": {"label": 8, "event": "S", "tstamp": 0.4531994912418236, "dist": 0.057149342359062494, "_child0": {"label": 10, "event": "S", "tstamp": 0.3594019921560563, "dist": 0.09379749908576734, "_child0": {"label": 12, "event": "S", "tstamp": 0.12699920836860276, "dist": 0.23240278378745352, "_child0": {"label": 18, "event": "S", "tstamp": 0.0, "dist": 0.12699920836860276}, "_child1": {"label": 19, "event": "S", "tstamp": 0.0, "dist": 0.12699920836860276}}, "_child1": {"label": 13, "event": "S", "tstamp": 0.0, "dist": 0.3594019921560563}}, "_child1": {"label": 11, "event": "S", "tstamp": 0.0, "dist": 0.4531994912418236}}, "_child1": {"label": 9, "event": "S", "tstamp": 0.0, "dist": 0.5103488336008861}}, "_child1": {"label": 7, "event": "S", "tstamp": 0.0, "dist": 0.5556153177008832}}, "_child1": {"label": 14, "event": "S", "tstamp": 0.0, "dist": 0.6222348853884082}, "_child2": {"label": 15, "event": "S", "tstamp": 0.2574480851479156, "dist": 0.3647868002404926, "_child0": {"label": 16, "event": "S", "tstamp": 0.0, "dist": 0.2574480851479156}, "_child1": {"label": 17, "event": "S", "tstamp": 0.0, "dist": 0.2574480851479156}}}, "_child1": {"label": 3, "event": "S", "tstamp": 0.0, "dist": 0.6731479306637115}}}