{"label": 0, "event": null, "tstamp": 1.0, "dist": 0.0, "_child0": {"label": 1, "event": "S", "tstamp": 0.8613295456974882, "dist": 0.1386704543025118, "_child0": {"label": 4, "event": "S", "tstamp": 0.7092123735615695, "dist": 0.1521171721359187, "_child0": {"label": 9, "event": "S", "tstamp": 0.5814595957862384, "dist": 0.12775277777533112, "_child0": {"label": 10, "event": "S", "tstamp": 0.37361981221848245, "dist": 0.20783978356775595, "_child0": {"label": 13, "event": "S", "tstamp": 0.349107028805219, "dist": 0.02451278341326346, "_child0": {"label": 14, "event": "S", "tstamp": 0.26701075081596815, "dist": 0.08209627798925084, "_child0": {"label": 19, "event": "S", "tstamp": 0.0, "dist": 0.26701075081596815}, "_child1": {"label": 18, "event": "S", "tstamp": 0.13936008958151028, "dist": 0.12765066123445787, "_child0": {"label": 21, "event": "S", "tstamp": 0.03370705143192509, "dist": 0.10565303814958518, "_child0": {"label": 25, "event": "S", "tstamp": 0.0, "dist": 0.03370705143192509}, "_child1": {"label": 24, "event": "S", "tstamp": 0.0, "dist": 0.03370705143192509}, "_child2": {"label": 22, "event": "S", "tstamp": 0.0, "dist": 0.03370705143192509}}, "_child1": {"label": 20, "event": "S", "tstamp": 0.0, "dist": 0.13936008958151028}}, "_child2": {"label": 16, "event": "S", "tstamp": 0.0, "dist": 0.26701075081596815}}, "_child1": {"label": 15, "event": "S", "tstamp": 0.0, "dist": 0.349107028805219}}, "_child1": {"label": 12, "event": "S", "tstamp": 0.0, "dist": 0.37361981221848245}}, "_child1": {"label": 11, "event": "S", "tstamp": 0.0, "dist": 0.5814595957862384}}, "_child1": {"label": 8, "event": "S", "tstamp": 0.0, "dist": 0.7092123735615695}}, "_child1": {"label": 7, "event": "S", "tstamp": 0.0, "dist": 0.8613295456974882}, "_child2": {"label": 6, "event": "S", "tstamp": 0.0, "dist": 0.8613295456974882}, "_child3": {"label": 2, "event": "S", "tstamp": 0.0, "dist": 0.8613295456974882}}}