{"label": 0, "event": null, "tstamp": 1.0, "dist": 0.0, "_child0": {"label": 1, "event": "S", "tstamp": 0.8837369822053769, "dist": 0.11626301779462311, "_child0": {"label": 12, "event": "S", "tstamp": 0.0, "dist": 0.8837369822053769}, "_child1": {"label": 13, "event": "S", "tstamp": 0.28527634186304524, "dist": 0.5984606403423316, "_child0": {"label": 14, "event": "S", "tstamp": 0.0, "dist": 0.28527634186304524}, "_child1": {"label": 15, "event": "S", "tstamp": 0.0, "dist": 0.28527634186304524}}, "_child2": {"label": 11, "event": "S", "tstamp": 0.0, "dist": 0.8837369822053769}, "_child3": {"label": 10, "event": "S", "tstamp": 0.0, "dist": 0.8837369822053769}, "_child4": {"label": 5, "event": "S", "tstamp": 0.6469062429722234, "dist": 0.23683073923315345, "_child0": {"label": 6, "event": "S", "tstamp": 0.0, "dist": 0.6469062429722234}, "_child1": {"label": 7, "event": "S", "tstamp": 0.0, "dist": 0.6469062429722234}}, "_child5": {"label": 2, "event": "S", "tstamp": 0.0, "dist": 0.8837369822053769}}}