{"label": 1, "event": "S", "reconc": 1, "tstamp": 0.7907464687450485, "transferred": 0, "dist": 0.0, "_child0": {"label": 2, "event": "D", "reconc": [1, 4], "tstamp": 0.7305666357379632, "transferred": 0, "dist": 0.052514178390258334, "_child0": {"label": 5, "event": "D", "reconc": [1, 4], "tstamp": 0.5005663211097666, "transferred": 0, "dist": 0.20070307524413733, "_child0": {"label": 9, "event": "H", "reconc": [1, 4], "tstamp": 0.4224533233671826, "transferred": 0, "dist": 0.1542873142040409, "_child0": {"label": 15, "event": "S", "reconc": 4, "tstamp": 0.39259808388759415, "transferred": 0, "dist": 0.05896950376176631, "_child0": {"label": 23, "event": "S", "reconc": 9, "tstamp": 0.18517355698070237, "transferred": 0, "dist": 0.5255066111913272, "_child0": {"label": 31, "event": "S", "reconc": 10, "tstamp": 0.0, "transferred": 0, "dist": 0.3683484317094265}, "_child1": {"label": 32, "event": "S", "reconc": 11, "tstamp": 0.0, "transferred": 0, "dist": 1.934656666272943}}, "_child1": {"label": 24, "event": "S", "reconc": 8, "tstamp": 0.0, "transferred": 0, "dist": 0.32151183379658815}}, "_child1": {"label": 16, "event": "D", "reconc": [1, 2], "tstamp": 0.12433211193196456, "transferred": 1, "dist": 1.308880897910626, "_child0": {"label": 35, "event": "S", "reconc": 2, "tstamp": 0.0, "transferred": 0, "dist": 0.1099290928000715}, "_child1": {"label": 36, "event": "S", "reconc": 2, "tstamp": 0.0, "transferred": 0, "dist": 0.18593834414226024}}}, "_child1": {"label": 19, "event": "S", "reconc": 9, "tstamp": 0.18517355698070237, "transferred": 0, "dist": 0.6116786323146133, "_child0": {"label": 27, "event": "S", "reconc": 10, "tstamp": 0.0, "transferred": 0, "dist": 0.7306093970029646}, "_child1": {"label": 28, "event": "S", "reconc": 11, "tstamp": 0.0, "transferred": 0, "dist": 0.38236735303842306}}}, "_child1": {"label": 6, "event": "S", "reconc": 4, "tstamp": 0.39259808388759415, "transferred": 0, "dist": 0.2949184126196889, "_child0": {"label": 17, "event": "S", "reconc": 9, "tstamp": 0.18517355698070237, "transferred": 0, "dist": 0.2803653899462054, "_child0": {"label": 25, "event": "S", "reconc": 10, "tstamp": 0.0, "transferred": 0, "dist": 0.3623295577861901}, "_child1": {"label": 26, "event": "S", "reconc": 11, "tstamp": 0.0, "transferred": 0, "dist": 0.35369656833189933}}, "_child1": {"label": 18, "event": "S", "reconc": 8, "tstamp": 0.0, "transferred": 0, "dist": 0.31989241303141447}}}, "_child1": {"label": 4, "event": "H", "reconc": [1, 2], "tstamp": 0.47094316354463633, "transferred": 0, "dist": 0.23005638226483574, "_child0": {"label": 11, "event": "D", "reconc": [1, 2], "tstamp": 0.4257582212215862, "transferred": 0, "dist": 0.032504618290833044, "_child0": {"label": 14, "event": "D", "reconc": [1, 2], "tstamp": 0.12944359462447222, "transferred": 0, "dist": 0.22118021305887997, "_child0": {"label": 33, "event": "S", "reconc": 2, "tstamp": 0.0, "transferred": 0, "dist": 0.10243033129448781}, "_child1": {"label": 34, "event": "S", "reconc": 2, "tstamp": 0.0, "transferred": 0, "dist": 0.1278120391946924}}, "_child1": {"label": 13, "event": "S", "reconc": 2, "tstamp": 0.0, "transferred": 0, "dist": 0.30627699745744685}}, "_child1": {"label": 12, "event": "S", "reconc": 4, "tstamp": 0.39259808388759415, "transferred": 1, "dist": 0.11722121444616067, "_child0": {"label": 29, "event": "S", "reconc": 10, "tstamp": 0.0, "transferred": 0, "dist": 3.1868275055521407}, "_child1": {"label": 22, "event": "S", "reconc": 8, "tstamp": 0.0, "transferred": 0, "dist": 0.3742105528879103}}}}