{"label": 0, "event": null, "tstamp": 1.0, "dist": 0.0, "_child0": {"label": 1, "event": "S", "tstamp": 0.5743870783427565, "dist": 0.4256129216572435, "_child0": {"label": 4, "event": "S", "tstamp": 0.20120432634293156, "dist": 0.3731827519998249, "_child0": {"label": 8, "event": "S", "tstamp": 0.0, "dist": 0.20120432634293156}, "_child1": {"label": 9, "event": "S", "tstamp": 0.0, "dist": 0.20120432634293156}}, "_child1": {"label": 5, "event": "S", "tstamp": 0.29800318753198823, "dist": 0.27638389081076825, "_child0": {"label": 6, "event": "S", "tstamp": 0.0, "dist": 0.29800318753198823}, "_child1": {"label": 7, "event": "S", "tstamp": 0.0, "dist": 0.29800318753198823}}, "_child2": {"label": 2, "event": "S", "tstamp": 0.0, "dist": 0.5743870783427565}}}