{"label": 1, "event": "S", "reconc": 1, "tstamp": 0.7316482105950878, "transferred": 0, "dist": 0.0, "_child0": {"label": 4, "event": "S", "reconc": 4, "tstamp": 0.3632206407830326, "transferred": 0, "dist": 0.3750204215894618, "_child0": {"label": 15, "event": "S", "reconc": 7, "tstamp": 0.0, "transferred": 0, "dist": 0.2958658261730967}, "_child1": {"label": 8, "event": "S", "reconc": 6, "tstamp": 0.0, "transferred": 0, "dist": 0.41871363405699025}}, "_child1": {"label": 3, "event": "D", "reconc": [1, 3], "tstamp": 0.4831078113862616, "transferred": 0, "dist": 0.2731309821609535, "_child0": {"label": 7, "event": "D", "reconc": [1, 3], "tstamp": 0.22583846697722515, "transferred": 0, "dist": 0.2827235690536758, "_child0": {"label": 11, "event": "D", "reconc": [1, 3], "tstamp": 0.1729824989720663, "transferred": 0, "dist": 0.08383893760115886, "_child0": {"label": 12, "event": "S", "reconc": 3, "tstamp": 0.12441412900637118, "transferred": 0, "dist": 0.07211067893202361, "_child0": {"label": 20, "event": "S", "reconc": 8, "tstamp": 0.0, "transferred": 0, "dist": 0.13461339441077844}, "_child1": {"label": 21, "event": "S", "reconc": 9, "tstamp": 0.0, "transferred": 0, "dist": 0.321519019013623}}, "_child1": {"label": 13, "event": "S", "reconc": 3, "tstamp": 0.12441412900637118, "transferred": 0, "dist": 0.08282620750126805, "_child0": {"label": 22, "event": "S", "reconc": 8, "tstamp": 0.0, "transferred": 0, "dist": 0.3073749610710755}, "_child1": {"label": 23, "event": "S", "reconc": 9, "tstamp": 0.0, "transferred": 0, "dist": 0.4978845642764062}}}, "_child1": {"label": 10, "event": "S", "reconc": 3, "tstamp": 0.12441412900637118, "transferred": 0, "dist": 0.17262395368165961, "_child0": {"label": 18, "event": "S", "reconc": 8, "tstamp": 0.0, "transferred": 0, "dist": 0.16431522604313462}, "_child1": {"label": 19, "event": "S", "reconc": 9, "tstamp": 0.0, "transferred": 0, "dist": 0.22258835866045332}}}, "_child1": {"label": 6, "event": "S", "reconc": 3, "tstamp": 0.12441412900637118, "transferred": 0, "dist": 2.08523123249998, "_child0": {"label": 16, "event": "S", "reconc": 8, "tstamp": 0.0, "transferred": 0, "dist": 0.39938543909412977}, "_child1": {"label": 17, "event": "S", "reconc": 9, "tstamp": 0.0, "transferred": 0, "dist": 0.1538564663014737}}}}