{"label": 2, "event": "H", "reconc": [1, 2], "tstamp": 0.646292783034764, "transferred": 0, "dist": 0.0, "_child0": {"label": 6, "event": "H", "reconc": [1, 2], "tstamp": 0.5292864081781801, "transferred": 0, "dist": 0.15074261289938093, "_child0": {"label": 10, "event": "S", "reconc": 5, "tstamp": 0.49956648576605156, "transferred": 0, "dist": 0.04004897590359356, "_child0": {"label": 14, "event": "S", "reconc": 6, "tstamp": 0.46846084841478797, "transferred": 0, "dist": 0.041350968330531264, "_child0": {"label": 19, "event": "S", "reconc": 12, "tstamp": 0.0, "transferred": 0, "dist": 0.5246684052509057}, "_child1": {"label": 16, "event": "H", "reconc": [6, 10], "tstamp": 0.0348567736256292, "transferred": 0, "dist": 0.5811461203697195, "_child0": {"label": 53, "event": "S", "reconc": 10, "tstamp": 0.0, "transferred": 0, "dist": 0.04671745479096325}, "_child1": {"label": 54, "event": "S", "reconc": 3, "tstamp": 0.0, "transferred": 1, "dist": 0.061393175300462906}}}, "_child1": {"label": 12, "event": "D", "reconc": [5, 8], "tstamp": 0.3895008670658613, "transferred": 0, "dist": 0.15996812306314898, "_child0": {"label": 17, "event": "H", "reconc": [5, 8], "tstamp": 0.3274089995541438, "transferred": 0, "dist": 0.09808287365014587, "_child0": {"label": 22, "event": "S", "reconc": 9, "tstamp": 0.2594615617846558, "transferred": 1, "dist": 0.08248561546931617, "_child0": {"label": 27, "event": "S", "reconc": 16, "tstamp": 0.2531251751640778, "transferred": 0, "dist": 0.006077290118616664, "_child0": {"label": 32, "event": "D", "reconc": [16, 18], "tstamp": 0.2446300192953745, "transferred": 0, "dist": 0.010062044783490034, "_child0": {"label": 37, "event": "S", "reconc": 18, "tstamp": 0.0, "transferred": 0, "dist": 0.2744230347586524}, "_child1": {"label": 38, "event": "S", "reconc": 18, "tstamp": 0.0, "transferred": 0, "dist": 0.2546989276529693}}, "_child1": {"label": 31, "event": "S", "reconc": 19, "tstamp": 0.11487687674462926, "transferred": 0, "dist": 0.223263470569951, "_child0": {"label": 43, "event": "S", "reconc": 20, "tstamp": 0.0644843550231731, "transferred": 0, "dist": 0.29960179097163464, "_child0": {"label": 47, "event": "S", "reconc": 23, "tstamp": 0.04166470510426229, "transferred": 0, "dist": 0.028801902439918283, "_child0": {"label": 51, "event": "S", "reconc": 24, "tstamp": 0.0, "transferred": 0, "dist": 0.05694316193021611}, "_child1": {"label": 52, "event": "S", "reconc": 25, "tstamp": 0.0, "transferred": 0, "dist": 0.17796381496881514}}, "_child1": {"label": 48, "event": "S", "reconc": 22, "tstamp": 0.0, "transferred": 0, "dist": 0.07473205539416226}}, "_child1": {"label": 44, "event": "S", "reconc": 21, "tstamp": 0.0, "transferred": 0, "dist": 0.8607596751153812}}}, "_child1": {"label": 26, "event": "S", "reconc": 17, "tstamp": 0.0, "transferred": 0, "dist": 0.676592764777561}, "_child2": {"label": 28, "event": "S", "reconc": 14, "tstamp": 0.0, "transferred": 0, "dist": 0.22279664818027692}}, "_child1": {"label": 21, "event": "S", "reconc": 8, "tstamp": 0.0, "transferred": 0, "dist": 0.5171887530863781}}, "_child1": {"label": 18, "event": "D", "reconc": [5, 8], "tstamp": 0.24746497557074779, "transferred": 0, "dist": 0.2692022973095625, "_child0": {"label": 35, "event": "D", "reconc": [5, 8], "tstamp": 0.12903758976378277, "transferred": 0, "dist": 0.2236204304291254, "_child0": {"label": 39, "event": "S", "reconc": 8, "tstamp": 0.0, "transferred": 0, "dist": 0.1931439145242402}, "_child1": {"label": 40, "event": "S", "reconc": 8, "tstamp": 0.0, "transferred": 0, "dist": 0.3284510979652002}}, "_child1": {"label": 36, "event": "S", "reconc": 8, "tstamp": 0.0, "transferred": 0, "dist": 0.43859268329396534}}}, "_child2": {"label": 13, "event": "S", "reconc": 9, "tstamp": 0.2594615617846558, "transferred": 0, "dist": 0.27480949103609387, "_child0": {"label": 24, "event": "S", "reconc": 16, "tstamp": 0.2531251751640778, "transferred": 0, "dist": 0.005994845662359371, "_child0": {"label": 29, "event": "S", "reconc": 19, "tstamp": 0.11487687674462926, "transferred": 0, "dist": 0.14790693066171956, "_child0": {"label": 41, "event": "S", "reconc": 20, "tstamp": 0.0644843550231731, "transferred": 0, "dist": 0.054712472704134124, "_child0": {"label": 45, "event": "S", "reconc": 23, "tstamp": 0.04166470510426229, "transferred": 0, "dist": 0.02347687818590752, "_child0": {"label": 49, "event": "S", "reconc": 24, "tstamp": 0.0, "transferred": 0, "dist": 0.04233676262796651}, "_child1": {"label": 50, "event": "S", "reconc": 25, "tstamp": 0.0, "transferred": 0, "dist": 0.04416518449957238}}, "_child1": {"label": 46, "event": "S", "reconc": 22, "tstamp": 0.0, "transferred": 0, "dist": 0.0736611122013944}}, "_child1": {"label": 42, "event": "S", "reconc": 21, "tstamp": 0.0, "transferred": 0, "dist": 0.15668197085676952}}, "_child1": {"label": 30, "event": "S", "reconc": 18, "tstamp": 0.0, "transferred": 0, "dist": 0.2634658116488336}}, "_child1": {"label": 23, "event": "S", "reconc": 17, "tstamp": 0.0, "transferred": 0, "dist": 0.25105416089175026}, "_child2": {"label": 25, "event": "S", "reconc": 14, "tstamp": 0.0, "transferred": 0, "dist": 0.22246387778153176}}}, "_child1": {"label": 9, "event": "S", "reconc": 3, "tstamp": 0.0, "transferred": 1, "dist": 1.5717943584065297}}, "_child1": {"label": 5, "event": "D", "reconc": [1, 3], "tstamp": 0.24992259796470354, "transferred": 1, "dist": 0.7516646600537724, "_child0": {"label": 33, "event": "S", "reconc": 3, "tstamp": 0.0, "transferred": 0, "dist": 0.42127973389745726}, "_child1": {"label": 34, "event": "S", "reconc": 3, "tstamp": 0.0, "transferred": 0, "dist": 0.42127973389745726}}}