{"label": 0, "event": null, "tstamp": 1.0, "dist": 0.0, "_child0": {"label": 1, "event": "S", "tstamp": 0.9281491220511192, "dist": 0.07185087794888079, "_child0": {"label": 3, "event": "S", "tstamp": 0.8506553058782816, "dist": 0.07749381617283757, "_child0": {"label": 5, "event": "S", "tstamp": 0.692885129788922, "dist": 0.15777017608935962, "_child0": {"label": 12, "event": "S", "tstamp": 0.0, "dist": 0.692885129788922}, "_child1": {"label": 13, "event": "S", "tstamp": 0.059854897185038815, "dist": 0.6330302326038832, "_child0": {"label": 14, "event": "S", "tstamp": 0.0, "dist": 0.059854897185038815}, "_child1": {"label": 15, "event": "S", "tstamp": 0.0, "dist": 0.059854897185038815}}, "_child2": {"label": 7, "event": "S", "tstamp": 0.0, "dist": 0.692885129788922}}, "_child1": {"label": 4, "event": "S", "tstamp": 0.4046597720910522, "dist": 0.44599553378722945, "_child0": {"label": 9, "event": "S", "tstamp": 0.32101394467415095, "dist": 0.08364582741690124, "_child0": {"label": 10, "event": "S", "tstamp": 0.0, "dist": 0.32101394467415095}, "_child1": {"label": 11, "event": "S", "tstamp": 0.0, "dist": 0.32101394467415095}}, "_child1": {"label": 8, "event": "S", "tstamp": 0.0, "dist": 0.4046597720910522}}}, "_child1": {"label": 2, "event": "S", "tstamp": 0.0, "dist": 0.9281491220511192}}}