{"label": 0, "event": null, "tstamp": 1.0, "dist": 0.0, "_child0": {"label": 1, "event": "S", "tstamp": 0.9166828324478657, "dist": 0.08331716755213425, "_child0": {"label": 3, "event": "S", "tstamp": 0.7991638593888137, "dist": 0.11751897305905201, "_child0": {"label": 5, "event": "S", "tstamp": 0.7627627553477294, "dist": 0.03640110404108432, "_child0": {"label": 7, "event": "S", "tstamp": 0.10258328286204121, "dist": 0.6601794724856882, "_child0": {"label": 13, "event": "S", "tstamp": 0.06899269542596594, "dist": 0.03359058743607528, "_child0": {"label": 14, "event": "S", "tstamp": 0.0, "dist": 0.06899269542596594}, "_child1": {"label": 15, "event": "S", "tstamp": 0.0, "dist": 0.06899269542596594}}, "_child1": {"label": 16, "event": "S", "tstamp": 0.0, "dist": 0.10258328286204121}, "_child2": {"label": 17, "event": "S", "tstamp": 0.025282774661294055, "dist": 0.07730050820074716, "_child0": {"label": 18, "event": "S", "tstamp": 0.0, "dist": 0.025282774661294055}, "_child1": {"label": 19, "event": "S", "tstamp": 0.0, "dist": 0.025282774661294055}}}, "_child1": {"label": 6, "event": "S", "tstamp": 0.0, "dist": 0.7627627553477294}}, "_child1": {"label": 4, "event": "S", "tstamp": 0.5342074438722677, "dist": 0.26495641551654603, "_child0": {"label": 11, "event": "S", "tstamp": 0.0, "dist": 0.5342074438722677}, "_child1": {"label": 10, "event": "S", "tstamp": 0.0, "dist": 0.5342074438722677}, "_child2": {"label": 8, "event": "S", "tstamp": 0.0, "dist": 0.5342074438722677}}}, "_child1": {"label": 2, "event": "S", "tstamp": 0.0, "dist": 0.9166828324478657}}}