{"label": 0, "event": null, "tstamp": 1.0, "dist": 0.0, "_child0": {"label": 1, "event": "S", "tstamp": 0.7995836292780629, "dist": 0.20041637072193708, "_child0": {"label": 4, "event": "S", "tstamp": 0.0, "dist": 0.7995836292780629}, "_child1": {"label": 7, "event": "S", "tstamp": 0.0, "dist": 0.7995836292780629}, "_child2": {"label": 6, "event": "S", "tstamp": 0.10576070025787505, "dist": 0.6938229290201878, "_child0": {"label": 8, "event": "S", "tstamp": 0.0, "dist": 0.10576070025787505}, "_child1": {"label": 9, "event": "S", "tstamp": 0.0, "dist": 0.10576070025787505}}, "_child3": {"label": 2, "event": "S", "tstamp": 0.0, "dist": 0.7995836292780629}}}