{"label": 0, "event": null, "tstamp": 1.0, "dist": 0.0, "_child0": {"label": 1, "event": "S", "tstamp": 0.774739406466815, "dist": 0.22526059353318495, "_child0": {"label": 2, "event": "S", "tstamp": 0.6620620081616342, "dist": 0.11267739830518086, "_child0": {"label": 4, "event": "S", "tstamp": 0.4205701892348795, "dist": 0.2414918189267547, "_child0": {"label": 6, "event": "S", "tstamp": 0.39054423350413675, "dist": 0.030025955730742737, "_child0": {"label": 8, "event": "S", "tstamp": 0.35667526948137984, "dist": 0.03386896402275691, "_child0": {"label": 11, "event": "S", "tstamp": 0.12962921682382997, "dist": 0.22704605265754987, "_child0": {"label": 17, "event": "S", "tstamp": 0.053719166787532115, "dist": 0.07591005003629786, "_child0": {"label": 18, "event": "S", "tstamp": 0.0, "dist": 0.053719166787532115}, "_child1": {"label": 19, "event": "S", "tstamp": 0.0, "dist": 0.053719166787532115}}, "_child1": {"label": 16, "event": "S", "tstamp": 0.0, "dist": 0.12962921682382997}}, "_child1": {"label": 10, "event": "S", "tstamp": 0.0, "dist": 0.35667526948137984}}, "_child1": {"label": 9, "event": "S", "tstamp": 0.0, "dist": 0.39054423350413675}}, "_child1": {"label": 7, "event": "S", "tstamp": 0.0, "dist": 0.4205701892348795}}, "_child1": {"label": 5, "event": "S", "tstamp": 0.0, "dist": 0.6620620081616342}}, "_child1": {"label": 3, "event": "S", "tstamp": 0.2317941086922723, "dist": 0.5429452977745428, "_child0": {"label": 13, "event": "S", "tstamp": 0.1550607986829623, "dist": 0.07673331000931, "_child0": {"label": 14, "event": "S", "tstamp": 0.0, "dist": 0.1550607986829623}, "_child1": {"label": 15, "event": "S", "tstamp": 0.0, "dist": 0.1550607986829623}}, "_child1": {"label": 12, "event": "S", "tstamp": 0.0, "dist": 0.2317941086922723}}}}