{"label": 1, "event": "S", "reconc": 1, "tstamp": 0.9603144282850732, "transferred": 0, "dist": 0.0, "_child0": {"label": 4, "event": "S", "reconc": 3, "tstamp": 0.7958084575991706, "transferred": 0, "dist": 0.14692906889253665, "_child0": {"label": 5, "event": "S", "reconc": 7, "tstamp": 0.6494345368816618, "transferred": 0, "dist": 0.12513965038451091, "_child0": {"label": 8, "event": "H", "reconc": [7, 9], "tstamp": 0.5421859330304045, "transferred": 0, "dist": 0.07888990541420961, "_child0": {"label": 12, "event": "S", "reconc": 11, "tstamp": 0.4931543264587863, "transferred": 1, "dist": 0.07340082992959222, "_child0": {"label": 17, "event": "S", "reconc": 15, "tstamp": 0.371596795498835, "transferred": 0, "dist": 0.11411191146631787, "_child0": {"label": 23, "event": "D", "reconc": [15, 19], "tstamp": 0.35442499414045037, "transferred": 0, "dist": 0.022229962978193244, "_child0": {"label": 25, "event": "S", "reconc": 19, "tstamp": 0.12553810582716882, "transferred": 0, "dist": 0.27859028355853227, "_child0": {"label": 38, "event": "H", "reconc": [19, 21], "tstamp": 0.12160552198715638, "transferred": 0, "dist": 0.002309413462872081, "_child0": {"label": 42, "event": "S", "reconc": 14, "tstamp": 0.0, "transferred": 1, "dist": 0.1602916292975918}, "_child1": {"label": 41, "event": "S", "reconc": 21, "tstamp": 0.0, "transferred": 0, "dist": 0.07141295419548833}}, "_child1": {"label": 37, "event": "S", "reconc": 20, "tstamp": 0.0, "transferred": 0, "dist": 0.06092706524810187}}, "_child1": {"label": 26, "event": "S", "reconc": 19, "tstamp": 0.12553810582716882, "transferred": 0, "dist": 0.12274074148352078, "_child0": {"label": 39, "event": "H", "reconc": [19, 20], "tstamp": 0.11861400522241321, "transferred": 0, "dist": 0.01224920742337669, "_child0": {"label": 43, "event": "S", "reconc": 20, "tstamp": 0.0, "transferred": 0, "dist": 0.20983628578257887}, "_child1": {"label": 44, "event": "S", "reconc": 16, "tstamp": 0.0, "transferred": 1, "dist": 0.07739129440799022}}, "_child1": {"label": 40, "event": "S", "reconc": 21, "tstamp": 0.0, "transferred": 0, "dist": 0.08901072088117516}}}, "_child1": {"label": 24, "event": "H", "reconc": [15, 16], "tstamp": 0.07396964839199535, "transferred": 0, "dist": 0.21204540678258096, "_child0": {"label": 48, "event": "S", "reconc": 5, "tstamp": 0.0, "transferred": 1, "dist": 0.27370273806053386}, "_child1": {"label": 47, "event": "S", "reconc": 16, "tstamp": 0.0, "transferred": 0, "dist": 0.052699911064277676}}, "_child2": {"label": 22, "event": "S", "reconc": 18, "tstamp": 0.0, "transferred": 0, "dist": 0.4175206402759021}}, "_child1": {"label": 16, "event": "S", "reconc": 14, "tstamp": 0.0, "transferred": 0, "dist": 0.24473800642718602}}, "_child1": {"label": 11, "event": "S", "reconc": 9, "tstamp": 0.0, "transferred": 0, "dist": 0.39882101433232026}}, "_child1": {"label": 7, "event": "H", "reconc": [7, 8], "tstamp": 0.22538570118615106, "transferred": 0, "dist": 0.2956829277498714, "_child0": {"label": 33, "event": "S", "reconc": 8, "tstamp": 0.0, "transferred": 0, "dist": 0.15863976836945332}, "_child1": {"label": 32, "event": "S", "reconc": 9, "tstamp": 0.0, "transferred": 1, "dist": 0.1843625579917767}}}, "_child1": {"label": 9, "event": "S", "reconc": 11, "tstamp": 0.4931543264587863, "transferred": 0, "dist": 0.2150207088672338, "_child0": {"label": 14, "event": "S", "reconc": 15, "tstamp": 0.371596795498835, "transferred": 0, "dist": 0.07065969579444938, "_child0": {"label": 36, "event": "S", "reconc": 21, "tstamp": 0.0, "transferred": 0, "dist": 0.19741635401766927}, "_child1": {"label": 19, "event": "S", "reconc": 18, "tstamp": 0.0, "transferred": 0, "dist": 0.19953034178557624}, "_child2": {"label": 21, "event": "S", "reconc": 16, "tstamp": 0.0, "transferred": 0, "dist": 0.1856257295073733}}, "_child1": {"label": 13, "event": "D", "reconc": [11, 14], "tstamp": 0.3515167487936715, "transferred": 0, "dist": 0.0702569881097621, "_child0": {"label": 28, "event": "D", "reconc": [11, 14], "tstamp": 0.333360371709632, "transferred": 0, "dist": 0.009006171878523322, "_child0": {"label": 30, "event": "H", "reconc": [11, 14], "tstamp": 0.08705082036681966, "transferred": 0, "dist": 0.27296225762179777, "_child0": {"label": 45, "event": "S", "reconc": 14, "tstamp": 0.0, "transferred": 0, "dist": 0.09647043050346601}, "_child1": {"label": 46, "event": "S", "reconc": 20, "tstamp": 0.0, "transferred": 1, "dist": 0.07905409403611965}}, "_child1": {"label": 29, "event": "S", "reconc": 14, "tstamp": 0.0, "transferred": 0, "dist": 0.20256065591804837}}, "_child1": {"label": 27, "event": "S", "reconc": 14, "tstamp": 0.0, "transferred": 0, "dist": 0.17436409494923133}}, "_child2": {"label": 15, "event": "S", "reconc": 12, "tstamp": 0.05433048903838709, "transferred": 0, "dist": 0.2819098843527845, "_child0": {"label": 53, "event": "S", "reconc": 24, "tstamp": 0.0, "transferred": 0, "dist": 0.03480395514450647}, "_child1": {"label": 52, "event": "S", "reconc": 22, "tstamp": 0.0, "transferred": 0, "dist": 0.03883679479055414}}}}, "_child1": {"label": 3, "event": "D", "reconc": [1, 4], "tstamp": 0.05731674854595808, "transferred": 0, "dist": 0.6640696356173105, "_child0": {"label": 49, "event": "S", "reconc": 4, "tstamp": 0.0, "transferred": 0, "dist": 0.0421510632592987}, "_child1": {"label": 50, "event": "S", "reconc": 4, "tstamp": 0.0, "transferred": 0, "dist": 0.0421510632592987}}, "_child2": {"label": 2, "event": "S", "reconc": 5, "tstamp": 0.0, "transferred": 0, "dist": 0.8353026754667588}}