{"label": 0, "event": null, "tstamp": 1.0, "dist": 0.0, "_child0": {"label": 1, "event": "S", "tstamp": 0.9348875756664184, "dist": 0.06511242433358155, "_child0": {"label": 2, "event": "S", "tstamp": 0.9113964440517145, "dist": 0.023491131614703953, "_child0": {"label": 10, "event": "S", "tstamp": 0.0, "dist": 0.9113964440517145}, "_child1": {"label": 11, "event": "S", "tstamp": 0.15564280174499387, "dist": 0.7557536423067206, "_child0": {"label": 15, "event": "S", "tstamp": 0.0, "dist": 0.15564280174499387}, "_child1": {"label": 14, "event": "S", "tstamp": 0.0, "dist": 0.15564280174499387}, "_child2": {"label": 12, "event": "S", "tstamp": 0.0, "dist": 0.15564280174499387}}, "_child2": {"label": 9, "event": "S", "tstamp": 0.0, "dist": 0.9113964440517145}, "_child3": {"label": 8, "event": "S", "tstamp": 0.0, "dist": 0.9113964440517145}, "_child4": {"label": 4, "event": "S", "tstamp": 0.0, "dist": 0.9113964440517145}}, "_child1": {"label": 3, "event": "S", "tstamp": 0.0, "dist": 0.9348875756664184}}}