{"label": 1, "event": "S", "reconc": 1, "tstamp": 0.9015545177897, "transferred": 0, "dist": 0.0, "_child0": {"label": 7, "event": "H", "reconc": [2, 4], "tstamp": 0.6825190957976265, "transferred": 0, "dist": 0.3146802535315101, "_child0": {"label": 12, "event": "D", "reconc": [2, 4], "tstamp": 0.6792057867556313, "transferred": 0, "dist": 0.006271302684162415, "_child0": {"label": 17, "event": "S", "reconc": 4, "tstamp": 0.0, "transferred": 0, "dist": 1.2855743365895693}, "_child1": {"label": 14, "event": "D", "reconc": [2, 4], "tstamp": 0.369018780250046, "transferred": 0, "dist": 0.5871099199727424, "_child0": {"label": 20, "event": "H", "reconc": [2, 4], "tstamp": 0.32194759169434306, "transferred": 0, "dist": 0.08909451771463221, "_child0": {"label": 25, "event": "S", "reconc": 5, "tstamp": 0.31829490509504593, "transferred": 1, "dist": 0.009354403087248915, "_child0": {"label": 30, "event": "S", "reconc": 17, "tstamp": 0.29990462705950705, "transferred": 0, "dist": 0.026329594358924912, "_child0": {"label": 39, "event": "H", "reconc": [19, 21], "tstamp": 0.05003510015545705, "transferred": 0, "dist": 0.5536813895578803, "_child0": {"label": 62, "event": "S", "reconc": 21, "tstamp": 0.0, "transferred": 0, "dist": 0.10927920734294029}, "_child1": {"label": 63, "event": "S", "reconc": 24, "tstamp": 0.0, "transferred": 1, "dist": 0.23623017617967243}}, "_child1": {"label": 35, "event": "S", "reconc": 18, "tstamp": 0.0, "transferred": 0, "dist": 0.370743558534437}}, "_child1": {"label": 29, "event": "S", "reconc": 16, "tstamp": 0.07185470142433549, "transferred": 0, "dist": 0.8113964710137158, "_child0": {"label": 56, "event": "S", "reconc": 27, "tstamp": 0.04225031209159051, "transferred": 0, "dist": 0.031876140236020804, "_child0": {"label": 66, "event": "S", "reconc": 28, "tstamp": 0.0, "transferred": 0, "dist": 0.037954211140500384}, "_child1": {"label": 67, "event": "S", "reconc": 29, "tstamp": 0.0, "transferred": 0, "dist": 0.04948658472580272}}, "_child1": {"label": 57, "event": "S", "reconc": 26, "tstamp": 0.0, "transferred": 0, "dist": 0.5493132485769965}}}, "_child1": {"label": 24, "event": "S", "reconc": 4, "tstamp": 0.0, "transferred": 0, "dist": 0.6093698989021946}}, "_child1": {"label": 21, "event": "S", "reconc": 4, "tstamp": 0.0, "transferred": 0, "dist": 0.6984644166168269}}}, "_child1": {"label": 13, "event": "D", "reconc": [1, 23], "tstamp": 0.35423794711472395, "transferred": 1, "dist": 1.3898231832013124, "_child0": {"label": 22, "event": "S", "reconc": 23, "tstamp": 0.2246863243435646, "transferred": 0, "dist": 0.1526109947995253, "_child0": {"label": 44, "event": "S", "reconc": 24, "tstamp": 0.0, "transferred": 0, "dist": 0.8886307953944391}, "_child1": {"label": 45, "event": "S", "reconc": 25, "tstamp": 0.0, "transferred": 0, "dist": 0.7875173342831621}}, "_child1": {"label": 23, "event": "S", "reconc": 23, "tstamp": 0.2246863243435646, "transferred": 0, "dist": 0.38206638374990065, "_child0": {"label": 46, "event": "S", "reconc": 24, "tstamp": 0.0, "transferred": 0, "dist": 0.3100645361593331}, "_child1": {"label": 47, "event": "S", "reconc": 25, "tstamp": 0.0, "transferred": 0, "dist": 0.6950266681150365}}}}, "_child1": {"label": 4, "event": "D", "reconc": [1, 23], "tstamp": 0.6891036866798582, "transferred": 0, "dist": 0.24938988019503233, "_child0": {"label": 10, "event": "S", "reconc": 23, "tstamp": 0.2246863243435646, "transferred": 0, "dist": 0.7536708832558562, "_child0": {"label": 41, "event": "D", "reconc": [23, 25], "tstamp": 0.050972485810665165, "transferred": 0, "dist": 0.2330348870169814, "_child0": {"label": 60, "event": "S", "reconc": 25, "tstamp": 0.0, "transferred": 0, "dist": 0.07421788703437675}, "_child1": {"label": 61, "event": "S", "reconc": 25, "tstamp": 0.0, "transferred": 0, "dist": 0.07371934170035693}}, "_child1": {"label": 40, "event": "S", "reconc": 24, "tstamp": 0.0, "transferred": 0, "dist": 0.46630342453086626}}, "_child1": {"label": 9, "event": "H", "reconc": [1, 23], "tstamp": 0.5979248043681098, "transferred": 0, "dist": 0.10703225032001537, "_child0": {"label": 19, "event": "S", "reconc": 5, "tstamp": 0.31829490509504593, "transferred": 1, "dist": 0.3572430354262884, "_child0": {"label": 32, "event": "S", "reconc": 19, "tstamp": 0.2868601182043457, "transferred": 0, "dist": 0.03358391838584212, "_child0": {"label": 36, "event": "S", "reconc": 20, "tstamp": 0.0, "transferred": 0, "dist": 0.2776924975109996}, "_child1": {"label": 37, "event": "S", "reconc": 21, "tstamp": 0.0, "transferred": 0, "dist": 0.23718776200325212}}, "_child1": {"label": 28, "event": "D", "reconc": [5, 14], "tstamp": 0.19597204910625093, "transferred": 0, "dist": 0.1500863484974385, "_child0": {"label": 50, "event": "S", "reconc": 14, "tstamp": 0.0, "transferred": 0, "dist": 0.24045162304428347}, "_child1": {"label": 51, "event": "S", "reconc": 14, "tstamp": 0.0, "transferred": 0, "dist": 0.24045162304428347}}, "_child2": {"label": 26, "event": "S", "reconc": 16, "tstamp": 0.07185470142433549, "transferred": 0, "dist": 0.2488390531655276, "_child0": {"label": 54, "event": "S", "reconc": 27, "tstamp": 0.04225031209159051, "transferred": 0, "dist": 0.026601321366543647, "_child0": {"label": 64, "event": "S", "reconc": 28, "tstamp": 0.0, "transferred": 0, "dist": 0.0366947008993747}, "_child1": {"label": 65, "event": "S", "reconc": 29, "tstamp": 0.0, "transferred": 0, "dist": 0.03788505324099859}}, "_child1": {"label": 55, "event": "S", "reconc": 26, "tstamp": 0.0, "transferred": 0, "dist": 0.06087480200923934}}}, "_child1": {"label": 18, "event": "S", "reconc": 23, "tstamp": 0.2246863243435646, "transferred": 0, "dist": 0.438133846458675, "_child0": {"label": 43, "event": "H", "reconc": [23, 25], "tstamp": 0.2044961429588108, "transferred": 0, "dist": 0.021871614786460856, "_child0": {"label": 49, "event": "S", "reconc": 16, "tstamp": 0.07185470142433549, "transferred": 1, "dist": 0.13625886995080785, "_child0": {"label": 58, "event": "S", "reconc": 27, "tstamp": 0.04225031209159051, "transferred": 0, "dist": 0.055156406304875755, "_child0": {"label": 68, "event": "S", "reconc": 28, "tstamp": 0.0, "transferred": 0, "dist": 0.03785561837882279}, "_child1": {"label": 69, "event": "S", "reconc": 29, "tstamp": 0.0, "transferred": 0, "dist": 0.0487080742992436}}, "_child1": {"label": 59, "event": "S", "reconc": 26, "tstamp": 0.0, "transferred": 0, "dist": 0.07763133910958336}}, "_child1": {"label": 48, "event": "S", "reconc": 25, "tstamp": 0.0, "transferred": 0, "dist": 0.2215265320741289}}, "_child1": {"label": 42, "event": "S", "reconc": 24, "tstamp": 0.0, "transferred": 0, "dist": 0.2527285828592959}}}}, "_child2": {"label": 3, "event": "H", "reconc": [1, 22], "tstamp": 0.1376173753744212, "transferred": 0, "dist": 0.9752799154069688, "_child0": {"label": 52, "event": "S", "reconc": 22, "tstamp": 0.0, "transferred": 0, "dist": 0.1756891434671658}, "_child1": {"label": 53, "event": "S", "reconc": 25, "tstamp": 0.0, "transferred": 1, "dist": 1.1242995258209034}}}