{"label": 2, "event": "S", "reconc": 2, "tstamp": 0.885758415607799, "transferred": 0, "dist": 0.0, "_child0": {"label": 4, "event": "S", "reconc": 5, "tstamp": 0.8791018239496373, "transferred": 0, "dist": 0.007456674640150305, "_child0": {"label": 8, "event": "D", "reconc": [5, 11], "tstamp": 0.8524662097409971, "transferred": 0, "dist": 0.028847581549462174, "_child0": {"label": 11, "event": "H", "reconc": [5, 11], "tstamp": 0.850510191876923, "transferred": 0, "dist": 0.0021184563045584834, "_child0": {"label": 13, "event": "D", "reconc": [5, 9], "tstamp": 0.779341121370593, "transferred": 1, "dist": 0.426392496144807, "_child0": {"label": 32, "event": "S", "reconc": 9, "tstamp": 0.0, "transferred": 0, "dist": 1.4006611695091244}, "_child1": {"label": 18, "event": "S", "reconc": 9, "tstamp": 0.0, "transferred": 0, "dist": 0.7541400018649054}}, "_child1": {"label": 12, "event": "S", "reconc": 11, "tstamp": 0.5224043760266402, "transferred": 0, "dist": 0.35535352049525887, "_child0": {"label": 30, "event": "H", "reconc": [13, 14], "tstamp": 0.038472576616382856, "transferred": 0, "dist": 0.5080300417365101, "_child0": {"label": 50, "event": "S", "reconc": 14, "tstamp": 0.0, "transferred": 0, "dist": 0.04027625068841626}, "_child1": {"label": 51, "event": "S", "reconc": 3, "tstamp": 0.0, "transferred": 1, "dist": 0.03223876085249119}}, "_child1": {"label": 27, "event": "H", "reconc": [11, 16], "tstamp": 0.05716018230711468, "transferred": 0, "dist": 0.5647114544770321, "_child0": {"label": 47, "event": "S", "reconc": 9, "tstamp": 0.0, "transferred": 1, "dist": 0.08255264952729738}, "_child1": {"label": 46, "event": "S", "reconc": 16, "tstamp": 0.0, "transferred": 0, "dist": 0.06938078996915452}}, "_child2": {"label": 26, "event": "S", "reconc": 17, "tstamp": 0.0, "transferred": 0, "dist": 0.506964043943215}}}, "_child1": {"label": 10, "event": "S", "reconc": 11, "tstamp": 0.5224043760266402, "transferred": 0, "dist": 0.35747197679981735, "_child0": {"label": 29, "event": "D", "reconc": [13, 15], "tstamp": 0.1820795295033489, "transferred": 0, "dist": 0.3391200641078998, "_child0": {"label": 42, "event": "H", "reconc": [13, 15], "tstamp": 0.08637781355110874, "transferred": 0, "dist": 0.15075433867168947, "_child0": {"label": 44, "event": "H", "reconc": [13, 15], "tstamp": 0.04180635595056438, "transferred": 0, "dist": 0.07021128667699743, "_child0": {"label": 49, "event": "S", "reconc": 10, "tstamp": 0.0, "transferred": 1, "dist": 0.10175817397705579}, "_child1": {"label": 48, "event": "S", "reconc": 15, "tstamp": 0.0, "transferred": 0, "dist": 0.06585555421750047}}, "_child1": {"label": 45, "event": "S", "reconc": 14, "tstamp": 0.0, "transferred": 1, "dist": 0.4694647074026544}}, "_child1": {"label": 43, "event": "S", "reconc": 15, "tstamp": 0.0, "transferred": 0, "dist": 0.23822970749809574}}, "_child1": {"label": 23, "event": "S", "reconc": 17, "tstamp": 0.0, "transferred": 0, "dist": 0.506964043943215}}}, "_child1": {"label": 14, "event": "D", "reconc": [5, 10], "tstamp": 0.20230162310745337, "transferred": 0, "dist": 0.8483090257547387, "_child0": {"label": 40, "event": "S", "reconc": 10, "tstamp": 0.0, "transferred": 0, "dist": 0.2535671422575465}, "_child1": {"label": 41, "event": "S", "reconc": 10, "tstamp": 0.0, "transferred": 0, "dist": 0.8299187471254731}}, "_child2": {"label": 6, "event": "D", "reconc": [5, 9], "tstamp": 0.8008719800195733, "transferred": 0, "dist": 0.06998393637453104, "_child0": {"label": 16, "event": "D", "reconc": [5, 9], "tstamp": 0.5774609927482037, "transferred": 0, "dist": 0.19986209268867053, "_child0": {"label": 38, "event": "S", "reconc": 9, "tstamp": 0.0, "transferred": 0, "dist": 0.8134377351235126}, "_child1": {"label": 20, "event": "S", "reconc": 9, "tstamp": 0.0, "transferred": 0, "dist": 0.5165930461447966}}, "_child1": {"label": 17, "event": "D", "reconc": [5, 9], "tstamp": 0.39610570437580817, "transferred": 0, "dist": 0.36210141626427195, "_child0": {"label": 36, "event": "S", "reconc": 9, "tstamp": 0.0, "transferred": 0, "dist": 0.7877938382936873}, "_child1": {"label": 37, "event": "S", "reconc": 9, "tstamp": 0.0, "transferred": 0, "dist": 0.4223050997036351}}}}, "_child1": {"label": 5, "event": "D", "reconc": [2, 4], "tstamp": 0.4212692150216687, "transferred": 0, "dist": 0.48763886675463636, "_child0": {"label": 34, "event": "S", "reconc": 4, "tstamp": 0.0, "transferred": 0, "dist": 0.44226484136241906}, "_child1": {"label": 35, "event": "S", "reconc": 4, "tstamp": 0.0, "transferred": 0, "dist": 0.44226484136241906}}}