{"label": 1, "event": "S", "reconc": 1, "tstamp": 0.9029980770957209, "transferred": 0, "dist": 0.0, "_child0": {"label": 2, "event": "S", "reconc": 2, "tstamp": 0.8924254302598449, "transferred": 0, "dist": 0.012204193691618919, "_child0": {"label": 4, "event": "S", "reconc": 4, "tstamp": 0.7635063861535785, "transferred": 0, "dist": 0.15950835287345475, "_child0": {"label": 59, "event": "S", "reconc": 10, "tstamp": 0.0, "transferred": 1, "dist": 2.33325884898463}, "_child1": {"label": 7, "event": "H", "reconc": [4, 7], "tstamp": 0.2400089493852669, "transferred": 0, "dist": 0.713787164699416, "_child0": {"label": 30, "event": "S", "reconc": 19, "tstamp": 0.044378228960052564, "transferred": 1, "dist": 0.213772509496507, "_child0": {"label": 51, "event": "S", "reconc": 28, "tstamp": 0.0, "transferred": 0, "dist": 0.16755691581303678}, "_child1": {"label": 52, "event": "S", "reconc": 29, "tstamp": 0.0, "transferred": 0, "dist": 0.04278322233837595}}, "_child1": {"label": 29, "event": "S", "reconc": 7, "tstamp": 0.0, "transferred": 0, "dist": 0.3272514733630218}}}, "_child1": {"label": 5, "event": "S", "reconc": 5, "tstamp": 0.7295584755802365, "transferred": 0, "dist": 0.19531783069787395, "_child0": {"label": 9, "event": "S", "reconc": 11, "tstamp": 0.5235033862390072, "transferred": 0, "dist": 0.22363283693806427, "_child0": {"label": 13, "event": "H", "reconc": [11, 12], "tstamp": 0.47065352480836475, "transferred": 0, "dist": 0.041940217050420836, "_child0": {"label": 15, "event": "S", "reconc": 8, "tstamp": 0.12579178566989418, "transferred": 1, "dist": 0.6102954448435235, "_child0": {"label": 39, "event": "S", "reconc": 25, "tstamp": 0.0806933831578917, "transferred": 0, "dist": 0.0924513724427828, "_child0": {"label": 47, "event": "S", "reconc": 26, "tstamp": 0.0, "transferred": 0, "dist": 0.06925178860928598}, "_child1": {"label": 48, "event": "S", "reconc": 27, "tstamp": 0.0, "transferred": 0, "dist": 0.14941184070147467}}, "_child1": {"label": 40, "event": "S", "reconc": 24, "tstamp": 0.0, "transferred": 0, "dist": 0.24640807481600568}}, "_child1": {"label": 14, "event": "S", "reconc": 12, "tstamp": 0.0, "transferred": 0, "dist": 0.373497875901025}}, "_child1": {"label": 12, "event": "S", "reconc": 15, "tstamp": 0.3478827559615898, "transferred": 0, "dist": 0.15062774013013644, "_child0": {"label": 18, "event": "S", "reconc": 17, "tstamp": 0.31194117851460285, "transferred": 0, "dist": 0.028338725723385232, "_child0": {"label": 22, "event": "H", "reconc": [17, 19], "tstamp": 0.2346661113411963, "transferred": 0, "dist": 0.060276925923558454, "_child0": {"label": 32, "event": "S", "reconc": 8, "tstamp": 0.12579178566989418, "transferred": 1, "dist": 0.2625921657077186, "_child0": {"label": 41, "event": "S", "reconc": 25, "tstamp": 0.0806933831578917, "transferred": 0, "dist": 0.06320264755910766, "_child0": {"label": 49, "event": "S", "reconc": 26, "tstamp": 0.0, "transferred": 0, "dist": 0.055715595583142236}, "_child1": {"label": 50, "event": "S", "reconc": 27, "tstamp": 0.0, "transferred": 0, "dist": 0.07155324954516105}}, "_child1": {"label": 42, "event": "H", "reconc": [8, 24], "tstamp": 0.019044425253323564, "transferred": 0, "dist": 0.15784844546077795, "_child0": {"label": 64, "event": "S", "reconc": 7, "tstamp": 0.0, "transferred": 1, "dist": 0.07979138842479197}, "_child1": {"label": 63, "event": "S", "reconc": 24, "tstamp": 0.0, "transferred": 0, "dist": 0.02816119208193984}}}, "_child1": {"label": 31, "event": "S", "reconc": 19, "tstamp": 0.044378228960052564, "transferred": 0, "dist": 0.14843039301020863, "_child0": {"label": 53, "event": "H", "reconc": [19, 28], "tstamp": 0.02953787527772572, "transferred": 0, "dist": 0.011418089623202732, "_child0": {"label": 57, "event": "H", "reconc": [19, 28], "tstamp": 0.023022825382688624, "transferred": 0, "dist": 0.005012644927038386, "_child0": {"label": 61, "event": "S", "reconc": 28, "tstamp": 0.0, "transferred": 0, "dist": 0.01771364006721358}, "_child1": {"label": 62, "event": "S", "reconc": 20, "tstamp": 0.0, "transferred": 1, "dist": 0.026797587877711318}}, "_child1": {"label": 58, "event": "S", "reconc": 3, "tstamp": 0.0, "transferred": 1, "dist": 0.049181320253562845}}, "_child1": {"label": 54, "event": "S", "reconc": 29, "tstamp": 0.0, "transferred": 0, "dist": 0.03418047514586633}}}, "_child1": {"label": 23, "event": "H", "reconc": [17, 18], "tstamp": 0.08900905458523231, "transferred": 0, "dist": 0.1546627042456329, "_child0": {"label": 44, "event": "S", "reconc": 7, "tstamp": 0.0, "transferred": 1, "dist": 0.2819270049885991}, "_child1": {"label": 43, "event": "S", "reconc": 18, "tstamp": 0.0, "transferred": 0, "dist": 0.061751446323010176}}}, "_child1": {"label": 19, "event": "S", "reconc": 16, "tstamp": 0.2773674752480083, "transferred": 0, "dist": 0.05521829238711062, "_child0": {"label": 28, "event": "S", "reconc": 20, "tstamp": 0.0, "transferred": 0, "dist": 0.1886567485888464}, "_child1": {"label": 24, "event": "S", "reconc": 23, "tstamp": 0.0, "transferred": 0, "dist": 0.17896432412609944}, "_child2": {"label": 25, "event": "S", "reconc": 22, "tstamp": 0.0, "transferred": 0, "dist": 0.20456382270342724}}}, "_child2": {"label": 11, "event": "S", "reconc": 14, "tstamp": 0.0, "transferred": 0, "dist": 0.3951877829648407}}, "_child1": {"label": 8, "event": "H", "reconc": [5, 10], "tstamp": 0.3337069533857072, "transferred": 0, "dist": 0.7569016086792387, "_child0": {"label": 20, "event": "H", "reconc": [5, 10], "tstamp": 0.2213875649855769, "transferred": 0, "dist": 0.21476417545300974, "_child0": {"label": 34, "event": "S", "reconc": 19, "tstamp": 0.044378228960052564, "transferred": 1, "dist": 0.157477734613814, "_child0": {"label": 55, "event": "S", "reconc": 28, "tstamp": 0.0, "transferred": 0, "dist": 0.08562478905417902}, "_child1": {"label": 56, "event": "S", "reconc": 29, "tstamp": 0.0, "transferred": 0, "dist": 0.17396269157011754}}, "_child1": {"label": 33, "event": "S", "reconc": 10, "tstamp": 0.0, "transferred": 0, "dist": 0.423311758788226}}, "_child1": {"label": 21, "event": "S", "reconc": 12, "tstamp": 0.0, "transferred": 1, "dist": 0.26968126686967614}}, "_child2": {"label": 10, "event": "S", "reconc": 8, "tstamp": 0.12579178566989418, "transferred": 0, "dist": 0.6326945435213212, "_child0": {"label": 37, "event": "S", "reconc": 25, "tstamp": 0.0806933831578917, "transferred": 0, "dist": 0.035632460918450584, "_child0": {"label": 45, "event": "S", "reconc": 26, "tstamp": 0.0, "transferred": 0, "dist": 0.05531666354662595}, "_child1": {"label": 46, "event": "S", "reconc": 27, "tstamp": 0.0, "transferred": 0, "dist": 0.05716024541418794}}, "_child1": {"label": 38, "event": "S", "reconc": 24, "tstamp": 0.0, "transferred": 0, "dist": 0.12246695429989383}}}}, "_child1": {"label": 3, "event": "S", "reconc": 3, "tstamp": 0.0, "transferred": 0, "dist": 0.7747641592710234}}