{"label": 1, "event": "D", "reconc": [0, 1], "tstamp": 0.9775087010363498, "transferred": 0, "dist": 0.0, "_child0": {"label": 8, "event": "H", "reconc": [3, 5], "tstamp": 0.6342220104511718, "transferred": 0, "dist": 0.3487431462288758, "_child0": {"label": 12, "event": "S", "reconc": 5, "tstamp": 0.6003126025899058, "transferred": 0, "dist": 0.055940620103763244, "_child0": {"label": 16, "event": "S", "reconc": 6, "tstamp": 0.5486504656425614, "transferred": 0, "dist": 0.0688246267679159, "_child0": {"label": 20, "event": "H", "reconc": [6, 9], "tstamp": 0.5253168847206364, "transferred": 0, "dist": 0.028129695260741546, "_child0": {"label": 29, "event": "S", "reconc": 11, "tstamp": 0.25166095680201706, "transferred": 0, "dist": 0.3553067121429111, "_child0": {"label": 41, "event": "S", "reconc": 14, "tstamp": 0.0, "transferred": 0, "dist": 0.2498820700201166}, "_child1": {"label": 42, "event": "S", "reconc": 15, "tstamp": 0.0, "transferred": 0, "dist": 0.5598383923172153}}, "_child1": {"label": 23, "event": "D", "reconc": [6, 8], "tstamp": 0.3285053702195831, "transferred": 1, "dist": 0.2927752197969, "_child0": {"label": 32, "event": "S", "reconc": 8, "tstamp": 0.0, "transferred": 0, "dist": 0.7385189067446324}, "_child1": {"label": 33, "event": "S", "reconc": 8, "tstamp": 0.0, "transferred": 0, "dist": 0.39940589883621963}}}, "_child1": {"label": 21, "event": "S", "reconc": 8, "tstamp": 0.0, "transferred": 0, "dist": 2.304994323892568}}, "_child1": {"label": 17, "event": "S", "reconc": 7, "tstamp": 0.0, "transferred": 0, "dist": 1.2111651852009406}}, "_child1": {"label": 13, "event": "S", "reconc": 4, "tstamp": 0.0, "transferred": 1, "dist": 1.2660544636501}}, "_child1": {"label": 3, "event": "S", "reconc": 1, "tstamp": 0.8004612613246451, "transferred": 0, "dist": 0.16217797566520017, "_child0": {"label": 6, "event": "S", "reconc": 3, "tstamp": 0.6521108001620947, "transferred": 0, "dist": 0.13479356650294075, "_child0": {"label": 10, "event": "S", "reconc": 5, "tstamp": 0.6003126025899058, "transferred": 0, "dist": 0.05276622154106542, "_child0": {"label": 14, "event": "S", "reconc": 6, "tstamp": 0.5486504656425614, "transferred": 0, "dist": 0.05667765121405719, "_child0": {"label": 19, "event": "D", "reconc": [6, 8], "tstamp": 0.5220879410930933, "transferred": 0, "dist": 0.02940599894012355, "_child0": {"label": 24, "event": "D", "reconc": [6, 8], "tstamp": 0.4115376491627262, "transferred": 0, "dist": 0.13713987156355634, "_child0": {"label": 30, "event": "S", "reconc": 8, "tstamp": 0.0, "transferred": 0, "dist": 0.611698446473935}, "_child1": {"label": 31, "event": "S", "reconc": 8, "tstamp": 0.0, "transferred": 0, "dist": 1.14775442812996}}, "_child1": {"label": 25, "event": "S", "reconc": 8, "tstamp": 0.0, "transferred": 0, "dist": 0.7071419280149495}}, "_child1": {"label": 18, "event": "S", "reconc": 9, "tstamp": 0.4766248343890116, "transferred": 0, "dist": 0.08485164922634555, "_child0": {"label": 26, "event": "S", "reconc": 10, "tstamp": 0.28047940973396124, "transferred": 0, "dist": 0.23926908931915888, "_child0": {"label": 37, "event": "S", "reconc": 18, "tstamp": 0.16620957833938346, "transferred": 0, "dist": 0.13324417858665638, "_child0": {"label": 48, "event": "D", "reconc": [18, 24], "tstamp": 0.07256239860235267, "transferred": 0, "dist": 0.09513709246424773, "_child0": {"label": 50, "event": "S", "reconc": 24, "tstamp": 0.0, "transferred": 0, "dist": 0.07371685559185967}, "_child1": {"label": 51, "event": "S", "reconc": 24, "tstamp": 0.0, "transferred": 0, "dist": 0.07371685559185967}}, "_child1": {"label": 47, "event": "S", "reconc": 25, "tstamp": 0.0, "transferred": 0, "dist": 0.19257458916499315}, "_child2": {"label": 49, "event": "S", "reconc": 21, "tstamp": 0.0, "transferred": 0, "dist": 0.17390504023926456}}, "_child1": {"label": 34, "event": "S", "reconc": 16, "tstamp": 0.0, "transferred": 0, "dist": 0.38586141186174205}, "_child2": {"label": 35, "event": "S", "reconc": 23, "tstamp": 0.0, "transferred": 0, "dist": 0.3923941695196105}, "_child3": {"label": 36, "event": "S", "reconc": 22, "tstamp": 0.0, "transferred": 0, "dist": 0.3276514237130253}, "_child4": {"label": 38, "event": "S", "reconc": 13, "tstamp": 0.0, "transferred": 0, "dist": 0.32993322454978385}}, "_child1": {"label": 27, "event": "S", "reconc": 11, "tstamp": 0.25166095680201706, "transferred": 0, "dist": 0.24453810075112592, "_child0": {"label": 40, "event": "H", "reconc": [11, 15], "tstamp": 0.19867485410906335, "transferred": 0, "dist": 0.06048037369957047, "_child0": {"label": 44, "event": "S", "reconc": 23, "tstamp": 0.0, "transferred": 1, "dist": 0.28150550913192735}, "_child1": {"label": 43, "event": "S", "reconc": 15, "tstamp": 0.0, "transferred": 0, "dist": 0.22677511291695207}}, "_child1": {"label": 39, "event": "S", "reconc": 14, "tstamp": 0.0, "transferred": 0, "dist": 0.22463752095594086}}}}, "_child1": {"label": 15, "event": "D", "reconc": [5, 7], "tstamp": 0.17179396487721854, "transferred": 0, "dist": 0.3636674497772268, "_child0": {"label": 45, "event": "S", "reconc": 7, "tstamp": 0.0, "transferred": 0, "dist": 0.15287247045812052}, "_child1": {"label": 46, "event": "S", "reconc": 7, "tstamp": 0.0, "transferred": 0, "dist": 0.14780621566184737}}}, "_child1": {"label": 11, "event": "S", "reconc": 4, "tstamp": 0.0, "transferred": 0, "dist": 0.5235479761931149}}, "_child1": {"label": 7, "event": "S", "reconc": 2, "tstamp": 0.0, "transferred": 0, "dist": 0.49139914323741496}}}