{"label": 0, "event": null, "tstamp": 1.0, "dist": 0.0, "_child0": {"label": 1, "event": "S", "tstamp": 0.8551817362462176, "dist": 0.14481826375378237, "_child0": {"label": 3, "event": "S", "tstamp": 0.7809172587606932, "dist": 0.07426447748552445, "_child0": {"label": 7, "event": "S", "tstamp": 0.0, "dist": 0.7809172587606932}, "_child1": {"label": 6, "event": "S", "tstamp": 0.0, "dist": 0.7809172587606932}, "_child2": {"label": 4, "event": "S", "tstamp": 0.529245066885975, "dist": 0.25167219187471823, "_child0": {"label": 9, "event": "S", "tstamp": 0.49234196494960997, "dist": 0.03690310193636498, "_child0": {"label": 10, "event": "S", "tstamp": 0.4589144789896498, "dist": 0.033427485959960146, "_child0": {"label": 15, "event": "S", "tstamp": 0.4323322186575353, "dist": 0.026582260332114527, "_child0": {"label": 16, "event": "S", "tstamp": 0.27747460351623476, "dist": 0.15485761514130053, "_child0": {"label": 18, "event": "S", "tstamp": 0.0, "dist": 0.27747460351623476}, "_child1": {"label": 19, "event": "S", "tstamp": 0.0, "dist": 0.27747460351623476}}, "_child1": {"label": 17, "event": "S", "tstamp": 0.23752492209821613, "dist": 0.19480729655931917, "_child0": {"label": 21, "event": "S", "tstamp": 0.19846943659696228, "dist": 0.039055485501253845, "_child0": {"label": 25, "event": "S", "tstamp": 0.0, "dist": 0.19846943659696228}, "_child1": {"label": 24, "event": "S", "tstamp": 0.0, "dist": 0.19846943659696228}, "_child2": {"label": 22, "event": "S", "tstamp": 0.0, "dist": 0.19846943659696228}}, "_child1": {"label": 20, "event": "S", "tstamp": 0.0, "dist": 0.23752492209821613}}}, "_child1": {"label": 14, "event": "S", "tstamp": 0.0, "dist": 0.4589144789896498}}, "_child1": {"label": 11, "event": "S", "tstamp": 0.0, "dist": 0.49234196494960997}}, "_child1": {"label": 8, "event": "S", "tstamp": 0.0, "dist": 0.529245066885975}}}, "_child1": {"label": 2, "event": "S", "tstamp": 0.46625448190424884, "dist": 0.3889272543419688, "_child0": {"label": 12, "event": "S", "tstamp": 0.0, "dist": 0.46625448190424884}, "_child1": {"label": 13, "event": "S", "tstamp": 0.0, "dist": 0.46625448190424884}}}}