{"label": 1, "event": "S", "reconc": 1, "tstamp": 0.8475716178987764, "transferred": 0, "dist": 0.0, "_child0": {"label": 7, "event": "S", "reconc": 5, "tstamp": 0.1046857682374475, "transferred": 0, "dist": 0.7202992704569803, "_child0": {"label": 15, "event": "S", "reconc": 6, "tstamp": 0.0, "transferred": 0, "dist": 0.09167875884363126}, "_child1": {"label": 16, "event": "S", "reconc": 7, "tstamp": 0.0, "transferred": 0, "dist": 0.07926383365759229}}, "_child1": {"label": 2, "event": "H", "reconc": [1, 4], "tstamp": 0.6610203937597464, "transferred": 0, "dist": 0.16941254523983004, "_child0": {"label": 10, "event": "H", "reconc": [1, 2], "tstamp": 0.2763656838929557, "transferred": 1, "dist": 0.5957229666688081, "_child0": {"label": 11, "event": "H", "reconc": [1, 2], "tstamp": 0.21157776794835947, "transferred": 0, "dist": 0.10033842950777917, "_child0": {"label": 14, "event": "S", "reconc": 4, "tstamp": 0.032480311258478806, "transferred": 1, "dist": 0.16288687642223001, "_child0": {"label": 21, "event": "S", "reconc": 8, "tstamp": 0.0, "transferred": 0, "dist": 0.025256646362157433}, "_child1": {"label": 22, "event": "S", "reconc": 9, "tstamp": 0.0, "transferred": 0, "dist": 0.0675052067573208}}, "_child1": {"label": 13, "event": "S", "reconc": 2, "tstamp": 0.0, "transferred": 0, "dist": 0.3276750092232348}}, "_child1": {"label": 12, "event": "S", "reconc": 4, "tstamp": 0.032480311258478806, "transferred": 1, "dist": 0.2222094126991249, "_child0": {"label": 19, "event": "S", "reconc": 8, "tstamp": 0.0, "transferred": 0, "dist": 0.0372947715023512}, "_child1": {"label": 20, "event": "S", "reconc": 9, "tstamp": 0.0, "transferred": 0, "dist": 0.02264915762578995}}}, "_child1": {"label": 9, "event": "S", "reconc": 4, "tstamp": 0.032480311258478806, "transferred": 0, "dist": 0.5707953708330255, "_child0": {"label": 17, "event": "S", "reconc": 8, "tstamp": 0.0, "transferred": 0, "dist": 0.022608464508971273}, "_child1": {"label": 18, "event": "S", "reconc": 9, "tstamp": 0.0, "transferred": 0, "dist": 0.022647738816050908}}}, "_child2": {"label": 4, "event": "S", "reconc": 2, "tstamp": 0.0, "transferred": 0, "dist": 0.8530864552835098}}