{"label": 1, "event": "S", "reconc": 1, "tstamp": 0.9895075832628656, "transferred": 0, "dist": 0.0, "_child0": {"label": 4, "event": "D", "reconc": [1, 3], "tstamp": 0.9416779483346248, "transferred": 0, "dist": 0.055971299041687704, "_child0": {"label": 5, "event": "S", "reconc": 3, "tstamp": 0.9133993842128654, "transferred": 0, "dist": 0.13611120546902591, "_child0": {"label": 8, "event": "H", "reconc": [3, 6], "tstamp": 0.8998334425191198, "transferred": 0, "dist": 0.016835196725795577, "_child0": {"label": 12, "event": "S", "reconc": 7, "tstamp": 0.8566287163039794, "transferred": 1, "dist": 0.05894646812480458, "_child0": {"label": 17, "event": "S", "reconc": 9, "tstamp": 0.8148020417134819, "transferred": 0, "dist": 0.06143811862861921, "_child0": {"label": 30, "event": "S", "reconc": 13, "tstamp": 0.0, "transferred": 0, "dist": 1.339700235056337}, "_child1": {"label": 47, "event": "S", "reconc": 19, "tstamp": 0.24880559257860635, "transferred": 1, "dist": 1.0506134899077093, "_child0": {"label": 57, "event": "S", "reconc": 21, "tstamp": 0.21173271180433606, "transferred": 0, "dist": 0.1391815148182867, "_child0": {"label": 65, "event": "S", "reconc": 22, "tstamp": 0.0, "transferred": 0, "dist": 0.290397825866268}, "_child1": {"label": 66, "event": "S", "reconc": 23, "tstamp": 0.0, "transferred": 0, "dist": 0.7719442200156854}}, "_child1": {"label": 58, "event": "S", "reconc": 20, "tstamp": 0.10035301009787288, "transferred": 0, "dist": 0.25924299446359916, "_child0": {"label": 73, "event": "S", "reconc": 24, "tstamp": 0.0, "transferred": 0, "dist": 0.6747512317428517}, "_child1": {"label": 74, "event": "S", "reconc": 25, "tstamp": 0.0, "transferred": 0, "dist": 0.17863040693037557}}}}, "_child1": {"label": 18, "event": "D", "reconc": [7, 8], "tstamp": 0.25802782511665145, "transferred": 0, "dist": 3.555181057388389, "_child0": {"label": 53, "event": "D", "reconc": [7, 8], "tstamp": 0.0877031166905473, "transferred": 0, "dist": 0.24494699706876383, "_child0": {"label": 82, "event": "S", "reconc": 8, "tstamp": 0.0, "transferred": 0, "dist": 0.11525815827890673}, "_child1": {"label": 83, "event": "S", "reconc": 8, "tstamp": 0.0, "transferred": 0, "dist": 0.09407584079135214}}, "_child1": {"label": 54, "event": "S", "reconc": 8, "tstamp": 0.0, "transferred": 0, "dist": 0.7047558132287159}}}, "_child1": {"label": 85, "event": "S", "reconc": 13, "tstamp": 0.0, "transferred": 1, "dist": 1.1485667974386515}}, "_child1": {"label": 7, "event": "S", "reconc": 7, "tstamp": 0.8566287163039794, "transferred": 0, "dist": 0.07720113532205428, "_child0": {"label": 25, "event": "S", "reconc": 11, "tstamp": 0.732569462541335, "transferred": 0, "dist": 0.23780601659326467, "_child0": {"label": 31, "event": "S", "reconc": 12, "tstamp": 0.4190814845969976, "transferred": 0, "dist": 0.5501046512717419, "_child0": {"label": 45, "event": "S", "reconc": 19, "tstamp": 0.24880559257860635, "transferred": 0, "dist": 1.0113649706047663, "_child0": {"label": 55, "event": "S", "reconc": 21, "tstamp": 0.21173271180433606, "transferred": 0, "dist": 0.21835357611803916, "_child0": {"label": 63, "event": "S", "reconc": 22, "tstamp": 0.0, "transferred": 0, "dist": 0.497173474592056}, "_child1": {"label": 64, "event": "S", "reconc": 23, "tstamp": 0.0, "transferred": 0, "dist": 0.3241843958396261}}, "_child1": {"label": 56, "event": "S", "reconc": 20, "tstamp": 0.10035301009787288, "transferred": 0, "dist": 0.338911058056107, "_child0": {"label": 71, "event": "S", "reconc": 24, "tstamp": 0.0, "transferred": 0, "dist": 0.3071952337826649}, "_child1": {"label": 72, "event": "S", "reconc": 25, "tstamp": 0.0, "transferred": 0, "dist": 0.17969281689530078}}}, "_child1": {"label": 46, "event": "S", "reconc": 18, "tstamp": 0.0, "transferred": 0, "dist": 1.4618297552048949}}, "_child1": {"label": 32, "event": "S", "reconc": 13, "tstamp": 0.0, "transferred": 0, "dist": 1.893480718581358}}, "_child1": {"label": 14, "event": "S", "reconc": 8, "tstamp": 0.0, "transferred": 0, "dist": 1.2282530852344464}}}, "_child1": {"label": 6, "event": "S", "reconc": 3, "tstamp": 0.9133993842128654, "transferred": 0, "dist": 0.10243390748353567, "_child0": {"label": 15, "event": "S", "reconc": 9, "tstamp": 0.8148020417134819, "transferred": 0, "dist": 0.1331931902602131, "_child0": {"label": 27, "event": "S", "reconc": 12, "tstamp": 0.4190814845969976, "transferred": 0, "dist": 0.8134829447649875, "_child0": {"label": 43, "event": "D", "reconc": [12, 19], "tstamp": 0.37730917269004993, "transferred": 0, "dist": 0.12227920740473733, "_child0": {"label": 51, "event": "S", "reconc": 19, "tstamp": 0.24880559257860635, "transferred": 0, "dist": 0.249424284035125, "_child0": {"label": 67, "event": "S", "reconc": 22, "tstamp": 0.0, "transferred": 0, "dist": 0.32781631638173336}, "_child1": {"label": 76, "event": "S", "reconc": 25, "tstamp": 0.0, "transferred": 0, "dist": 0.6735818377958074}}, "_child1": {"label": 52, "event": "S", "reconc": 19, "tstamp": 0.24880559257860635, "transferred": 0, "dist": 0.3871817548950574, "_child0": {"label": 61, "event": "S", "reconc": 21, "tstamp": 0.21173271180433606, "transferred": 0, "dist": 0.05134831692576196, "_child0": {"label": 69, "event": "S", "reconc": 22, "tstamp": 0.0, "transferred": 0, "dist": 0.36028253550500133}, "_child1": {"label": 70, "event": "S", "reconc": 23, "tstamp": 0.0, "transferred": 0, "dist": 0.4266997104118922}}, "_child1": {"label": 78, "event": "S", "reconc": 25, "tstamp": 0.0, "transferred": 0, "dist": 0.6785731347032178}}}, "_child1": {"label": 44, "event": "S", "reconc": 18, "tstamp": 0.0, "transferred": 0, "dist": 1.1964681967713295}}, "_child1": {"label": 22, "event": "S", "reconc": 10, "tstamp": 0.0, "transferred": 0, "dist": 1.4142939752774397}}, "_child1": {"label": 42, "event": "H", "reconc": [3, 6], "tstamp": 0.4036811613084613, "transferred": 0, "dist": 1.906444135080264, "_child0": {"label": 50, "event": "S", "reconc": 10, "tstamp": 0.0, "transferred": 1, "dist": 2.2732465190339703}, "_child1": {"label": 49, "event": "S", "reconc": 6, "tstamp": 0.0, "transferred": 0, "dist": 1.178667870331573}}}}, "_child1": {"label": 3, "event": "S", "reconc": 5, "tstamp": 0.5080473483236321, "transferred": 0, "dist": 0.42291025615563144, "_child0": {"label": 37, "event": "S", "reconc": 15, "tstamp": 0.4753952567501992, "transferred": 0, "dist": 0.024853690871490756, "_child0": {"label": 39, "event": "S", "reconc": 16, "tstamp": 0.09727431690803719, "transferred": 0, "dist": 0.25639568477414343, "_child0": {"label": 79, "event": "S", "reconc": 29, "tstamp": 0.0, "transferred": 0, "dist": 0.055754032261921264}, "_child1": {"label": 80, "event": "S", "reconc": 28, "tstamp": 0.0, "transferred": 0, "dist": 0.05976582660577466}, "_child2": {"label": 81, "event": "S", "reconc": 26, "tstamp": 0.0, "transferred": 0, "dist": 0.060173635412282614}}, "_child1": {"label": 40, "event": "S", "reconc": 17, "tstamp": 0.0, "transferred": 0, "dist": 0.4351318705269737}}, "_child1": {"label": 38, "event": "S", "reconc": 14, "tstamp": 0.0, "transferred": 0, "dist": 0.3255306438259686}}}