{"label": 0, "event": null, "tstamp": 1.0, "dist": 0.0, "_child0": {"label": 1, "event": "S", "tstamp": 0.5388952340772165, "dist": 0.4611047659227835, "_child0": {"label": 3, "event": "S", "tstamp": 0.38586044330348657, "dist": 0.15303479077372995, "_child0": {"label": 5, "event": "S", "tstamp": 0.2820668601385532, "dist": 0.10379358316493337, "_child0": {"label": 6, "event": "S", "tstamp": 0.15751265261570657, "dist": 0.12455420752284663, "_child0": {"label": 8, "event": "S", "tstamp": 0.0, "dist": 0.15751265261570657}, "_child1": {"label": 9, "event": "S", "tstamp": 0.0, "dist": 0.15751265261570657}}, "_child1": {"label": 7, "event": "S", "tstamp": 0.0, "dist": 0.2820668601385532}}, "_child1": {"label": 4, "event": "S", "tstamp": 0.0, "dist": 0.38586044330348657}}, "_child1": {"label": 2, "event": "S", "tstamp": 0.0, "dist": 0.5388952340772165}}}