{"label": 0, "event": null, "tstamp": 1.0, "dist": 0.0, "_child0": {"label": 1, "event": "S", "tstamp": 0.9216471982805216, "dist": 0.07835280171947845, "_child0": {"label": 2, "event": "S", "tstamp": 0.6149421175716545, "dist": 0.30670508070886704, "_child0": {"label": 18, "event": "S", "tstamp": 0.0, "dist": 0.6149421175716545}, "_child1": {"label": 21, "event": "S", "tstamp": 0.0, "dist": 0.6149421175716545}, "_child2": {"label": 20, "event": "S", "tstamp": 0.0, "dist": 0.6149421175716545}, "_child3": {"label": 4, "event": "S", "tstamp": 0.0, "dist": 0.6149421175716545}}, "_child1": {"label": 3, "event": "S", "tstamp": 0.46157692948902623, "dist": 0.4600702687914953, "_child0": {"label": 7, "event": "S", "tstamp": 0.42352724107832773, "dist": 0.0380496884106985, "_child0": {"label": 10, "event": "S", "tstamp": 0.0, "dist": 0.42352724107832773}, "_child1": {"label": 11, "event": "S", "tstamp": 0.3620186927574922, "dist": 0.06150854832083552, "_child0": {"label": 13, "event": "S", "tstamp": 0.28445478406357005, "dist": 0.07756390869392216, "_child0": {"label": 14, "event": "S", "tstamp": 0.0, "dist": 0.28445478406357005}, "_child1": {"label": 15, "event": "S", "tstamp": 0.0, "dist": 0.28445478406357005}}, "_child1": {"label": 12, "event": "S", "tstamp": 0.14279539086135504, "dist": 0.21922330189613717, "_child0": {"label": 17, "event": "S", "tstamp": 0.05086091128696505, "dist": 0.09193447957439, "_child0": {"label": 25, "event": "S", "tstamp": 0.0, "dist": 0.05086091128696505}, "_child1": {"label": 24, "event": "S", "tstamp": 0.0, "dist": 0.05086091128696505}, "_child2": {"label": 22, "event": "S", "tstamp": 0.0, "dist": 0.05086091128696505}}, "_child1": {"label": 16, "event": "S", "tstamp": 0.0, "dist": 0.14279539086135504}}}, "_child2": {"label": 9, "event": "S", "tstamp": 0.0, "dist": 0.42352724107832773}}, "_child1": {"label": 6, "event": "S", "tstamp": 0.0, "dist": 0.46157692948902623}}}}