{"label": 1, "event": "S", "reconc": 1, "tstamp": 0.9779642707566603, "transferred": 0, "dist": 0.0, "_child0": {"label": 2, "event": "S", "reconc": 2, "tstamp": 0.9155577811462884, "transferred": 0, "dist": 0.0640508385607175, "_child0": {"label": 4, "event": "H", "reconc": [2, 4], "tstamp": 0.623216046935262, "transferred": 0, "dist": 0.21766920820816651, "_child0": {"label": 23, "event": "S", "reconc": 15, "tstamp": 0.0, "transferred": 1, "dist": 1.0114048149628145}, "_child1": {"label": 11, "event": "S", "reconc": 7, "tstamp": 0.31790670001105875, "transferred": 1, "dist": 0.26005561396783367, "_child0": {"label": 27, "event": "S", "reconc": 14, "tstamp": 0.0, "transferred": 0, "dist": 0.34763320535382175}, "_child1": {"label": 20, "event": "D", "reconc": [7, 11], "tstamp": 0.09858140017975053, "transferred": 0, "dist": 1.0147993194920555, "_child0": {"label": 34, "event": "S", "reconc": 11, "tstamp": 0.06852364533801557, "transferred": 0, "dist": 0.0235224414346169, "_child0": {"label": 38, "event": "S", "reconc": 12, "tstamp": 0.0, "transferred": 0, "dist": 0.2591076242736771}, "_child1": {"label": 39, "event": "S", "reconc": 13, "tstamp": 0.0, "transferred": 0, "dist": 0.17316212119593177}}, "_child1": {"label": 40, "event": "S", "reconc": 12, "tstamp": 0.0, "transferred": 0, "dist": 0.08021332175584392}}, "_child2": {"label": 18, "event": "S", "reconc": 15, "tstamp": 0.0, "transferred": 0, "dist": 0.6767958890552037}, "_child3": {"label": 21, "event": "S", "reconc": 8, "tstamp": 0.0, "transferred": 0, "dist": 0.30425069962711687}}}, "_child1": {"label": 24, "event": "D", "reconc": [2, 5], "tstamp": 0.17924676743243179, "transferred": 0, "dist": 0.9716118571973099, "_child0": {"label": 32, "event": "S", "reconc": 5, "tstamp": 0.0, "transferred": 0, "dist": 0.23652815367137822}, "_child1": {"label": 33, "event": "S", "reconc": 5, "tstamp": 0.0, "transferred": 0, "dist": 0.5872501886307353}}}, "_child1": {"label": 3, "event": "H", "reconc": [1, 3], "tstamp": 0.8974130094807454, "transferred": 0, "dist": 0.0759694995453132, "_child0": {"label": 6, "event": "S", "reconc": 3, "tstamp": 0.8279865167524469, "transferred": 0, "dist": 0.06547750865984514, "_child0": {"label": 8, "event": "S", "reconc": 7, "tstamp": 0.31790670001105875, "transferred": 0, "dist": 0.43164725796195547, "_child0": {"label": 16, "event": "S", "reconc": 11, "tstamp": 0.06852364533801557, "transferred": 0, "dist": 0.19473788831136685, "_child0": {"label": 36, "event": "S", "reconc": 12, "tstamp": 0.0, "transferred": 0, "dist": 0.04909560401399149}, "_child1": {"label": 37, "event": "S", "reconc": 13, "tstamp": 0.0, "transferred": 0, "dist": 0.053446842719684695}}, "_child1": {"label": 14, "event": "S", "reconc": 15, "tstamp": 0.0, "transferred": 0, "dist": 0.2640079515644286}}, "_child1": {"label": 9, "event": "S", "reconc": 6, "tstamp": 0.0, "transferred": 0, "dist": 0.8182875725501071}}, "_child1": {"label": 7, "event": "D", "reconc": [2, 4], "tstamp": 0.1901433123031804, "transferred": 1, "dist": 3.3032101787273622, "_child0": {"label": 30, "event": "S", "reconc": 4, "tstamp": 0.0, "transferred": 0, "dist": 0.38867734230462264}, "_child1": {"label": 31, "event": "S", "reconc": 4, "tstamp": 0.0, "transferred": 0, "dist": 0.26194613773772735}}}}