{"label": 1, "event": "S", "reconc": 1, "tstamp": 0.9034038818658411, "transferred": 0, "dist": 0.0, "_child0": {"label": 2, "event": "S", "reconc": 2, "tstamp": 0.8641110412438188, "transferred": 0, "dist": 0.034475233820759024, "_child0": {"label": 5, "event": "H", "reconc": [2, 4], "tstamp": 0.7290616674556473, "transferred": 0, "dist": 0.08912637143719758, "_child0": {"label": 11, "event": "H", "reconc": [2, 4], "tstamp": 0.5912051371474261, "transferred": 0, "dist": 0.09097896554904243, "_child0": {"label": 17, "event": "S", "reconc": 4, "tstamp": 0.0, "transferred": 0, "dist": 0.3901681819837949}, "_child1": {"label": 18, "event": "S", "reconc": 8, "tstamp": 0.0, "transferred": 1, "dist": 1.6536194363604315}}, "_child1": {"label": 12, "event": "H", "reconc": [3, 26], "tstamp": 0.5590570030623084, "transferred": 1, "dist": 0.15390360902340353, "_child0": {"label": 22, "event": "S", "reconc": 13, "tstamp": 0.2683109528747686, "transferred": 1, "dist": 0.45296126411153764, "_child0": {"label": 37, "event": "S", "reconc": 25, "tstamp": 0.0, "transferred": 0, "dist": 0.4391900949231081}, "_child1": {"label": 38, "event": "S", "reconc": 24, "tstamp": 0.0, "transferred": 0, "dist": 0.7711378848436768}, "_child2": {"label": 39, "event": "S", "reconc": 22, "tstamp": 0.0, "transferred": 0, "dist": 0.9408984088611515}}, "_child1": {"label": 21, "event": "S", "reconc": 26, "tstamp": 0.0, "transferred": 0, "dist": 0.5061089984097431}}}, "_child1": {"label": 4, "event": "H", "reconc": [2, 5], "tstamp": 0.7142958603842366, "transferred": 0, "dist": 0.14080783588336057, "_child0": {"label": 13, "event": "S", "reconc": 5, "tstamp": 0.6315047499628527, "transferred": 0, "dist": 0.077813456699971, "_child0": {"label": 15, "event": "S", "reconc": 11, "tstamp": 0.5697606833985919, "transferred": 0, "dist": 0.061976286328732456, "_child0": {"label": 19, "event": "S", "reconc": 12, "tstamp": 0.538815411304393, "transferred": 0, "dist": 0.03060062186513425, "_child0": {"label": 23, "event": "S", "reconc": 15, "tstamp": 0.5369709401020502, "transferred": 0, "dist": 0.001800199970383023, "_child0": {"label": 25, "event": "S", "reconc": 17, "tstamp": 0.4522451388502117, "transferred": 0, "dist": 0.09054840542043543, "_child0": {"label": 30, "event": "D", "reconc": [17, 19], "tstamp": 0.31213095598490503, "transferred": 0, "dist": 0.156682742565921, "_child0": {"label": 33, "event": "H", "reconc": [17, 19], "tstamp": 0.29319062323277345, "transferred": 0, "dist": 0.035143418593288824, "_child0": {"label": 35, "event": "D", "reconc": [17, 19], "tstamp": 0.0689756696651445, "transferred": 0, "dist": 0.416026480169162, "_child0": {"label": 53, "event": "S", "reconc": 19, "tstamp": 0.0, "transferred": 0, "dist": 0.28395528992068464}, "_child1": {"label": 54, "event": "S", "reconc": 19, "tstamp": 0.0, "transferred": 0, "dist": 0.48388141987821387}}, "_child1": {"label": 36, "event": "S", "reconc": 18, "tstamp": 0.0, "transferred": 1, "dist": 0.37234728479988377}}, "_child1": {"label": 34, "event": "H", "reconc": [17, 19], "tstamp": 0.23996005100038675, "transferred": 0, "dist": 0.12732585511653208, "_child0": {"label": 45, "event": "H", "reconc": [17, 19], "tstamp": 0.1897163598171359, "transferred": 0, "dist": 0.08864127373060791, "_child0": {"label": 49, "event": "S", "reconc": 19, "tstamp": 0.0, "transferred": 0, "dist": 0.33470271362807885}, "_child1": {"label": 50, "event": "S", "reconc": 24, "tstamp": 0.0, "transferred": 1, "dist": 0.47359196481082644}}, "_child1": {"label": 46, "event": "S", "reconc": 20, "tstamp": 0.0, "transferred": 1, "dist": 0.32886127009641214}}}, "_child1": {"label": 29, "event": "S", "reconc": 18, "tstamp": 0.0, "transferred": 0, "dist": 0.48916321647506406}}, "_child1": {"label": 26, "event": "S", "reconc": 16, "tstamp": 0.4064966252860159, "transferred": 0, "dist": 0.12588286493264053, "_child0": {"label": 31, "event": "D", "reconc": [16, 20], "tstamp": 0.13451960829440657, "transferred": 0, "dist": 0.3032903119540187, "_child0": {"label": 51, "event": "S", "reconc": 20, "tstamp": 0.0, "transferred": 0, "dist": 0.15000713815756583}, "_child1": {"label": 52, "event": "S", "reconc": 20, "tstamp": 0.0, "transferred": 0, "dist": 0.15000713815756583}}, "_child1": {"label": 32, "event": "S", "reconc": 21, "tstamp": 0.0, "transferred": 0, "dist": 0.33265956489650084}}}, "_child1": {"label": 24, "event": "D", "reconc": [12, 14], "tstamp": 0.0509484645959343, "transferred": 0, "dist": 0.6023327635072029, "_child0": {"label": 55, "event": "S", "reconc": 14, "tstamp": 0.0, "transferred": 0, "dist": 0.06290225169703205}, "_child1": {"label": 56, "event": "S", "reconc": 14, "tstamp": 0.0, "transferred": 0, "dist": 0.34738762405362034}}}, "_child1": {"label": 20, "event": "H", "reconc": [11, 13], "tstamp": 0.49571121050793787, "transferred": 0, "dist": 0.08659734971861184, "_child0": {"label": 27, "event": "S", "reconc": 13, "tstamp": 0.2683109528747686, "transferred": 0, "dist": 0.2659338259630935, "_child0": {"label": 40, "event": "H", "reconc": [13, 25], "tstamp": 0.2336023002989353, "transferred": 0, "dist": 0.03565837744648385, "_child0": {"label": 48, "event": "S", "reconc": 14, "tstamp": 0.0, "transferred": 1, "dist": 1.5083835772084389}, "_child1": {"label": 47, "event": "S", "reconc": 25, "tstamp": 0.0, "transferred": 0, "dist": 0.23999430626777424}}, "_child1": {"label": 41, "event": "H", "reconc": [13, 24], "tstamp": 0.04265538395798907, "transferred": 0, "dist": 0.33286572851654095, "_child0": {"label": 57, "event": "S", "reconc": 24, "tstamp": 0.0, "transferred": 0, "dist": 0.06292118348546115}, "_child1": {"label": 58, "event": "S", "reconc": 26, "tstamp": 0.0, "transferred": 1, "dist": 0.06085920870829273}}}, "_child1": {"label": 28, "event": "S", "reconc": 9, "tstamp": 0.0, "transferred": 1, "dist": 0.3521454649360729}}}, "_child1": {"label": 16, "event": "S", "reconc": 10, "tstamp": 0.0, "transferred": 0, "dist": 0.4865349480274919}}, "_child1": {"label": 14, "event": "S", "reconc": 8, "tstamp": 0.0, "transferred": 1, "dist": 0.8369473303344593}}}, "_child1": {"label": 3, "event": "S", "reconc": 3, "tstamp": 0.7795348131742813, "transferred": 0, "dist": 0.09804463687893915, "_child0": {"label": 9, "event": "D", "reconc": [7, 8], "tstamp": 0.2645862480165887, "transferred": 0, "dist": 0.5823041710528094, "_child0": {"label": 43, "event": "S", "reconc": 8, "tstamp": 0.0, "transferred": 0, "dist": 0.30876302295328417}, "_child1": {"label": 44, "event": "S", "reconc": 8, "tstamp": 0.0, "transferred": 0, "dist": 1.8440974342749339}}, "_child1": {"label": 8, "event": "S", "reconc": 27, "tstamp": 0.019713054813819707, "transferred": 0, "dist": 0.6478875736497366, "_child0": {"label": 59, "event": "S", "reconc": 28, "tstamp": 0.0, "transferred": 0, "dist": 0.018970919453576093}, "_child1": {"label": 60, "event": "S", "reconc": 29, "tstamp": 0.0, "transferred": 0, "dist": 0.019857389139738033}}, "_child2": {"label": 7, "event": "S", "reconc": 26, "tstamp": 0.0, "transferred": 0, "dist": 0.3806429393699922}}}