{"label": 2, "event": "S", "reconc": 3, "tstamp": 0.7860805267201038, "transferred": 0, "dist": 0.0, "_child0": {"label": 7, "event": "H", "reconc": [5, 7], "tstamp": 0.7185171917412696, "transferred": 0, "dist": 0.08237868936569934, "_child0": {"label": 8, "event": "D", "reconc": [5, 7], "tstamp": 0.37421974836904426, "transferred": 0, "dist": 0.3787471713721161, "_child0": {"label": 28, "event": "H", "reconc": [5, 7], "tstamp": 0.3450764050845028, "transferred": 0, "dist": 0.03253883602351642, "_child0": {"label": 31, "event": "S", "reconc": 2, "tstamp": 0.2107770257191234, "transferred": 1, "dist": 0.2410814255595924, "_child0": {"label": 40, "event": "S", "reconc": 20, "tstamp": 0.0, "transferred": 0, "dist": 0.47920802719193994}, "_child1": {"label": 41, "event": "S", "reconc": 21, "tstamp": 0.0, "transferred": 0, "dist": 0.5363702225889662}}, "_child1": {"label": 30, "event": "S", "reconc": 7, "tstamp": 0.0, "transferred": 0, "dist": 0.38528127850674776}}, "_child1": {"label": 29, "event": "S", "reconc": 7, "tstamp": 0.0, "transferred": 0, "dist": 0.4700833742533514}}, "_child1": {"label": 9, "event": "S", "reconc": 2, "tstamp": 0.2107770257191234, "transferred": 1, "dist": 0.5572249477991774, "_child0": {"label": 38, "event": "H", "reconc": [2, 20], "tstamp": 0.17755808433791986, "transferred": 0, "dist": 0.030492027129784393, "_child0": {"label": 45, "event": "S", "reconc": 17, "tstamp": 0.0, "transferred": 1, "dist": 0.3514421018741783}, "_child1": {"label": 44, "event": "S", "reconc": 20, "tstamp": 0.0, "transferred": 0, "dist": 0.16298249431295517}}, "_child1": {"label": 39, "event": "S", "reconc": 21, "tstamp": 0.0, "transferred": 0, "dist": 0.20016822282240196}}}, "_child1": {"label": 10, "event": "S", "reconc": 9, "tstamp": 0.5591376587203104, "transferred": 0, "dist": 0.30843981984240315, "_child0": {"label": 12, "event": "D", "reconc": [9, 10], "tstamp": 0.4345474744524354, "transferred": 0, "dist": 0.1733670222336902, "_child0": {"label": 14, "event": "S", "reconc": 10, "tstamp": 0.42719720071660083, "transferred": 0, "dist": 0.010227892973047905, "_child0": {"label": 16, "event": "S", "reconc": 13, "tstamp": 0.3838797634347489, "transferred": 0, "dist": 0.06383665177453757, "_child0": {"label": 34, "event": "S", "reconc": 18, "tstamp": 0.0, "transferred": 0, "dist": 0.7648716776417086}, "_child1": {"label": 22, "event": "S", "reconc": 17, "tstamp": 0.0, "transferred": 0, "dist": 0.5648306932616768}}, "_child1": {"label": 43, "event": "S", "reconc": 12, "tstamp": 0.08847562116341284, "transferred": 0, "dist": 0.5270921857759833, "_child0": {"label": 52, "event": "S", "reconc": 23, "tstamp": 0.0677778598365744, "transferred": 0, "dist": 0.03722414232563842, "_child0": {"label": 58, "event": "S", "reconc": 24, "tstamp": 0.0, "transferred": 0, "dist": 0.5542257225651482}, "_child1": {"label": 59, "event": "S", "reconc": 25, "tstamp": 0.0, "transferred": 0, "dist": 0.1359491822684293}}, "_child1": {"label": 53, "event": "S", "reconc": 22, "tstamp": 0.0, "transferred": 0, "dist": 0.26143839942945724}}}, "_child1": {"label": 15, "event": "S", "reconc": 10, "tstamp": 0.42719720071660083, "transferred": 0, "dist": 0.058871676839709446, "_child0": {"label": 19, "event": "D", "reconc": [10, 12], "tstamp": 0.4127558124172029, "transferred": 0, "dist": 0.035602779540320074, "_child0": {"label": 32, "event": "S", "reconc": 12, "tstamp": 0.08847562116341284, "transferred": 0, "dist": 1.5759935452364044, "_child0": {"label": 50, "event": "S", "reconc": 23, "tstamp": 0.0677778598365744, "transferred": 0, "dist": 0.08545290814242527, "_child0": {"label": 56, "event": "S", "reconc": 24, "tstamp": 0.0, "transferred": 0, "dist": 0.20412065838920695}, "_child1": {"label": 57, "event": "S", "reconc": 25, "tstamp": 0.0, "transferred": 0, "dist": 0.7116164263002381}}, "_child1": {"label": 51, "event": "S", "reconc": 22, "tstamp": 0.0, "transferred": 0, "dist": 0.16160508731924325}}, "_child1": {"label": 20, "event": "S", "reconc": 12, "tstamp": 0.08847562116341284, "transferred": 0, "dist": 0.5867737907659824, "_child0": {"label": 48, "event": "S", "reconc": 23, "tstamp": 0.0677778598365744, "transferred": 0, "dist": 0.07478699047656832, "_child0": {"label": 54, "event": "H", "reconc": [23, 24], "tstamp": 0.0464740017554318, "transferred": 0, "dist": 0.058984179797995924, "_child0": {"label": 63, "event": "H", "reconc": [2, 21], "tstamp": 0.0022579184112672956, "transferred": 1, "dist": 0.04269237123627249, "_child0": {"label": 65, "event": "S", "reconc": 22, "tstamp": 0.0, "transferred": 1, "dist": 0.012021427085298944}, "_child1": {"label": 64, "event": "S", "reconc": 21, "tstamp": 0.0, "transferred": 0, "dist": 0.002180109221450524}}, "_child1": {"label": 62, "event": "S", "reconc": 24, "tstamp": 0.0, "transferred": 0, "dist": 0.1286729786235858}}, "_child1": {"label": 55, "event": "S", "reconc": 25, "tstamp": 0.0, "transferred": 0, "dist": 0.1549025195398658}}, "_child1": {"label": 49, "event": "S", "reconc": 22, "tstamp": 0.0, "transferred": 0, "dist": 1.8425111746358624}}}, "_child1": {"label": 26, "event": "H", "reconc": [13, 16], "tstamp": 0.23319375009084112, "transferred": 0, "dist": 0.38568354613643285, "_child0": {"label": 36, "event": "H", "reconc": [13, 16], "tstamp": 0.05630329837313358, "transferred": 0, "dist": 0.34361002117695455, "_child0": {"label": 60, "event": "S", "reconc": 16, "tstamp": 0.0, "transferred": 0, "dist": 0.10891948795687593}, "_child1": {"label": 61, "event": "S", "reconc": 19, "tstamp": 0.0, "transferred": 1, "dist": 0.11839327346956063}}, "_child1": {"label": 37, "event": "S", "reconc": 17, "tstamp": 0.0, "transferred": 1, "dist": 0.37783621371471604}}}}, "_child1": {"label": 13, "event": "H", "reconc": [9, 11], "tstamp": 0.1706671853681037, "transferred": 0, "dist": 0.4095730132970917, "_child0": {"label": 46, "event": "S", "reconc": 11, "tstamp": 0.0, "transferred": 0, "dist": 0.17993818881254361}, "_child1": {"label": 47, "event": "S", "reconc": 20, "tstamp": 0.0, "transferred": 1, "dist": 0.44923093992108953}}}}