{"label": 1, "event": "S", "reconc": 1, "tstamp": 0.830907306130778, "transferred": 0, "dist": 0.0, "_child0": {"label": 3, "event": "H", "reconc": [1, 6], "tstamp": 0.7887305777086274, "transferred": 0, "dist": 0.042418181320870156, "_child0": {"label": 6, "event": "S", "reconc": 7, "tstamp": 0.45204338266756033, "transferred": 1, "dist": 0.3242977345501633, "_child0": {"label": 11, "event": "S", "reconc": 8, "tstamp": 0.378462081849801, "transferred": 0, "dist": 0.36168547588218886, "_child0": {"label": 19, "event": "S", "reconc": 15, "tstamp": 0.09850843857608171, "transferred": 0, "dist": 0.37655093997471223, "_child0": {"label": 29, "event": "S", "reconc": 16, "tstamp": 0.0, "transferred": 0, "dist": 0.32625980561633927}, "_child1": {"label": 30, "event": "S", "reconc": 17, "tstamp": 0.0, "transferred": 0, "dist": 0.09029529257319899}}, "_child1": {"label": 18, "event": "D", "reconc": [8, 14], "tstamp": 0.07318838816546998, "transferred": 0, "dist": 0.41568848183942547, "_child0": {"label": 31, "event": "S", "reconc": 14, "tstamp": 0.031255571574502615, "transferred": 0, "dist": 0.03830816538739169, "_child0": {"label": 35, "event": "S", "reconc": 18, "tstamp": 0.0, "transferred": 0, "dist": 0.03890527764743506}, "_child1": {"label": 36, "event": "S", "reconc": 19, "tstamp": 0.0, "transferred": 0, "dist": 0.040039728762437554}}, "_child1": {"label": 32, "event": "S", "reconc": 14, "tstamp": 0.031255571574502615, "transferred": 0, "dist": 0.055373431990254025, "_child0": {"label": 37, "event": "S", "reconc": 18, "tstamp": 0.0, "transferred": 0, "dist": 0.06421750717795477}, "_child1": {"label": 38, "event": "S", "reconc": 19, "tstamp": 0.0, "transferred": 0, "dist": 0.03557623701390357}}}, "_child2": {"label": 20, "event": "S", "reconc": 12, "tstamp": 0.0, "transferred": 0, "dist": 1.0244640583433384}}, "_child1": {"label": 12, "event": "S", "reconc": 9, "tstamp": 0.0, "transferred": 0, "dist": 0.4195994124686551}}, "_child1": {"label": 5, "event": "D", "reconc": [1, 6], "tstamp": 0.11706782449663093, "transferred": 0, "dist": 0.675507881195888, "_child0": {"label": 25, "event": "S", "reconc": 6, "tstamp": 0.0, "transferred": 0, "dist": 0.12293102167092036}, "_child1": {"label": 26, "event": "S", "reconc": 6, "tstamp": 0.0, "transferred": 0, "dist": 0.19477640173551408}}}, "_child1": {"label": 7, "event": "S", "reconc": 4, "tstamp": 0.40734328593744074, "transferred": 0, "dist": 0.4565569962831663, "_child0": {"label": 13, "event": "D", "reconc": [4, 10], "tstamp": 0.26777521976366114, "transferred": 0, "dist": 0.15124495030266752, "_child0": {"label": 21, "event": "S", "reconc": 10, "tstamp": 0.0, "transferred": 0, "dist": 0.4205619667675488}, "_child1": {"label": 22, "event": "S", "reconc": 10, "tstamp": 0.0, "transferred": 0, "dist": 0.44275018322710535}}, "_child1": {"label": 14, "event": "S", "reconc": 11, "tstamp": 0.0, "transferred": 0, "dist": 0.6659098687168536}}, "_child2": {"label": 4, "event": "S", "reconc": 7, "tstamp": 0.45204338266756033, "transferred": 0, "dist": 0.35935945340651887, "_child0": {"label": 9, "event": "S", "reconc": 8, "tstamp": 0.378462081849801, "transferred": 0, "dist": 0.0641304932759678, "_child0": {"label": 17, "event": "H", "reconc": [8, 12], "tstamp": 0.17582146866699105, "transferred": 0, "dist": 0.1349232211414067, "_child0": {"label": 23, "event": "S", "reconc": 12, "tstamp": 0.0, "transferred": 0, "dist": 0.11706635962931303}, "_child1": {"label": 24, "event": "S", "reconc": 9, "tstamp": 0.0, "transferred": 1, "dist": 0.3213682675905462}}, "_child1": {"label": 16, "event": "S", "reconc": 15, "tstamp": 0.09850843857608171, "transferred": 0, "dist": 0.21672965181939424, "_child0": {"label": 27, "event": "S", "reconc": 16, "tstamp": 0.0, "transferred": 0, "dist": 0.07069546671513008}, "_child1": {"label": 28, "event": "S", "reconc": 17, "tstamp": 0.0, "transferred": 0, "dist": 0.07939162510960963}}, "_child2": {"label": 15, "event": "S", "reconc": 14, "tstamp": 0.031255571574502615, "transferred": 0, "dist": 0.316125249882435, "_child0": {"label": 33, "event": "S", "reconc": 18, "tstamp": 0.0, "transferred": 0, "dist": 0.03102070582526242}, "_child1": {"label": 34, "event": "S", "reconc": 19, "tstamp": 0.0, "transferred": 0, "dist": 0.03034970705506361}}}, "_child1": {"label": 10, "event": "S", "reconc": 9, "tstamp": 0.0, "transferred": 0, "dist": 0.4143184694841939}}}