{"label": 0, "event": null, "tstamp": 1.0, "dist": 0.0, "_child0": {"label": 1, "event": "S", "tstamp": 0.7853310782552111, "dist": 0.2146689217447889, "_child0": {"label": 2, "event": "S", "tstamp": 0.6594374341163284, "dist": 0.1258936441388827, "_child0": {"label": 4, "event": "S", "tstamp": 0.0718384544512135, "dist": 0.5875989796651149, "_child0": {"label": 10, "event": "S", "tstamp": 0.0, "dist": 0.0718384544512135}, "_child1": {"label": 11, "event": "S", "tstamp": 0.0, "dist": 0.0718384544512135}}, "_child1": {"label": 5, "event": "S", "tstamp": 0.0, "dist": 0.6594374341163284}}, "_child1": {"label": 3, "event": "S", "tstamp": 0.20456855787195624, "dist": 0.5807625203832548, "_child0": {"label": 7, "event": "S", "tstamp": 0.07976340586691041, "dist": 0.12480515200504583, "_child0": {"label": 8, "event": "S", "tstamp": 0.0, "dist": 0.07976340586691041}, "_child1": {"label": 9, "event": "S", "tstamp": 0.0, "dist": 0.07976340586691041}}, "_child1": {"label": 6, "event": "S", "tstamp": 0.06434197396039865, "dist": 0.1402265839115576, "_child0": {"label": 13, "event": "S", "tstamp": 0.010286129136263467, "dist": 0.05405584482413518, "_child0": {"label": 14, "event": "S", "tstamp": 0.0, "dist": 0.010286129136263467}, "_child1": {"label": 15, "event": "S", "tstamp": 0.0, "dist": 0.010286129136263467}}, "_child1": {"label": 12, "event": "S", "tstamp": 0.0, "dist": 0.06434197396039865}}}}}