{"label": 1, "event": "S", "reconc": 1, "tstamp": 0.9552923974355434, "transferred": 0, "dist": 0.0, "_child0": {"label": 2, "event": "S", "reconc": 2, "tstamp": 0.7944247643600301, "transferred": 0, "dist": 0.156990710299814, "_child0": {"label": 4, "event": "S", "reconc": 5, "tstamp": 0.6408109532445705, "transferred": 0, "dist": 0.13461682831602076, "_child0": {"label": 6, "event": "S", "reconc": 7, "tstamp": 0.5760930662629284, "transferred": 0, "dist": 0.04392843472893053, "_child0": {"label": 10, "event": "S", "reconc": 9, "tstamp": 0.4626547374381417, "transferred": 0, "dist": 0.08471568478635431, "_child0": {"label": 14, "event": "S", "reconc": 11, "tstamp": 0.4496314649739638, "transferred": 0, "dist": 0.01087413536684015, "_child0": {"label": 21, "event": "H", "reconc": [12, 14], "tstamp": 0.10236257768728986, "transferred": 0, "dist": 0.2741838907415236, "_child0": {"label": 30, "event": "D", "reconc": [12, 14], "tstamp": 0.0870935739554847, "transferred": 0, "dist": 0.011637630840071734, "_child0": {"label": 36, "event": "S", "reconc": 14, "tstamp": 0.0, "transferred": 0, "dist": 0.06859122679955586}, "_child1": {"label": 37, "event": "S", "reconc": 14, "tstamp": 0.0, "transferred": 0, "dist": 0.0663804187908591}}, "_child1": {"label": 31, "event": "S", "reconc": 6, "tstamp": 0.0, "transferred": 1, "dist": 0.07353482969442668}}, "_child1": {"label": 17, "event": "H", "reconc": [11, 13], "tstamp": 0.18389971390348364, "transferred": 0, "dist": 0.25248894883633066, "_child0": {"label": 25, "event": "S", "reconc": 15, "tstamp": 0.08928586750313047, "transferred": 1, "dist": 0.19909432447211592, "_child0": {"label": 34, "event": "S", "reconc": 17, "tstamp": 0.02014656248555231, "transferred": 0, "dist": 0.06527489011528795, "_child0": {"label": 40, "event": "S", "reconc": 18, "tstamp": 0.0, "transferred": 0, "dist": 0.02138277530470863}, "_child1": {"label": 41, "event": "S", "reconc": 19, "tstamp": 0.0, "transferred": 0, "dist": 0.01863414651834668}}, "_child1": {"label": 35, "event": "S", "reconc": 16, "tstamp": 0.0, "transferred": 0, "dist": 0.11476391827398195}}, "_child1": {"label": 24, "event": "S", "reconc": 13, "tstamp": 0.0, "transferred": 0, "dist": 0.17473502984773986}}}, "_child1": {"label": 15, "event": "S", "reconc": 10, "tstamp": 0.0, "transferred": 0, "dist": 0.47595381447210156}}, "_child1": {"label": 11, "event": "H", "reconc": [7, 8], "tstamp": 0.11794977024145306, "transferred": 0, "dist": 0.30773914989159223, "_child0": {"label": 29, "event": "S", "reconc": 14, "tstamp": 0.0, "transferred": 1, "dist": 0.1642551349870988}, "_child1": {"label": 28, "event": "S", "reconc": 8, "tstamp": 0.0, "transferred": 0, "dist": 0.07922796718673787}}}, "_child1": {"label": 7, "event": "H", "reconc": [5, 6], "tstamp": 0.3742332747017655, "transferred": 0, "dist": 0.19124449442792668, "_child0": {"label": 19, "event": "S", "reconc": 12, "tstamp": 0.34333211886008436, "transferred": 1, "dist": 0.13311855646890383, "_child0": {"label": 22, "event": "S", "reconc": 15, "tstamp": 0.08928586750313047, "transferred": 0, "dist": 0.253589071062439, "_child0": {"label": 32, "event": "S", "reconc": 17, "tstamp": 0.02014656248555231, "transferred": 0, "dist": 0.06114622826749733, "_child0": {"label": 38, "event": "S", "reconc": 18, "tstamp": 0.0, "transferred": 0, "dist": 0.019454324879529545}, "_child1": {"label": 39, "event": "S", "reconc": 19, "tstamp": 0.0, "transferred": 0, "dist": 0.018272360230192068}}, "_child1": {"label": 33, "event": "S", "reconc": 16, "tstamp": 0.0, "transferred": 0, "dist": 0.08431252984812314}}, "_child1": {"label": 23, "event": "S", "reconc": 14, "tstamp": 0.0, "transferred": 0, "dist": 0.2681850353100695}}, "_child1": {"label": 18, "event": "S", "reconc": 6, "tstamp": 0.0, "transferred": 0, "dist": 0.2684772926588239}}}, "_child1": {"label": 5, "event": "H", "reconc": [2, 4], "tstamp": 0.618166960673584, "transferred": 0, "dist": 0.19426489817735967, "_child0": {"label": 9, "event": "H", "reconc": [1, 3], "tstamp": 0.018397553490658514, "transferred": 1, "dist": 0.608092643917828, "_child0": {"label": 43, "event": "S", "reconc": 10, "tstamp": 0.0, "transferred": 1, "dist": 0.05489728439014651}, "_child1": {"label": 42, "event": "S", "reconc": 3, "tstamp": 0.0, "transferred": 0, "dist": 0.0169247277525337}}, "_child1": {"label": 8, "event": "S", "reconc": 4, "tstamp": 0.0, "transferred": 0, "dist": 0.6813209920934484}}}, "_child1": {"label": 13, "event": "D", "reconc": [5, 6], "tstamp": 0.15231679529559655, "transferred": 1, "dist": 0.7253550410438914, "_child0": {"label": 26, "event": "S", "reconc": 6, "tstamp": 0.0, "transferred": 0, "dist": 0.20420747982070575}, "_child1": {"label": 27, "event": "S", "reconc": 6, "tstamp": 0.0, "transferred": 0, "dist": 0.12757427861993062}}}