{"label": 0, "event": null, "tstamp": 1.0, "dist": 0.0, "_child0": {"label": 1, "event": "S", "tstamp": 0.5602381234183695, "dist": 0.43976187658163046, "_child0": {"label": 3, "event": "S", "tstamp": 0.5327268894209549, "dist": 0.02751123399741462, "_child0": {"label": 5, "event": "S", "tstamp": 0.49981268582875943, "dist": 0.03291420359219549, "_child0": {"label": 7, "event": "S", "tstamp": 0.4521650497013239, "dist": 0.047647636127435555, "_child0": {"label": 9, "event": "S", "tstamp": 0.20269643944724985, "dist": 0.24946861025407402, "_child0": {"label": 10, "event": "S", "tstamp": 0.0, "dist": 0.20269643944724985}, "_child1": {"label": 11, "event": "S", "tstamp": 0.0, "dist": 0.20269643944724985}}, "_child1": {"label": 8, "event": "S", "tstamp": 0.0, "dist": 0.4521650497013239}}, "_child1": {"label": 12, "event": "S", "tstamp": 0.0, "dist": 0.49981268582875943}, "_child2": {"label": 13, "event": "S", "tstamp": 0.0037426106329430525, "dist": 0.49607007519581636, "_child0": {"label": 14, "event": "S", "tstamp": 0.0, "dist": 0.0037426106329430525}, "_child1": {"label": 15, "event": "S", "tstamp": 0.0, "dist": 0.0037426106329430525}}}, "_child1": {"label": 4, "event": "S", "tstamp": 0.0, "dist": 0.5327268894209549}}, "_child1": {"label": 2, "event": "S", "tstamp": 0.0, "dist": 0.5602381234183695}}}