{"label": 1, "event": "S", "reconc": 1, "tstamp": 0.9463774715531589, "transferred": 0, "dist": 0.0, "_child0": {"label": 2, "event": "S", "reconc": 2, "tstamp": 0.8338029761902191, "transferred": 0, "dist": 0.12352529458911352, "_child0": {"label": 4, "event": "S", "reconc": 5, "tstamp": 0.8138272558819919, "transferred": 0, "dist": 0.024331015843804548, "_child0": {"label": 6, "event": "S", "reconc": 7, "tstamp": 0.7929961318124168, "transferred": 0, "dist": 0.025604250264299678, "_child0": {"label": 11, "event": "S", "reconc": 8, "tstamp": 0.0, "transferred": 1, "dist": 3.4594603252144616}, "_child1": {"label": 9, "event": "H", "reconc": [7, 8], "tstamp": 0.16257410398629896, "transferred": 0, "dist": 0.8966411994885451, "_child0": {"label": 43, "event": "S", "reconc": 16, "tstamp": 0.15640013751434023, "transferred": 1, "dist": 0.007896928965621445, "_child0": {"label": 48, "event": "S", "reconc": 20, "tstamp": 0.0, "transferred": 0, "dist": 0.16469564439814519}, "_child1": {"label": 49, "event": "S", "reconc": 21, "tstamp": 0.0, "transferred": 0, "dist": 0.3164102838252066}}, "_child1": {"label": 42, "event": "S", "reconc": 8, "tstamp": 0.0, "transferred": 0, "dist": 0.231227071977023}}}, "_child1": {"label": 7, "event": "S", "reconc": 6, "tstamp": 0.4720443886025282, "transferred": 0, "dist": 0.4213153428631543, "_child0": {"label": 14, "event": "D", "reconc": [6, 11], "tstamp": 0.3900933537846376, "transferred": 0, "dist": 0.09441361580832718, "_child0": {"label": 16, "event": "S", "reconc": 11, "tstamp": 0.3106562919864706, "transferred": 0, "dist": 0.09151733410347598, "_child0": {"label": 18, "event": "S", "reconc": 12, "tstamp": 0.3030501374066136, "transferred": 0, "dist": 0.007848206490426075, "_child0": {"label": 24, "event": "S", "reconc": 15, "tstamp": 0.29778665319021413, "transferred": 0, "dist": 0.005356431805712366, "_child0": {"label": 30, "event": "S", "reconc": 16, "tstamp": 0.15640013751434023, "transferred": 0, "dist": 0.1512653481033273, "_child0": {"label": 44, "event": "D", "reconc": [16, 20], "tstamp": 0.10241454144936228, "transferred": 0, "dist": 0.056391933972760704, "_child0": {"label": 54, "event": "S", "reconc": 20, "tstamp": 0.0, "transferred": 0, "dist": 0.10697953676961705}, "_child1": {"label": 55, "event": "S", "reconc": 20, "tstamp": 0.0, "transferred": 0, "dist": 0.10697953676961705}}, "_child1": {"label": 45, "event": "S", "reconc": 21, "tstamp": 0.0, "transferred": 0, "dist": 0.2025309649377296}}, "_child1": {"label": 29, "event": "H", "reconc": [15, 18], "tstamp": 0.09360646217285988, "transferred": 0, "dist": 0.20404565426455926, "_child0": {"label": 56, "event": "S", "reconc": 18, "tstamp": 0.0, "transferred": 0, "dist": 0.09354478376322271}, "_child1": {"label": 57, "event": "S", "reconc": 10, "tstamp": 0.0, "transferred": 1, "dist": 0.10927266807044837}}, "_child2": {"label": 28, "event": "S", "reconc": 19, "tstamp": 0.0, "transferred": 0, "dist": 0.36835295836078563}}, "_child1": {"label": 25, "event": "D", "reconc": [12, 14], "tstamp": 0.18124031811080799, "transferred": 0, "dist": 0.11099416741782295, "_child0": {"label": 37, "event": "H", "reconc": [12, 14], "tstamp": 0.17081769614915449, "transferred": 0, "dist": 0.015078976620117474, "_child0": {"label": 39, "event": "S", "reconc": 18, "tstamp": 0.0, "transferred": 1, "dist": 0.18803907243781187}, "_child1": {"label": 38, "event": "S", "reconc": 14, "tstamp": 0.0, "transferred": 0, "dist": 0.24713129345111542}}, "_child1": {"label": 36, "event": "H", "reconc": [12, 14], "tstamp": 0.1708155255444496, "transferred": 0, "dist": 0.00949916171040821, "_child0": {"label": 40, "event": "H", "reconc": [12, 14], "tstamp": 0.1316382203312786, "transferred": 0, "dist": 0.035698701458951966, "_child0": {"label": 51, "event": "S", "reconc": 18, "tstamp": 0.0, "transferred": 1, "dist": 0.13166685691563443}, "_child1": {"label": 50, "event": "S", "reconc": 14, "tstamp": 0.0, "transferred": 0, "dist": 0.11994989197506607}}, "_child1": {"label": 41, "event": "S", "reconc": 19, "tstamp": 0.0, "transferred": 1, "dist": 0.7957632276260559}}}}, "_child1": {"label": 19, "event": "H", "reconc": [11, 29], "tstamp": 0.20923298697172693, "transferred": 0, "dist": 0.09768585038446884, "_child0": {"label": 35, "event": "S", "reconc": 14, "tstamp": 0.0, "transferred": 1, "dist": 0.20661578319713617}, "_child1": {"label": 34, "event": "S", "reconc": 29, "tstamp": 0.0, "transferred": 0, "dist": 0.20152273935309492}}, "_child2": {"label": 20, "event": "H", "reconc": [11, 28], "tstamp": 0.07177279396852951, "transferred": 0, "dist": 0.35636376486771054, "_child0": {"label": 59, "event": "H", "reconc": [6, 10], "tstamp": 5.8110558779987664e-05, "transferred": 1, "dist": 0.07264680510092687, "_child0": {"label": 61, "event": "S", "reconc": 24, "tstamp": 0.0, "transferred": 1, "dist": 7.834250690494904e-05}, "_child1": {"label": 60, "event": "S", "reconc": 10, "tstamp": 0.0, "transferred": 0, "dist": 5.886585894656275e-05}}, "_child1": {"label": 58, "event": "S", "reconc": 28, "tstamp": 0.0, "transferred": 0, "dist": 0.10706986161002521}}}, "_child1": {"label": 17, "event": "S", "reconc": 11, "tstamp": 0.3106562919864706, "transferred": 0, "dist": 0.09151733410347598, "_child0": {"label": 21, "event": "S", "reconc": 12, "tstamp": 0.3030501374066136, "transferred": 0, "dist": 0.007848206490426075, "_child0": {"label": 26, "event": "S", "reconc": 15, "tstamp": 0.29778665319021413, "transferred": 0, "dist": 0.005356431805712366, "_child0": {"label": 33, "event": "S", "reconc": 16, "tstamp": 0.15640013751434023, "transferred": 0, "dist": 0.1512653481033273, "_child0": {"label": 46, "event": "S", "reconc": 20, "tstamp": 0.0, "transferred": 0, "dist": 0.16337147074237776}, "_child1": {"label": 47, "event": "S", "reconc": 21, "tstamp": 0.0, "transferred": 0, "dist": 0.2025309649377296}}, "_child1": {"label": 31, "event": "S", "reconc": 19, "tstamp": 0.0, "transferred": 0, "dist": 0.36835295836078563}}, "_child1": {"label": 27, "event": "S", "reconc": 14, "tstamp": 0.0, "transferred": 0, "dist": 0.2761419225622492}}, "_child1": {"label": 22, "event": "S", "reconc": 29, "tstamp": 0.0, "transferred": 0, "dist": 0.29920858973756376}, "_child2": {"label": 23, "event": "S", "reconc": 28, "tstamp": 0.0, "transferred": 0, "dist": 0.4634336264777358}}}, "_child1": {"label": 15, "event": "S", "reconc": 10, "tstamp": 0.0, "transferred": 0, "dist": 0.4686170808601245}}}, "_child1": {"label": 5, "event": "S", "reconc": 4, "tstamp": 0.10674744496401783, "transferred": 0, "dist": 0.7341208661772096, "_child0": {"label": 52, "event": "S", "reconc": 22, "tstamp": 0.0, "transferred": 0, "dist": 0.08943801611975132}, "_child1": {"label": 53, "event": "S", "reconc": 23, "tstamp": 0.0, "transferred": 0, "dist": 0.07471765465393194}}}, "_child1": {"label": 13, "event": "S", "reconc": 3, "tstamp": 0.0, "transferred": 0, "dist": 0.8593240683478466}}