{"label": 0, "event": null, "tstamp": 1.0, "dist": 0.0, "_child0": {"label": 1, "event": "S", "tstamp": 0.8431633816764579, "dist": 0.15683661832354212, "_child0": {"label": 3, "event": "S", "tstamp": 0.8286426560738405, "dist": 0.014520725602617413, "_child0": {"label": 6, "event": "S", "tstamp": 0.11219617368917555, "dist": 0.7164464823846649, "_child0": {"label": 13, "event": "S", "tstamp": 0.05250284370660972, "dist": 0.059693329982565824, "_child0": {"label": 17, "event": "S", "tstamp": 0.0, "dist": 0.05250284370660972}, "_child1": {"label": 16, "event": "S", "tstamp": 0.0, "dist": 0.05250284370660972}, "_child2": {"label": 19, "event": "S", "tstamp": 0.0, "dist": 0.05250284370660972}, "_child3": {"label": 18, "event": "S", "tstamp": 0.0, "dist": 0.05250284370660972}}, "_child1": {"label": 12, "event": "S", "tstamp": 0.0, "dist": 0.11219617368917555}}, "_child1": {"label": 7, "event": "S", "tstamp": 0.5511300723594139, "dist": 0.27751258371442655, "_child0": {"label": 9, "event": "S", "tstamp": 0.5293693862398876, "dist": 0.021760686119526307, "_child0": {"label": 10, "event": "S", "tstamp": 0.0, "dist": 0.5293693862398876}, "_child1": {"label": 11, "event": "S", "tstamp": 0.0, "dist": 0.5293693862398876}}, "_child1": {"label": 8, "event": "S", "tstamp": 0.0, "dist": 0.5511300723594139}}, "_child2": {"label": 4, "event": "S", "tstamp": 0.0, "dist": 0.8286426560738405}}, "_child1": {"label": 2, "event": "S", "tstamp": 0.0, "dist": 0.8431633816764579}}}