{"label": 0, "event": null, "tstamp": 1.0, "dist": 0.0, "_child0": {"label": 1, "event": "S", "tstamp": 0.9107194879543624, "dist": 0.08928051204563758, "_child0": {"label": 2, "event": "S", "tstamp": 0.6236188674073656, "dist": 0.2871006205469968, "_child0": {"label": 6, "event": "S", "tstamp": 0.11210070649843618, "dist": 0.5115181609089294, "_child0": {"label": 17, "event": "S", "tstamp": 0.07727398848531135, "dist": 0.03482671801312483, "_child0": {"label": 18, "event": "S", "tstamp": 0.0, "dist": 0.07727398848531135}, "_child1": {"label": 19, "event": "S", "tstamp": 0.0, "dist": 0.07727398848531135}}, "_child1": {"label": 16, "event": "S", "tstamp": 0.0, "dist": 0.11210070649843618}}, "_child1": {"label": 8, "event": "S", "tstamp": 0.0, "dist": 0.6236188674073656}, "_child2": {"label": 9, "event": "S", "tstamp": 0.2144537114006905, "dist": 0.40916515600667513, "_child0": {"label": 10, "event": "S", "tstamp": 0.0, "dist": 0.2144537114006905}, "_child1": {"label": 11, "event": "S", "tstamp": 0.0, "dist": 0.2144537114006905}}, "_child3": {"label": 5, "event": "S", "tstamp": 0.0, "dist": 0.6236188674073656}}, "_child1": {"label": 3, "event": "S", "tstamp": 0.2107866487948158, "dist": 0.6999328391595466, "_child0": {"label": 13, "event": "S", "tstamp": 0.17522935615339255, "dist": 0.03555729264142324, "_child0": {"label": 14, "event": "S", "tstamp": 0.0, "dist": 0.17522935615339255}, "_child1": {"label": 15, "event": "S", "tstamp": 0.0, "dist": 0.17522935615339255}}, "_child1": {"label": 12, "event": "S", "tstamp": 0.0, "dist": 0.2107866487948158}}}}