{"label": 0, "event": null, "tstamp": 1.0, "dist": 0.0, "_child0": {"label": 1, "event": "S", "tstamp": 0.7909531457291987, "dist": 0.20904685427080127, "_child0": {"label": 8, "event": "S", "tstamp": 0.0, "dist": 0.7909531457291987}, "_child1": {"label": 10, "event": "S", "tstamp": 0.0, "dist": 0.7909531457291987}, "_child2": {"label": 11, "event": "S", "tstamp": 0.23623185151473297, "dist": 0.5547212942144657, "_child0": {"label": 17, "event": "S", "tstamp": 0.18995516189937903, "dist": 0.046276689615353944, "_child0": {"label": 18, "event": "S", "tstamp": 0.17360531519898223, "dist": 0.016349846700396797, "_child0": {"label": 21, "event": "S", "tstamp": 0.029839942092540244, "dist": 0.143765373106442, "_child0": {"label": 23, "event": "S", "tstamp": 0.0203626710202758, "dist": 0.009477271072264443, "_child0": {"label": 24, "event": "S", "tstamp": 0.0, "dist": 0.0203626710202758}, "_child1": {"label": 25, "event": "S", "tstamp": 0.0, "dist": 0.0203626710202758}}, "_child1": {"label": 22, "event": "S", "tstamp": 0.0, "dist": 0.029839942092540244}}, "_child1": {"label": 20, "event": "S", "tstamp": 0.0, "dist": 0.17360531519898223}}, "_child1": {"label": 19, "event": "S", "tstamp": 0.0, "dist": 0.18995516189937903}}, "_child1": {"label": 16, "event": "S", "tstamp": 0.0, "dist": 0.23623185151473297}}, "_child3": {"label": 4, "event": "S", "tstamp": 0.4381308338911432, "dist": 0.3528223118380555, "_child0": {"label": 7, "event": "S", "tstamp": 0.28765585319368386, "dist": 0.15047498069745935, "_child0": {"label": 15, "event": "S", "tstamp": 0.0, "dist": 0.28765585319368386}, "_child1": {"label": 14, "event": "S", "tstamp": 0.0, "dist": 0.28765585319368386}, "_child2": {"label": 12, "event": "S", "tstamp": 0.0, "dist": 0.28765585319368386}}, "_child1": {"label": 6, "event": "S", "tstamp": 0.0, "dist": 0.4381308338911432}}, "_child4": {"label": 3, "event": "S", "tstamp": 0.0, "dist": 0.7909531457291987}}}