{"label": 1, "event": "S", "reconc": 1, "tstamp": 0.9576855156970563, "transferred": 0, "dist": 0.0, "_child0": {"label": 2, "event": "S", "reconc": 3, "tstamp": 0.7530684595036066, "transferred": 0, "dist": 0.1990275348067882, "_child0": {"label": 4, "event": "S", "reconc": 5, "tstamp": 0.7416701474810635, "transferred": 0, "dist": 0.011497011872444729, "_child0": {"label": 6, "event": "S", "reconc": 7, "tstamp": 0.7374781527337736, "transferred": 0, "dist": 0.0042099220212379685, "_child0": {"label": 12, "event": "S", "reconc": 11, "tstamp": 0.5547122973081756, "transferred": 0, "dist": 0.16873642202622602, "_child0": {"label": 16, "event": "S", "reconc": 13, "tstamp": 0.4379030531249189, "transferred": 0, "dist": 0.10642886714479606, "_child0": {"label": 21, "event": "H", "reconc": [13, 14], "tstamp": 0.3848162327297594, "transferred": 0, "dist": 0.04937898563416799, "_child0": {"label": 22, "event": "H", "reconc": [13, 14], "tstamp": 0.3048635709274383, "transferred": 0, "dist": 0.07436838953930427, "_child0": {"label": 30, "event": "S", "reconc": 14, "tstamp": 0.0, "transferred": 0, "dist": 0.28357045641746054}, "_child1": {"label": 31, "event": "S", "reconc": 6, "tstamp": 0.0, "transferred": 1, "dist": 0.252646886433865}}, "_child1": {"label": 23, "event": "S", "reconc": 12, "tstamp": 0.0, "transferred": 1, "dist": 0.29874585859859387}}, "_child1": {"label": 20, "event": "H", "reconc": [13, 15], "tstamp": 0.3141311615519616, "transferred": 0, "dist": 0.11818496349384727, "_child0": {"label": 28, "event": "S", "reconc": 15, "tstamp": 0.2691902475692179, "transferred": 0, "dist": 0.042912330182010065, "_child0": {"label": 34, "event": "H", "reconc": [15, 16], "tstamp": 0.22050952960149553, "transferred": 0, "dist": 0.04900171638694087, "_child0": {"label": 35, "event": "H", "reconc": [15, 16], "tstamp": 0.20726342337473735, "transferred": 0, "dist": 0.01333345044305361, "_child0": {"label": 37, "event": "H", "reconc": [15, 16], "tstamp": 0.1361487213509784, "transferred": 0, "dist": 0.07158362910383935, "_child0": {"label": 41, "event": "S", "reconc": 16, "tstamp": 0.0, "transferred": 0, "dist": 0.1370464797686185}, "_child1": {"label": 42, "event": "S", "reconc": 8, "tstamp": 0.0, "transferred": 1, "dist": 0.3039412758603934}}, "_child1": {"label": 38, "event": "S", "reconc": 12, "tstamp": 0.0, "transferred": 1, "dist": 0.2201047329083116}}, "_child1": {"label": 36, "event": "S", "reconc": 6, "tstamp": 0.0, "transferred": 1, "dist": 0.31292814261281415}}, "_child1": {"label": 32, "event": "S", "reconc": 19, "tstamp": 0.0, "transferred": 0, "dist": 0.24993795457165996}}, "_child1": {"label": 29, "event": "S", "reconc": 4, "tstamp": 0.0, "transferred": 1, "dist": 0.3493656872154128}}}, "_child1": {"label": 17, "event": "D", "reconc": [11, 12], "tstamp": 0.34825321467773135, "transferred": 0, "dist": 0.15649586518393907, "_child0": {"label": 26, "event": "S", "reconc": 12, "tstamp": 0.0, "transferred": 0, "dist": 0.2639757352387029}, "_child1": {"label": 27, "event": "S", "reconc": 12, "tstamp": 0.0, "transferred": 0, "dist": 0.2639757352387029}}}, "_child1": {"label": 9, "event": "H", "reconc": [7, 8], "tstamp": 0.5511932361082105, "transferred": 0, "dist": 0.17185102586976794, "_child0": {"label": 19, "event": "H", "reconc": [11, 12], "tstamp": 0.35098619134023085, "transferred": 1, "dist": 0.7091236186882155, "_child0": {"label": 24, "event": "S", "reconc": 12, "tstamp": 0.0, "transferred": 0, "dist": 1.2431760251055155}, "_child1": {"label": 25, "event": "S", "reconc": 8, "tstamp": 0.0, "transferred": 1, "dist": 0.9240192071693885}}, "_child1": {"label": 18, "event": "H", "reconc": [7, 8], "tstamp": 0.07717437619430963, "transferred": 0, "dist": 0.4372905162341156, "_child0": {"label": 49, "event": "S", "reconc": 8, "tstamp": 0.0, "transferred": 0, "dist": 0.0711946837140305}, "_child1": {"label": 50, "event": "S", "reconc": 2, "tstamp": 0.0, "transferred": 1, "dist": 0.14728660391116888}}}}, "_child1": {"label": 10, "event": "H", "reconc": [5, 6], "tstamp": 0.10394680584619517, "transferred": 0, "dist": 0.47909957166218126, "_child0": {"label": 44, "event": "S", "reconc": 12, "tstamp": 0.0, "transferred": 1, "dist": 0.3021894424089471}, "_child1": {"label": 43, "event": "S", "reconc": 6, "tstamp": 0.0, "transferred": 0, "dist": 0.07809165339454952}}}, "_child1": {"label": 5, "event": "D", "reconc": [3, 4], "tstamp": 0.6171024481423456, "transferred": 0, "dist": 0.14005666302934336, "_child0": {"label": 14, "event": "S", "reconc": 4, "tstamp": 0.0, "transferred": 0, "dist": 0.7408755190930469}, "_child1": {"label": 15, "event": "S", "reconc": 4, "tstamp": 0.0, "transferred": 0, "dist": 0.6356684936826832}}}, "_child1": {"label": 3, "event": "D", "reconc": [1, 2], "tstamp": 0.1453000365393033, "transferred": 0, "dist": 0.801687517120298, "_child0": {"label": 40, "event": "D", "reconc": [1, 2], "tstamp": 0.08518065104533687, "transferred": 0, "dist": 0.05932769864058202, "_child0": {"label": 45, "event": "D", "reconc": [1, 2], "tstamp": 0.0328697660603093, "transferred": 0, "dist": 0.051622024984359305, "_child0": {"label": 51, "event": "S", "reconc": 2, "tstamp": 0.0, "transferred": 0, "dist": 0.03243691796231304}, "_child1": {"label": 52, "event": "S", "reconc": 2, "tstamp": 0.0, "transferred": 0, "dist": 0.03243691796231304}}, "_child1": {"label": 46, "event": "S", "reconc": 2, "tstamp": 0.0, "transferred": 0, "dist": 0.08405894294667234}}, "_child1": {"label": 39, "event": "H", "reconc": [1, 2], "tstamp": 0.08010978432221284, "transferred": 0, "dist": 0.06433178925668206, "_child0": {"label": 48, "event": "H", "reconc": [7, 8], "tstamp": 0.008506273564989984, "transferred": 1, "dist": 0.0689248055131019, "_child0": {"label": 54, "event": "S", "reconc": 18, "tstamp": 0.0, "transferred": 1, "dist": 0.0068852685020778836}, "_child1": {"label": 53, "event": "S", "reconc": 8, "tstamp": 0.0, "transferred": 0, "dist": 0.008188051743664446}}, "_child1": {"label": 47, "event": "S", "reconc": 2, "tstamp": 0.0, "transferred": 0, "dist": 0.0790548523305723}}}}