{"label": 0, "event": null, "tstamp": 1.0, "dist": 0.0, "_child0": {"label": 1, "event": "S", "tstamp": 0.9008105806069048, "dist": 0.09918941939309522, "_child0": {"label": 3, "event": "S", "tstamp": 0.7689945638042044, "dist": 0.1318160168027004, "_child0": {"label": 7, "event": "S", "tstamp": 0.0, "dist": 0.7689945638042044}, "_child1": {"label": 6, "event": "S", "tstamp": 0.47803616864995957, "dist": 0.2909583951542448, "_child0": {"label": 11, "event": "S", "tstamp": 0.21821691586211714, "dist": 0.25981925278784246, "_child0": {"label": 12, "event": "S", "tstamp": 0.11378757511178504, "dist": 0.1044293407503321, "_child0": {"label": 14, "event": "S", "tstamp": 0.0, "dist": 0.11378757511178504}, "_child1": {"label": 15, "event": "S", "tstamp": 0.0, "dist": 0.11378757511178504}}, "_child1": {"label": 13, "event": "S", "tstamp": 0.0, "dist": 0.21821691586211714}}, "_child1": {"label": 10, "event": "S", "tstamp": 0.0, "dist": 0.47803616864995957}}, "_child2": {"label": 4, "event": "S", "tstamp": 0.0, "dist": 0.7689945638042044}}, "_child1": {"label": 9, "event": "S", "tstamp": 0.0, "dist": 0.9008105806069048}, "_child2": {"label": 8, "event": "S", "tstamp": 0.0, "dist": 0.9008105806069048}}}