{"label": 1, "event": "S", "reconc": 1, "tstamp": 0.6769513914960049, "transferred": 0, "dist": 0.0, "_child0": {"label": 2, "event": "S", "reconc": 3, "tstamp": 0.6228706673117603, "transferred": 0, "dist": 0.08305242169597603, "_child0": {"label": 4, "event": "S", "reconc": 5, "tstamp": 0.5600305198929455, "transferred": 0, "dist": 0.1017417933236042, "_child0": {"label": 7, "event": "H", "reconc": [5, 6], "tstamp": 0.3731923001613427, "transferred": 0, "dist": 0.3343262852507831, "_child0": {"label": 10, "event": "H", "reconc": [3, 8], "tstamp": 0.36364466920649835, "transferred": 1, "dist": 0.01962373673492383, "_child0": {"label": 12, "event": "S", "reconc": 9, "tstamp": 0.0, "transferred": 1, "dist": 0.6711188790686106}, "_child1": {"label": 11, "event": "S", "reconc": 8, "tstamp": 0.0, "transferred": 0, "dist": 0.7474175832012063}}, "_child1": {"label": 9, "event": "S", "reconc": 6, "tstamp": 0.0, "transferred": 0, "dist": 0.6677862568823921}}, "_child1": {"label": 8, "event": "H", "reconc": [5, 7], "tstamp": 0.10214612074726423, "transferred": 0, "dist": 0.911870251656927, "_child0": {"label": 15, "event": "S", "reconc": 7, "tstamp": 0.0, "transferred": 0, "dist": 0.2034225429068437}, "_child1": {"label": 16, "event": "S", "reconc": 8, "tstamp": 0.0, "transferred": 1, "dist": 0.1925864184694891}}}, "_child1": {"label": 5, "event": "H", "reconc": [3, 9], "tstamp": 0.15782159299939794, "transferred": 0, "dist": 0.602216656050097, "_child0": {"label": 13, "event": "S", "reconc": 9, "tstamp": 0.0, "transferred": 0, "dist": 0.20437153246489173}, "_child1": {"label": 14, "event": "S", "reconc": 2, "tstamp": 0.0, "transferred": 1, "dist": 0.573629842075849}}, "_child2": {"label": 6, "event": "H", "reconc": [3, 8], "tstamp": 0.08454557692813586, "transferred": 0, "dist": 0.9284700417439891, "_child0": {"label": 17, "event": "S", "reconc": 8, "tstamp": 0.0, "transferred": 0, "dist": 0.14581901669081815}, "_child1": {"label": 18, "event": "S", "reconc": 2, "tstamp": 0.0, "transferred": 1, "dist": 0.15595571317300827}}}, "_child1": {"label": 3, "event": "S", "reconc": 2, "tstamp": 0.0, "transferred": 0, "dist": 1.0217592379457863}}