{"label": 1, "event": "S", "reconc": 1, "tstamp": 0.8532674745520648, "transferred": 0, "dist": 0.0, "_child0": {"label": 2, "event": "S", "reconc": 2, "tstamp": 0.8429476082618262, "transferred": 0, "dist": 0.010418494207699932, "_child0": {"label": 4, "event": "S", "reconc": 4, "tstamp": 0.796035934239289, "transferred": 0, "dist": 0.04813473122737336, "_child0": {"label": 6, "event": "H", "reconc": [4, 7], "tstamp": 0.6078750972008602, "transferred": 0, "dist": 0.20849798440534495, "_child0": {"label": 13, "event": "S", "reconc": 7, "tstamp": 0.5276015564085427, "transferred": 0, "dist": 0.08894981399801175, "_child0": {"label": 19, "event": "H", "reconc": [7, 17], "tstamp": 0.48609767057612996, "transferred": 0, "dist": 0.04619833817810465, "_child0": {"label": 25, "event": "S", "reconc": 18, "tstamp": 0.0, "transferred": 0, "dist": 0.508043812973031}, "_child1": {"label": 22, "event": "S", "reconc": 20, "tstamp": 0.0, "transferred": 1, "dist": 0.4461296545298095}}, "_child1": {"label": 20, "event": "H", "reconc": [7, 16], "tstamp": 0.2619041120901094, "transferred": 0, "dist": 0.30644349281541816, "_child0": {"label": 39, "event": "S", "reconc": 16, "tstamp": 0.18220812185284282, "transferred": 0, "dist": 0.09191777389631853, "_child0": {"label": 49, "event": "S", "reconc": 28, "tstamp": 0.0, "transferred": 0, "dist": 0.23408199005315553}, "_child1": {"label": 50, "event": "S", "reconc": 29, "tstamp": 0.0, "transferred": 0, "dist": 0.20115351609566376}}, "_child1": {"label": 40, "event": "S", "reconc": 12, "tstamp": 0.0, "transferred": 1, "dist": 0.2803103625994847}}}, "_child1": {"label": 14, "event": "S", "reconc": 15, "tstamp": 0.0, "transferred": 1, "dist": 0.4607333611687571}}, "_child1": {"label": 7, "event": "S", "reconc": 6, "tstamp": 0.0, "transferred": 0, "dist": 0.8631951480770159}}, "_child1": {"label": 5, "event": "S", "reconc": 5, "tstamp": 0.7632950775206396, "transferred": 0, "dist": 0.08055004058712084, "_child0": {"label": 11, "event": "H", "reconc": [5, 20], "tstamp": 0.5413501031216039, "transferred": 0, "dist": 0.203282306127446, "_child0": {"label": 17, "event": "D", "reconc": [5, 20], "tstamp": 0.47980942908248025, "transferred": 0, "dist": 0.056365908591462385, "_child0": {"label": 23, "event": "S", "reconc": 20, "tstamp": 0.0, "transferred": 0, "dist": 0.439463734241705}, "_child1": {"label": 24, "event": "S", "reconc": 20, "tstamp": 0.0, "transferred": 0, "dist": 0.7661678331726879}}, "_child1": {"label": 18, "event": "S", "reconc": 21, "tstamp": 0.36328672095830616, "transferred": 1, "dist": 0.2788856166694509, "_child0": {"label": 33, "event": "H", "reconc": [23, 24], "tstamp": 0.3496228404490616, "transferred": 0, "dist": 0.0261766494926838, "_child0": {"label": 36, "event": "S", "reconc": 16, "tstamp": 0.18220812185284282, "transferred": 1, "dist": 0.1934290135198076, "_child0": {"label": 47, "event": "S", "reconc": 28, "tstamp": 0.0, "transferred": 0, "dist": 0.2722571446032657}, "_child1": {"label": 48, "event": "S", "reconc": 29, "tstamp": 0.0, "transferred": 0, "dist": 0.2782329800673249}}, "_child1": {"label": 35, "event": "S", "reconc": 24, "tstamp": 0.0, "transferred": 0, "dist": 0.5865740387114076}}, "_child1": {"label": 43, "event": "H", "reconc": [22, 26], "tstamp": 0.031070596200232767, "transferred": 0, "dist": 0.5181943796673123, "_child0": {"label": 66, "event": "S", "reconc": 11, "tstamp": 0.0, "transferred": 1, "dist": 0.024764815871311872}, "_child1": {"label": 65, "event": "S", "reconc": 26, "tstamp": 0.0, "transferred": 0, "dist": 0.061227125047292774}}}}, "_child1": {"label": 12, "event": "S", "reconc": 21, "tstamp": 0.36328672095830616, "transferred": 0, "dist": 0.37556985358303546, "_child0": {"label": 27, "event": "S", "reconc": 23, "tstamp": 0.36177814320310625, "transferred": 0, "dist": 0.0012410403392956603, "_child0": {"label": 32, "event": "H", "reconc": [23, 25], "tstamp": 0.10427041110362074, "transferred": 0, "dist": 0.16864403139591858, "_child0": {"label": 55, "event": "S", "reconc": 25, "tstamp": 0.0, "transferred": 0, "dist": 0.0682875902034302}, "_child1": {"label": 56, "event": "S", "reconc": 27, "tstamp": 0.0, "transferred": 1, "dist": 0.0977551031136464}}, "_child1": {"label": 31, "event": "H", "reconc": [23, 24], "tstamp": 0.08280911337682502, "transferred": 0, "dist": 0.30588952863450247, "_child0": {"label": 61, "event": "H", "reconc": [23, 24], "tstamp": 0.0023560728249018906, "transferred": 0, "dist": 0.08821675534006473, "_child0": {"label": 68, "event": "S", "reconc": 10, "tstamp": 0.0, "transferred": 1, "dist": 0.0019077166900462197}, "_child1": {"label": 67, "event": "S", "reconc": 24, "tstamp": 0.0, "transferred": 0, "dist": 0.002583433746343065}}, "_child1": {"label": 62, "event": "S", "reconc": 10, "tstamp": 0.0, "transferred": 1, "dist": 0.05819481403343447}}}, "_child1": {"label": 28, "event": "S", "reconc": 22, "tstamp": 0.22242990570764154, "transferred": 0, "dist": 0.11853490431469205, "_child0": {"label": 41, "event": "H", "reconc": [22, 26], "tstamp": 0.2152513786425177, "transferred": 0, "dist": 0.007061764318473386, "_child0": {"label": 45, "event": "S", "reconc": 26, "tstamp": 0.0, "transferred": 0, "dist": 0.21175019490906}, "_child1": {"label": 46, "event": "S", "reconc": 3, "tstamp": 0.0, "transferred": 1, "dist": 0.33699496895206704}}, "_child1": {"label": 42, "event": "H", "reconc": [22, 27], "tstamp": 0.15034148457800023, "transferred": 0, "dist": 0.06518852330070968, "_child0": {"label": 51, "event": "D", "reconc": [22, 27], "tstamp": 0.1260505431250918, "transferred": 0, "dist": 0.021965949289573156, "_child0": {"label": 53, "event": "S", "reconc": 27, "tstamp": 0.0, "transferred": 0, "dist": 0.11398569477336594}, "_child1": {"label": 54, "event": "S", "reconc": 27, "tstamp": 0.0, "transferred": 0, "dist": 0.11398569477336594}}, "_child1": {"label": 60, "event": "H", "reconc": [5, 15], "tstamp": 0.036840551183445654, "transferred": 1, "dist": 0.14188914184821322, "_child0": {"label": 64, "event": "S", "reconc": 29, "tstamp": 0.0, "transferred": 1, "dist": 0.06207698622665167}, "_child1": {"label": 63, "event": "S", "reconc": 15, "tstamp": 0.0, "transferred": 0, "dist": 0.04492124465648773}}}}}, "_child2": {"label": 10, "event": "H", "reconc": [5, 15], "tstamp": 0.32632204227504225, "transferred": 0, "dist": 0.329166018187951, "_child0": {"label": 37, "event": "S", "reconc": 15, "tstamp": 0.0, "transferred": 0, "dist": 0.2458140860848875}, "_child1": {"label": 38, "event": "S", "reconc": 24, "tstamp": 0.0, "transferred": 1, "dist": 0.40683567912615787}}}}, "_child1": {"label": 3, "event": "H", "reconc": [1, 3], "tstamp": 0.5571395422276784, "transferred": 0, "dist": 0.2778613714808809, "_child0": {"label": 16, "event": "H", "reconc": [5, 15], "tstamp": 0.10218882303774662, "transferred": 1, "dist": 0.5592979931865025, "_child0": {"label": 58, "event": "S", "reconc": 12, "tstamp": 0.0, "transferred": 1, "dist": 0.7796884930034104}, "_child1": {"label": 57, "event": "S", "reconc": 15, "tstamp": 0.0, "transferred": 0, "dist": 0.1256268014102024}}, "_child1": {"label": 15, "event": "S", "reconc": 3, "tstamp": 0.0, "transferred": 0, "dist": 0.5227725601380708}}}