{"label": 0, "event": null, "tstamp": 1.0, "dist": 0.0, "_child0": {"label": 1, "event": "S", "tstamp": 0.9388234558058015, "dist": 0.06117654419419849, "_child0": {"label": 9, "event": "S", "tstamp": 0.0, "dist": 0.9388234558058015}, "_child1": {"label": 8, "event": "S", "tstamp": 0.0, "dist": 0.9388234558058015}, "_child2": {"label": 4, "event": "S", "tstamp": 0.32374974041608345, "dist": 0.6150737153897181, "_child0": {"label": 6, "event": "S", "tstamp": 0.0, "dist": 0.32374974041608345}, "_child1": {"label": 7, "event": "S", "tstamp": 0.0, "dist": 0.32374974041608345}}, "_child3": {"label": 3, "event": "S", "tstamp": 0.0, "dist": 0.9388234558058015}}}