{"label": 1, "event": "S", "reconc": 1, "tstamp": 0.7659242867847295, "transferred": 0, "dist": 0.0, "_child0": {"label": 2, "event": "S", "reconc": 2, "tstamp": 0.7425538225412073, "transferred": 0, "dist": 0.028455307488398668, "_child0": {"label": 6, "event": "S", "reconc": 7, "tstamp": 0.6619709817984951, "transferred": 0, "dist": 0.09223252890090403, "_child0": {"label": 11, "event": "S", "reconc": 8, "tstamp": 0.0, "transferred": 0, "dist": 0.8590601418431361}, "_child1": {"label": 42, "event": "S", "reconc": 9, "tstamp": 0.0, "transferred": 0, "dist": 0.5929254211176271}}, "_child1": {"label": 5, "event": "D", "reconc": [2, 4], "tstamp": 0.06377643897230519, "transferred": 0, "dist": 0.8338232948887007, "_child0": {"label": 64, "event": "S", "reconc": 4, "tstamp": 0.0, "transferred": 0, "dist": 0.07834421382832885}, "_child1": {"label": 65, "event": "S", "reconc": 4, "tstamp": 0.0, "transferred": 0, "dist": 0.07834421382832885}}}, "_child1": {"label": 3, "event": "S", "reconc": 3, "tstamp": 0.5872003960577253, "transferred": 0, "dist": 0.22470429440367054, "_child0": {"label": 12, "event": "D", "reconc": [3, 11], "tstamp": 0.5177654784501552, "transferred": 0, "dist": 0.09127624158546173, "_child0": {"label": 14, "event": "S", "reconc": 11, "tstamp": 0.4941323812907142, "transferred": 0, "dist": 0.03106708209736025, "_child0": {"label": 20, "event": "S", "reconc": 15, "tstamp": 0.3979815966251446, "transferred": 0, "dist": 0.13652561319436268, "_child0": {"label": 26, "event": "S", "reconc": 17, "tstamp": 0.36809667636879906, "transferred": 0, "dist": 0.0438886582876784, "_child0": {"label": 30, "event": "D", "reconc": [17, 18], "tstamp": 0.2040073733141487, "transferred": 0, "dist": 0.25655219822999004, "_child0": {"label": 48, "event": "S", "reconc": 18, "tstamp": 0.0, "transferred": 0, "dist": 0.3189637539105128}, "_child1": {"label": 49, "event": "S", "reconc": 18, "tstamp": 0.0, "transferred": 0, "dist": 0.3189637539105128}}, "_child1": {"label": 31, "event": "S", "reconc": 19, "tstamp": 0.0, "transferred": 0, "dist": 0.6005233003376951}}, "_child1": {"label": 27, "event": "S", "reconc": 16, "tstamp": 0.31589487430118907, "transferred": 0, "dist": 0.11299798848310041, "_child0": {"label": 34, "event": "D", "reconc": [16, 22], "tstamp": 0.22878401318347286, "transferred": 0, "dist": 0.11447745291263163, "_child0": {"label": 46, "event": "S", "reconc": 22, "tstamp": 0.0, "transferred": 0, "dist": 0.3528509498568025}, "_child1": {"label": 47, "event": "S", "reconc": 22, "tstamp": 0.0, "transferred": 0, "dist": 0.3006583881771246}}, "_child1": {"label": 35, "event": "S", "reconc": 23, "tstamp": 0.1339997476138228, "transferred": 0, "dist": 0.30271549766548095, "_child0": {"label": 56, "event": "S", "reconc": 24, "tstamp": 0.0, "transferred": 0, "dist": 0.27219835742010345}, "_child1": {"label": 57, "event": "S", "reconc": 25, "tstamp": 0.0, "transferred": 0, "dist": 0.23357350477791047}}, "_child2": {"label": 36, "event": "S", "reconc": 21, "tstamp": 0.0, "transferred": 0, "dist": 0.39310527138593887}}}, "_child1": {"label": 17, "event": "H", "reconc": [11, 13], "tstamp": 0.2021153177036388, "transferred": 0, "dist": 0.34362481939592165, "_child0": {"label": 50, "event": "H", "reconc": [11, 13], "tstamp": 0.18466362239145945, "transferred": 0, "dist": 0.020535908334041966, "_child0": {"label": 53, "event": "S", "reconc": 23, "tstamp": 0.1339997476138228, "transferred": 1, "dist": 0.08821765189042872, "_child0": {"label": 60, "event": "S", "reconc": 24, "tstamp": 0.0, "transferred": 0, "dist": 0.2930198216886878}, "_child1": {"label": 61, "event": "S", "reconc": 25, "tstamp": 0.0, "transferred": 0, "dist": 0.6394403749016063}}, "_child1": {"label": 52, "event": "S", "reconc": 13, "tstamp": 0.0, "transferred": 0, "dist": 0.21729895888203993}}, "_child1": {"label": 51, "event": "S", "reconc": 21, "tstamp": 0.0, "transferred": 1, "dist": 0.7220647813913225}}}, "_child1": {"label": 15, "event": "S", "reconc": 11, "tstamp": 0.4941323812907142, "transferred": 0, "dist": 0.03106708209736025, "_child0": {"label": 22, "event": "S", "reconc": 15, "tstamp": 0.3979815966251446, "transferred": 0, "dist": 0.13652561319436268, "_child0": {"label": 28, "event": "S", "reconc": 17, "tstamp": 0.36809667636879906, "transferred": 0, "dist": 0.0438886582876784, "_child0": {"label": 32, "event": "D", "reconc": [17, 18], "tstamp": 0.23428730644318077, "transferred": 0, "dist": 0.20920978612940966, "_child0": {"label": 45, "event": "H", "reconc": [17, 18], "tstamp": 0.15881576234453731, "transferred": 0, "dist": 0.1419442597295801, "_child0": {"label": 62, "event": "S", "reconc": 6, "tstamp": 0.0, "transferred": 1, "dist": 0.19436800880968197}, "_child1": {"label": 54, "event": "S", "reconc": 18, "tstamp": 0.0, "transferred": 0, "dist": 0.29869517165197984}}, "_child1": {"label": 44, "event": "S", "reconc": 18, "tstamp": 0.0, "transferred": 0, "dist": 0.6052789313496307}}, "_child1": {"label": 33, "event": "S", "reconc": 19, "tstamp": 0.0, "transferred": 0, "dist": 0.6005233003376951}}, "_child1": {"label": 29, "event": "S", "reconc": 16, "tstamp": 0.31589487430118907, "transferred": 0, "dist": 0.11299798848310041, "_child0": {"label": 59, "event": "S", "reconc": 25, "tstamp": 0.0, "transferred": 0, "dist": 0.784630319514737}, "_child1": {"label": 37, "event": "S", "reconc": 22, "tstamp": 0.0, "transferred": 0, "dist": 0.4151358410897562}}}, "_child1": {"label": 19, "event": "S", "reconc": 13, "tstamp": 0.0, "transferred": 0, "dist": 0.5814596866120036}}}, "_child1": {"label": 13, "event": "D", "reconc": [3, 10], "tstamp": 0.4647031430524753, "transferred": 0, "dist": 0.15049866659969272, "_child0": {"label": 24, "event": "S", "reconc": 10, "tstamp": 0.0, "transferred": 0, "dist": 0.7758833535153948}, "_child1": {"label": 25, "event": "S", "reconc": 10, "tstamp": 0.0, "transferred": 0, "dist": 0.5924305731021681}}}}