{"label": 0, "event": null, "tstamp": 1.0, "dist": 0.0, "_child0": {"label": 1, "event": "S", "tstamp": 0.8865356102994759, "dist": 0.11346438970052408, "_child0": {"label": 5, "event": "S", "tstamp": 0.0, "dist": 0.8865356102994759}, "_child1": {"label": 4, "event": "S", "tstamp": 0.0, "dist": 0.8865356102994759}, "_child2": {"label": 3, "event": "S", "tstamp": 0.750224344478045, "dist": 0.13631126582143094, "_child0": {"label": 7, "event": "S", "tstamp": 0.6732387035088218, "dist": 0.07698564096922322, "_child0": {"label": 9, "event": "S", "tstamp": 0.6318744704414836, "dist": 0.04136423306733816, "_child0": {"label": 13, "event": "S", "tstamp": 0.0, "dist": 0.6318744704414836}, "_child1": {"label": 12, "event": "S", "tstamp": 0.0, "dist": 0.6318744704414836}, "_child2": {"label": 10, "event": "S", "tstamp": 0.0, "dist": 0.6318744704414836}}, "_child1": {"label": 8, "event": "S", "tstamp": 0.1430465990478666, "dist": 0.5301921044609552, "_child0": {"label": 14, "event": "S", "tstamp": 0.0, "dist": 0.1430465990478666}, "_child1": {"label": 15, "event": "S", "tstamp": 0.0, "dist": 0.1430465990478666}}}, "_child1": {"label": 6, "event": "S", "tstamp": 0.0, "dist": 0.750224344478045}}}}