{"label": 0, "event": null, "tstamp": 1.0, "dist": 0.0, "_child0": {"label": 1, "event": "S", "tstamp": 0.9961776259343174, "dist": 0.0038223740656826433, "_child0": {"label": 18, "event": "S", "tstamp": 0.0, "dist": 0.9961776259343174}, "_child1": {"label": 19, "event": "S", "tstamp": 0.2649471662744132, "dist": 0.7312304596599042, "_child0": {"label": 22, "event": "S", "tstamp": 0.0, "dist": 0.2649471662744132}, "_child1": {"label": 23, "event": "S", "tstamp": 0.17297467027384725, "dist": 0.09197249600056598, "_child0": {"label": 24, "event": "S", "tstamp": 0.0, "dist": 0.17297467027384725}, "_child1": {"label": 25, "event": "S", "tstamp": 0.0, "dist": 0.17297467027384725}}, "_child2": {"label": 20, "event": "S", "tstamp": 0.0, "dist": 0.2649471662744132}}, "_child2": {"label": 5, "event": "S", "tstamp": 0.7500275967686035, "dist": 0.24615002916571382, "_child0": {"label": 10, "event": "S", "tstamp": 0.35597189529237655, "dist": 0.394055701476227, "_child0": {"label": 15, "event": "S", "tstamp": 0.327642717327112, "dist": 0.028329177965264574, "_child0": {"label": 16, "event": "S", "tstamp": 0.0, "dist": 0.327642717327112}, "_child1": {"label": 17, "event": "S", "tstamp": 0.0, "dist": 0.327642717327112}}, "_child1": {"label": 14, "event": "S", "tstamp": 0.0, "dist": 0.35597189529237655}}, "_child1": {"label": 11, "event": "S", "tstamp": 0.3669928830336559, "dist": 0.38303471373494763, "_child0": {"label": 12, "event": "S", "tstamp": 0.0, "dist": 0.3669928830336559}, "_child1": {"label": 13, "event": "S", "tstamp": 0.0, "dist": 0.3669928830336559}}, "_child2": {"label": 6, "event": "S", "tstamp": 0.0, "dist": 0.7500275967686035}}, "_child3": {"label": 2, "event": "S", "tstamp": 0.44795670667265247, "dist": 0.5482209192616649, "_child0": {"label": 8, "event": "S", "tstamp": 0.0, "dist": 0.44795670667265247}, "_child1": {"label": 9, "event": "S", "tstamp": 0.0, "dist": 0.44795670667265247}}}}