{"label": 0, "event": null, "tstamp": 1.0, "dist": 0.0, "_child0": {"label": 1, "event": "S", "tstamp": 0.9516716042798208, "dist": 0.04832839572017922, "_child0": {"label": 2, "event": "S", "tstamp": 0.7306127904175664, "dist": 0.22105881386225434, "_child0": {"label": 5, "event": "S", "tstamp": 0.7065950539314166, "dist": 0.0240177364861498, "_child0": {"label": 7, "event": "S", "tstamp": 0.6616166621209992, "dist": 0.044978391810417406, "_child0": {"label": 9, "event": "S", "tstamp": 0.6228515037452855, "dist": 0.038765158375713704, "_child0": {"label": 11, "event": "S", "tstamp": 0.5739392157416888, "dist": 0.048912288003596704, "_child0": {"label": 13, "event": "S", "tstamp": 0.5568963705169654, "dist": 0.017042845224723435, "_child0": {"label": 15, "event": "S", "tstamp": 0.5540939373180249, "dist": 0.0028024331989404683, "_child0": {"label": 16, "event": "S", "tstamp": 0.0, "dist": 0.5540939373180249}, "_child1": {"label": 17, "event": "S", "tstamp": 0.0, "dist": 0.5540939373180249}}, "_child1": {"label": 14, "event": "S", "tstamp": 0.0, "dist": 0.5568963705169654}}, "_child1": {"label": 12, "event": "S", "tstamp": 0.0, "dist": 0.5739392157416888}}, "_child1": {"label": 10, "event": "S", "tstamp": 0.0, "dist": 0.6228515037452855}}, "_child1": {"label": 22, "event": "S", "tstamp": 0.0, "dist": 0.6616166621209992}, "_child2": {"label": 23, "event": "S", "tstamp": 0.1418128134809957, "dist": 0.5198038486400035, "_child0": {"label": 24, "event": "S", "tstamp": 0.008134529816845338, "dist": 0.13367828366415035, "_child0": {"label": 26, "event": "S", "tstamp": 0.0, "dist": 0.008134529816845338}, "_child1": {"label": 27, "event": "S", "tstamp": 0.0, "dist": 0.008134529816845338}}, "_child1": {"label": 25, "event": "S", "tstamp": 0.0003464028839917384, "dist": 0.14146641059700396, "_child0": {"label": 28, "event": "S", "tstamp": 0.0, "dist": 0.0003464028839917384}, "_child1": {"label": 29, "event": "S", "tstamp": 0.0, "dist": 0.0003464028839917384}}}}, "_child1": {"label": 6, "event": "S", "tstamp": 0.20156673376847123, "dist": 0.5050283201629454, "_child0": {"label": 21, "event": "S", "tstamp": 0.0, "dist": 0.20156673376847123}, "_child1": {"label": 20, "event": "S", "tstamp": 0.0, "dist": 0.20156673376847123}, "_child2": {"label": 18, "event": "S", "tstamp": 0.0, "dist": 0.20156673376847123}}}, "_child1": {"label": 4, "event": "S", "tstamp": 0.0, "dist": 0.7306127904175664}}, "_child1": {"label": 3, "event": "S", "tstamp": 0.0, "dist": 0.9516716042798208}}}