{"label": 0, "event": null, "tstamp": 1.0, "dist": 0.0, "_child0": {"label": 1, "event": "S", "tstamp": 0.891637749829766, "dist": 0.10836225017023404, "_child0": {"label": 4, "event": "S", "tstamp": 0.17149472389350467, "dist": 0.7201430259362613, "_child0": {"label": 10, "event": "S", "tstamp": 0.0, "dist": 0.17149472389350467}, "_child1": {"label": 11, "event": "S", "tstamp": 0.0, "dist": 0.17149472389350467}}, "_child1": {"label": 5, "event": "S", "tstamp": 0.2728085400214965, "dist": 0.6188292098082695, "_child0": {"label": 7, "event": "S", "tstamp": 0.2261914711932245, "dist": 0.04661706882827202, "_child0": {"label": 8, "event": "S", "tstamp": 0.0, "dist": 0.2261914711932245}, "_child1": {"label": 9, "event": "S", "tstamp": 0.0, "dist": 0.2261914711932245}}, "_child1": {"label": 6, "event": "S", "tstamp": 0.09739717892489715, "dist": 0.17541136109659938, "_child0": {"label": 13, "event": "S", "tstamp": 0.048596564296921926, "dist": 0.04880061462797522, "_child0": {"label": 14, "event": "S", "tstamp": 0.0, "dist": 0.048596564296921926}, "_child1": {"label": 15, "event": "S", "tstamp": 0.0, "dist": 0.048596564296921926}}, "_child1": {"label": 12, "event": "S", "tstamp": 0.0, "dist": 0.09739717892489715}}}, "_child2": {"label": 3, "event": "S", "tstamp": 0.0, "dist": 0.891637749829766}}}