{"label": 0, "event": null, "tstamp": 1.0, "dist": 0.0, "_child0": {"label": 1, "event": "S", "tstamp": 0.780594789363826, "dist": 0.21940521063617402, "_child0": {"label": 3, "event": "S", "tstamp": 0.6447447293578453, "dist": 0.13585006000598066, "_child0": {"label": 5, "event": "S", "tstamp": 0.520170622398498, "dist": 0.12457410695934734, "_child0": {"label": 6, "event": "S", "tstamp": 0.0, "dist": 0.520170622398498}, "_child1": {"label": 7, "event": "S", "tstamp": 0.0, "dist": 0.520170622398498}}, "_child1": {"label": 4, "event": "S", "tstamp": 0.0, "dist": 0.6447447293578453}}, "_child1": {"label": 2, "event": "S", "tstamp": 0.06226748869564308, "dist": 0.718327300668183, "_child0": {"label": 8, "event": "S", "tstamp": 0.0, "dist": 0.06226748869564308}, "_child1": {"label": 9, "event": "S", "tstamp": 0.0, "dist": 0.06226748869564308}}}}