{"label": 0, "event": null, "tstamp": 1.0, "dist": 0.0, "_child0": {"label": 1, "event": "S", "tstamp": 0.9833816037808146, "dist": 0.016618396219185372, "_child0": {"label": 3, "event": "S", "tstamp": 0.44064921420650693, "dist": 0.5427323895743077, "_child0": {"label": 5, "event": "S", "tstamp": 0.09176474841984562, "dist": 0.3488844657866613, "_child0": {"label": 6, "event": "S", "tstamp": 0.0, "dist": 0.09176474841984562}, "_child1": {"label": 7, "event": "S", "tstamp": 0.0, "dist": 0.09176474841984562}}, "_child1": {"label": 4, "event": "S", "tstamp": 0.0, "dist": 0.44064921420650693}}, "_child1": {"label": 2, "event": "S", "tstamp": 0.07236036195880627, "dist": 0.9110212418220084, "_child0": {"label": 8, "event": "S", "tstamp": 0.0, "dist": 0.07236036195880627}, "_child1": {"label": 9, "event": "S", "tstamp": 0.0, "dist": 0.07236036195880627}}}}