{"label": 0, "event": null, "tstamp": 1.0, "dist": 0.0, "_child0": {"label": 1, "event": "S", "tstamp": 0.6845752657830486, "dist": 0.3154247342169514, "_child0": {"label": 3, "event": "S", "tstamp": 0.6123992713911034, "dist": 0.07217599439194522, "_child0": {"label": 5, "event": "S", "tstamp": 0.25832137874273015, "dist": 0.35407789264837325, "_child0": {"label": 6, "event": "S", "tstamp": 0.0, "dist": 0.25832137874273015}, "_child1": {"label": 7, "event": "S", "tstamp": 0.0, "dist": 0.25832137874273015}}, "_child1": {"label": 4, "event": "S", "tstamp": 0.007635614866167282, "dist": 0.6047636565249361, "_child0": {"label": 8, "event": "S", "tstamp": 0.0, "dist": 0.007635614866167282}, "_child1": {"label": 9, "event": "S", "tstamp": 0.0, "dist": 0.007635614866167282}}}, "_child1": {"label": 2, "event": "S", "tstamp": 0.0, "dist": 0.6845752657830486}}}