{"label": 1, "event": "S", "reconc": 1, "tstamp": 0.573297408014051, "transferred": 0, "dist": 0.0, "_child0": {"label": 5, "event": "S", "reconc": 3, "tstamp": 0.4759595393574965, "transferred": 1, "dist": 0.11456373277738108, "_child0": {"label": 8, "event": "S", "reconc": 5, "tstamp": 0.3266548907282518, "transferred": 0, "dist": 0.14604414028095514, "_child0": {"label": 12, "event": "D", "reconc": [5, 7], "tstamp": 0.19901552783905013, "transferred": 0, "dist": 0.22093516585542916, "_child0": {"label": 14, "event": "S", "reconc": 7, "tstamp": 0.0538403774803996, "transferred": 0, "dist": 0.3500357533727146, "_child0": {"label": 22, "event": "S", "reconc": 8, "tstamp": 0.0, "transferred": 0, "dist": 0.05252330044983619}, "_child1": {"label": 23, "event": "S", "reconc": 9, "tstamp": 0.0, "transferred": 0, "dist": 0.027826986417665418}}, "_child1": {"label": 15, "event": "S", "reconc": 7, "tstamp": 0.0538403774803996, "transferred": 0, "dist": 0.28728849578718135, "_child0": {"label": 24, "event": "S", "reconc": 8, "tstamp": 0.0, "transferred": 0, "dist": 0.05966064879259146}, "_child1": {"label": 25, "event": "S", "reconc": 9, "tstamp": 0.0, "transferred": 0, "dist": 0.11917104467854081}}}, "_child1": {"label": 13, "event": "H", "reconc": [5, 6], "tstamp": 0.16451023122115033, "transferred": 0, "dist": 0.23424665883905021, "_child0": {"label": 18, "event": "S", "reconc": 6, "tstamp": 0.0, "transferred": 0, "dist": 0.23766414586541657}, "_child1": {"label": 19, "event": "S", "reconc": 4, "tstamp": 0.0, "transferred": 1, "dist": 0.22524194347474422}}}, "_child1": {"label": 9, "event": "S", "reconc": 4, "tstamp": 0.0, "transferred": 0, "dist": 0.5648084271485616}}, "_child1": {"label": 2, "event": "S", "reconc": 3, "tstamp": 0.4759595393574965, "transferred": 0, "dist": 0.09539831917823158, "_child0": {"label": 11, "event": "H", "reconc": [5, 6], "tstamp": 0.1355868858494842, "transferred": 0, "dist": 0.2835671872622218, "_child0": {"label": 26, "event": "S", "reconc": 8, "tstamp": 0.0, "transferred": 1, "dist": 0.11784176003317101}, "_child1": {"label": 20, "event": "S", "reconc": 6, "tstamp": 0.0, "transferred": 0, "dist": 0.10254574159370144}}, "_child1": {"label": 16, "event": "S", "reconc": 4, "tstamp": 0.0, "transferred": 0, "dist": 0.7531476739412807}}}