{"label": 1, "event": "S", "reconc": 1, "tstamp": 0.7543095492307155, "transferred": 0, "dist": 0.0, "_child0": {"label": 3, "event": "S", "reconc": 4, "tstamp": 0.6028775388918973, "transferred": 0, "dist": 0.12780998275275127, "_child0": {"label": 5, "event": "S", "reconc": 6, "tstamp": 0.5301085653333671, "transferred": 0, "dist": 0.052654895369463633, "_child0": {"label": 8, "event": "H", "reconc": [6, 9], "tstamp": 0.5229304074483746, "transferred": 0, "dist": 0.005314195971823512, "_child0": {"label": 9, "event": "H", "reconc": [6, 9], "tstamp": 0.4465654361880103, "transferred": 0, "dist": 0.05653517645644093, "_child0": {"label": 12, "event": "S", "reconc": 3, "tstamp": 0.424008879449222, "transferred": 1, "dist": 0.019899563056356876, "_child0": {"label": 17, "event": "D", "reconc": [3, 12], "tstamp": 0.0098017628418745, "transferred": 0, "dist": 0.8120773394167166, "_child0": {"label": 48, "event": "S", "reconc": 12, "tstamp": 0.0, "transferred": 0, "dist": 0.008229189162280211}, "_child1": {"label": 49, "event": "S", "reconc": 12, "tstamp": 0.0, "transferred": 0, "dist": 0.008978312269567837}}, "_child1": {"label": 16, "event": "S", "reconc": 13, "tstamp": 0.0, "transferred": 0, "dist": 0.3587097908106924}, "_child2": {"label": 18, "event": "S", "reconc": 10, "tstamp": 0.0, "transferred": 0, "dist": 0.3585775669129518}}, "_child1": {"label": 11, "event": "D", "reconc": [6, 9], "tstamp": 0.11813154397563863, "transferred": 0, "dist": 0.2431490216528048, "_child0": {"label": 36, "event": "S", "reconc": 9, "tstamp": 0.0, "transferred": 0, "dist": 0.11513825547339711}, "_child1": {"label": 37, "event": "S", "reconc": 9, "tstamp": 0.0, "transferred": 0, "dist": 0.08745616705549562}}}, "_child1": {"label": 10, "event": "H", "reconc": [4, 7], "tstamp": 0.15329191122396782, "transferred": 1, "dist": 0.7044632369216774, "_child0": {"label": 31, "event": "S", "reconc": 22, "tstamp": 0.0, "transferred": 1, "dist": 0.1344366642215717}, "_child1": {"label": 30, "event": "S", "reconc": 7, "tstamp": 0.0, "transferred": 0, "dist": 0.2921462917898767}}}, "_child1": {"label": 7, "event": "D", "reconc": [6, 8], "tstamp": 0.2548694894097276, "transferred": 0, "dist": 0.20609385939030922, "_child0": {"label": 22, "event": "H", "reconc": [6, 8], "tstamp": 0.1270398320355918, "transferred": 0, "dist": 0.09571645066881962, "_child0": {"label": 35, "event": "S", "reconc": 18, "tstamp": 0.0, "transferred": 1, "dist": 0.1275255524579722}, "_child1": {"label": 34, "event": "S", "reconc": 8, "tstamp": 0.0, "transferred": 0, "dist": 0.0951250442643382}}, "_child1": {"label": 21, "event": "H", "reconc": [6, 8], "tstamp": 0.07251936300043646, "transferred": 0, "dist": 0.1365403556376851, "_child0": {"label": 42, "event": "S", "reconc": 8, "tstamp": 0.0, "transferred": 0, "dist": 0.05430113929547272}, "_child1": {"label": 43, "event": "S", "reconc": 13, "tstamp": 0.0, "transferred": 1, "dist": 0.19164658903792167}}}}, "_child1": {"label": 6, "event": "H", "reconc": [4, 7], "tstamp": 0.026221711473489458, "transferred": 0, "dist": 0.5393420205057959, "_child0": {"label": 46, "event": "S", "reconc": 7, "tstamp": 0.0, "transferred": 0, "dist": 0.02452497690094507}, "_child1": {"label": 47, "event": "S", "reconc": 10, "tstamp": 0.0, "transferred": 1, "dist": 0.03447888551719346}}}, "_child1": {"label": 4, "event": "S", "reconc": 3, "tstamp": 0.424008879449222, "transferred": 0, "dist": 0.2738018017746401, "_child0": {"label": 15, "event": "H", "reconc": [3, 10], "tstamp": 0.08700828106871056, "transferred": 0, "dist": 0.24150287526723502, "_child0": {"label": 38, "event": "H", "reconc": [3, 10], "tstamp": 0.0632453138635177, "transferred": 0, "dist": 0.017029123783499373, "_child0": {"label": 45, "event": "S", "reconc": 17, "tstamp": 0.0, "transferred": 1, "dist": 0.6035505249719741}, "_child1": {"label": 44, "event": "S", "reconc": 10, "tstamp": 0.0, "transferred": 0, "dist": 0.045323139539272486}}, "_child1": {"label": 39, "event": "S", "reconc": 22, "tstamp": 0.0, "transferred": 1, "dist": 0.0788698106504642}}, "_child1": {"label": 14, "event": "S", "reconc": 12, "tstamp": 0.0, "transferred": 0, "dist": 0.2730047094230945}}, "_child2": {"label": 19, "event": "S", "reconc": 15, "tstamp": 0.2538099336097019, "transferred": 0, "dist": 0.4510670886158319, "_child0": {"label": 23, "event": "S", "reconc": 16, "tstamp": 0.2458168797705956, "transferred": 0, "dist": 0.0070582867323339465, "_child0": {"label": 26, "event": "S", "reconc": 20, "tstamp": 0.168692530942572, "transferred": 0, "dist": 0.06507564712522557, "_child0": {"label": 28, "event": "S", "reconc": 22, "tstamp": 0.0, "transferred": 0, "dist": 0.14416753221812872}, "_child1": {"label": 29, "event": "S", "reconc": 23, "tstamp": 0.0, "transferred": 0, "dist": 0.13072800655249603}}, "_child1": {"label": 25, "event": "S", "reconc": 21, "tstamp": 0.08175805469744463, "transferred": 0, "dist": 0.16669066814584282, "_child0": {"label": 40, "event": "S", "reconc": 24, "tstamp": 0.0, "transferred": 0, "dist": 0.09995685989699912}, "_child1": {"label": 41, "event": "S", "reconc": 25, "tstamp": 0.0, "transferred": 0, "dist": 0.08582715444462938}}, "_child2": {"label": 27, "event": "S", "reconc": 18, "tstamp": 0.0, "transferred": 0, "dist": 0.23931071507673687}}, "_child1": {"label": 24, "event": "H", "reconc": [15, 17], "tstamp": 0.13467047177078248, "transferred": 0, "dist": 0.09285987973759173, "_child0": {"label": 33, "event": "S", "reconc": 23, "tstamp": 0.0, "transferred": 1, "dist": 0.11796639701192298}, "_child1": {"label": 32, "event": "S", "reconc": 17, "tstamp": 0.0, "transferred": 0, "dist": 0.10496508562165104}}}}