{"label": 1, "event": "S", "reconc": 1, "tstamp": 0.9172256373113834, "transferred": 0, "dist": 0.0, "_child0": {"label": 2, "event": "S", "reconc": 2, "tstamp": 0.9009204427371061, "transferred": 0, "dist": 0.014093434660996745, "_child0": {"label": 5, "event": "H", "reconc": [2, 4], "tstamp": 0.7917563140592109, "transferred": 0, "dist": 0.11304058058797771, "_child0": {"label": 8, "event": "S", "reconc": 7, "tstamp": 0.7759219380348794, "transferred": 1, "dist": 0.03256481834708727, "_child0": {"label": 17, "event": "S", "reconc": 13, "tstamp": 0.6015931625802682, "transferred": 0, "dist": 0.10267357337864755, "_child0": {"label": 28, "event": "S", "reconc": 10, "tstamp": 0.0, "transferred": 1, "dist": 0.7591724430403942}, "_child1": {"label": 21, "event": "S", "reconc": 14, "tstamp": 0.410119680296471, "transferred": 0, "dist": 0.13111112778791104, "_child0": {"label": 32, "event": "S", "reconc": 19, "tstamp": 0.3405688040580994, "transferred": 0, "dist": 0.09384684200794424, "_child0": {"label": 39, "event": "S", "reconc": 20, "tstamp": 0.18121357550585276, "transferred": 0, "dist": 0.09936726515252942, "_child0": {"label": 46, "event": "S", "reconc": 24, "tstamp": 0.0, "transferred": 0, "dist": 0.06309581996258011}, "_child1": {"label": 47, "event": "S", "reconc": 25, "tstamp": 0.0, "transferred": 0, "dist": 0.0739065119233248}}, "_child1": {"label": 37, "event": "S", "reconc": 23, "tstamp": 0.0, "transferred": 0, "dist": 0.22562698898976657}, "_child2": {"label": 38, "event": "S", "reconc": 22, "tstamp": 0.0, "transferred": 0, "dist": 0.17357296558176902}}, "_child1": {"label": 34, "event": "S", "reconc": 27, "tstamp": 0.1670347325704027, "transferred": 0, "dist": 0.3708244488336617, "_child0": {"label": 54, "event": "S", "reconc": 28, "tstamp": 0.0, "transferred": 0, "dist": 0.2650450497021883}, "_child1": {"label": 55, "event": "S", "reconc": 29, "tstamp": 0.0, "transferred": 0, "dist": 0.12464024878821263}}, "_child2": {"label": 33, "event": "S", "reconc": 26, "tstamp": 0.0, "transferred": 0, "dist": 1.203120716437168}}}, "_child1": {"label": 12, "event": "S", "reconc": 10, "tstamp": 0.0, "transferred": 0, "dist": 0.9711742938409154}}, "_child1": {"label": 7, "event": "S", "reconc": 4, "tstamp": 0.0, "transferred": 0, "dist": 0.8198718251994207}}, "_child1": {"label": 6, "event": "S", "reconc": 5, "tstamp": 0.0, "transferred": 0, "dist": 1.03128913580844}}, "_child1": {"label": 4, "event": "S", "reconc": 7, "tstamp": 0.7759219380348794, "transferred": 0, "dist": 0.10421803847113313, "_child0": {"label": 10, "event": "S", "reconc": 11, "tstamp": 0.6452958020540912, "transferred": 0, "dist": 0.07488240840966487, "_child0": {"label": 15, "event": "S", "reconc": 13, "tstamp": 0.6015931625802682, "transferred": 0, "dist": 0.02072339681274564, "_child0": {"label": 19, "event": "S", "reconc": 14, "tstamp": 0.410119680296471, "transferred": 0, "dist": 0.08664203035112772, "_child0": {"label": 29, "event": "D", "reconc": [14, 19], "tstamp": 0.40843638563822093, "transferred": 0, "dist": 0.0007709153695851102, "_child0": {"label": 35, "event": "S", "reconc": 19, "tstamp": 0.3405688040580994, "transferred": 0, "dist": 0.031081998318154468, "_child0": {"label": 42, "event": "S", "reconc": 20, "tstamp": 0.18121357550585276, "transferred": 0, "dist": 0.06356091483971439, "_child0": {"label": 56, "event": "S", "reconc": 25, "tstamp": 0.0, "transferred": 0, "dist": 0.10360534956220055}, "_child1": {"label": 48, "event": "D", "reconc": [20, 24], "tstamp": 0.05121151296514021, "transferred": 0, "dist": 0.04512991025734969, "_child0": {"label": 62, "event": "S", "reconc": 24, "tstamp": 0.0, "transferred": 0, "dist": 0.0349387463073214}, "_child1": {"label": 63, "event": "S", "reconc": 24, "tstamp": 0.0, "transferred": 0, "dist": 0.017777956280778946}}}, "_child1": {"label": 40, "event": "S", "reconc": 23, "tstamp": 0.0, "transferred": 0, "dist": 0.14740703251352197}}, "_child1": {"label": 36, "event": "S", "reconc": 19, "tstamp": 0.3405688040580994, "transferred": 0, "dist": 0.03616330522231366, "_child0": {"label": 45, "event": "S", "reconc": 20, "tstamp": 0.18121357550585276, "transferred": 0, "dist": 0.08068740907803294, "_child0": {"label": 50, "event": "D", "reconc": [20, 24], "tstamp": 0.12924128446597727, "transferred": 0, "dist": 0.018657180492427927, "_child0": {"label": 58, "event": "S", "reconc": 24, "tstamp": 0.0, "transferred": 0, "dist": 0.0911574095464661}, "_child1": {"label": 59, "event": "S", "reconc": 24, "tstamp": 0.0, "transferred": 0, "dist": 0.04682158618127305}}, "_child1": {"label": 51, "event": "S", "reconc": 25, "tstamp": 0.0, "transferred": 0, "dist": 0.08496517315162137}}, "_child1": {"label": 43, "event": "S", "reconc": 23, "tstamp": 0.0, "transferred": 0, "dist": 0.1911205470021279}}}, "_child1": {"label": 31, "event": "S", "reconc": 27, "tstamp": 0.1670347325704027, "transferred": 0, "dist": 0.12628301703506004, "_child0": {"label": 52, "event": "S", "reconc": 28, "tstamp": 0.0, "transferred": 0, "dist": 0.08470704632146532}, "_child1": {"label": 53, "event": "S", "reconc": 29, "tstamp": 0.0, "transferred": 0, "dist": 0.10078144694511129}}, "_child2": {"label": 30, "event": "S", "reconc": 26, "tstamp": 0.0, "transferred": 0, "dist": 0.1819087000263546}}, "_child1": {"label": 20, "event": "S", "reconc": 15, "tstamp": 0.0, "transferred": 0, "dist": 0.21131870205457418}}, "_child1": {"label": 16, "event": "S", "reconc": 12, "tstamp": 0.5981784037800352, "transferred": 0, "dist": 0.023468725797744054, "_child0": {"label": 23, "event": "S", "reconc": 16, "tstamp": 0.0, "transferred": 0, "dist": 0.24672828608999933}, "_child1": {"label": 24, "event": "S", "reconc": 17, "tstamp": 0.0, "transferred": 0, "dist": 0.3007647636432241}}}, "_child1": {"label": 11, "event": "H", "reconc": [7, 9], "tstamp": 0.06494359508698479, "transferred": 0, "dist": 0.47358425729643483, "_child0": {"label": 61, "event": "S", "reconc": 5, "tstamp": 0.0, "transferred": 1, "dist": 0.1210371941327923}, "_child1": {"label": 60, "event": "S", "reconc": 9, "tstamp": 0.0, "transferred": 0, "dist": 0.04325907329034369}}, "_child2": {"label": 9, "event": "S", "reconc": 10, "tstamp": 0.0, "transferred": 0, "dist": 0.5558414173413156}}, "_child2": {"label": 3, "event": "H", "reconc": [1, 6], "tstamp": 0.0405619179348197, "transferred": 0, "dist": 0.7515057678981814, "_child0": {"label": 64, "event": "S", "reconc": 6, "tstamp": 0.0, "transferred": 0, "dist": 0.03477104688067532}, "_child1": {"label": 65, "event": "S", "reconc": 25, "tstamp": 0.0, "transferred": 1, "dist": 0.10181383229740194}}}