{"label": 0, "event": null, "tstamp": 1.0, "dist": 0.0, "_child0": {"label": 1, "event": "S", "tstamp": 0.9010803281422908, "dist": 0.09891967185770922, "_child0": {"label": 2, "event": "S", "tstamp": 0.8656511627959292, "dist": 0.035429165346361535, "_child0": {"label": 4, "event": "S", "tstamp": 0.6749233095260443, "dist": 0.19072785326988495, "_child0": {"label": 7, "event": "S", "tstamp": 0.4687046829166025, "dist": 0.2062186266094418, "_child0": {"label": 8, "event": "S", "tstamp": 0.0, "dist": 0.4687046829166025}, "_child1": {"label": 9, "event": "S", "tstamp": 0.0, "dist": 0.4687046829166025}}, "_child1": {"label": 6, "event": "S", "tstamp": 0.0, "dist": 0.6749233095260443}}, "_child1": {"label": 5, "event": "S", "tstamp": 0.0, "dist": 0.8656511627959292}}, "_child1": {"label": 3, "event": "S", "tstamp": 0.0, "dist": 0.9010803281422908}}}