{"label": 0, "event": null, "tstamp": 1.0, "dist": 0.0, "_child0": {"label": 1, "event": "S", "tstamp": 0.8121939983141399, "dist": 0.18780600168586015, "_child0": {"label": 2, "event": "S", "tstamp": 0.8006272400539972, "dist": 0.01156675826014264, "_child0": {"label": 5, "event": "S", "tstamp": 0.762113802656733, "dist": 0.038513437397264205, "_child0": {"label": 7, "event": "S", "tstamp": 0.655538098449926, "dist": 0.10657570420680695, "_child0": {"label": 9, "event": "S", "tstamp": 0.39165513744077396, "dist": 0.2638829610091521, "_child0": {"label": 17, "event": "S", "tstamp": 0.26175356125022436, "dist": 0.1299015761905496, "_child0": {"label": 25, "event": "S", "tstamp": 0.0, "dist": 0.26175356125022436}, "_child1": {"label": 24, "event": "S", "tstamp": 0.0, "dist": 0.26175356125022436}, "_child2": {"label": 18, "event": "S", "tstamp": 0.0, "dist": 0.26175356125022436}}, "_child1": {"label": 16, "event": "S", "tstamp": 0.0, "dist": 0.39165513744077396}}, "_child1": {"label": 8, "event": "S", "tstamp": 0.0, "dist": 0.655538098449926}}, "_child1": {"label": 6, "event": "S", "tstamp": 0.0, "dist": 0.762113802656733}}, "_child1": {"label": 4, "event": "S", "tstamp": 0.5574773719977482, "dist": 0.24314986805624905, "_child0": {"label": 10, "event": "S", "tstamp": 0.0, "dist": 0.5574773719977482}, "_child1": {"label": 11, "event": "S", "tstamp": 0.0, "dist": 0.5574773719977482}}}, "_child1": {"label": 12, "event": "S", "tstamp": 0.0, "dist": 0.8121939983141399}, "_child2": {"label": 13, "event": "S", "tstamp": 0.47221297445302235, "dist": 0.3399810238611175, "_child0": {"label": 15, "event": "S", "tstamp": 0.23612584394096087, "dist": 0.23608713051206148, "_child0": {"label": 21, "event": "S", "tstamp": 0.16224699363868292, "dist": 0.07387885030227795, "_child0": {"label": 22, "event": "S", "tstamp": 0.0, "dist": 0.16224699363868292}, "_child1": {"label": 23, "event": "S", "tstamp": 0.0, "dist": 0.16224699363868292}}, "_child1": {"label": 20, "event": "S", "tstamp": 0.0, "dist": 0.23612584394096087}}, "_child1": {"label": 14, "event": "S", "tstamp": 0.0, "dist": 0.47221297445302235}}}}