{"label": 3, "event": "D", "reconc": [1, 3], "tstamp": 0.8140751365695392, "transferred": 0, "dist": 0.0, "_child0": {"label": 4, "event": "S", "reconc": 3, "tstamp": 0.6919589137669461, "transferred": 0, "dist": 0.26629561309554234, "_child0": {"label": 6, "event": "S", "reconc": 7, "tstamp": 0.6454160783403196, "transferred": 0, "dist": 0.07159853610386842, "_child0": {"label": 10, "event": "H", "reconc": [7, 8], "tstamp": 0.5854837207425816, "transferred": 0, "dist": 0.08294490726682867, "_child0": {"label": 14, "event": "S", "reconc": 8, "tstamp": 0.5313648444869574, "transferred": 0, "dist": 0.07489919222829217, "_child0": {"label": 18, "event": "S", "reconc": 11, "tstamp": 0.15348813755782686, "transferred": 0, "dist": 0.7417298320863391, "_child0": {"label": 26, "event": "S", "reconc": 12, "tstamp": 0.12957979935229813, "transferred": 0, "dist": 0.02166474724923655, "_child0": {"label": 30, "event": "S", "reconc": 14, "tstamp": 0.0, "transferred": 0, "dist": 0.10281391634379619}, "_child1": {"label": 31, "event": "S", "reconc": 15, "tstamp": 0.0, "transferred": 0, "dist": 0.10348128094447186}}, "_child1": {"label": 27, "event": "S", "reconc": 13, "tstamp": 0.0, "transferred": 0, "dist": 0.1397823629967024}}, "_child1": {"label": 19, "event": "S", "reconc": 10, "tstamp": 0.0, "transferred": 0, "dist": 0.6009655603743217}}, "_child1": {"label": 15, "event": "S", "reconc": 5, "tstamp": 0.0, "transferred": 1, "dist": 0.36601141896423794}}, "_child1": {"label": 11, "event": "H", "reconc": [7, 9], "tstamp": 0.5205430223941816, "transferred": 0, "dist": 0.19876607349502412, "_child0": {"label": 21, "event": "S", "reconc": 4, "tstamp": 0.0, "transferred": 1, "dist": 0.446913254209086}, "_child1": {"label": 20, "event": "S", "reconc": 9, "tstamp": 0.0, "transferred": 0, "dist": 0.8285717992771191}}}, "_child1": {"label": 7, "event": "S", "reconc": 6, "tstamp": 0.0, "transferred": 0, "dist": 1.0892945489260561}}, "_child1": {"label": 5, "event": "S", "reconc": 3, "tstamp": 0.6919589137669461, "transferred": 0, "dist": 0.5332799029976834, "_child0": {"label": 8, "event": "S", "reconc": 7, "tstamp": 0.6454160783403196, "transferred": 0, "dist": 0.13037930085219757, "_child0": {"label": 17, "event": "S", "reconc": 10, "tstamp": 0.0, "transferred": 0, "dist": 1.2993993459862383}, "_child1": {"label": 13, "event": "D", "reconc": [7, 9], "tstamp": 0.440852777979729, "transferred": 0, "dist": 0.33566914932265046, "_child0": {"label": 25, "event": "S", "reconc": 11, "tstamp": 0.15348813755782686, "transferred": 1, "dist": 0.7983050158089534, "_child0": {"label": 28, "event": "S", "reconc": 12, "tstamp": 0.12957979935229813, "transferred": 0, "dist": 0.023867749870393754, "_child0": {"label": 33, "event": "H", "reconc": [12, 15], "tstamp": 0.04121432868468515, "transferred": 0, "dist": 0.12355031353679038, "_child0": {"label": 34, "event": "S", "reconc": 15, "tstamp": 0.0, "transferred": 0, "dist": 0.05762480743586963}, "_child1": {"label": 35, "event": "S", "reconc": 6, "tstamp": 0.0, "transferred": 1, "dist": 0.0837448498819188}}, "_child1": {"label": 32, "event": "S", "reconc": 14, "tstamp": 0.0, "transferred": 0, "dist": 0.20728049058232717}}, "_child1": {"label": 29, "event": "S", "reconc": 13, "tstamp": 0.0, "transferred": 0, "dist": 0.17452785929383696}}, "_child1": {"label": 22, "event": "S", "reconc": 9, "tstamp": 0.0, "transferred": 0, "dist": 0.6949315329433932}}}, "_child1": {"label": 9, "event": "S", "reconc": 6, "tstamp": 0.0, "transferred": 0, "dist": 1.4861984283779703}}}