{"label": 0, "event": null, "tstamp": 1.0, "dist": 0.0, "_child0": {"label": 1, "event": "S", "tstamp": 0.4429260804681694, "dist": 0.5570739195318306, "_child0": {"label": 3, "event": "S", "tstamp": 0.27741312139981095, "dist": 0.16551295906835845, "_child0": {"label": 5, "event": "S", "tstamp": 0.26264234509654005, "dist": 0.014770776303270894, "_child0": {"label": 6, "event": "S", "tstamp": 0.040735144897102615, "dist": 0.22190720019943744, "_child0": {"label": 8, "event": "S", "tstamp": 0.0, "dist": 0.040735144897102615}, "_child1": {"label": 9, "event": "S", "tstamp": 0.0, "dist": 0.040735144897102615}}, "_child1": {"label": 7, "event": "S", "tstamp": 0.0, "dist": 0.26264234509654005}}, "_child1": {"label": 4, "event": "S", "tstamp": 0.0, "dist": 0.27741312139981095}}, "_child1": {"label": 2, "event": "S", "tstamp": 0.0, "dist": 0.4429260804681694}}}