{"label": 0, "event": null, "tstamp": 1.0, "dist": 0.0, "_child0": {"label": 1, "event": "S", "tstamp": 0.6197180505869934, "dist": 0.38028194941300664, "_child0": {"label": 3, "event": "S", "tstamp": 0.6083742719344337, "dist": 0.011343778652559644, "_child0": {"label": 5, "event": "S", "tstamp": 0.5145664867971003, "dist": 0.09380778513733345, "_child0": {"label": 6, "event": "S", "tstamp": 0.49885649422186484, "dist": 0.01570999257523542, "_child0": {"label": 9, "event": "S", "tstamp": 0.28081144244474016, "dist": 0.2180450517771247, "_child0": {"label": 10, "event": "S", "tstamp": 0.22830276084000595, "dist": 0.05250868160473421, "_child0": {"label": 12, "event": "S", "tstamp": 0.0, "dist": 0.22830276084000595}, "_child1": {"label": 13, "event": "S", "tstamp": 0.0, "dist": 0.22830276084000595}}, "_child1": {"label": 11, "event": "S", "tstamp": 0.16564318601268468, "dist": 0.11516825643205547, "_child0": {"label": 14, "event": "S", "tstamp": 0.0, "dist": 0.16564318601268468}, "_child1": {"label": 15, "event": "S", "tstamp": 0.0, "dist": 0.16564318601268468}}}, "_child1": {"label": 8, "event": "S", "tstamp": 0.0, "dist": 0.49885649422186484}}, "_child1": {"label": 7, "event": "S", "tstamp": 0.0, "dist": 0.5145664867971003}}, "_child1": {"label": 4, "event": "S", "tstamp": 0.06444119190769834, "dist": 0.5439330800267353, "_child0": {"label": 17, "event": "S", "tstamp": 0.03447550717779074, "dist": 0.0299656847299076, "_child0": {"label": 18, "event": "S", "tstamp": 0.0, "dist": 0.03447550717779074}, "_child1": {"label": 19, "event": "S", "tstamp": 0.0, "dist": 0.03447550717779074}}, "_child1": {"label": 16, "event": "S", "tstamp": 0.0, "dist": 0.06444119190769834}}}, "_child1": {"label": 2, "event": "S", "tstamp": 0.0, "dist": 0.6197180505869934}}}