{"label": 0, "event": null, "tstamp": 1.0, "dist": 0.0, "_child0": {"label": 1, "event": "S", "tstamp": 0.9911057091824228, "dist": 0.0088942908175772, "_child0": {"label": 4, "event": "S", "tstamp": 0.0, "dist": 0.9911057091824228}, "_child1": {"label": 6, "event": "S", "tstamp": 0.12137503668136065, "dist": 0.8697306725010622, "_child0": {"label": 23, "event": "S", "tstamp": 0.09606041707514637, "dist": 0.025314619606214284, "_child0": {"label": 24, "event": "S", "tstamp": 0.0, "dist": 0.09606041707514637}, "_child1": {"label": 25, "event": "S", "tstamp": 0.0, "dist": 0.09606041707514637}}, "_child1": {"label": 22, "event": "S", "tstamp": 0.0, "dist": 0.12137503668136065}}, "_child2": {"label": 7, "event": "S", "tstamp": 0.6169112241027355, "dist": 0.37419448507968733, "_child0": {"label": 9, "event": "S", "tstamp": 0.6085942493780168, "dist": 0.008316974724718706, "_child0": {"label": 11, "event": "S", "tstamp": 0.601515692065358, "dist": 0.007078557312658718, "_child0": {"label": 12, "event": "S", "tstamp": 0.07458714610636964, "dist": 0.5269285459589884, "_child0": {"label": 27, "event": "S", "tstamp": 0.023744727618749, "dist": 0.05084241848762064, "_child0": {"label": 28, "event": "S", "tstamp": 0.0, "dist": 0.023744727618749}, "_child1": {"label": 29, "event": "S", "tstamp": 0.0, "dist": 0.023744727618749}}, "_child1": {"label": 26, "event": "S", "tstamp": 0.0, "dist": 0.07458714610636964}}, "_child1": {"label": 13, "event": "S", "tstamp": 0.0, "dist": 0.601515692065358}}, "_child1": {"label": 10, "event": "S", "tstamp": 0.0, "dist": 0.6085942493780168}}, "_child1": {"label": 8, "event": "S", "tstamp": 0.0, "dist": 0.6169112241027355}}, "_child3": {"label": 14, "event": "S", "tstamp": 0.27960284314888817, "dist": 0.7115028660335346, "_child0": {"label": 19, "event": "S", "tstamp": 0.15242196903383617, "dist": 0.127180874115052, "_child0": {"label": 20, "event": "S", "tstamp": 0.0, "dist": 0.15242196903383617}, "_child1": {"label": 21, "event": "S", "tstamp": 0.0, "dist": 0.15242196903383617}}, "_child1": {"label": 18, "event": "S", "tstamp": 0.0, "dist": 0.27960284314888817}}, "_child4": {"label": 15, "event": "S", "tstamp": 0.4457544601916419, "dist": 0.5453512489907809, "_child0": {"label": 16, "event": "S", "tstamp": 0.0, "dist": 0.4457544601916419}, "_child1": {"label": 17, "event": "S", "tstamp": 0.0, "dist": 0.4457544601916419}}}}