{"label": 0, "event": null, "tstamp": 1.0, "dist": 0.0, "_child0": {"label": 1, "event": "S", "tstamp": 0.9450494232013114, "dist": 0.054950576798688644, "_child0": {"label": 3, "event": "S", "tstamp": 0.8790644705061065, "dist": 0.06598495269520488, "_child0": {"label": 5, "event": "S", "tstamp": 0.8508860080090677, "dist": 0.028178462497038814, "_child0": {"label": 8, "event": "S", "tstamp": 0.0, "dist": 0.8508860080090677}, "_child1": {"label": 9, "event": "S", "tstamp": 0.383017903547759, "dist": 0.46786810446130866, "_child0": {"label": 14, "event": "S", "tstamp": 0.0, "dist": 0.383017903547759}, "_child1": {"label": 15, "event": "S", "tstamp": 0.24928536502217655, "dist": 0.13373253852558245, "_child0": {"label": 16, "event": "S", "tstamp": 0.0, "dist": 0.24928536502217655}, "_child1": {"label": 17, "event": "S", "tstamp": 0.0, "dist": 0.24928536502217655}}, "_child2": {"label": 10, "event": "S", "tstamp": 0.0, "dist": 0.383017903547759}}, "_child2": {"label": 6, "event": "S", "tstamp": 0.1674142632571415, "dist": 0.6834717447519262, "_child0": {"label": 19, "event": "S", "tstamp": 0.16669123356970308, "dist": 0.0007230296874384257, "_child0": {"label": 20, "event": "S", "tstamp": 0.13957669047943325, "dist": 0.027114543090269838, "_child0": {"label": 23, "event": "S", "tstamp": 0.009544133329961223, "dist": 0.130032557149472, "_child0": {"label": 24, "event": "S", "tstamp": 0.0, "dist": 0.009544133329961223}, "_child1": {"label": 25, "event": "S", "tstamp": 0.0, "dist": 0.009544133329961223}}, "_child1": {"label": 22, "event": "S", "tstamp": 0.0, "dist": 0.13957669047943325}}, "_child1": {"label": 21, "event": "S", "tstamp": 0.0, "dist": 0.16669123356970308}}, "_child1": {"label": 18, "event": "S", "tstamp": 0.0, "dist": 0.1674142632571415}}}, "_child1": {"label": 4, "event": "S", "tstamp": 0.0, "dist": 0.8790644705061065}}, "_child1": {"label": 2, "event": "S", "tstamp": 0.3199161744098334, "dist": 0.625133248791478, "_child0": {"label": 12, "event": "S", "tstamp": 0.0, "dist": 0.3199161744098334}, "_child1": {"label": 13, "event": "S", "tstamp": 0.0, "dist": 0.3199161744098334}}}}