{"label": 2, "event": "H", "reconc": [1, 3], "tstamp": 0.753241566467654, "transferred": 0, "dist": 0.0, "_child0": {"label": 6, "event": "S", "reconc": 5, "tstamp": 0.5186933490115276, "transferred": 0, "dist": 0.24517648029609257, "_child0": {"label": 8, "event": "S", "reconc": 7, "tstamp": 0.48877314631788904, "transferred": 0, "dist": 0.033596827515089536, "_child0": {"label": 10, "event": "S", "reconc": 9, "tstamp": 0.4739097639444589, "transferred": 0, "dist": 0.0171347724820969, "_child0": {"label": 12, "event": "S", "reconc": 11, "tstamp": 0.44577792103142705, "transferred": 0, "dist": 0.03480003746153588, "_child0": {"label": 14, "event": "S", "reconc": 13, "tstamp": 0.4022690207659689, "transferred": 0, "dist": 0.061207359295301154, "_child0": {"label": 16, "event": "S", "reconc": 14, "tstamp": 0.33731306995103233, "transferred": 0, "dist": 0.10370011765702924, "_child0": {"label": 22, "event": "S", "reconc": 19, "tstamp": 0.19913069228184607, "transferred": 0, "dist": 0.2523299839116958, "_child0": {"label": 28, "event": "S", "reconc": 21, "tstamp": 0.11913043433560158, "transferred": 0, "dist": 0.16556022458211275, "_child0": {"label": 36, "event": "H", "reconc": [21, 22], "tstamp": 0.05514362730009093, "transferred": 0, "dist": 0.1377187575768572, "_child0": {"label": 47, "event": "H", "reconc": [20, 25], "tstamp": 0.007245126013177936, "transferred": 1, "dist": 0.13915102283649342, "_child0": {"label": 56, "event": "S", "reconc": 25, "tstamp": 0.0, "transferred": 0, "dist": 0.021047979962338623}, "_child1": {"label": 57, "event": "S", "reconc": 17, "tstamp": 0.0, "transferred": 1, "dist": 0.019778030868333143}}, "_child1": {"label": 46, "event": "S", "reconc": 22, "tstamp": 0.0, "transferred": 0, "dist": 0.11868558835628701}}, "_child1": {"label": 37, "event": "S", "reconc": 23, "tstamp": 0.0, "transferred": 0, "dist": 0.2544059531391078}}, "_child1": {"label": 29, "event": "S", "reconc": 20, "tstamp": 0.06246225397832803, "transferred": 0, "dist": 0.29031951144227036, "_child0": {"label": 42, "event": "S", "reconc": 24, "tstamp": 0.0, "transferred": 0, "dist": 0.13338531746334692}, "_child1": {"label": 43, "event": "S", "reconc": 25, "tstamp": 0.0, "transferred": 0, "dist": 0.13840762403753126}}}, "_child1": {"label": 23, "event": "S", "reconc": 18, "tstamp": 0.0, "transferred": 0, "dist": 0.4664170124386512}}, "_child1": {"label": 17, "event": "H", "reconc": [13, 15], "tstamp": 0.138656085770006, "transferred": 0, "dist": 0.4196956658309894, "_child0": {"label": 34, "event": "S", "reconc": 15, "tstamp": 0.0, "transferred": 0, "dist": 0.2207530455197604}, "_child1": {"label": 35, "event": "S", "reconc": 8, "tstamp": 0.0, "transferred": 1, "dist": 0.3187963842819298}}}, "_child1": {"label": 15, "event": "H", "reconc": [11, 12], "tstamp": 0.2285019584112274, "transferred": 0, "dist": 0.28679518905300305, "_child0": {"label": 27, "event": "S", "reconc": 19, "tstamp": 0.19913069228184607, "transferred": 1, "dist": 0.08638044556418563, "_child0": {"label": 38, "event": "S", "reconc": 22, "tstamp": 0.0, "transferred": 0, "dist": 1.291163662260889}, "_child1": {"label": 31, "event": "S", "reconc": 20, "tstamp": 0.06246225397832803, "transferred": 0, "dist": 0.5064071584614452, "_child0": {"label": 45, "event": "H", "reconc": [20, 25], "tstamp": 0.03304951035268258, "transferred": 0, "dist": 0.07098676009991449, "_child0": {"label": 53, "event": "S", "reconc": 23, "tstamp": 0.0, "transferred": 1, "dist": 0.2522478409861578}, "_child1": {"label": 52, "event": "S", "reconc": 25, "tstamp": 0.0, "transferred": 0, "dist": 0.07976398572963916}}, "_child1": {"label": 44, "event": "S", "reconc": 24, "tstamp": 0.0, "transferred": 0, "dist": 0.17859862655552103}}}, "_child1": {"label": 26, "event": "S", "reconc": 12, "tstamp": 0.0, "transferred": 0, "dist": 0.30161303427789726}}}, "_child1": {"label": 13, "event": "H", "reconc": [9, 10], "tstamp": 0.38505881892666477, "transferred": 0, "dist": 0.11627603157788338, "_child0": {"label": 19, "event": "D", "reconc": [11, 12], "tstamp": 0.06673762892285025, "transferred": 1, "dist": 2.6146010722149353, "_child0": {"label": 40, "event": "S", "reconc": 12, "tstamp": 0.0, "transferred": 0, "dist": 0.10307329232345748}, "_child1": {"label": 41, "event": "S", "reconc": 12, "tstamp": 0.0, "transferred": 0, "dist": 0.09120464667299462}}, "_child1": {"label": 18, "event": "S", "reconc": 10, "tstamp": 0.0, "transferred": 0, "dist": 0.5039126075686946}}}, "_child1": {"label": 24, "event": "H", "reconc": [7, 8], "tstamp": 0.04118970205440508, "transferred": 0, "dist": 0.4807916307827896, "_child0": {"label": 51, "event": "H", "reconc": [2, 16], "tstamp": 0.012400109394891758, "transferred": 1, "dist": 0.04232057924712799, "_child0": {"label": 55, "event": "S", "reconc": 8, "tstamp": 0.0, "transferred": 1, "dist": 0.01655383590318814}, "_child1": {"label": 54, "event": "S", "reconc": 16, "tstamp": 0.0, "transferred": 0, "dist": 0.018228108279474495}}, "_child1": {"label": 50, "event": "S", "reconc": 8, "tstamp": 0.0, "transferred": 0, "dist": 0.044245747415395}}}, "_child1": {"label": 9, "event": "H", "reconc": [5, 6], "tstamp": 0.15818491957119704, "transferred": 0, "dist": 0.41589125241781705, "_child0": {"label": 33, "event": "S", "reconc": 8, "tstamp": 0.0, "transferred": 1, "dist": 0.18449085656447234}, "_child1": {"label": 32, "event": "S", "reconc": 6, "tstamp": 0.0, "transferred": 0, "dist": 0.18248595300866782}}}, "_child1": {"label": 5, "event": "S", "reconc": 2, "tstamp": 0.370150368081754, "transferred": 1, "dist": 0.4201651693393191, "_child0": {"label": 20, "event": "D", "reconc": [2, 16], "tstamp": 0.0500177393027378, "transferred": 0, "dist": 0.18661548477746068, "_child0": {"label": 48, "event": "S", "reconc": 16, "tstamp": 0.0, "transferred": 0, "dist": 0.0335956590167333}, "_child1": {"label": 49, "event": "S", "reconc": 16, "tstamp": 0.0, "transferred": 0, "dist": 0.02971830471369085}}, "_child1": {"label": 21, "event": "S", "reconc": 17, "tstamp": 0.0, "transferred": 0, "dist": 0.3704361987983466}}}