{"label": 1, "event": "S", "reconc": 1, "tstamp": 0.5962697834681003, "transferred": 0, "dist": 0.0, "_child0": {"label": 5, "event": "H", "reconc": [1, 2], "tstamp": 0.40860932897503094, "transferred": 0, "dist": 0.15416772850901617, "_child0": {"label": 13, "event": "S", "reconc": 2, "tstamp": 0.2876729287826437, "transferred": 0, "dist": 0.09935225917512766, "_child0": {"label": 17, "event": "S", "reconc": 8, "tstamp": 0.0, "transferred": 0, "dist": 0.23162439931238965}, "_child1": {"label": 18, "event": "S", "reconc": 9, "tstamp": 0.0, "transferred": 0, "dist": 0.26544269286262256}}, "_child1": {"label": 14, "event": "D", "reconc": [5, 6], "tstamp": 0.04107655498170118, "transferred": 1, "dist": 0.2133552128857109, "_child0": {"label": 25, "event": "S", "reconc": 6, "tstamp": 0.0, "transferred": 0, "dist": 0.020255337348322588}, "_child1": {"label": 26, "event": "S", "reconc": 6, "tstamp": 0.0, "transferred": 0, "dist": 0.020255337348322588}}}, "_child1": {"label": 8, "event": "D", "reconc": [5, 7], "tstamp": 0.4439758853465441, "transferred": 0, "dist": 0.09849892130530044, "_child0": {"label": 9, "event": "D", "reconc": [5, 7], "tstamp": 0.33287718441851344, "transferred": 0, "dist": 0.07097772394192688, "_child0": {"label": 15, "event": "S", "reconc": 7, "tstamp": 0.0, "transferred": 0, "dist": 0.21266553708425925}, "_child1": {"label": 16, "event": "S", "reconc": 7, "tstamp": 0.0, "transferred": 0, "dist": 0.21266553708425925}}, "_child1": {"label": 10, "event": "S", "reconc": 7, "tstamp": 0.0, "transferred": 0, "dist": 0.28364326102618614}}, "_child2": {"label": 2, "event": "H", "reconc": [1, 4], "tstamp": 0.4372517819099009, "transferred": 0, "dist": 0.11329232542682446, "_child0": {"label": 23, "event": "S", "reconc": 8, "tstamp": 0.0, "transferred": 1, "dist": 1.0527303922226414}, "_child1": {"label": 12, "event": "H", "reconc": [5, 7], "tstamp": 0.2184163539696862, "transferred": 1, "dist": 0.16007357376454046, "_child0": {"label": 22, "event": "S", "reconc": 4, "tstamp": 0.0, "transferred": 1, "dist": 0.2843282760029538}, "_child1": {"label": 21, "event": "S", "reconc": 7, "tstamp": 0.0, "transferred": 0, "dist": 0.15976702985268118}}}}