{"label": 1, "event": "S", "reconc": 1, "tstamp": 0.8999999302616976, "transferred": 0, "dist": 0.0, "_child0": {"label": 2, "event": "S", "reconc": 2, "tstamp": 0.8811282060895953, "transferred": 0, "dist": 0.023589525786094457, "_child0": {"label": 5, "event": "D", "reconc": [2, 5], "tstamp": 0.6820656325432687, "transferred": 0, "dist": 0.2562669088572634, "_child0": {"label": 22, "event": "H", "reconc": [2, 5], "tstamp": 0.3533087309986286, "transferred": 0, "dist": 0.7788034654662574, "_child0": {"label": 29, "event": "H", "reconc": [2, 5], "tstamp": 0.28060138042786326, "transferred": 0, "dist": 0.10268795881802677, "_child0": {"label": 37, "event": "S", "reconc": 5, "tstamp": 0.0, "transferred": 0, "dist": 0.3963063262718277}, "_child1": {"label": 38, "event": "S", "reconc": 10, "tstamp": 0.0, "transferred": 1, "dist": 0.4684542149950284}}, "_child1": {"label": 30, "event": "S", "reconc": 12, "tstamp": 0.0, "transferred": 1, "dist": 0.8454099970270235}}, "_child1": {"label": 12, "event": "S", "reconc": 5, "tstamp": 0.0, "transferred": 0, "dist": 0.883217844059166}}, "_child1": {"label": 4, "event": "H", "reconc": [2, 4], "tstamp": 0.18893217703136297, "transferred": 0, "dist": 1.1996245573084467, "_child0": {"label": 47, "event": "S", "reconc": 4, "tstamp": 0.0, "transferred": 0, "dist": 0.3274327931943434}, "_child1": {"label": 48, "event": "S", "reconc": 10, "tstamp": 0.0, "transferred": 1, "dist": 0.20609620308946888}}}, "_child1": {"label": 3, "event": "S", "reconc": 3, "tstamp": 0.8490508964191146, "transferred": 0, "dist": 0.06178863294727487, "_child0": {"label": 10, "event": "H", "reconc": [3, 10], "tstamp": 0.6426904260124525, "transferred": 0, "dist": 0.1928725245514923, "_child0": {"label": 18, "event": "D", "reconc": [3, 10], "tstamp": 0.3730899439426445, "transferred": 0, "dist": 0.2519790999440584, "_child0": {"label": 28, "event": "D", "reconc": [3, 10], "tstamp": 0.029840686651937905, "transferred": 0, "dist": 0.320864571696178, "_child0": {"label": 59, "event": "S", "reconc": 10, "tstamp": 0.0, "transferred": 0, "dist": 0.029321437272162094}, "_child1": {"label": 60, "event": "S", "reconc": 10, "tstamp": 0.0, "transferred": 0, "dist": 0.0469680284918464}}, "_child1": {"label": 27, "event": "S", "reconc": 10, "tstamp": 0.0, "transferred": 0, "dist": 0.45995320157217734}}, "_child1": {"label": 19, "event": "H", "reconc": [3, 9], "tstamp": 0.34285509321407837, "transferred": 1, "dist": 0.33515657711714375, "_child0": {"label": 31, "event": "S", "reconc": 9, "tstamp": 0.0, "transferred": 0, "dist": 0.38324415743918244}, "_child1": {"label": 32, "event": "S", "reconc": 10, "tstamp": 0.0, "transferred": 1, "dist": 0.9655061935237459}}}, "_child1": {"label": 9, "event": "S", "reconc": 11, "tstamp": 0.6670570783781647, "transferred": 0, "dist": 0.24299939952797606, "_child0": {"label": 14, "event": "S", "reconc": 13, "tstamp": 0.060867976305643064, "transferred": 0, "dist": 0.9319438455090968, "_child0": {"label": 53, "event": "S", "reconc": 23, "tstamp": 0.047046040864041495, "transferred": 0, "dist": 0.02268117226875903, "_child0": {"label": 55, "event": "S", "reconc": 24, "tstamp": 0.0, "transferred": 0, "dist": 0.0828388578436383}, "_child1": {"label": 56, "event": "S", "reconc": 25, "tstamp": 0.0, "transferred": 0, "dist": 0.08169827979526233}}, "_child1": {"label": 54, "event": "S", "reconc": 22, "tstamp": 0.0, "transferred": 0, "dist": 0.09215963124035408}}, "_child1": {"label": 15, "event": "S", "reconc": 12, "tstamp": 0.0, "transferred": 0, "dist": 1.069923358279125}}, "_child2": {"label": 7, "event": "S", "reconc": 8, "tstamp": 0.5487447339036687, "transferred": 0, "dist": 0.4307627932784675, "_child0": {"label": 20, "event": "S", "reconc": 15, "tstamp": 0.5247773415135188, "transferred": 0, "dist": 0.04018654596830594, "_child0": {"label": 25, "event": "D", "reconc": [15, 21], "tstamp": 0.33573119541585655, "transferred": 0, "dist": 0.23244704846619102, "_child0": {"label": 33, "event": "D", "reconc": [15, 21], "tstamp": 0.10935192095594241, "transferred": 0, "dist": 0.46995239417990164, "_child0": {"label": 51, "event": "S", "reconc": 21, "tstamp": 0.0, "transferred": 0, "dist": 0.24662512106911377}, "_child1": {"label": 52, "event": "S", "reconc": 21, "tstamp": 0.0, "transferred": 0, "dist": 0.2149385798306849}}, "_child1": {"label": 34, "event": "S", "reconc": 21, "tstamp": 0.0, "transferred": 0, "dist": 0.43904690003691477}}, "_child1": {"label": 24, "event": "D", "reconc": [15, 17], "tstamp": 0.3058520621552476, "transferred": 0, "dist": 0.34189393071509566, "_child0": {"label": 35, "event": "S", "reconc": 17, "tstamp": 0.21425757052752742, "transferred": 0, "dist": 0.19571848578609172, "_child0": {"label": 49, "event": "H", "reconc": [17, 18], "tstamp": 0.022973046291491144, "transferred": 0, "dist": 0.4222716851800812, "_child0": {"label": 62, "event": "S", "reconc": 26, "tstamp": 0.0, "transferred": 1, "dist": 0.040300775576825786}, "_child1": {"label": 61, "event": "S", "reconc": 18, "tstamp": 0.0, "transferred": 0, "dist": 0.05404450894948189}}, "_child1": {"label": 39, "event": "D", "reconc": [17, 26], "tstamp": 0.03669692157807324, "transferred": 0, "dist": 0.4421361411707297, "_child0": {"label": 57, "event": "S", "reconc": 26, "tstamp": 0.0, "transferred": 0, "dist": 0.05121860030151887}, "_child1": {"label": 58, "event": "S", "reconc": 26, "tstamp": 0.0, "transferred": 0, "dist": 0.051777871783883225}}, "_child2": {"label": 40, "event": "S", "reconc": 27, "tstamp": 0.004834624074929443, "transferred": 0, "dist": 0.2590525535770757, "_child0": {"label": 63, "event": "S", "reconc": 28, "tstamp": 0.0, "transferred": 0, "dist": 0.005743710940487867}, "_child1": {"label": 64, "event": "S", "reconc": 29, "tstamp": 0.0, "transferred": 0, "dist": 0.005045569977168484}}}, "_child1": {"label": 36, "event": "S", "reconc": 17, "tstamp": 0.21425757052752742, "transferred": 0, "dist": 0.2413467876237502, "_child0": {"label": 43, "event": "H", "reconc": [17, 27], "tstamp": 0.19659951814422377, "transferred": 0, "dist": 0.02955802267592806, "_child0": {"label": 45, "event": "S", "reconc": 27, "tstamp": 0.004834624074929443, "transferred": 0, "dist": 0.3209975236400721, "_child0": {"label": 65, "event": "S", "reconc": 28, "tstamp": 0.0, "transferred": 0, "dist": 0.008784485954577752}, "_child1": {"label": 66, "event": "S", "reconc": 29, "tstamp": 0.0, "transferred": 0, "dist": 0.006233535740116081}}, "_child1": {"label": 46, "event": "S", "reconc": 26, "tstamp": 0.0, "transferred": 1, "dist": 0.26346333054357296}}, "_child1": {"label": 42, "event": "S", "reconc": 26, "tstamp": 0.0, "transferred": 0, "dist": 0.3064780714680249}, "_child2": {"label": 44, "event": "S", "reconc": 18, "tstamp": 0.0, "transferred": 0, "dist": 0.7340094818236731}}}}, "_child1": {"label": 21, "event": "S", "reconc": 14, "tstamp": 0.0, "transferred": 0, "dist": 0.766456362719146}}}}