{"label": 0, "event": null, "tstamp": 1.0, "dist": 0.0, "_child0": {"label": 1, "event": "S", "tstamp": 0.9309687039537858, "dist": 0.06903129604621416, "_child0": {"label": 4, "event": "S", "tstamp": 0.0, "dist": 0.9309687039537858}, "_child1": {"label": 5, "event": "S", "tstamp": 0.44075484509943946, "dist": 0.4902138588543464, "_child0": {"label": 11, "event": "S", "tstamp": 0.43639833029186026, "dist": 0.004356514807579204, "_child0": {"label": 13, "event": "S", "tstamp": 0.41400245001677005, "dist": 0.022395880275090208, "_child0": {"label": 17, "event": "S", "tstamp": 0.0, "dist": 0.41400245001677005}, "_child1": {"label": 16, "event": "S", "tstamp": 0.0, "dist": 0.41400245001677005}, "_child2": {"label": 14, "event": "S", "tstamp": 0.0, "dist": 0.41400245001677005}}, "_child1": {"label": 12, "event": "S", "tstamp": 0.0, "dist": 0.43639833029186026}}, "_child1": {"label": 10, "event": "S", "tstamp": 0.0, "dist": 0.44075484509943946}}, "_child2": {"label": 3, "event": "S", "tstamp": 0.6063383787410732, "dist": 0.3246303252127126, "_child0": {"label": 7, "event": "S", "tstamp": 0.44359178609368505, "dist": 0.16274659264738817, "_child0": {"label": 9, "event": "S", "tstamp": 0.12582402299092352, "dist": 0.31776776310276156, "_child0": {"label": 23, "event": "S", "tstamp": 0.10596897329172994, "dist": 0.019855049699193578, "_child0": {"label": 26, "event": "S", "tstamp": 0.0, "dist": 0.10596897329172994}, "_child1": {"label": 27, "event": "S", "tstamp": 0.03002514415977661, "dist": 0.07594382913195333, "_child0": {"label": 28, "event": "S", "tstamp": 0.0, "dist": 0.03002514415977661}, "_child1": {"label": 29, "event": "S", "tstamp": 0.0, "dist": 0.03002514415977661}}, "_child2": {"label": 24, "event": "S", "tstamp": 0.0, "dist": 0.10596897329172994}}, "_child1": {"label": 22, "event": "S", "tstamp": 0.0, "dist": 0.12582402299092352}}, "_child1": {"label": 8, "event": "S", "tstamp": 0.0, "dist": 0.44359178609368505}}, "_child1": {"label": 6, "event": "S", "tstamp": 0.17880130709365974, "dist": 0.4275370716474135, "_child0": {"label": 19, "event": "S", "tstamp": 0.17527194533537965, "dist": 0.0035293617582800862, "_child0": {"label": 20, "event": "S", "tstamp": 0.0, "dist": 0.17527194533537965}, "_child1": {"label": 21, "event": "S", "tstamp": 0.0, "dist": 0.17527194533537965}}, "_child1": {"label": 18, "event": "S", "tstamp": 0.0, "dist": 0.17880130709365974}}}}}