{"label": 1, "event": "D", "reconc": [0, 1], "tstamp": 0.47430029956475717, "transferred": 0, "dist": 0.0, "_child0": {"label": 4, "event": "S", "reconc": 3, "tstamp": 0.31475907827119926, "transferred": 0, "dist": 0.25807237205870326, "_child0": {"label": 9, "event": "D", "reconc": [3, 6], "tstamp": 0.22290520153305954, "transferred": 0, "dist": 0.08284070093845144, "_child0": {"label": 20, "event": "S", "reconc": 8, "tstamp": 0.0, "transferred": 0, "dist": 0.19067757977620464}, "_child1": {"label": 15, "event": "S", "reconc": 6, "tstamp": 0.07227635051007368, "transferred": 0, "dist": 0.09869769128989203, "_child0": {"label": 22, "event": "S", "reconc": 8, "tstamp": 0.0, "transferred": 0, "dist": 0.02861704609940206}, "_child1": {"label": 23, "event": "S", "reconc": 9, "tstamp": 0.0, "transferred": 0, "dist": 0.03233310544623306}}}, "_child1": {"label": 8, "event": "D", "reconc": [3, 7], "tstamp": 0.12332861354354499, "transferred": 0, "dist": 0.1455736285319585, "_child0": {"label": 16, "event": "S", "reconc": 7, "tstamp": 0.0, "transferred": 0, "dist": 0.06714476390778984}, "_child1": {"label": 17, "event": "S", "reconc": 7, "tstamp": 0.0, "transferred": 0, "dist": 0.05640228450307821}}}, "_child1": {"label": 6, "event": "S", "reconc": 3, "tstamp": 0.31475907827119926, "transferred": 0, "dist": 0.15390994444693018, "_child0": {"label": 12, "event": "S", "reconc": 6, "tstamp": 0.07227635051007368, "transferred": 0, "dist": 0.5703012415629176, "_child0": {"label": 18, "event": "D", "reconc": [6, 8], "tstamp": 0.02237469526044731, "transferred": 0, "dist": 0.032103860958664014, "_child0": {"label": 24, "event": "S", "reconc": 8, "tstamp": 0.0, "transferred": 0, "dist": 0.01659489984832686}, "_child1": {"label": 25, "event": "S", "reconc": 8, "tstamp": 0.0, "transferred": 0, "dist": 0.03701538541686135}}, "_child1": {"label": 19, "event": "S", "reconc": 9, "tstamp": 0.0, "transferred": 0, "dist": 0.11837818618543944}}, "_child1": {"label": 11, "event": "S", "reconc": 7, "tstamp": 0.0, "transferred": 0, "dist": 0.44996312260456367}, "_child2": {"label": 13, "event": "S", "reconc": 4, "tstamp": 0.0, "transferred": 0, "dist": 0.15587946378363174}}}