{"label": 0, "event": null, "tstamp": 1.0, "dist": 0.0, "_child0": {"label": 1, "event": "S", "tstamp": 0.8396688853506904, "dist": 0.1603311146493096, "_child0": {"label": 3, "event": "S", "tstamp": 0.7408805771996886, "dist": 0.09878830815100181, "_child0": {"label": 5, "event": "S", "tstamp": 0.49921009505121666, "dist": 0.24167048214847192, "_child0": {"label": 7, "event": "S", "tstamp": 0.49347626708637105, "dist": 0.005733827964845617, "_child0": {"label": 9, "event": "S", "tstamp": 0.4008251413478261, "dist": 0.09265112573854495, "_child0": {"label": 10, "event": "S", "tstamp": 0.0, "dist": 0.4008251413478261}, "_child1": {"label": 11, "event": "S", "tstamp": 0.0, "dist": 0.4008251413478261}}, "_child1": {"label": 8, "event": "S", "tstamp": 0.0, "dist": 0.49347626708637105}}, "_child1": {"label": 6, "event": "S", "tstamp": 0.32604916929334665, "dist": 0.17316092575787, "_child0": {"label": 13, "event": "S", "tstamp": 0.2015281004542001, "dist": 0.12452106883914654, "_child0": {"label": 14, "event": "S", "tstamp": 0.16667655710531531, "dist": 0.034851543348884795, "_child0": {"label": 16, "event": "S", "tstamp": 0.0, "dist": 0.16667655710531531}, "_child1": {"label": 17, "event": "S", "tstamp": 0.0, "dist": 0.16667655710531531}}, "_child1": {"label": 15, "event": "S", "tstamp": 0.14772045811794524, "dist": 0.053807642336254874, "_child0": {"label": 18, "event": "S", "tstamp": 0.0, "dist": 0.14772045811794524}, "_child1": {"label": 19, "event": "S", "tstamp": 0.0, "dist": 0.14772045811794524}}}, "_child1": {"label": 12, "event": "S", "tstamp": 0.13979566125737036, "dist": 0.1862535080359763, "_child0": {"label": 21, "event": "S", "tstamp": 0.12583575966733862, "dist": 0.013959901590031742, "_child0": {"label": 22, "event": "S", "tstamp": 0.11914983714180753, "dist": 0.006685922525531088, "_child0": {"label": 24, "event": "S", "tstamp": 0.0, "dist": 0.11914983714180753}, "_child1": {"label": 25, "event": "S", "tstamp": 0.0, "dist": 0.11914983714180753}}, "_child1": {"label": 23, "event": "S", "tstamp": 0.0, "dist": 0.12583575966733862}}, "_child1": {"label": 20, "event": "S", "tstamp": 0.0, "dist": 0.13979566125737036}}}}, "_child1": {"label": 4, "event": "S", "tstamp": 0.0, "dist": 0.7408805771996886}}, "_child1": {"label": 2, "event": "S", "tstamp": 0.0, "dist": 0.8396688853506904}}}