{"label": 1, "event": "S", "reconc": 1, "tstamp": 0.8396688853506904, "transferred": 0, "dist": 0.0, "_child0": {"label": 2, "event": "S", "reconc": 3, "tstamp": 0.7408805771996886, "transferred": 0, "dist": 0.11270263005299118, "_child0": {"label": 11, "event": "S", "reconc": 4, "tstamp": 0.0, "transferred": 0, "dist": 1.095125040691737}, "_child1": {"label": 4, "event": "S", "reconc": 5, "tstamp": 0.49921009505121666, "transferred": 0, "dist": 0.3399352585075193, "_child0": {"label": 12, "event": "S", "reconc": 7, "tstamp": 0.49347626708637105, "transferred": 0, "dist": 0.008704104155929916, "_child0": {"label": 21, "event": "H", "reconc": [9, 11], "tstamp": 0.1313682103068358, "transferred": 0, "dist": 0.4916334536152945, "_child0": {"label": 45, "event": "S", "reconc": 21, "tstamp": 0.12583575966733862, "transferred": 1, "dist": 0.03202820505697753, "_child0": {"label": 50, "event": "S", "reconc": 22, "tstamp": 0.11914983714180753, "transferred": 0, "dist": 0.008210643059270254, "_child0": {"label": 56, "event": "S", "reconc": 24, "tstamp": 0.0, "transferred": 0, "dist": 0.8998786668869108}, "_child1": {"label": 57, "event": "S", "reconc": 25, "tstamp": 0.0, "transferred": 0, "dist": 0.199828510165983}}, "_child1": {"label": 51, "event": "S", "reconc": 23, "tstamp": 0.0, "transferred": 0, "dist": 0.24974607815865812}}, "_child1": {"label": 44, "event": "S", "reconc": 11, "tstamp": 0.0, "transferred": 0, "dist": 0.17592015368717473}}, "_child1": {"label": 17, "event": "S", "reconc": 8, "tstamp": 0.0, "transferred": 0, "dist": 0.7921455671851609}}, "_child1": {"label": 13, "event": "H", "reconc": [5, 6], "tstamp": 0.3984343459320702, "transferred": 0, "dist": 0.1390335955493908, "_child0": {"label": 22, "event": "S", "reconc": 6, "tstamp": 0.32604916929334665, "transferred": 0, "dist": 0.09986501177640408, "_child0": {"label": 26, "event": "S", "reconc": 13, "tstamp": 0.2015281004542001, "transferred": 0, "dist": 0.16891663157309833, "_child0": {"label": 30, "event": "S", "reconc": 14, "tstamp": 0.16667655710531531, "transferred": 0, "dist": 0.05287940156750463, "_child0": {"label": 34, "event": "D", "reconc": [14, 16], "tstamp": 0.06630424857812174, "transferred": 0, "dist": 0.15283986752129933, "_child0": {"label": 62, "event": "S", "reconc": 16, "tstamp": 0.0, "transferred": 0, "dist": 0.13335807234404795}, "_child1": {"label": 63, "event": "S", "reconc": 16, "tstamp": 0.0, "transferred": 0, "dist": 0.1334411477693479}}, "_child1": {"label": 35, "event": "S", "reconc": 17, "tstamp": 0.0, "transferred": 0, "dist": 0.26196507459621227}}, "_child1": {"label": 31, "event": "S", "reconc": 15, "tstamp": 0.14772045811794524, "transferred": 0, "dist": 0.07724141203306567, "_child0": {"label": 38, "event": "H", "reconc": [15, 18], "tstamp": 0.0749330860384736, "transferred": 0, "dist": 0.08584847505519759, "_child0": {"label": 60, "event": "D", "reconc": [15, 18], "tstamp": 0.015017996512385095, "transferred": 0, "dist": 0.07066636590471169, "_child0": {"label": 66, "event": "S", "reconc": 18, "tstamp": 0.0, "transferred": 0, "dist": 0.026179242484573737}, "_child1": {"label": 67, "event": "S", "reconc": 18, "tstamp": 0.0, "transferred": 0, "dist": 0.020764135225261608}}, "_child1": {"label": 61, "event": "S", "reconc": 4, "tstamp": 0.0, "transferred": 1, "dist": 0.17026645208364682}}, "_child1": {"label": 39, "event": "S", "reconc": 19, "tstamp": 0.0, "transferred": 0, "dist": 0.17942505512393928}}}, "_child1": {"label": 27, "event": "S", "reconc": 12, "tstamp": 0.13979566125737036, "transferred": 0, "dist": 0.22906987630090545, "_child0": {"label": 42, "event": "S", "reconc": 21, "tstamp": 0.12583575966733862, "transferred": 0, "dist": 0.016883965461053297, "_child0": {"label": 48, "event": "S", "reconc": 22, "tstamp": 0.11914983714180753, "transferred": 0, "dist": 0.007933312908089947, "_child0": {"label": 54, "event": "S", "reconc": 24, "tstamp": 0.0, "transferred": 0, "dist": 0.15159938621074545}, "_child1": {"label": 55, "event": "S", "reconc": 25, "tstamp": 0.0, "transferred": 0, "dist": 0.1378528759974988}}, "_child1": {"label": 49, "event": "S", "reconc": 23, "tstamp": 0.0, "transferred": 0, "dist": 0.14180921865241417}}, "_child1": {"label": 43, "event": "S", "reconc": 20, "tstamp": 0.0, "transferred": 0, "dist": 0.18104864651419267}}}, "_child1": {"label": 23, "event": "D", "reconc": [9, 10], "tstamp": 0.031886178677406014, "transferred": 1, "dist": 0.7649909611259662, "_child0": {"label": 64, "event": "S", "reconc": 10, "tstamp": 0.0, "transferred": 0, "dist": 0.04867941256631711}, "_child1": {"label": 65, "event": "S", "reconc": 10, "tstamp": 0.0, "transferred": 0, "dist": 0.0477749496516602}}}}}, "_child1": {"label": 9, "event": "S", "reconc": 5, "tstamp": 0.49921009505121666, "transferred": 1, "dist": 0.9135489973689508, "_child0": {"label": 19, "event": "S", "reconc": 8, "tstamp": 0.0, "transferred": 0, "dist": 1.34451366073539}, "_child1": {"label": 15, "event": "S", "reconc": 6, "tstamp": 0.32604916929334665, "transferred": 0, "dist": 0.36268825898392804, "_child0": {"label": 24, "event": "S", "reconc": 13, "tstamp": 0.2015281004542001, "transferred": 0, "dist": 0.3389069913030865, "_child0": {"label": 33, "event": "S", "reconc": 17, "tstamp": 0.0, "transferred": 0, "dist": 0.46571092172061124}, "_child1": {"label": 37, "event": "S", "reconc": 19, "tstamp": 0.0, "transferred": 0, "dist": 0.46294161545165635}}, "_child1": {"label": 25, "event": "S", "reconc": 12, "tstamp": 0.13979566125737036, "transferred": 0, "dist": 0.23325714106087803, "_child0": {"label": 46, "event": "S", "reconc": 22, "tstamp": 0.11914983714180753, "transferred": 0, "dist": 0.026204188771429274, "_child0": {"label": 58, "event": "S", "reconc": 25, "tstamp": 0.0, "transferred": 0, "dist": 0.15878079338459936}, "_child1": {"label": 52, "event": "S", "reconc": 24, "tstamp": 0.0, "transferred": 0, "dist": 0.27245698705239935}}, "_child1": {"label": 41, "event": "S", "reconc": 20, "tstamp": 0.0, "transferred": 0, "dist": 0.1845857955861135}}}}}