{"label": 1, "event": "S", "reconc": 1, "tstamp": 0.568289323658046, "transferred": 0, "dist": 0.0, "_child0": {"label": 3, "event": "D", "reconc": [1, 3], "tstamp": 0.504773329880645, "transferred": 0, "dist": 0.06069457897496569, "_child0": {"label": 4, "event": "S", "reconc": 3, "tstamp": 0.17744731809374262, "transferred": 0, "dist": 0.3127860132770115, "_child0": {"label": 22, "event": "S", "reconc": 8, "tstamp": 0.0, "transferred": 0, "dist": 0.23291566541902667}, "_child1": {"label": 23, "event": "S", "reconc": 9, "tstamp": 0.0, "transferred": 0, "dist": 0.21056941657039088}}, "_child1": {"label": 24, "event": "S", "reconc": 8, "tstamp": 0.0, "transferred": 0, "dist": 0.5457016786960381}}, "_child1": {"label": 2, "event": "S", "reconc": 2, "tstamp": 0.42663436872670313, "transferred": 0, "dist": 0.08795556276242607, "_child0": {"label": 6, "event": "D", "reconc": [2, 4], "tstamp": 0.4173522684098805, "transferred": 0, "dist": 0.005000415062904553, "_child0": {"label": 9, "event": "H", "reconc": [2, 4], "tstamp": 0.41584727691052353, "transferred": 0, "dist": 0.0008981796320859508, "_child0": {"label": 10, "event": "D", "reconc": [2, 4], "tstamp": 0.32758419872540956, "transferred": 0, "dist": 0.052675446422755096, "_child0": {"label": 12, "event": "S", "reconc": 4, "tstamp": 0.30720503440599095, "transferred": 0, "dist": 0.011175708598321083, "_child0": {"label": 16, "event": "S", "reconc": 6, "tstamp": 0.0, "transferred": 0, "dist": 0.2803878561991124}, "_child1": {"label": 17, "event": "S", "reconc": 7, "tstamp": 0.0, "transferred": 0, "dist": 0.24153299059237188}}, "_child1": {"label": 26, "event": "S", "reconc": 7, "tstamp": 0.0, "transferred": 0, "dist": 0.6324023111495352}}, "_child1": {"label": 11, "event": "S", "reconc": 5, "tstamp": 0.0, "transferred": 1, "dist": 0.28518172212763065}}, "_child1": {"label": 15, "event": "H", "reconc": [4, 7], "tstamp": 0.2124293211727828, "transferred": 0, "dist": 0.6366100416688244, "_child0": {"label": 21, "event": "S", "reconc": 6, "tstamp": 0.0, "transferred": 1, "dist": 0.40500224022769277}, "_child1": {"label": 20, "event": "S", "reconc": 7, "tstamp": 0.0, "transferred": 0, "dist": 0.42266407241730086}}}, "_child1": {"label": 7, "event": "S", "reconc": 5, "tstamp": 0.0, "transferred": 0, "dist": 0.2756069759142726}}}