{"label": 0, "event": null, "tstamp": 1.0, "dist": 0.0, "_child0": {"label": 1, "event": "S", "tstamp": 0.8529120228094516, "dist": 0.14708797719054845, "_child0": {"label": 2, "event": "S", "tstamp": 0.799025557876087, "dist": 0.053886464933364575, "_child0": {"label": 5, "event": "S", "tstamp": 0.7613445836435997, "dist": 0.037680974232487285, "_child0": {"label": 7, "event": "S", "tstamp": 0.7134568936495479, "dist": 0.047887689994051796, "_child0": {"label": 9, "event": "S", "tstamp": 0.45105698463568883, "dist": 0.26239990901385907, "_child0": {"label": 13, "event": "S", "tstamp": 0.0, "dist": 0.45105698463568883}, "_child1": {"label": 12, "event": "S", "tstamp": 0.0, "dist": 0.45105698463568883}, "_child2": {"label": 10, "event": "S", "tstamp": 0.0, "dist": 0.45105698463568883}}, "_child1": {"label": 8, "event": "S", "tstamp": 0.09399556520570546, "dist": 0.6194613284438424, "_child0": {"label": 14, "event": "S", "tstamp": 0.0, "dist": 0.09399556520570546}, "_child1": {"label": 15, "event": "S", "tstamp": 0.0, "dist": 0.09399556520570546}}}, "_child1": {"label": 6, "event": "S", "tstamp": 0.0, "dist": 0.7613445836435997}}, "_child1": {"label": 4, "event": "S", "tstamp": 0.0, "dist": 0.799025557876087}}, "_child1": {"label": 3, "event": "S", "tstamp": 0.0, "dist": 0.8529120228094516}}}