{"label": 0, "event": null, "tstamp": 1.0, "dist": 0.0, "_child0": {"label": 1, "event": "S", "tstamp": 0.9382450526537539, "dist": 0.06175494734624609, "_child0": {"label": 3, "event": "S", "tstamp": 0.9352973260305826, "dist": 0.0029477266231713317, "_child0": {"label": 7, "event": "S", "tstamp": 0.0, "dist": 0.9352973260305826}, "_child1": {"label": 6, "event": "S", "tstamp": 0.7958529422603768, "dist": 0.13944438377020574, "_child0": {"label": 9, "event": "S", "tstamp": 0.6982286530634263, "dist": 0.09762428919695054, "_child0": {"label": 11, "event": "S", "tstamp": 0.6916363029803844, "dist": 0.006592350083041931, "_child0": {"label": 12, "event": "S", "tstamp": 0.0, "dist": 0.6916363029803844}, "_child1": {"label": 13, "event": "S", "tstamp": 0.0, "dist": 0.6916363029803844}}, "_child1": {"label": 10, "event": "S", "tstamp": 0.4982472843335615, "dist": 0.19998136872986477, "_child0": {"label": 14, "event": "S", "tstamp": 0.0, "dist": 0.4982472843335615}, "_child1": {"label": 15, "event": "S", "tstamp": 0.0, "dist": 0.4982472843335615}}}, "_child1": {"label": 8, "event": "S", "tstamp": 0.3452303581319745, "dist": 0.45062258412840234, "_child0": {"label": 17, "event": "S", "tstamp": 0.25285551153504765, "dist": 0.09237484659692685, "_child0": {"label": 18, "event": "S", "tstamp": 0.22749328530029134, "dist": 0.025362226234756313, "_child0": {"label": 20, "event": "S", "tstamp": 0.0, "dist": 0.22749328530029134}, "_child1": {"label": 21, "event": "S", "tstamp": 0.0, "dist": 0.22749328530029134}}, "_child1": {"label": 19, "event": "S", "tstamp": 0.18287019512796304, "dist": 0.06998531640708461, "_child0": {"label": 24, "event": "S", "tstamp": 0.0, "dist": 0.18287019512796304}, "_child1": {"label": 27, "event": "S", "tstamp": 0.0, "dist": 0.18287019512796304}, "_child2": {"label": 26, "event": "S", "tstamp": 0.02485970598061487, "dist": 0.15801048914734817, "_child0": {"label": 28, "event": "S", "tstamp": 0.0, "dist": 0.02485970598061487}, "_child1": {"label": 29, "event": "S", "tstamp": 0.0, "dist": 0.02485970598061487}}, "_child3": {"label": 23, "event": "S", "tstamp": 0.0, "dist": 0.18287019512796304}}}, "_child1": {"label": 16, "event": "S", "tstamp": 0.0, "dist": 0.3452303581319745}}}, "_child2": {"label": 4, "event": "S", "tstamp": 0.0, "dist": 0.9352973260305826}}, "_child1": {"label": 2, "event": "S", "tstamp": 0.0, "dist": 0.9382450526537539}}}