{"label": 1, "event": "S", "reconc": 1, "tstamp": 0.802801735625991, "transferred": 0, "dist": 0.0, "_child0": {"label": 3, "event": "D", "reconc": [1, 5], "tstamp": 0.7489502629511577, "transferred": 0, "dist": 0.05077679803269508, "_child0": {"label": 5, "event": "S", "reconc": 5, "tstamp": 0.45403983966728667, "transferred": 0, "dist": 0.27807237679908264, "_child0": {"label": 10, "event": "H", "reconc": [5, 7], "tstamp": 0.4464005691037915, "transferred": 0, "dist": 0.006311412062345177, "_child0": {"label": 13, "event": "H", "reconc": [5, 7], "tstamp": 0.2383920275912475, "transferred": 0, "dist": 0.171852483435597, "_child0": {"label": 20, "event": "S", "reconc": 4, "tstamp": 0.0, "transferred": 1, "dist": 0.36995152280355337}, "_child1": {"label": 19, "event": "S", "reconc": 7, "tstamp": 0.0, "transferred": 0, "dist": 0.19695471000806306}}, "_child1": {"label": 14, "event": "S", "reconc": 2, "tstamp": 0.0, "transferred": 1, "dist": 0.6349191379143426}}, "_child1": {"label": 9, "event": "S", "reconc": 6, "tstamp": 0.28552128725761683, "transferred": 0, "dist": 0.19088478175875628, "_child0": {"label": 21, "event": "S", "reconc": 8, "tstamp": 0.0, "transferred": 0, "dist": 0.40513872345579505}, "_child1": {"label": 15, "event": "S", "reconc": 9, "tstamp": 0.12665599469733976, "transferred": 0, "dist": 0.1786223777871038, "_child0": {"label": 23, "event": "S", "reconc": 11, "tstamp": 0.10130430336644605, "transferred": 0, "dist": 0.02483414501195718, "_child0": {"label": 29, "event": "S", "reconc": 12, "tstamp": 0.0, "transferred": 0, "dist": 0.10336620612475932}, "_child1": {"label": 30, "event": "S", "reconc": 13, "tstamp": 0.0, "transferred": 0, "dist": 0.0928555889173572}}, "_child1": {"label": 25, "event": "S", "reconc": 14, "tstamp": 0.0, "transferred": 0, "dist": 0.11064444978075676}}}}, "_child1": {"label": 6, "event": "S", "reconc": 5, "tstamp": 0.45403983966728667, "transferred": 0, "dist": 0.27807237679908264, "_child0": {"label": 11, "event": "S", "reconc": 6, "tstamp": 0.28552128725761683, "transferred": 0, "dist": 0.19088478175875628, "_child0": {"label": 17, "event": "S", "reconc": 9, "tstamp": 0.12665599469733976, "transferred": 0, "dist": 0.1786223777871038, "_child0": {"label": 26, "event": "S", "reconc": 11, "tstamp": 0.10130430336644605, "transferred": 0, "dist": 0.02483414501195718, "_child0": {"label": 31, "event": "S", "reconc": 12, "tstamp": 0.0, "transferred": 0, "dist": 0.10336620612475932}, "_child1": {"label": 32, "event": "S", "reconc": 13, "tstamp": 0.0, "transferred": 0, "dist": 0.0928555889173572}}, "_child1": {"label": 27, "event": "S", "reconc": 15, "tstamp": 0.0, "transferred": 0, "dist": 0.12206205154944025}, "_child2": {"label": 28, "event": "S", "reconc": 14, "tstamp": 0.0, "transferred": 0, "dist": 0.11064444978075676}}, "_child1": {"label": 18, "event": "H", "reconc": [6, 8], "tstamp": 0.04098643356784649, "transferred": 0, "dist": 0.34698126859779443, "_child0": {"label": 34, "event": "S", "reconc": 15, "tstamp": 0.0, "transferred": 1, "dist": 0.10684761154759441}, "_child1": {"label": 33, "event": "S", "reconc": 8, "tstamp": 0.0, "transferred": 0, "dist": 0.058157454858000605}}}, "_child1": {"label": 12, "event": "S", "reconc": 7, "tstamp": 0.0, "transferred": 0, "dist": 0.37511860550600523}}}, "_child1": {"label": 7, "event": "S", "reconc": 4, "tstamp": 0.0, "transferred": 0, "dist": 0.5126680769534451}}