{"label": 1, "event": "S", "reconc": 1, "tstamp": 0.8513012756599285, "transferred": 0, "dist": 0.0, "_child0": {"label": 2, "event": "S", "reconc": 2, "tstamp": 0.760452190905613, "transferred": 0, "dist": 0.1112705621664806, "_child0": {"label": 4, "event": "S", "reconc": 4, "tstamp": 0.6635403522891526, "transferred": 0, "dist": 0.12822144563723756, "_child0": {"label": 6, "event": "D", "reconc": [4, 6], "tstamp": 0.6601130618309021, "transferred": 0, "dist": 0.003859424373733591, "_child0": {"label": 9, "event": "H", "reconc": [4, 6], "tstamp": 0.5476536230260233, "transferred": 0, "dist": 0.1266390183344726, "_child0": {"label": 15, "event": "D", "reconc": [1, 3], "tstamp": 0.07038654098566245, "transferred": 1, "dist": 0.5275695308588897, "_child0": {"label": 30, "event": "S", "reconc": 3, "tstamp": 0.0, "transferred": 0, "dist": 0.10015110492864544}, "_child1": {"label": 31, "event": "S", "reconc": 3, "tstamp": 0.0, "transferred": 0, "dist": 0.07169673189656234}}, "_child1": {"label": 14, "event": "S", "reconc": 6, "tstamp": 0.0, "transferred": 0, "dist": 0.6167051689424231}}, "_child1": {"label": 8, "event": "S", "reconc": 6, "tstamp": 0.0, "transferred": 0, "dist": 0.7433441872768958}}, "_child1": {"label": 7, "event": "H", "reconc": [4, 7], "tstamp": 0.3391512416512438, "transferred": 0, "dist": 0.32174562952734753, "_child0": {"label": 20, "event": "H", "reconc": [4, 7], "tstamp": 0.2986571172496304, "transferred": 0, "dist": 0.040164133506623456, "_child0": {"label": 26, "event": "S", "reconc": 7, "tstamp": 0.0, "transferred": 0, "dist": 0.29622332886989233}, "_child1": {"label": 27, "event": "S", "reconc": 14, "tstamp": 0.0, "transferred": 1, "dist": 1.1594317552717808}}, "_child1": {"label": 21, "event": "D", "reconc": [1, 3], "tstamp": 0.06101926959507196, "transferred": 1, "dist": 0.3347405738443202, "_child0": {"label": 32, "event": "S", "reconc": 3, "tstamp": 0.0, "transferred": 0, "dist": 0.10165207895122323}, "_child1": {"label": 33, "event": "S", "reconc": 3, "tstamp": 0.0, "transferred": 0, "dist": 0.08834183625495308}}}}, "_child1": {"label": 5, "event": "S", "reconc": 5, "tstamp": 0.6537764361303725, "transferred": 0, "dist": 0.15525872771254065, "_child0": {"label": 10, "event": "S", "reconc": 9, "tstamp": 0.5686325781288848, "transferred": 0, "dist": 0.13373291828163444, "_child0": {"label": 16, "event": "S", "reconc": 13, "tstamp": 0.39738164591903075, "transferred": 0, "dist": 0.24804841695336244, "_child0": {"label": 18, "event": "D", "reconc": [13, 14], "tstamp": 0.3385426625481993, "transferred": 0, "dist": 0.0793906122351059, "_child0": {"label": 25, "event": "S", "reconc": 14, "tstamp": 0.0, "transferred": 0, "dist": 1.0895031243218345}, "_child1": {"label": 23, "event": "S", "reconc": 14, "tstamp": 0.0, "transferred": 0, "dist": 0.520516952315496}}, "_child1": {"label": 19, "event": "S", "reconc": 15, "tstamp": 0.0, "transferred": 0, "dist": 0.34421989218488425}}, "_child1": {"label": 13, "event": "H", "reconc": [9, 11], "tstamp": 0.029541799279569347, "transferred": 0, "dist": 0.852986209303291, "_child0": {"label": 35, "event": "S", "reconc": 6, "tstamp": 0.0, "transferred": 1, "dist": 0.24315328487585935}, "_child1": {"label": 34, "event": "S", "reconc": 11, "tstamp": 0.0, "transferred": 0, "dist": 0.04674305028415633}}}, "_child1": {"label": 28, "event": "S", "reconc": 8, "tstamp": 0.0, "transferred": 0, "dist": 1.3714095882788757}}}, "_child1": {"label": 3, "event": "S", "reconc": 3, "tstamp": 0.0, "transferred": 0, "dist": 0.8563893436688399}}