{"label": 1, "event": "S", "reconc": 1, "tstamp": 0.9952975866110249, "transferred": 0, "dist": 0.0, "_child0": {"label": 17, "event": "D", "reconc": [1, 3], "tstamp": 0.2960983797527335, "transferred": 0, "dist": 1.9489033585936721, "_child0": {"label": 26, "event": "D", "reconc": [1, 3], "tstamp": 0.028665053382457964, "transferred": 0, "dist": 0.16998992272519275, "_child0": {"label": 35, "event": "S", "reconc": 3, "tstamp": 0.0, "transferred": 0, "dist": 0.01822050480967711}, "_child1": {"label": 36, "event": "S", "reconc": 3, "tstamp": 0.0, "transferred": 0, "dist": 0.026213465764153534}}, "_child1": {"label": 25, "event": "S", "reconc": 3, "tstamp": 0.0, "transferred": 0, "dist": 0.4322177863730435}}, "_child1": {"label": 2, "event": "S", "reconc": 2, "tstamp": 0.7597577526689335, "transferred": 0, "dist": 0.21863922901344698, "_child0": {"label": 8, "event": "S", "reconc": 4, "tstamp": 0.6721451497496957, "transferred": 0, "dist": 0.08075590597417483, "_child0": {"label": 12, "event": "S", "reconc": 7, "tstamp": 0.3770110749152134, "transferred": 0, "dist": 0.27863731375817413, "_child0": {"label": 18, "event": "D", "reconc": [7, 13], "tstamp": 0.21911423666550817, "transferred": 0, "dist": 0.14053228584886415, "_child0": {"label": 28, "event": "D", "reconc": [7, 13], "tstamp": 0.1539984699139427, "transferred": 0, "dist": 0.05795472314605416, "_child0": {"label": 31, "event": "S", "reconc": 13, "tstamp": 0.0, "transferred": 0, "dist": 0.13706263680852585}, "_child1": {"label": 32, "event": "S", "reconc": 13, "tstamp": 0.0, "transferred": 0, "dist": 0.13706263680852585}}, "_child1": {"label": 27, "event": "S", "reconc": 13, "tstamp": 0.0, "transferred": 0, "dist": 0.19671199256953562}}, "_child1": {"label": 19, "event": "H", "reconc": [7, 12], "tstamp": 0.15618976843852672, "transferred": 0, "dist": 0.18986043139156758, "_child0": {"label": 30, "event": "S", "reconc": 9, "tstamp": 0.0, "transferred": 1, "dist": 0.3701231572528531}, "_child1": {"label": 29, "event": "S", "reconc": 12, "tstamp": 0.0, "transferred": 0, "dist": 0.1342907407253226}}, "_child2": {"label": 20, "event": "S", "reconc": 10, "tstamp": 0.0, "transferred": 0, "dist": 0.3963449888526783}}, "_child1": {"label": 10, "event": "S", "reconc": 6, "tstamp": 0.4465766557360085, "transferred": 0, "dist": 0.21459186019242665, "_child0": {"label": 33, "event": "S", "reconc": 14, "tstamp": 0.0, "transferred": 0, "dist": 0.4160172204261951}, "_child1": {"label": 15, "event": "S", "reconc": 9, "tstamp": 0.0, "transferred": 0, "dist": 0.4407721468392048}}}, "_child1": {"label": 9, "event": "H", "reconc": [2, 5], "tstamp": 0.34339594530316125, "transferred": 0, "dist": 0.47764644938371187, "_child0": {"label": 22, "event": "D", "reconc": [7, 10], "tstamp": 0.31073757168724164, "transferred": 1, "dist": 0.035780045246555585, "_child0": {"label": 24, "event": "D", "reconc": [7, 10], "tstamp": 0.00720578569136341, "transferred": 0, "dist": 0.6893264669981837, "_child0": {"label": 37, "event": "S", "reconc": 10, "tstamp": 0.0, "transferred": 0, "dist": 0.00820215864946983}, "_child1": {"label": 38, "event": "S", "reconc": 10, "tstamp": 0.0, "transferred": 0, "dist": 0.009303647568019545}}, "_child1": {"label": 23, "event": "S", "reconc": 10, "tstamp": 0.0, "transferred": 0, "dist": 0.35998135780231943}}, "_child1": {"label": 21, "event": "S", "reconc": 5, "tstamp": 0.0, "transferred": 0, "dist": 0.3939406811699367}}}}