{"label": 1, "event": "S", "reconc": 1, "tstamp": 0.8078576908336202, "transferred": 0, "dist": 0.0, "_child0": {"label": 2, "event": "S", "reconc": 3, "tstamp": 0.7862012181884035, "transferred": 0, "dist": 0.02205701121402305, "_child0": {"label": 7, "event": "H", "reconc": [5, 6], "tstamp": 0.4163374354014478, "transferred": 0, "dist": 0.36316502079364255, "_child0": {"label": 18, "event": "S", "reconc": 6, "tstamp": 0.0869727875474869, "transferred": 1, "dist": 0.6048792259629069, "_child0": {"label": 27, "event": "S", "reconc": 15, "tstamp": 0.039086940572918775, "transferred": 0, "dist": 0.0757677894307046, "_child0": {"label": 35, "event": "S", "reconc": 17, "tstamp": 0.03686490505165947, "transferred": 0, "dist": 0.012101473725021242, "_child0": {"label": 41, "event": "S", "reconc": 18, "tstamp": 0.0, "transferred": 0, "dist": 0.04631845641235421}, "_child1": {"label": 42, "event": "S", "reconc": 19, "tstamp": 0.0, "transferred": 0, "dist": 0.03886178499666845}}, "_child1": {"label": 36, "event": "S", "reconc": 16, "tstamp": 0.0, "transferred": 0, "dist": 0.09328090606404293}}, "_child1": {"label": 28, "event": "H", "reconc": [6, 14], "tstamp": 0.02151292675963181, "transferred": 0, "dist": 0.20132061630595952, "_child0": {"label": 43, "event": "S", "reconc": 14, "tstamp": 0.0, "transferred": 0, "dist": 0.06616261662746438}, "_child1": {"label": 44, "event": "S", "reconc": 13, "tstamp": 0.0, "transferred": 1, "dist": 0.021025714243088217}}}, "_child1": {"label": 13, "event": "S", "reconc": 6, "tstamp": 0.0869727875474869, "transferred": 0, "dist": 0.29301538527803717, "_child0": {"label": 25, "event": "S", "reconc": 15, "tstamp": 0.039086940572918775, "transferred": 0, "dist": 0.0427996223978691, "_child0": {"label": 33, "event": "S", "reconc": 17, "tstamp": 0.03686490505165947, "transferred": 0, "dist": 0.002197700968153736, "_child0": {"label": 39, "event": "S", "reconc": 18, "tstamp": 0.0, "transferred": 0, "dist": 0.034597953117089256}, "_child1": {"label": 40, "event": "S", "reconc": 19, "tstamp": 0.0, "transferred": 0, "dist": 0.03878716741011251}}, "_child1": {"label": 34, "event": "S", "reconc": 16, "tstamp": 0.0, "transferred": 0, "dist": 0.039572771150699536}}, "_child1": {"label": 26, "event": "S", "reconc": 14, "tstamp": 0.0, "transferred": 0, "dist": 0.07755493729684368}}}, "_child1": {"label": 6, "event": "D", "reconc": [3, 11], "tstamp": 0.26187868211508225, "transferred": 0, "dist": 0.544162710518995, "_child0": {"label": 15, "event": "S", "reconc": 11, "tstamp": 0.1901455825490406, "transferred": 0, "dist": 0.07444745401583805, "_child0": {"label": 19, "event": "S", "reconc": 12, "tstamp": 0.0, "transferred": 0, "dist": 0.17050867750142681}, "_child1": {"label": 20, "event": "S", "reconc": 13, "tstamp": 0.0, "transferred": 0, "dist": 0.17505381523260574}}, "_child1": {"label": 16, "event": "S", "reconc": 11, "tstamp": 0.1901455825490406, "transferred": 0, "dist": 0.08776440292886631, "_child0": {"label": 21, "event": "S", "reconc": 12, "tstamp": 0.0, "transferred": 0, "dist": 0.3068756522604576}, "_child1": {"label": 22, "event": "S", "reconc": 13, "tstamp": 0.0, "transferred": 0, "dist": 0.18321373543701341}}}}, "_child1": {"label": 3, "event": "S", "reconc": 2, "tstamp": 0.47872745792815197, "transferred": 0, "dist": 0.3599853805603908, "_child0": {"label": 9, "event": "H", "reconc": [2, 8], "tstamp": 0.4654685069339512, "transferred": 0, "dist": 0.013972260111583304, "_child0": {"label": 12, "event": "S", "reconc": 6, "tstamp": 0.0869727875474869, "transferred": 1, "dist": 0.4233766703288127, "_child0": {"label": 23, "event": "S", "reconc": 15, "tstamp": 0.039086940572918775, "transferred": 0, "dist": 0.10321258077875892, "_child0": {"label": 31, "event": "S", "reconc": 17, "tstamp": 0.03686490505165947, "transferred": 0, "dist": 0.005169220455658928, "_child0": {"label": 37, "event": "S", "reconc": 18, "tstamp": 0.0, "transferred": 0, "dist": 0.03719304589980427}, "_child1": {"label": 38, "event": "S", "reconc": 19, "tstamp": 0.0, "transferred": 0, "dist": 0.03993813687303568}}, "_child1": {"label": 32, "event": "S", "reconc": 16, "tstamp": 0.0, "transferred": 0, "dist": 0.14826556419405082}}, "_child1": {"label": 24, "event": "S", "reconc": 14, "tstamp": 0.0, "transferred": 0, "dist": 0.08231916435296388}}, "_child1": {"label": 11, "event": "S", "reconc": 8, "tstamp": 0.0, "transferred": 0, "dist": 0.490509924614403}}, "_child1": {"label": 10, "event": "D", "reconc": [2, 9], "tstamp": 0.07696580202556128, "transferred": 0, "dist": 0.4888623239692069, "_child0": {"label": 29, "event": "S", "reconc": 9, "tstamp": 0.0, "transferred": 0, "dist": 0.09365174672988785}, "_child1": {"label": 30, "event": "S", "reconc": 9, "tstamp": 0.0, "transferred": 0, "dist": 0.09365174672988785}}}}