{"label": 0, "event": null, "tstamp": 1.0, "dist": 0.0, "_child0": {"label": 1, "event": "S", "tstamp": 0.9444506387438345, "dist": 0.0555493612561655, "_child0": {"label": 3, "event": "S", "tstamp": 0.7406678439479952, "dist": 0.20378279479583927, "_child0": {"label": 5, "event": "S", "tstamp": 0.5490259769958912, "dist": 0.19164186695210406, "_child0": {"label": 6, "event": "S", "tstamp": 0.0, "dist": 0.5490259769958912}, "_child1": {"label": 7, "event": "S", "tstamp": 0.0, "dist": 0.5490259769958912}}, "_child1": {"label": 4, "event": "S", "tstamp": 0.0, "dist": 0.7406678439479952}}, "_child1": {"label": 2, "event": "S", "tstamp": 0.5370040038118034, "dist": 0.40744663493203115, "_child0": {"label": 9, "event": "S", "tstamp": 0.4533798698535468, "dist": 0.08362413395825657, "_child0": {"label": 11, "event": "S", "tstamp": 0.3454679623648896, "dist": 0.1079119074886572, "_child0": {"label": 12, "event": "S", "tstamp": 0.0, "dist": 0.3454679623648896}, "_child1": {"label": 13, "event": "S", "tstamp": 0.0, "dist": 0.3454679623648896}}, "_child1": {"label": 10, "event": "S", "tstamp": 0.0, "dist": 0.4533798698535468}}, "_child1": {"label": 8, "event": "S", "tstamp": 0.08753916208359747, "dist": 0.4494648417282059, "_child0": {"label": 14, "event": "S", "tstamp": 0.0, "dist": 0.08753916208359747}, "_child1": {"label": 15, "event": "S", "tstamp": 0.0, "dist": 0.08753916208359747}}}}}