{"label": 0, "event": null, "tstamp": 1.0, "dist": 0.0, "_child0": {"label": 1, "event": "S", "tstamp": 0.9915418959648566, "dist": 0.008458104035143355, "_child0": {"label": 3, "event": "S", "tstamp": 0.8682700141120165, "dist": 0.1232718818528401, "_child0": {"label": 5, "event": "S", "tstamp": 0.847307375545666, "dist": 0.0209626385663505, "_child0": {"label": 7, "event": "S", "tstamp": 0.5850712487301256, "dist": 0.2622361268155404, "_child0": {"label": 9, "event": "S", "tstamp": 0.370990218660436, "dist": 0.2140810300696896, "_child0": {"label": 10, "event": "S", "tstamp": 0.0, "dist": 0.370990218660436}, "_child1": {"label": 11, "event": "S", "tstamp": 0.0, "dist": 0.370990218660436}}, "_child1": {"label": 8, "event": "S", "tstamp": 0.0, "dist": 0.5850712487301256}}, "_child1": {"label": 6, "event": "S", "tstamp": 0.3332063453960929, "dist": 0.5141010301495732, "_child0": {"label": 13, "event": "S", "tstamp": 0.051960937652346995, "dist": 0.2812454077437459, "_child0": {"label": 14, "event": "S", "tstamp": 0.0, "dist": 0.051960937652346995}, "_child1": {"label": 15, "event": "S", "tstamp": 0.0, "dist": 0.051960937652346995}}, "_child1": {"label": 12, "event": "S", "tstamp": 0.0, "dist": 0.3332063453960929}}}, "_child1": {"label": 4, "event": "S", "tstamp": 0.0, "dist": 0.8682700141120165}}, "_child1": {"label": 2, "event": "S", "tstamp": 0.0, "dist": 0.9915418959648566}}}