{"label": 1, "event": "S", "reconc": 1, "tstamp": 0.6719474316338399, "transferred": 0, "dist": 0.0, "_child0": {"label": 2, "event": "S", "reconc": 3, "tstamp": 0.42076712331330307, "transferred": 0, "dist": 0.1617104807209846, "_child0": {"label": 4, "event": "D", "reconc": [3, 5], "tstamp": 0.3698140813436265, "transferred": 0, "dist": 0.03518632491514075, "_child0": {"label": 6, "event": "S", "reconc": 5, "tstamp": 0.14155155471932485, "transferred": 0, "dist": 0.21580396902126625, "_child0": {"label": 9, "event": "D", "reconc": [5, 8], "tstamp": 0.0035530676802287414, "transferred": 0, "dist": 0.22915440879454593, "_child0": {"label": 16, "event": "S", "reconc": 8, "tstamp": 0.0, "transferred": 0, "dist": 0.004244604057518477}, "_child1": {"label": 17, "event": "S", "reconc": 8, "tstamp": 0.0, "transferred": 0, "dist": 0.002548962177588181}}, "_child1": {"label": 8, "event": "S", "reconc": 9, "tstamp": 0.0, "transferred": 0, "dist": 0.447574465901563}, "_child2": {"label": 10, "event": "S", "reconc": 6, "tstamp": 0.0, "transferred": 0, "dist": 0.29374426279440013}}, "_child1": {"label": 7, "event": "S", "reconc": 5, "tstamp": 0.14155155471932485, "transferred": 0, "dist": 0.17701537001735684, "_child0": {"label": 11, "event": "S", "reconc": 9, "tstamp": 0.0, "transferred": 0, "dist": 0.09490373493710376}, "_child1": {"label": 12, "event": "S", "reconc": 8, "tstamp": 0.0, "transferred": 0, "dist": 0.8063562350327109}, "_child2": {"label": 13, "event": "S", "reconc": 6, "tstamp": 0.0, "transferred": 0, "dist": 0.1914798870797335}}}, "_child1": {"label": 5, "event": "S", "reconc": 4, "tstamp": 0.0, "transferred": 0, "dist": 0.24416757701755756}}, "_child1": {"label": 3, "event": "D", "reconc": [1, 2], "tstamp": 0.10646314376857094, "transferred": 0, "dist": 0.5793003303339401, "_child0": {"label": 14, "event": "S", "reconc": 2, "tstamp": 0.0, "transferred": 0, "dist": 0.11452067954323718}, "_child1": {"label": 15, "event": "S", "reconc": 2, "tstamp": 0.0, "transferred": 0, "dist": 0.10906427583752291}}}