{"label": 0, "event": null, "tstamp": 1.0, "dist": 0.0, "_child0": {"label": 1, "event": "S", "tstamp": 0.7974397709735699, "dist": 0.20256022902643012, "_child0": {"label": 2, "event": "S", "tstamp": 0.6313553834035307, "dist": 0.16608438757003918, "_child0": {"label": 5, "event": "S", "tstamp": 0.5228189597753989, "dist": 0.10853642362813176, "_child0": {"label": 7, "event": "S", "tstamp": 0.5214882281061324, "dist": 0.0013307316692665605, "_child0": {"label": 8, "event": "S", "tstamp": 0.0, "dist": 0.5214882281061324}, "_child1": {"label": 9, "event": "S", "tstamp": 0.0, "dist": 0.5214882281061324}}, "_child1": {"label": 6, "event": "S", "tstamp": 0.34319708717020225, "dist": 0.1796218726051967, "_child0": {"label": 17, "event": "S", "tstamp": 0.1793800799930138, "dist": 0.16381700717718845, "_child0": {"label": 18, "event": "S", "tstamp": 0.005877020966767361, "dist": 0.17350305902624644, "_child0": {"label": 28, "event": "S", "tstamp": 0.0, "dist": 0.005877020966767361}, "_child1": {"label": 29, "event": "S", "tstamp": 0.0, "dist": 0.005877020966767361}}, "_child1": {"label": 19, "event": "S", "tstamp": 0.0, "dist": 0.1793800799930138}}, "_child1": {"label": 16, "event": "S", "tstamp": 0.0995633229833641, "dist": 0.24363376418683816, "_child0": {"label": 21, "event": "S", "tstamp": 0.09735902309579746, "dist": 0.002204299887566638, "_child0": {"label": 22, "event": "S", "tstamp": 0.0, "dist": 0.09735902309579746}, "_child1": {"label": 23, "event": "S", "tstamp": 0.0, "dist": 0.09735902309579746}}, "_child1": {"label": 20, "event": "S", "tstamp": 0.07486207890262475, "dist": 0.024701244080739343, "_child0": {"label": 25, "event": "S", "tstamp": 0.07068429010200016, "dist": 0.004177788800624596, "_child0": {"label": 26, "event": "S", "tstamp": 0.0, "dist": 0.07068429010200016}, "_child1": {"label": 27, "event": "S", "tstamp": 0.0, "dist": 0.07068429010200016}}, "_child1": {"label": 24, "event": "S", "tstamp": 0.0, "dist": 0.07486207890262475}}}}}, "_child1": {"label": 4, "event": "S", "tstamp": 0.3477166879686799, "dist": 0.2836386954348508, "_child0": {"label": 14, "event": "S", "tstamp": 0.0, "dist": 0.3477166879686799}, "_child1": {"label": 15, "event": "S", "tstamp": 0.0, "dist": 0.3477166879686799}}}, "_child1": {"label": 10, "event": "S", "tstamp": 0.0, "dist": 0.7974397709735699}, "_child2": {"label": 11, "event": "S", "tstamp": 0.41928479979846117, "dist": 0.3781549711751087, "_child0": {"label": 12, "event": "S", "tstamp": 0.0, "dist": 0.41928479979846117}, "_child1": {"label": 13, "event": "S", "tstamp": 0.0, "dist": 0.41928479979846117}}}}