{"label": 0, "event": null, "tstamp": 1.0, "dist": 0.0, "_child0": {"label": 1, "event": "S", "tstamp": 0.8738967848276933, "dist": 0.12610321517230672, "_child0": {"label": 3, "event": "S", "tstamp": 0.856806122338667, "dist": 0.017090662489026243, "_child0": {"label": 5, "event": "S", "tstamp": 0.7286547547999862, "dist": 0.12815136753868084, "_child0": {"label": 6, "event": "S", "tstamp": 0.0, "dist": 0.7286547547999862}, "_child1": {"label": 7, "event": "S", "tstamp": 0.0, "dist": 0.7286547547999862}}, "_child1": {"label": 4, "event": "S", "tstamp": 0.6899313718750446, "dist": 0.16687475046362243, "_child0": {"label": 9, "event": "S", "tstamp": 0.3175568684988709, "dist": 0.3723745033761737, "_child0": {"label": 11, "event": "S", "tstamp": 0.3028756918620924, "dist": 0.014681176636778481, "_child0": {"label": 15, "event": "S", "tstamp": 0.0, "dist": 0.3028756918620924}, "_child1": {"label": 14, "event": "S", "tstamp": 0.0, "dist": 0.3028756918620924}, "_child2": {"label": 12, "event": "S", "tstamp": 0.13831635916589777, "dist": 0.16455933269619463, "_child0": {"label": 17, "event": "S", "tstamp": 0.036414972901132985, "dist": 0.10190138626476478, "_child0": {"label": 18, "event": "S", "tstamp": 0.0, "dist": 0.036414972901132985}, "_child1": {"label": 19, "event": "S", "tstamp": 0.0, "dist": 0.036414972901132985}}, "_child1": {"label": 16, "event": "S", "tstamp": 0.0, "dist": 0.13831635916589777}}}, "_child1": {"label": 10, "event": "S", "tstamp": 0.0, "dist": 0.3175568684988709}}, "_child1": {"label": 8, "event": "S", "tstamp": 0.0, "dist": 0.6899313718750446}}}, "_child1": {"label": 2, "event": "S", "tstamp": 0.0, "dist": 0.8738967848276933}}}