{"label": 1, "event": "S", "reconc": 1, "tstamp": 0.8738967848276933, "transferred": 0, "dist": 0.0, "_child0": {"label": 2, "event": "S", "reconc": 3, "tstamp": 0.856806122338667, "transferred": 0, "dist": 0.014425365051827186, "_child0": {"label": 6, "event": "H", "reconc": [5, 6], "tstamp": 0.26561768257614815, "transferred": 0, "dist": 0.7237829575768382, "_child0": {"label": 28, "event": "H", "reconc": [5, 6], "tstamp": 0.20047829734185765, "transferred": 0, "dist": 0.08600785942808735, "_child0": {"label": 32, "event": "S", "reconc": 6, "tstamp": 0.0, "transferred": 0, "dist": 0.26470481958254544}, "_child1": {"label": 33, "event": "S", "reconc": 10, "tstamp": 0.0, "transferred": 1, "dist": 0.19431173781161948}}, "_child1": {"label": 29, "event": "S", "reconc": 12, "tstamp": 0.13831635916589777, "transferred": 1, "dist": 0.10226693393545601, "_child0": {"label": 46, "event": "S", "reconc": 18, "tstamp": 0.0, "transferred": 0, "dist": 0.21770748442786444}, "_child1": {"label": 41, "event": "S", "reconc": 16, "tstamp": 0.0, "transferred": 0, "dist": 0.16263643194812}}}, "_child1": {"label": 5, "event": "S", "reconc": 4, "tstamp": 0.6899313718750446, "transferred": 0, "dist": 0.12645753437559826, "_child0": {"label": 8, "event": "H", "reconc": [4, 9], "tstamp": 0.4620486532056017, "transferred": 0, "dist": 0.16096058155228676, "_child0": {"label": 13, "event": "H", "reconc": [5, 7], "tstamp": 0.37305549314673647, "transferred": 1, "dist": 0.1742435955577375, "_child0": {"label": 31, "event": "S", "reconc": 7, "tstamp": 0.0, "transferred": 0, "dist": 0.3581266558742102}, "_child1": {"label": 15, "event": "S", "reconc": 2, "tstamp": 0.0, "transferred": 1, "dist": 0.6597837545142052}}, "_child1": {"label": 12, "event": "D", "reconc": [4, 9], "tstamp": 0.3389205255835281, "transferred": 0, "dist": 0.08696918811224746, "_child0": {"label": 16, "event": "S", "reconc": 9, "tstamp": 0.3175568684988709, "transferred": 0, "dist": 0.0241817498671537, "_child0": {"label": 23, "event": "S", "reconc": 14, "tstamp": 0.0, "transferred": 0, "dist": 0.40455275548646724}, "_child1": {"label": 19, "event": "S", "reconc": 10, "tstamp": 0.0, "transferred": 0, "dist": 1.1620857394533746}}, "_child1": {"label": 17, "event": "S", "reconc": 9, "tstamp": 0.3175568684988709, "transferred": 0, "dist": 0.01508980886531417, "_child0": {"label": 20, "event": "S", "reconc": 11, "tstamp": 0.3028756918620924, "transferred": 0, "dist": 0.010889828892592438, "_child0": {"label": 26, "event": "H", "reconc": [11, 14], "tstamp": 0.15611160159218757, "transferred": 0, "dist": 0.10764514297587727, "_child0": {"label": 37, "event": "S", "reconc": 12, "tstamp": 0.13831635916589777, "transferred": 1, "dist": 0.025090792820133878, "_child0": {"label": 42, "event": "H", "reconc": [12, 17], "tstamp": 0.1271322441402614, "transferred": 0, "dist": 0.012786626877239558, "_child0": {"label": 44, "event": "S", "reconc": 17, "tstamp": 0.036414972901132985, "transferred": 0, "dist": 0.10371566243705259, "_child0": {"label": 48, "event": "S", "reconc": 18, "tstamp": 0.0, "transferred": 0, "dist": 0.09194887587448294}, "_child1": {"label": 49, "event": "S", "reconc": 19, "tstamp": 0.0, "transferred": 0, "dist": 0.037260425838918795}}, "_child1": {"label": 45, "event": "S", "reconc": 15, "tstamp": 0.0, "transferred": 1, "dist": 0.1964018450271941}}, "_child1": {"label": 43, "event": "S", "reconc": 16, "tstamp": 0.0, "transferred": 0, "dist": 0.15829773906165395}}, "_child1": {"label": 36, "event": "S", "reconc": 14, "tstamp": 0.0, "transferred": 0, "dist": 0.1145011401813605}}, "_child1": {"label": 39, "event": "S", "reconc": 16, "tstamp": 0.0, "transferred": 0, "dist": 0.21637607581113438}, "_child2": {"label": 25, "event": "S", "reconc": 15, "tstamp": 0.0, "transferred": 0, "dist": 0.21234284640220377}}, "_child1": {"label": 21, "event": "H", "reconc": [9, 10], "tstamp": 0.1936862508551157, "transferred": 0, "dist": 0.08731371930358019, "_child0": {"label": 35, "event": "S", "reconc": 14, "tstamp": 0.0, "transferred": 1, "dist": 0.14347360611064433}, "_child1": {"label": 34, "event": "S", "reconc": 10, "tstamp": 0.0, "transferred": 0, "dist": 0.13652524918187461}}}}}, "_child1": {"label": 9, "event": "S", "reconc": 8, "tstamp": 0.0, "transferred": 0, "dist": 0.3202914148307805}}}, "_child1": {"label": 10, "event": "D", "reconc": [1, 2], "tstamp": 0.015301302183804742, "transferred": 0, "dist": 0.7518561744516131, "_child0": {"label": 50, "event": "S", "reconc": 2, "tstamp": 0.0, "transferred": 0, "dist": 0.013399067146985104}, "_child1": {"label": 51, "event": "S", "reconc": 2, "tstamp": 0.0, "transferred": 0, "dist": 0.013521260349794543}}}