{"label": 1, "event": "D", "reconc": [0, 1], "tstamp": 0.819526811271303, "transferred": 0, "dist": 0.0, "_child0": {"label": 2, "event": "S", "reconc": 1, "tstamp": 0.5784248740816396, "transferred": 0, "dist": 0.27518797948800494, "_child0": {"label": 5, "event": "S", "reconc": 5, "tstamp": 0.4501343625603544, "transferred": 0, "dist": 0.119622060793135, "_child0": {"label": 12, "event": "S", "reconc": 10, "tstamp": 0.07134395670951102, "transferred": 0, "dist": 0.5965298601407244, "_child0": {"label": 18, "event": "S", "reconc": 13, "tstamp": 0.021647410762311425, "transferred": 0, "dist": 0.028904419180990605, "_child0": {"label": 22, "event": "S", "reconc": 14, "tstamp": 0.0, "transferred": 0, "dist": 0.021579554450849137}, "_child1": {"label": 23, "event": "S", "reconc": 15, "tstamp": 0.0, "transferred": 0, "dist": 0.013537475110494522}}, "_child1": {"label": 19, "event": "S", "reconc": 12, "tstamp": 0.0, "transferred": 0, "dist": 0.04828508252423727}}, "_child1": {"label": 10, "event": "S", "reconc": 8, "tstamp": 0.0, "transferred": 0, "dist": 0.5249618703065377}, "_child2": {"label": 11, "event": "S", "reconc": 11, "tstamp": 0.0, "transferred": 0, "dist": 0.45787683259206147}, "_child3": {"label": 13, "event": "S", "reconc": 7, "tstamp": 0.0, "transferred": 0, "dist": 0.3746109458039386}}, "_child1": {"label": 4, "event": "S", "reconc": 4, "tstamp": 0.0, "transferred": 0, "dist": 0.5855069856882668}, "_child2": {"label": 6, "event": "S", "reconc": 2, "tstamp": 0.0, "transferred": 0, "dist": 0.45657026397493927}}, "_child1": {"label": 3, "event": "S", "reconc": 1, "tstamp": 0.5784248740816396, "transferred": 0, "dist": 0.3602358451986556, "_child0": {"label": 8, "event": "S", "reconc": 5, "tstamp": 0.4501343625603544, "transferred": 0, "dist": 0.17404570424536642, "_child0": {"label": 16, "event": "S", "reconc": 10, "tstamp": 0.07134395670951102, "transferred": 0, "dist": 0.2743444195794412, "_child0": {"label": 20, "event": "S", "reconc": 13, "tstamp": 0.021647410762311425, "transferred": 0, "dist": 0.03496085898691651, "_child0": {"label": 24, "event": "S", "reconc": 14, "tstamp": 0.0, "transferred": 0, "dist": 0.03724970048823562}, "_child1": {"label": 25, "event": "S", "reconc": 15, "tstamp": 0.0, "transferred": 0, "dist": 0.01742963614202111}}, "_child1": {"label": 21, "event": "S", "reconc": 12, "tstamp": 0.0, "transferred": 0, "dist": 0.07175240462257175}}, "_child1": {"label": 14, "event": "S", "reconc": 8, "tstamp": 0.0, "transferred": 0, "dist": 0.46195936087834033}, "_child2": {"label": 15, "event": "S", "reconc": 11, "tstamp": 0.0, "transferred": 0, "dist": 1.8624203247419358}}, "_child1": {"label": 7, "event": "S", "reconc": 4, "tstamp": 0.0, "transferred": 0, "dist": 0.6068803257120003}, "_child2": {"label": 9, "event": "S", "reconc": 2, "tstamp": 0.0, "transferred": 0, "dist": 0.7107804132183396}}}