{"label": 0, "event": null, "tstamp": 1.0, "dist": 0.0, "_child0": {"label": 1, "event": "S", "tstamp": 0.7485250171816591, "dist": 0.2514749828183409, "_child0": {"label": 2, "event": "S", "tstamp": 0.7155300714741881, "dist": 0.03299494570747097, "_child0": {"label": 4, "event": "S", "tstamp": 0.0, "dist": 0.7155300714741881}, "_child1": {"label": 5, "event": "S", "tstamp": 0.0, "dist": 0.7155300714741881}}, "_child1": {"label": 3, "event": "S", "tstamp": 0.6519475866766737, "dist": 0.09657743050498535, "_child0": {"label": 7, "event": "S", "tstamp": 0.6224168862440462, "dist": 0.02953070043262751, "_child0": {"label": 9, "event": "S", "tstamp": 0.6010067431722711, "dist": 0.021410143071775134, "_child0": {"label": 11, "event": "S", "tstamp": 0.39015122166241145, "dist": 0.21085552150985964, "_child0": {"label": 12, "event": "S", "tstamp": 0.055043125678246506, "dist": 0.33510809598416497, "_child0": {"label": 27, "event": "S", "tstamp": 0.007336908880701487, "dist": 0.04770621679754502, "_child0": {"label": 28, "event": "S", "tstamp": 0.0, "dist": 0.007336908880701487}, "_child1": {"label": 29, "event": "S", "tstamp": 0.0, "dist": 0.007336908880701487}}, "_child1": {"label": 26, "event": "S", "tstamp": 0.0, "dist": 0.055043125678246506}}, "_child1": {"label": 13, "event": "S", "tstamp": 0.0, "dist": 0.39015122166241145}}, "_child1": {"label": 10, "event": "S", "tstamp": 0.0, "dist": 0.6010067431722711}}, "_child1": {"label": 8, "event": "S", "tstamp": 0.3526368227457913, "dist": 0.26978006349825495, "_child0": {"label": 15, "event": "S", "tstamp": 0.2954935753956714, "dist": 0.057143247350119886, "_child0": {"label": 17, "event": "S", "tstamp": 0.25668019306142437, "dist": 0.038813382334247026, "_child0": {"label": 18, "event": "S", "tstamp": 0.0, "dist": 0.25668019306142437}, "_child1": {"label": 19, "event": "S", "tstamp": 0.0, "dist": 0.25668019306142437}}, "_child1": {"label": 16, "event": "S", "tstamp": 0.21155877893216538, "dist": 0.08393479646350602, "_child0": {"label": 20, "event": "S", "tstamp": 0.0, "dist": 0.21155877893216538}, "_child1": {"label": 21, "event": "S", "tstamp": 0.0, "dist": 0.21155877893216538}}}, "_child1": {"label": 14, "event": "S", "tstamp": 0.0, "dist": 0.3526368227457913}}}, "_child1": {"label": 6, "event": "S", "tstamp": 0.19648042713255576, "dist": 0.455467159544118, "_child0": {"label": 23, "event": "S", "tstamp": 0.14404077250011524, "dist": 0.05243965463244052, "_child0": {"label": 24, "event": "S", "tstamp": 0.0, "dist": 0.14404077250011524}, "_child1": {"label": 25, "event": "S", "tstamp": 0.0, "dist": 0.14404077250011524}}, "_child1": {"label": 22, "event": "S", "tstamp": 0.0, "dist": 0.19648042713255576}}}}}