{"label": 1, "event": "S", "reconc": 1, "tstamp": 0.8953182675015667, "transferred": 0, "dist": 0.0, "_child0": {"label": 2, "event": "H", "reconc": [1, 2], "tstamp": 0.7635319367232253, "transferred": 0, "dist": 0.12380213860773305, "_child0": {"label": 4, "event": "S", "reconc": 2, "tstamp": 0.4082211391517213, "transferred": 0, "dist": 0.3337845158141454, "_child0": {"label": 6, "event": "S", "reconc": 5, "tstamp": 0.3151028555774267, "transferred": 0, "dist": 0.08760354685374196, "_child0": {"label": 8, "event": "S", "reconc": 7, "tstamp": 0.31507551899095404, "transferred": 0, "dist": 2.633376033210665e-05, "_child0": {"label": 10, "event": "S", "reconc": 8, "tstamp": 0.1236578279833703, "transferred": 0, "dist": 0.20237385403982683, "_child0": {"label": 28, "event": "S", "reconc": 15, "tstamp": 0.10651890229998966, "transferred": 0, "dist": 0.01952813745073948, "_child0": {"label": 30, "event": "S", "reconc": 16, "tstamp": 0.07706968484677997, "transferred": 0, "dist": 0.03284127162898214, "_child0": {"label": 36, "event": "S", "reconc": 18, "tstamp": 0.0, "transferred": 0, "dist": 0.08096638940750983}, "_child1": {"label": 37, "event": "S", "reconc": 19, "tstamp": 0.0, "transferred": 0, "dist": 0.08627319912424807}}, "_child1": {"label": 31, "event": "S", "reconc": 17, "tstamp": 0.0, "transferred": 0, "dist": 0.11693618689738848}}, "_child1": {"label": 29, "event": "S", "reconc": 14, "tstamp": 0.0, "transferred": 0, "dist": 0.13621810745306778}}, "_child1": {"label": 11, "event": "S", "reconc": 9, "tstamp": 0.0, "transferred": 0, "dist": 0.2860564850142255}}, "_child1": {"label": 9, "event": "H", "reconc": [5, 6], "tstamp": 0.3001857372768591, "transferred": 0, "dist": 0.0130491489250991, "_child0": {"label": 13, "event": "S", "reconc": 3, "tstamp": 0.20429799911914087, "transferred": 1, "dist": 0.13012021485247766, "_child0": {"label": 26, "event": "S", "reconc": 12, "tstamp": 0.0, "transferred": 0, "dist": 0.4566436699374873}, "_child1": {"label": 19, "event": "S", "reconc": 10, "tstamp": 0.0, "transferred": 0, "dist": 0.20967268491494484}}, "_child1": {"label": 12, "event": "D", "reconc": [5, 6], "tstamp": 0.046103361224874975, "transferred": 0, "dist": 0.22226536637570415, "_child0": {"label": 40, "event": "S", "reconc": 6, "tstamp": 0.0, "transferred": 0, "dist": 0.05383713801197079}, "_child1": {"label": 41, "event": "S", "reconc": 6, "tstamp": 0.0, "transferred": 0, "dist": 0.13759096295887685}}}}, "_child1": {"label": 7, "event": "S", "reconc": 4, "tstamp": 0.0, "transferred": 0, "dist": 0.36955236118601825}}, "_child1": {"label": 5, "event": "S", "reconc": 3, "tstamp": 0.20429799911914087, "transferred": 1, "dist": 1.8775208820986873, "_child0": {"label": 16, "event": "S", "reconc": 11, "tstamp": 0.17413527937085543, "transferred": 0, "dist": 0.03765127414672984, "_child0": {"label": 24, "event": "S", "reconc": 12, "tstamp": 0.0, "transferred": 0, "dist": 0.44168708179989985}, "_child1": {"label": 25, "event": "S", "reconc": 13, "tstamp": 0.0, "transferred": 0, "dist": 0.5629107032255736}}, "_child1": {"label": 17, "event": "H", "reconc": [3, 10], "tstamp": 0.08201078291794595, "transferred": 0, "dist": 0.23294355887926674, "_child0": {"label": 35, "event": "S", "reconc": 16, "tstamp": 0.07706968484677997, "transferred": 1, "dist": 0.03700340342355547, "_child0": {"label": 38, "event": "S", "reconc": 18, "tstamp": 0.0, "transferred": 0, "dist": 0.08230794027938507}, "_child1": {"label": 39, "event": "S", "reconc": 19, "tstamp": 0.0, "transferred": 0, "dist": 0.11610627333390246}}, "_child1": {"label": 34, "event": "S", "reconc": 10, "tstamp": 0.0, "transferred": 0, "dist": 0.15622142880372994}}}}, "_child1": {"label": 3, "event": "S", "reconc": 3, "tstamp": 0.20429799911914087, "transferred": 0, "dist": 0.6544813014415294, "_child0": {"label": 20, "event": "D", "reconc": [3, 10], "tstamp": 0.10374620727272424, "transferred": 0, "dist": 0.08007672800220283, "_child0": {"label": 33, "event": "D", "reconc": [3, 10], "tstamp": 0.026100323495037346, "transferred": 0, "dist": 0.2528787183902701, "_child0": {"label": 42, "event": "S", "reconc": 10, "tstamp": 0.0, "transferred": 0, "dist": 0.020893763683885194}, "_child1": {"label": 43, "event": "S", "reconc": 10, "tstamp": 0.0, "transferred": 0, "dist": 0.021299313597729963}}, "_child1": {"label": 32, "event": "S", "reconc": 10, "tstamp": 0.0, "transferred": 0, "dist": 0.1367616673794159}}, "_child1": {"label": 14, "event": "S", "reconc": 11, "tstamp": 0.17413527937085543, "transferred": 0, "dist": 0.028210021241498014, "_child0": {"label": 22, "event": "S", "reconc": 12, "tstamp": 0.0, "transferred": 0, "dist": 0.18191967284284394}, "_child1": {"label": 23, "event": "S", "reconc": 13, "tstamp": 0.0, "transferred": 0, "dist": 0.1281233912629608}}}}