{"label": 1, "event": "S", "reconc": 1, "tstamp": 0.6323672243798988, "transferred": 0, "dist": 0.0, "_child0": {"label": 2, "event": "S", "reconc": 3, "tstamp": 0.5649854283436772, "transferred": 0, "dist": 0.07597215854273989, "_child0": {"label": 5, "event": "H", "reconc": [3, 7], "tstamp": 0.4318225361734674, "transferred": 0, "dist": 0.14551745586017512, "_child0": {"label": 10, "event": "S", "reconc": 4, "tstamp": 0.0, "transferred": 1, "dist": 0.8536233663518995}, "_child1": {"label": 7, "event": "S", "reconc": 7, "tstamp": 0.017581471374217082, "transferred": 0, "dist": 0.4526734503884716, "_child0": {"label": 17, "event": "S", "reconc": 8, "tstamp": 0.0, "transferred": 0, "dist": 0.017308380650473475}, "_child1": {"label": 18, "event": "S", "reconc": 9, "tstamp": 0.0, "transferred": 0, "dist": 0.01614812497762608}}}, "_child1": {"label": 4, "event": "H", "reconc": [3, 6], "tstamp": 0.3358174884688974, "transferred": 0, "dist": 0.2733005587103518, "_child0": {"label": 11, "event": "D", "reconc": [3, 6], "tstamp": 0.25523722755725364, "transferred": 0, "dist": 0.09609821661883251, "_child0": {"label": 13, "event": "S", "reconc": 6, "tstamp": 0.0, "transferred": 0, "dist": 0.30439020804216527}, "_child1": {"label": 14, "event": "S", "reconc": 6, "tstamp": 0.0, "transferred": 0, "dist": 0.30439020804216527}}, "_child1": {"label": 12, "event": "S", "reconc": 7, "tstamp": 0.017581471374217082, "transferred": 1, "dist": 0.6670552394863764, "_child0": {"label": 19, "event": "S", "reconc": 8, "tstamp": 0.0, "transferred": 0, "dist": 0.01805097022521812}, "_child1": {"label": 20, "event": "S", "reconc": 9, "tstamp": 0.0, "transferred": 0, "dist": 0.023401869910671114}}}, "_child2": {"label": 6, "event": "S", "reconc": 4, "tstamp": 0.0, "transferred": 0, "dist": 0.9102536806808869}}, "_child1": {"label": 3, "event": "D", "reconc": [1, 2], "tstamp": 0.12086621880358846, "transferred": 0, "dist": 0.5335840312940247, "_child0": {"label": 15, "event": "S", "reconc": 2, "tstamp": 0.0, "transferred": 0, "dist": 0.12613123517144684}, "_child1": {"label": 16, "event": "S", "reconc": 2, "tstamp": 0.0, "transferred": 0, "dist": 0.12608437436759415}}}