{"label": 1, "event": "S", "reconc": 1, "tstamp": 0.8951432430511302, "transferred": 0, "dist": 0.0, "_child0": {"label": 2, "event": "D", "reconc": [1, 3], "tstamp": 0.7929136992635636, "transferred": 0, "dist": 0.12177361888676552, "_child0": {"label": 7, "event": "H", "reconc": [3, 4], "tstamp": 0.6555501758895415, "transferred": 0, "dist": 0.13692700901893734, "_child0": {"label": 26, "event": "S", "reconc": 6, "tstamp": 0.0, "transferred": 1, "dist": 1.4115311697969983}, "_child1": {"label": 24, "event": "S", "reconc": 4, "tstamp": 0.23510611053698488, "transferred": 0, "dist": 0.41727310823310626, "_child0": {"label": 44, "event": "S", "reconc": 21, "tstamp": 0.14221925529558288, "transferred": 0, "dist": 0.06914691355526593, "_child0": {"label": 50, "event": "S", "reconc": 22, "tstamp": 0.0, "transferred": 0, "dist": 0.09315678208884862}, "_child1": {"label": 51, "event": "S", "reconc": 23, "tstamp": 0.0, "transferred": 0, "dist": 0.10485177968759166}}, "_child1": {"label": 45, "event": "S", "reconc": 20, "tstamp": 0.11951348624029236, "transferred": 0, "dist": 0.09113399607778142, "_child0": {"label": 55, "event": "D", "reconc": [20, 24], "tstamp": 0.08898952125794622, "transferred": 0, "dist": 0.026133572242744117, "_child0": {"label": 58, "event": "S", "reconc": 24, "tstamp": 0.0, "transferred": 0, "dist": 0.08946354580418593}, "_child1": {"label": 59, "event": "S", "reconc": 24, "tstamp": 0.0, "transferred": 0, "dist": 0.07618977691747435}}, "_child1": {"label": 54, "event": "S", "reconc": 25, "tstamp": 0.06258084274556006, "transferred": 0, "dist": 0.044654909999401436, "_child0": {"label": 60, "event": "S", "reconc": 26, "tstamp": 0.0, "transferred": 0, "dist": 0.04657562835736938}, "_child1": {"label": 61, "event": "S", "reconc": 27, "tstamp": 0.0, "transferred": 0, "dist": 0.05133409244081436}}}}}, "_child1": {"label": 5, "event": "S", "reconc": 3, "tstamp": 0.7898970423478849, "transferred": 0, "dist": 0.003593376395431545, "_child0": {"label": 15, "event": "S", "reconc": 6, "tstamp": 0.0, "transferred": 1, "dist": 1.770752776764825}, "_child1": {"label": 12, "event": "S", "reconc": 7, "tstamp": 0.011168600405427727, "transferred": 0, "dist": 0.9791625789827334, "_child0": {"label": 70, "event": "S", "reconc": 28, "tstamp": 0.0, "transferred": 0, "dist": 0.01391905870716264}, "_child1": {"label": 71, "event": "S", "reconc": 29, "tstamp": 0.0, "transferred": 0, "dist": 0.014174165334076533}}}}, "_child1": {"label": 3, "event": "S", "reconc": 2, "tstamp": 0.708958739981848, "transferred": 0, "dist": 0.18438371877038165, "_child0": {"label": 17, "event": "H", "reconc": [2, 12], "tstamp": 0.695758719275511, "transferred": 0, "dist": 0.008152719182608759, "_child0": {"label": 28, "event": "H", "reconc": [5, 7], "tstamp": 0.5017864908670122, "transferred": 1, "dist": 0.28184857138224123, "_child0": {"label": 35, "event": "H", "reconc": [5, 6], "tstamp": 0.3734147400782805, "transferred": 1, "dist": 0.4273052871848817, "_child0": {"label": 39, "event": "S", "reconc": 4, "tstamp": 0.23510611053698488, "transferred": 1, "dist": 0.2128916458454225, "_child0": {"label": 46, "event": "S", "reconc": 21, "tstamp": 0.14221925529558288, "transferred": 0, "dist": 0.07004725021620145, "_child0": {"label": 52, "event": "S", "reconc": 22, "tstamp": 0.0, "transferred": 0, "dist": 0.19794321381467084}, "_child1": {"label": 53, "event": "S", "reconc": 23, "tstamp": 0.0, "transferred": 0, "dist": 0.22119417317655243}}, "_child1": {"label": 47, "event": "S", "reconc": 20, "tstamp": 0.11951348624029236, "transferred": 0, "dist": 0.36278651210671, "_child0": {"label": 56, "event": "S", "reconc": 25, "tstamp": 0.06258084274556006, "transferred": 0, "dist": 0.07313501696032462, "_child0": {"label": 63, "event": "D", "reconc": [25, 27], "tstamp": 0.024658145512066743, "transferred": 0, "dist": 0.0448882564776276, "_child0": {"label": 68, "event": "S", "reconc": 27, "tstamp": 0.0, "transferred": 0, "dist": 0.024367698585961373}, "_child1": {"label": 69, "event": "S", "reconc": 27, "tstamp": 0.0, "transferred": 0, "dist": 0.07058812872708305}}, "_child1": {"label": 62, "event": "S", "reconc": 26, "tstamp": 0.0, "transferred": 0, "dist": 0.0716484061559892}}, "_child1": {"label": 57, "event": "S", "reconc": 24, "tstamp": 0.0, "transferred": 0, "dist": 0.1030169010618671}}}, "_child1": {"label": 38, "event": "H", "reconc": [5, 6], "tstamp": 0.03350185203554477, "transferred": 0, "dist": 1.1314527795292273, "_child0": {"label": 66, "event": "S", "reconc": 6, "tstamp": 0.0, "transferred": 0, "dist": 0.11151611174045364}, "_child1": {"label": 67, "event": "S", "reconc": 18, "tstamp": 0.0, "transferred": 1, "dist": 0.021389024036564397}}}, "_child1": {"label": 34, "event": "S", "reconc": 7, "tstamp": 0.011168600405427727, "transferred": 0, "dist": 0.7128853066014879, "_child0": {"label": 72, "event": "S", "reconc": 28, "tstamp": 0.0, "transferred": 0, "dist": 0.03067466576559531}, "_child1": {"label": 73, "event": "S", "reconc": 29, "tstamp": 0.0, "transferred": 0, "dist": 0.07330867068176714}}}, "_child1": {"label": 30, "event": "S", "reconc": 12, "tstamp": 0.0, "transferred": 0, "dist": 0.42972095145135897}}, "_child1": {"label": 23, "event": "H", "reconc": [8, 10], "tstamp": 0.5668194576793459, "transferred": 0, "dist": 0.09252483516732526, "_child0": {"label": 33, "event": "H", "reconc": [2, 12], "tstamp": 0.04077461853789663, "transferred": 1, "dist": 0.3406964884895165, "_child0": {"label": 65, "event": "S", "reconc": 26, "tstamp": 0.0, "transferred": 1, "dist": 0.043860276543219216}, "_child1": {"label": 64, "event": "S", "reconc": 12, "tstamp": 0.0, "transferred": 0, "dist": 0.026407956740025232}}, "_child1": {"label": 32, "event": "S", "reconc": 10, "tstamp": 0.0, "transferred": 0, "dist": 0.3606313080758296}}, "_child2": {"label": 19, "event": "D", "reconc": [2, 14], "tstamp": 0.39356259594452114, "transferred": 0, "dist": 0.2507979179671529, "_child0": {"label": 36, "event": "D", "reconc": [2, 14], "tstamp": 0.35256284530230597, "transferred": 0, "dist": 0.04808751410252193, "_child0": {"label": 40, "event": "H", "reconc": [2, 14], "tstamp": 0.23653950413762856, "transferred": 0, "dist": 0.3947955324773433, "_child0": {"label": 43, "event": "H", "reconc": [11, 19], "tstamp": 0.20476025078061638, "transferred": 1, "dist": 0.022308771922819583, "_child0": {"label": 48, "event": "S", "reconc": 19, "tstamp": 0.0, "transferred": 0, "dist": 0.1437399954683385}, "_child1": {"label": 49, "event": "S", "reconc": 14, "tstamp": 0.0, "transferred": 1, "dist": 0.16375293020995146}}, "_child1": {"label": 42, "event": "H", "reconc": [2, 14], "tstamp": 0.0013167781751838477, "transferred": 0, "dist": 0.8003982682700721, "_child0": {"label": 75, "event": "S", "reconc": 6, "tstamp": 0.0, "transferred": 1, "dist": 0.004221706888440248}, "_child1": {"label": 74, "event": "S", "reconc": 14, "tstamp": 0.0, "transferred": 0, "dist": 0.004480634117305693}}}, "_child1": {"label": 41, "event": "S", "reconc": 14, "tstamp": 0.0, "transferred": 0, "dist": 0.7720780187099647}}, "_child1": {"label": 37, "event": "S", "reconc": 14, "tstamp": 0.0, "transferred": 0, "dist": 0.31295461760925064}}}}