{"label": 1, "event": "S", "reconc": 1, "tstamp": 0.8266430064886299, "transferred": 0, "dist": 0.0, "_child0": {"label": 2, "event": "S", "reconc": 2, "tstamp": 0.7428835181916135, "transferred": 0, "dist": 0.07615834689577927, "_child0": {"label": 6, "event": "D", "reconc": [2, 6], "tstamp": 0.7363716692298315, "transferred": 0, "dist": 0.005987689936200881, "_child0": {"label": 8, "event": "S", "reconc": 6, "tstamp": 0.581660233028163, "transferred": 0, "dist": 0.14225823034237306, "_child0": {"label": 10, "event": "D", "reconc": [6, 18], "tstamp": 0.2667656277720405, "transferred": 0, "dist": 0.24731926860208228, "_child0": {"label": 40, "event": "S", "reconc": 18, "tstamp": 0.0, "transferred": 0, "dist": 0.2095186098697815}, "_child1": {"label": 41, "event": "S", "reconc": 18, "tstamp": 0.0, "transferred": 0, "dist": 0.2095186098697815}}, "_child1": {"label": 11, "event": "S", "reconc": 19, "tstamp": 0.07569477874574243, "transferred": 0, "dist": 0.5384353420595015, "_child0": {"label": 46, "event": "S", "reconc": 23, "tstamp": 0.0, "transferred": 0, "dist": 0.08770309517536047}, "_child1": {"label": 47, "event": "S", "reconc": 22, "tstamp": 0.0, "transferred": 0, "dist": 0.09529087636014934}, "_child2": {"label": 48, "event": "S", "reconc": 20, "tstamp": 0.0, "transferred": 0, "dist": 0.09202386491385632}}}, "_child1": {"label": 9, "event": "S", "reconc": 6, "tstamp": 0.581660233028163, "transferred": 0, "dist": 0.14225823034237306, "_child0": {"label": 15, "event": "D", "reconc": [6, 9], "tstamp": 0.10918627227179631, "transferred": 0, "dist": 0.4234632865660419, "_child0": {"label": 44, "event": "S", "reconc": 9, "tstamp": 0.00874062074285928, "transferred": 0, "dist": 0.46670163798222447, "_child0": {"label": 54, "event": "S", "reconc": 24, "tstamp": 0.0, "transferred": 0, "dist": 0.013155758158397276}, "_child1": {"label": 55, "event": "S", "reconc": 25, "tstamp": 0.0, "transferred": 0, "dist": 0.007316855692803965}}, "_child1": {"label": 45, "event": "S", "reconc": 9, "tstamp": 0.00874062074285928, "transferred": 0, "dist": 0.2196433630749047, "_child0": {"label": 56, "event": "S", "reconc": 24, "tstamp": 0.0, "transferred": 0, "dist": 0.012558080367353501}, "_child1": {"label": 57, "event": "S", "reconc": 25, "tstamp": 0.0, "transferred": 0, "dist": 0.01007688307386165}}}, "_child1": {"label": 14, "event": "S", "reconc": 19, "tstamp": 0.07569477874574243, "transferred": 0, "dist": 0.5384353420595015, "_child0": {"label": 49, "event": "S", "reconc": 23, "tstamp": 0.0, "transferred": 0, "dist": 0.08770309517536047}, "_child1": {"label": 50, "event": "S", "reconc": 22, "tstamp": 0.0, "transferred": 0, "dist": 0.09529087636014934}, "_child2": {"label": 51, "event": "S", "reconc": 20, "tstamp": 0.0, "transferred": 0, "dist": 0.09202386491385632}}}}, "_child1": {"label": 5, "event": "D", "reconc": [2, 7], "tstamp": 0.5702133209602852, "transferred": 0, "dist": 0.19235721175579537, "_child0": {"label": 24, "event": "D", "reconc": [2, 7], "tstamp": 0.41983839862287037, "transferred": 0, "dist": 0.16751993825586065, "_child0": {"label": 28, "event": "S", "reconc": 7, "tstamp": 0.0, "transferred": 0, "dist": 0.6536803108681427}, "_child1": {"label": 29, "event": "S", "reconc": 7, "tstamp": 0.0, "transferred": 0, "dist": 0.46770632710241133}}, "_child1": {"label": 17, "event": "S", "reconc": 7, "tstamp": 0.0, "transferred": 0, "dist": 0.635226265358272}}, "_child2": {"label": 7, "event": "S", "reconc": 5, "tstamp": 0.5115135438257545, "transferred": 0, "dist": 0.21769749711424735, "_child0": {"label": 37, "event": "S", "reconc": 17, "tstamp": 0.0, "transferred": 0, "dist": 0.9173044139687323}, "_child1": {"label": 23, "event": "D", "reconc": [5, 14], "tstamp": 0.3308740864641613, "transferred": 0, "dist": 0.1358897367475527, "_child0": {"label": 33, "event": "H", "reconc": [5, 14], "tstamp": 0.301218601585828, "transferred": 0, "dist": 0.027448121024873776, "_child0": {"label": 35, "event": "S", "reconc": 7, "tstamp": 0.0, "transferred": 1, "dist": 0.407468034106462}, "_child1": {"label": 34, "event": "S", "reconc": 14, "tstamp": 0.0, "transferred": 0, "dist": 0.2787978232421917}}, "_child1": {"label": 32, "event": "S", "reconc": 14, "tstamp": 0.0, "transferred": 0, "dist": 0.2779344901443314}}}}, "_child1": {"label": 19, "event": "D", "reconc": [11, 13], "tstamp": 0.27488741689506707, "transferred": 0, "dist": 0.8506428742215932, "_child0": {"label": 38, "event": "S", "reconc": 13, "tstamp": 0.0, "transferred": 0, "dist": 0.8855608507619759}, "_child1": {"label": 39, "event": "S", "reconc": 13, "tstamp": 0.0, "transferred": 0, "dist": 0.6619022133305789}}, "_child2": {"label": 3, "event": "D", "reconc": [1, 10], "tstamp": 0.5195292796097631, "transferred": 0, "dist": 0.2507700216986033, "_child0": {"label": 20, "event": "D", "reconc": [1, 10], "tstamp": 0.3957763090185122, "transferred": 0, "dist": 0.10104900043323368, "_child0": {"label": 43, "event": "S", "reconc": 9, "tstamp": 0.00874062074285928, "transferred": 1, "dist": 1.1790217086066859, "_child0": {"label": 52, "event": "S", "reconc": 24, "tstamp": 0.0, "transferred": 0, "dist": 0.012383948502918966}, "_child1": {"label": 53, "event": "S", "reconc": 25, "tstamp": 0.0, "transferred": 0, "dist": 0.0073965135326622}}, "_child1": {"label": 31, "event": "S", "reconc": 10, "tstamp": 0.0, "transferred": 0, "dist": 1.4163000113189808}}, "_child1": {"label": 21, "event": "S", "reconc": 10, "tstamp": 0.0, "transferred": 0, "dist": 0.4242153877159214}}}