{"label": 0, "event": null, "tstamp": 1.0, "dist": 0.0, "_child0": {"label": 1, "event": "S", "tstamp": 0.6469003037600486, "dist": 0.3530996962399514, "_child0": {"label": 2, "event": "S", "tstamp": 0.33152155553182283, "dist": 0.31537874822822576, "_child0": {"label": 6, "event": "S", "tstamp": 0.0, "dist": 0.33152155553182283}, "_child1": {"label": 7, "event": "S", "tstamp": 0.025412670195423835, "dist": 0.306108885336399, "_child0": {"label": 13, "event": "S", "tstamp": 0.0007327600897012636, "dist": 0.024679910105722572, "_child0": {"label": 14, "event": "S", "tstamp": 0.0, "dist": 0.0007327600897012636}, "_child1": {"label": 15, "event": "S", "tstamp": 0.0, "dist": 0.0007327600897012636}}, "_child1": {"label": 12, "event": "S", "tstamp": 0.0, "dist": 0.025412670195423835}}, "_child2": {"label": 5, "event": "S", "tstamp": 0.0, "dist": 0.33152155553182283}}, "_child1": {"label": 3, "event": "S", "tstamp": 0.17715463307577808, "dist": 0.46974567068427053, "_child0": {"label": 11, "event": "S", "tstamp": 0.0, "dist": 0.17715463307577808}, "_child1": {"label": 10, "event": "S", "tstamp": 0.0, "dist": 0.17715463307577808}, "_child2": {"label": 8, "event": "S", "tstamp": 0.0, "dist": 0.17715463307577808}}}}