{"label": 1, "event": "S", "reconc": 1, "tstamp": 0.5058017479057847, "transferred": 0, "dist": 0.0, "_child0": {"label": 2, "event": "S", "reconc": 3, "tstamp": 0.45468381399447594, "transferred": 0, "dist": 0.044405499926951746, "_child0": {"label": 4, "event": "D", "reconc": [3, 6], "tstamp": 0.39611775941777483, "transferred": 0, "dist": 0.05681527398395821, "_child0": {"label": 12, "event": "S", "reconc": 6, "tstamp": 0.0, "transferred": 0, "dist": 0.39371321262803166}, "_child1": {"label": 7, "event": "D", "reconc": [3, 6], "tstamp": 0.04453867599793312, "transferred": 0, "dist": 0.3410689365350169, "_child0": {"label": 16, "event": "H", "reconc": [3, 6], "tstamp": 0.0038839072516203416, "transferred": 0, "dist": 0.039439430259915725, "_child0": {"label": 19, "event": "S", "reconc": 6, "tstamp": 0.0, "transferred": 0, "dist": 0.003767801266860094}, "_child1": {"label": 20, "event": "S", "reconc": 8, "tstamp": 0.0, "transferred": 1, "dist": 0.014986346096944414}}, "_child1": {"label": 15, "event": "S", "reconc": 6, "tstamp": 0.0, "transferred": 0, "dist": 0.04454541035432069}}}, "_child1": {"label": 5, "event": "S", "reconc": 7, "tstamp": 0.09787750867542158, "transferred": 0, "dist": 0.27747351169764495, "_child0": {"label": 13, "event": "S", "reconc": 8, "tstamp": 0.0, "transferred": 0, "dist": 0.06891010808230709}, "_child1": {"label": 14, "event": "S", "reconc": 9, "tstamp": 0.0, "transferred": 0, "dist": 0.06442302890629542}}, "_child2": {"label": 6, "event": "S", "reconc": 4, "tstamp": 0.0, "transferred": 0, "dist": 0.35031363967923734}}, "_child1": {"label": 3, "event": "H", "reconc": [1, 2], "tstamp": 0.3846663289958506, "transferred": 0, "dist": 0.11209166293032735, "_child0": {"label": 10, "event": "H", "reconc": [3, 6], "tstamp": 0.02295484736208008, "transferred": 1, "dist": 0.41255393861871203, "_child0": {"label": 17, "event": "S", "reconc": 6, "tstamp": 0.0, "transferred": 0, "dist": 0.02618139918269415}, "_child1": {"label": 18, "event": "S", "reconc": 8, "tstamp": 0.0, "transferred": 1, "dist": 0.028918207004815146}}, "_child1": {"label": 9, "event": "S", "reconc": 2, "tstamp": 0.0, "transferred": 0, "dist": 0.3559478216896089}}}