{"label": 1, "event": "S", "reconc": 1, "tstamp": 0.8959015504184724, "transferred": 0, "dist": 0.0, "_child0": {"label": 4, "event": "H", "reconc": [1, 11], "tstamp": 0.7995105125865397, "transferred": 0, "dist": 0.08064846225715837, "_child0": {"label": 49, "event": "S", "reconc": 23, "tstamp": 0.0, "transferred": 1, "dist": 1.0255558590712806}, "_child1": {"label": 5, "event": "D", "reconc": [1, 11], "tstamp": 0.5689298456620155, "transferred": 0, "dist": 0.1929222532712721, "_child0": {"label": 21, "event": "D", "reconc": [1, 11], "tstamp": 0.5396676420202403, "transferred": 0, "dist": 0.026322782620788618, "_child0": {"label": 25, "event": "S", "reconc": 11, "tstamp": 0.3362794863186223, "transferred": 0, "dist": 0.270070438577103, "_child0": {"label": 30, "event": "H", "reconc": [11, 13], "tstamp": 0.2852596432880461, "transferred": 0, "dist": 0.08797167600167138, "_child0": {"label": 34, "event": "D", "reconc": [7, 9], "tstamp": 0.17647235413648965, "transferred": 1, "dist": 0.08993165801079474, "_child0": {"label": 58, "event": "S", "reconc": 9, "tstamp": 0.0, "transferred": 0, "dist": 0.10246963737705872}, "_child1": {"label": 47, "event": "S", "reconc": 9, "tstamp": 0.0, "transferred": 0, "dist": 0.3801759640850705}}, "_child1": {"label": 33, "event": "D", "reconc": [11, 13], "tstamp": 0.12735360176409555, "transferred": 0, "dist": 0.2722716946684138, "_child0": {"label": 53, "event": "D", "reconc": [11, 13], "tstamp": 0.05264466456028391, "transferred": 0, "dist": 0.24181914757896802, "_child0": {"label": 64, "event": "S", "reconc": 13, "tstamp": 0.0, "transferred": 0, "dist": 0.03711622598650271}, "_child1": {"label": 65, "event": "S", "reconc": 13, "tstamp": 0.0, "transferred": 0, "dist": 0.12671025125217317}}, "_child1": {"label": 52, "event": "S", "reconc": 13, "tstamp": 0.0, "transferred": 0, "dist": 0.10935422791747904}}}, "_child1": {"label": 29, "event": "S", "reconc": 12, "tstamp": 0.0, "transferred": 0, "dist": 0.3076380263972965}}, "_child1": {"label": 26, "event": "S", "reconc": 11, "tstamp": 0.3362794863186223, "transferred": 0, "dist": 0.23645753187969962, "_child0": {"label": 31, "event": "D", "reconc": [11, 12], "tstamp": 0.0885772504517186, "transferred": 0, "dist": 0.7686958117252589, "_child0": {"label": 62, "event": "S", "reconc": 12, "tstamp": 0.0, "transferred": 0, "dist": 0.0862247664644026}, "_child1": {"label": 63, "event": "S", "reconc": 12, "tstamp": 0.0, "transferred": 0, "dist": 0.1320516579139013}}, "_child1": {"label": 32, "event": "S", "reconc": 13, "tstamp": 0.0, "transferred": 0, "dist": 0.39464344784782623}}}, "_child1": {"label": 22, "event": "S", "reconc": 11, "tstamp": 0.3362794863186223, "transferred": 0, "dist": 0.5339828145395661, "_child0": {"label": 28, "event": "D", "reconc": [11, 13], "tstamp": 0.03338711597413787, "transferred": 0, "dist": 0.3994849401764384, "_child0": {"label": 73, "event": "H", "reconc": [11, 13], "tstamp": 0.00987216904316834, "transferred": 0, "dist": 0.027257453246822886, "_child0": {"label": 77, "event": "S", "reconc": 14, "tstamp": 0.0, "transferred": 1, "dist": 0.0060188692540928705}, "_child1": {"label": 76, "event": "S", "reconc": 13, "tstamp": 0.0, "transferred": 0, "dist": 0.011443367783428741}}, "_child1": {"label": 72, "event": "S", "reconc": 13, "tstamp": 0.0, "transferred": 0, "dist": 0.027743022856685777}}, "_child1": {"label": 27, "event": "D", "reconc": [11, 12], "tstamp": 0.009958049286150114, "transferred": 0, "dist": 0.23123950283194478, "_child0": {"label": 74, "event": "S", "reconc": 12, "tstamp": 0.0, "transferred": 0, "dist": 0.0072877090199411024}, "_child1": {"label": 75, "event": "S", "reconc": 12, "tstamp": 0.0, "transferred": 0, "dist": 0.007428702611698418}}}}}, "_child1": {"label": 7, "event": "S", "reconc": 5, "tstamp": 0.7000811705911559, "transferred": 0, "dist": 0.16706847368256653, "_child0": {"label": 11, "event": "S", "reconc": 7, "tstamp": 0.6547445584709255, "transferred": 0, "dist": 0.031957187570469905, "_child0": {"label": 35, "event": "S", "reconc": 15, "tstamp": 0.24518322034607923, "transferred": 0, "dist": 0.27312561416417397, "_child0": {"label": 40, "event": "S", "reconc": 17, "tstamp": 0.20615363734894165, "transferred": 0, "dist": 0.026841809503103147, "_child0": {"label": 44, "event": "D", "reconc": [17, 18], "tstamp": 0.03351269555982663, "transferred": 0, "dist": 0.1291185707962238, "_child0": {"label": 70, "event": "S", "reconc": 18, "tstamp": 0.0, "transferred": 0, "dist": 0.025064224681416756}, "_child1": {"label": 71, "event": "S", "reconc": 18, "tstamp": 0.0, "transferred": 0, "dist": 0.025064224681416756}}, "_child1": {"label": 45, "event": "S", "reconc": 19, "tstamp": 0.0, "transferred": 0, "dist": 0.14494429262367056}}, "_child1": {"label": 39, "event": "S", "reconc": 20, "tstamp": 0.14566567359702856, "transferred": 0, "dist": 0.06481979380756914, "_child0": {"label": 51, "event": "D", "reconc": [20, 24], "tstamp": 0.11350944634474966, "transferred": 0, "dist": 0.020588973113829824, "_child0": {"label": 54, "event": "S", "reconc": 24, "tstamp": 0.0, "transferred": 0, "dist": 0.19554363935780958}, "_child1": {"label": 55, "event": "S", "reconc": 24, "tstamp": 0.0, "transferred": 0, "dist": 0.07267777157508844}}, "_child1": {"label": 50, "event": "S", "reconc": 25, "tstamp": 0.10359704277623391, "transferred": 0, "dist": 0.025030466977098504, "_child0": {"label": 56, "event": "H", "reconc": [25, 27], "tstamp": 0.08863112260323538, "transferred": 0, "dist": 0.00884904770370974, "_child0": {"label": 60, "event": "S", "reconc": 27, "tstamp": 0.03992559315964968, "transferred": 0, "dist": 0.028798600319834253, "_child0": {"label": 68, "event": "S", "reconc": 28, "tstamp": 0.0, "transferred": 0, "dist": 0.025664824015181695}, "_child1": {"label": 69, "event": "S", "reconc": 29, "tstamp": 0.0, "transferred": 0, "dist": 0.023961912036396783}}, "_child1": {"label": 61, "event": "S", "reconc": 21, "tstamp": 0.0, "transferred": 1, "dist": 0.05666040891928945}}, "_child1": {"label": 57, "event": "S", "reconc": 26, "tstamp": 0.0, "transferred": 0, "dist": 0.06539845701909185}}}, "_child2": {"label": 38, "event": "S", "reconc": 21, "tstamp": 0.0, "transferred": 0, "dist": 0.15670773710412614}}, "_child1": {"label": 16, "event": "S", "reconc": 9, "tstamp": 0.0, "transferred": 0, "dist": 0.3192035889512845}}, "_child1": {"label": 12, "event": "D", "reconc": [5, 6], "tstamp": 0.6415357428803656, "transferred": 0, "dist": 0.034908149927768896, "_child0": {"label": 24, "event": "S", "reconc": 6, "tstamp": 0.0, "transferred": 0, "dist": 0.5083406489822192}, "_child1": {"label": 19, "event": "S", "reconc": 6, "tstamp": 0.0, "transferred": 0, "dist": 0.46232605898995327}}}, "_child2": {"label": 3, "event": "D", "reconc": [1, 10], "tstamp": 0.04872128233102533, "transferred": 0, "dist": 0.7101899554715728, "_child0": {"label": 66, "event": "S", "reconc": 10, "tstamp": 0.0, "transferred": 0, "dist": 0.04084297832774501}, "_child1": {"label": 67, "event": "S", "reconc": 10, "tstamp": 0.0, "transferred": 0, "dist": 0.04084297832774501}}}