{"label": 2, "event": "S", "reconc": 3, "tstamp": 0.8888706428371397, "transferred": 0, "dist": 0.0, "_child0": {"label": 4, "event": "D", "reconc": [3, 5], "tstamp": 0.7869553934585237, "transferred": 0, "dist": 0.08834017772825357, "_child0": {"label": 6, "event": "S", "reconc": 5, "tstamp": 0.7819294706527884, "transferred": 0, "dist": 0.004356471839240779, "_child0": {"label": 10, "event": "H", "reconc": [5, 10], "tstamp": 0.20461884761218824, "transferred": 0, "dist": 0.42375115009264425, "_child0": {"label": 33, "event": "S", "reconc": 10, "tstamp": 0.07795332496938172, "transferred": 0, "dist": 0.09297362417181847, "_child0": {"label": 43, "event": "S", "reconc": 23, "tstamp": 0.03776439660210419, "transferred": 0, "dist": 0.024918687025236207, "_child0": {"label": 51, "event": "S", "reconc": 24, "tstamp": 0.0, "transferred": 0, "dist": 0.022710043657544986}, "_child1": {"label": 52, "event": "S", "reconc": 25, "tstamp": 0.0, "transferred": 0, "dist": 0.02366173107483818}}, "_child1": {"label": 44, "event": "S", "reconc": 22, "tstamp": 0.0, "transferred": 0, "dist": 0.04695566665629969}}, "_child1": {"label": 34, "event": "S", "reconc": 18, "tstamp": 0.0, "transferred": 1, "dist": 0.1588530578069134}}, "_child1": {"label": 8, "event": "S", "reconc": 8, "tstamp": 0.0, "transferred": 0, "dist": 0.5924491372294476}, "_child2": {"label": 9, "event": "S", "reconc": 11, "tstamp": 0.0, "transferred": 0, "dist": 0.6572529673220044}, "_child3": {"label": 11, "event": "S", "reconc": 6, "tstamp": 0.0, "transferred": 0, "dist": 0.5328413843276412}}, "_child1": {"label": 7, "event": "S", "reconc": 5, "tstamp": 0.7819294706527884, "transferred": 0, "dist": 0.008585224581142779, "_child0": {"label": 13, "event": "D", "reconc": [5, 11], "tstamp": 0.5967896683808473, "transferred": 0, "dist": 0.29513705512906646, "_child0": {"label": 21, "event": "D", "reconc": [5, 11], "tstamp": 0.3897167695355812, "transferred": 0, "dist": 0.23670504341498186, "_child0": {"label": 25, "event": "H", "reconc": [5, 11], "tstamp": 0.1995919509567517, "transferred": 0, "dist": 0.21688430195263883, "_child0": {"label": 36, "event": "S", "reconc": 8, "tstamp": 0.0, "transferred": 1, "dist": 0.15362934704351455}, "_child1": {"label": 35, "event": "S", "reconc": 11, "tstamp": 0.0, "transferred": 0, "dist": 0.22768390409099695}}, "_child1": {"label": 26, "event": "S", "reconc": 11, "tstamp": 0.0, "transferred": 0, "dist": 0.4088665024795074}}, "_child1": {"label": 22, "event": "D", "reconc": [5, 11], "tstamp": 0.3139863400551857, "transferred": 0, "dist": 0.898369653193932, "_child0": {"label": 29, "event": "S", "reconc": 11, "tstamp": 0.0, "transferred": 0, "dist": 0.2949463204934556}, "_child1": {"label": 30, "event": "S", "reconc": 11, "tstamp": 0.0, "transferred": 0, "dist": 0.4627734979255459}}}, "_child1": {"label": 14, "event": "D", "reconc": [5, 10], "tstamp": 0.5429989919696023, "transferred": 0, "dist": 0.5303404177289514, "_child0": {"label": 23, "event": "D", "reconc": [5, 10], "tstamp": 0.2821516114274239, "transferred": 0, "dist": 0.6079216857842158, "_child0": {"label": 31, "event": "S", "reconc": 10, "tstamp": 0.07795332496938172, "transferred": 0, "dist": 0.46137892273959397, "_child0": {"label": 39, "event": "S", "reconc": 23, "tstamp": 0.03776439660210419, "transferred": 0, "dist": 0.027080158812812727, "_child0": {"label": 47, "event": "S", "reconc": 24, "tstamp": 0.0, "transferred": 0, "dist": 0.029217620599986453}, "_child1": {"label": 48, "event": "S", "reconc": 25, "tstamp": 0.0, "transferred": 0, "dist": 0.1329947625263619}}, "_child1": {"label": 40, "event": "S", "reconc": 22, "tstamp": 0.0, "transferred": 0, "dist": 0.09514736502799447}}, "_child1": {"label": 32, "event": "S", "reconc": 10, "tstamp": 0.07795332496938172, "transferred": 0, "dist": 0.16595282377653675, "_child0": {"label": 41, "event": "S", "reconc": 23, "tstamp": 0.03776439660210419, "transferred": 0, "dist": 0.029098437367155262, "_child0": {"label": 49, "event": "S", "reconc": 24, "tstamp": 0.0, "transferred": 0, "dist": 0.0863574353772533}, "_child1": {"label": 50, "event": "S", "reconc": 25, "tstamp": 0.0, "transferred": 0, "dist": 0.029985929011402113}}, "_child1": {"label": 42, "event": "S", "reconc": 22, "tstamp": 0.0, "transferred": 0, "dist": 0.06694215057711053}}}, "_child1": {"label": 24, "event": "S", "reconc": 10, "tstamp": 0.07795332496938172, "transferred": 0, "dist": 0.5443006897106124, "_child0": {"label": 37, "event": "S", "reconc": 23, "tstamp": 0.03776439660210419, "transferred": 0, "dist": 0.02759310870146803, "_child0": {"label": 45, "event": "S", "reconc": 24, "tstamp": 0.0, "transferred": 0, "dist": 0.02771356553720537}, "_child1": {"label": 46, "event": "S", "reconc": 25, "tstamp": 0.0, "transferred": 0, "dist": 0.026738184232510464}}, "_child1": {"label": 38, "event": "S", "reconc": 22, "tstamp": 0.0, "transferred": 0, "dist": 0.047864603958023055}}}, "_child2": {"label": 15, "event": "D", "reconc": [5, 6], "tstamp": 0.35554145904025863, "transferred": 0, "dist": 0.29692673051073193, "_child0": {"label": 27, "event": "S", "reconc": 6, "tstamp": 0.0, "transferred": 0, "dist": 0.46705845761062825}, "_child1": {"label": 28, "event": "S", "reconc": 6, "tstamp": 0.0, "transferred": 0, "dist": 0.42744668021018883}}, "_child3": {"label": 12, "event": "S", "reconc": 8, "tstamp": 0.0, "transferred": 0, "dist": 0.7576338175208213}}}, "_child1": {"label": 20, "event": "S", "reconc": 14, "tstamp": 0.0, "transferred": 0, "dist": 0.5825922376581582}}