{"label": 0, "event": null, "tstamp": 1.0, "dist": 0.0, "_child0": {"label": 1, "event": "S", "tstamp": 0.8048923286740937, "dist": 0.19510767132590634, "_child0": {"label": 2, "event": "S", "tstamp": 0.5607126909809889, "dist": 0.2441796376931048, "_child0": {"label": 4, "event": "S", "tstamp": 0.0, "dist": 0.5607126909809889}, "_child1": {"label": 5, "event": "S", "tstamp": 0.0, "dist": 0.5607126909809889}}, "_child1": {"label": 3, "event": "S", "tstamp": 0.29156818432448367, "dist": 0.5133241443496099, "_child0": {"label": 7, "event": "S", "tstamp": 0.23116143022459373, "dist": 0.06040675409988994, "_child0": {"label": 10, "event": "S", "tstamp": 0.0, "dist": 0.23116143022459373}, "_child1": {"label": 12, "event": "S", "tstamp": 0.0, "dist": 0.23116143022459373}, "_child2": {"label": 13, "event": "S", "tstamp": 0.12109139811539087, "dist": 0.11007003210920287, "_child0": {"label": 14, "event": "S", "tstamp": 0.0, "dist": 0.12109139811539087}, "_child1": {"label": 15, "event": "S", "tstamp": 0.0, "dist": 0.12109139811539087}}, "_child3": {"label": 9, "event": "S", "tstamp": 0.0, "dist": 0.23116143022459373}}, "_child1": {"label": 6, "event": "S", "tstamp": 0.0, "dist": 0.29156818432448367}}}}