{"label": 0, "event": null, "tstamp": 1.0, "dist": 0.0, "_child0": {"label": 1, "event": "S", "tstamp": 0.8886030184308511, "dist": 0.1113969815691489, "_child0": {"label": 5, "event": "S", "tstamp": 0.0, "dist": 0.8886030184308511}, "_child1": {"label": 4, "event": "S", "tstamp": 0.7019223139008454, "dist": 0.18668070453000574, "_child0": {"label": 7, "event": "S", "tstamp": 0.5419321321617616, "dist": 0.15999018173908375, "_child0": {"label": 11, "event": "S", "tstamp": 0.0, "dist": 0.5419321321617616}, "_child1": {"label": 10, "event": "S", "tstamp": 0.0, "dist": 0.5419321321617616}, "_child2": {"label": 8, "event": "S", "tstamp": 0.1077328214788874, "dist": 0.4341993106828742, "_child0": {"label": 24, "event": "S", "tstamp": 0.0, "dist": 0.1077328214788874}, "_child1": {"label": 25, "event": "S", "tstamp": 0.0, "dist": 0.1077328214788874}}}, "_child1": {"label": 6, "event": "S", "tstamp": 0.0, "dist": 0.7019223139008454}}, "_child2": {"label": 3, "event": "S", "tstamp": 0.398255501497744, "dist": 0.4903475169331071, "_child0": {"label": 13, "event": "S", "tstamp": 0.3866149422374845, "dist": 0.011640559260259531, "_child0": {"label": 14, "event": "S", "tstamp": 0.0, "dist": 0.3866149422374845}, "_child1": {"label": 15, "event": "S", "tstamp": 0.0, "dist": 0.3866149422374845}}, "_child1": {"label": 12, "event": "S", "tstamp": 0.32191798743791383, "dist": 0.07633751405983019, "_child0": {"label": 17, "event": "S", "tstamp": 0.2063685085117327, "dist": 0.11554947892618114, "_child0": {"label": 19, "event": "S", "tstamp": 0.14507668039385704, "dist": 0.061291828117875646, "_child0": {"label": 21, "event": "S", "tstamp": 0.12929612349834765, "dist": 0.01578055689550939, "_child0": {"label": 22, "event": "S", "tstamp": 0.0, "dist": 0.12929612349834765}, "_child1": {"label": 23, "event": "S", "tstamp": 0.0, "dist": 0.12929612349834765}}, "_child1": {"label": 20, "event": "S", "tstamp": 0.0, "dist": 0.14507668039385704}}, "_child1": {"label": 18, "event": "S", "tstamp": 0.0, "dist": 0.2063685085117327}}, "_child1": {"label": 16, "event": "S", "tstamp": 0.0, "dist": 0.32191798743791383}}}}}