{"label": 0, "event": null, "tstamp": 1.0, "dist": 0.0, "_child0": {"label": 1, "event": "S", "tstamp": 0.8493661010334257, "dist": 0.1506338989665743, "_child0": {"label": 2, "event": "S", "tstamp": 0.21306382728599588, "dist": 0.6363022737474298, "_child0": {"label": 5, "event": "S", "tstamp": 0.19194533130049307, "dist": 0.021118495985502805, "_child0": {"label": 7, "event": "S", "tstamp": 0.16529487832417378, "dist": 0.026650452976319294, "_child0": {"label": 8, "event": "S", "tstamp": 0.0, "dist": 0.16529487832417378}, "_child1": {"label": 9, "event": "S", "tstamp": 0.0, "dist": 0.16529487832417378}}, "_child1": {"label": 6, "event": "S", "tstamp": 0.0, "dist": 0.19194533130049307}}, "_child1": {"label": 4, "event": "S", "tstamp": 0.0, "dist": 0.21306382728599588}}, "_child1": {"label": 3, "event": "S", "tstamp": 0.0, "dist": 0.8493661010334257}}}