{"label": 1, "event": "S", "reconc": 1, "tstamp": 0.7648594388255755, "transferred": 0, "dist": 0.0, "_child0": {"label": 4, "event": "H", "reconc": [1, 3], "tstamp": 0.3422203126179273, "transferred": 0, "dist": 0.5449345475459523, "_child0": {"label": 5, "event": "S", "reconc": 3, "tstamp": 0.16789864512846678, "transferred": 0, "dist": 0.22476361773035028, "_child0": {"label": 7, "event": "S", "reconc": 7, "tstamp": 0.10090103223274184, "transferred": 0, "dist": 0.10048691593778682, "_child0": {"label": 9, "event": "S", "reconc": 8, "tstamp": 0.0, "transferred": 0, "dist": 0.16013225458993036}, "_child1": {"label": 10, "event": "S", "reconc": 9, "tstamp": 0.0, "transferred": 0, "dist": 0.1475283400412823}}, "_child1": {"label": 8, "event": "S", "reconc": 6, "tstamp": 0.0, "transferred": 0, "dist": 0.2477740158077593}}, "_child1": {"label": 6, "event": "H", "reconc": [1, 5], "tstamp": 0.0884923552161366, "transferred": 1, "dist": 0.268070624427166, "_child0": {"label": 11, "event": "S", "reconc": 5, "tstamp": 0.0, "transferred": 0, "dist": 0.09349462772151296}, "_child1": {"label": 12, "event": "S", "reconc": 6, "tstamp": 0.0, "transferred": 1, "dist": 0.23908245793085578}}}, "_child1": {"label": 2, "event": "H", "reconc": [1, 5], "tstamp": 0.0647524147257472, "transferred": 0, "dist": 0.7395322684170469, "_child0": {"label": 13, "event": "H", "reconc": [1, 5], "tstamp": 0.04667701591468239, "transferred": 0, "dist": 0.01909328177713513, "_child0": {"label": 15, "event": "S", "reconc": 5, "tstamp": 0.0, "transferred": 0, "dist": 0.049305546543697544}, "_child1": {"label": 16, "event": "S", "reconc": 8, "tstamp": 0.0, "transferred": 1, "dist": 0.07453307058776337}}, "_child1": {"label": 14, "event": "S", "reconc": 6, "tstamp": 0.0, "transferred": 1, "dist": 0.14553346014562657}}, "_child2": {"label": 3, "event": "H", "reconc": [1, 4], "tstamp": 0.035904322453638615, "transferred": 0, "dist": 0.6275829594553078, "_child0": {"label": 17, "event": "S", "reconc": 4, "tstamp": 0.0, "transferred": 0, "dist": 0.03091128717888734}, "_child1": {"label": 18, "event": "S", "reconc": 8, "tstamp": 0.0, "transferred": 1, "dist": 0.12252783575979298}}}