{"label": 2, "event": "S", "reconc": 2, "tstamp": 0.8993059788332465, "transferred": 0, "dist": 0.0, "_child0": {"label": 6, "event": "D", "reconc": [2, 17], "tstamp": 0.887039530039587, "transferred": 0, "dist": 0.014499300128490985, "_child0": {"label": 7, "event": "D", "reconc": [2, 17], "tstamp": 0.38401565108712976, "transferred": 0, "dist": 0.5945888916521148, "_child0": {"label": 17, "event": "S", "reconc": 17, "tstamp": 0.27734002640039507, "transferred": 0, "dist": 0.1340156364212962, "_child0": {"label": 24, "event": "H", "reconc": [17, 19], "tstamp": 0.24766862278151994, "transferred": 0, "dist": 0.03853131295215337, "_child0": {"label": 28, "event": "D", "reconc": [3, 8], "tstamp": 0.2252024780035991, "transferred": 1, "dist": 0.019169074841147663, "_child0": {"label": 39, "event": "H", "reconc": [3, 8], "tstamp": 0.09763185089376128, "transferred": 0, "dist": 0.1090116540791212, "_child0": {"label": 53, "event": "S", "reconc": 20, "tstamp": 0.0, "transferred": 1, "dist": 0.2828723526206415}, "_child1": {"label": 52, "event": "S", "reconc": 8, "tstamp": 0.0, "transferred": 0, "dist": 0.08342837060424148}}, "_child1": {"label": 38, "event": "S", "reconc": 8, "tstamp": 0.0, "transferred": 0, "dist": 0.1986369081066761}}, "_child1": {"label": 27, "event": "D", "reconc": [17, 19], "tstamp": 0.1406474324860268, "transferred": 0, "dist": 0.13897781947748442, "_child0": {"label": 50, "event": "S", "reconc": 19, "tstamp": 0.0, "transferred": 0, "dist": 2.096442061645263}, "_child1": {"label": 51, "event": "S", "reconc": 19, "tstamp": 0.0, "transferred": 0, "dist": 0.20038852996038975}}}, "_child1": {"label": 23, "event": "S", "reconc": 18, "tstamp": 0.24538125761899418, "transferred": 0, "dist": 0.04224804836161601, "_child0": {"label": 33, "event": "S", "reconc": 23, "tstamp": 0.17519951708615608, "transferred": 0, "dist": 0.08412104190837247, "_child0": {"label": 44, "event": "S", "reconc": 24, "tstamp": 0.0, "transferred": 0, "dist": 0.12841021312927967}, "_child1": {"label": 45, "event": "S", "reconc": 25, "tstamp": 0.0, "transferred": 0, "dist": 0.3079379341079955}}, "_child1": {"label": 34, "event": "H", "reconc": [18, 20], "tstamp": 0.15804778548895976, "transferred": 0, "dist": 0.23419738665236992, "_child0": {"label": 49, "event": "S", "reconc": 25, "tstamp": 0.0, "transferred": 1, "dist": 0.3192966776585942}, "_child1": {"label": 48, "event": "S", "reconc": 20, "tstamp": 0.0, "transferred": 0, "dist": 0.42382808589811344}}, "_child2": {"label": 32, "event": "S", "reconc": 22, "tstamp": 0.0, "transferred": 0, "dist": 0.7448961618645031}}}, "_child1": {"label": 18, "event": "S", "reconc": 17, "tstamp": 0.27734002640039507, "transferred": 0, "dist": 0.28690512211765773, "_child0": {"label": 25, "event": "S", "reconc": 18, "tstamp": 0.24538125761899418, "transferred": 0, "dist": 0.050315015703185875, "_child0": {"label": 36, "event": "S", "reconc": 23, "tstamp": 0.17519951708615608, "transferred": 0, "dist": 0.21401531088682466, "_child0": {"label": 46, "event": "S", "reconc": 24, "tstamp": 0.0, "transferred": 0, "dist": 0.1521552872328755}, "_child1": {"label": 47, "event": "S", "reconc": 25, "tstamp": 0.0, "transferred": 0, "dist": 0.17986446747112794}}, "_child1": {"label": 35, "event": "S", "reconc": 22, "tstamp": 0.0, "transferred": 0, "dist": 0.6582381606387121}, "_child2": {"label": 37, "event": "S", "reconc": 20, "tstamp": 0.0, "transferred": 0, "dist": 0.3135800837982029}}, "_child1": {"label": 26, "event": "S", "reconc": 19, "tstamp": 0.0, "transferred": 0, "dist": 0.3868530417036586}}}, "_child1": {"label": 8, "event": "S", "reconc": 17, "tstamp": 0.27734002640039507, "transferred": 0, "dist": 0.7206825903863997, "_child0": {"label": 21, "event": "S", "reconc": 18, "tstamp": 0.24538125761899418, "transferred": 0, "dist": 0.03301013166468009, "_child0": {"label": 30, "event": "S", "reconc": 23, "tstamp": 0.17519951708615608, "transferred": 0, "dist": 0.06506742318102976, "_child0": {"label": 42, "event": "S", "reconc": 24, "tstamp": 0.0, "transferred": 0, "dist": 0.1252770333940784}, "_child1": {"label": 43, "event": "S", "reconc": 25, "tstamp": 0.0, "transferred": 0, "dist": 0.15350790386907867}}, "_child1": {"label": 29, "event": "S", "reconc": 22, "tstamp": 0.0, "transferred": 0, "dist": 0.2595556752876202}, "_child2": {"label": 31, "event": "S", "reconc": 20, "tstamp": 0.0, "transferred": 0, "dist": 0.30157622768143133}}, "_child1": {"label": 41, "event": "S", "reconc": 16, "tstamp": 0.0, "transferred": 1, "dist": 0.7520027314239948}}}, "_child1": {"label": 9, "event": "S", "reconc": 7, "tstamp": 0.4367075358053723, "transferred": 0, "dist": 0.5539164510238163, "_child0": {"label": 11, "event": "S", "reconc": 13, "tstamp": 0.3851698170833606, "transferred": 0, "dist": 0.06707451712402576, "_child0": {"label": 15, "event": "S", "reconc": 14, "tstamp": 0.0, "transferred": 0, "dist": 0.694056016238084}, "_child1": {"label": 16, "event": "S", "reconc": 15, "tstamp": 0.0, "transferred": 0, "dist": 0.46824877494027084}}, "_child1": {"label": 19, "event": "S", "reconc": 12, "tstamp": 0.0, "transferred": 0, "dist": 0.6891262311721751}}, "_child2": {"label": 5, "event": "D", "reconc": [2, 16], "tstamp": 0.4128709319100703, "transferred": 0, "dist": 0.4941162518597829, "_child0": {"label": 13, "event": "S", "reconc": 16, "tstamp": 0.0, "transferred": 0, "dist": 1.3171766564339493}, "_child1": {"label": 14, "event": "S", "reconc": 16, "tstamp": 0.0, "transferred": 0, "dist": 0.41939049965180397}}}