{"label": 0, "event": null, "tstamp": 1.0, "dist": 0.0, "_child0": {"label": 1, "event": "S", "tstamp": 0.9962402204944635, "dist": 0.00375977950553652, "_child0": {"label": 2, "event": "S", "tstamp": 0.8495462591056218, "dist": 0.14669396138884172, "_child0": {"label": 4, "event": "S", "tstamp": 0.6297243837587116, "dist": 0.2198218753469101, "_child0": {"label": 16, "event": "S", "tstamp": 0.0, "dist": 0.6297243837587116}, "_child1": {"label": 17, "event": "S", "tstamp": 0.22952126534919465, "dist": 0.400203118409517, "_child0": {"label": 18, "event": "S", "tstamp": 0.0, "dist": 0.22952126534919465}, "_child1": {"label": 19, "event": "S", "tstamp": 0.0, "dist": 0.22952126534919465}}, "_child2": {"label": 10, "event": "S", "tstamp": 0.0, "dist": 0.6297243837587116}}, "_child1": {"label": 5, "event": "S", "tstamp": 0.0, "dist": 0.8495462591056218}}, "_child1": {"label": 3, "event": "S", "tstamp": 0.7900156200438789, "dist": 0.20622460045058455, "_child0": {"label": 7, "event": "S", "tstamp": 0.6692808701913361, "dist": 0.12073474985254284, "_child0": {"label": 9, "event": "S", "tstamp": 0.5063782068956204, "dist": 0.16290266329571568, "_child0": {"label": 13, "event": "S", "tstamp": 0.2989155201397984, "dist": 0.20746268675582202, "_child0": {"label": 14, "event": "S", "tstamp": 0.0, "dist": 0.2989155201397984}, "_child1": {"label": 15, "event": "S", "tstamp": 0.0, "dist": 0.2989155201397984}}, "_child1": {"label": 12, "event": "S", "tstamp": 0.0, "dist": 0.5063782068956204}}, "_child1": {"label": 8, "event": "S", "tstamp": 0.0, "dist": 0.6692808701913361}}, "_child1": {"label": 6, "event": "S", "tstamp": 0.0, "dist": 0.7900156200438789}}}}