{"label": 1, "event": "S", "reconc": 1, "tstamp": 0.8946334021998607, "transferred": 0, "dist": 0.0, "_child0": {"label": 3, "event": "H", "reconc": [1, 5], "tstamp": 0.8442019381569585, "transferred": 0, "dist": 0.05387804820000279, "_child0": {"label": 8, "event": "H", "reconc": [1, 3], "tstamp": 0.6355265400168701, "transferred": 1, "dist": 0.27306416177181575, "_child0": {"label": 9, "event": "D", "reconc": [1, 3], "tstamp": 0.32770103285829655, "transferred": 0, "dist": 0.4028079727338593, "_child0": {"label": 17, "event": "S", "reconc": 3, "tstamp": 0.0, "transferred": 0, "dist": 0.4696550814581457}, "_child1": {"label": 18, "event": "S", "reconc": 3, "tstamp": 0.0, "transferred": 0, "dist": 0.5946681466380479}}, "_child1": {"label": 10, "event": "S", "reconc": 4, "tstamp": 0.0, "transferred": 1, "dist": 1.0621846451575796}}, "_child1": {"label": 7, "event": "S", "reconc": 5, "tstamp": 0.5353808436643266, "transferred": 0, "dist": 0.32992652761571817, "_child0": {"label": 13, "event": "S", "reconc": 6, "tstamp": 0.0, "transferred": 0, "dist": 0.5239083239505987}, "_child1": {"label": 11, "event": "H", "reconc": [5, 7], "tstamp": 0.28178529214426346, "transferred": 0, "dist": 0.33489230759506317, "_child0": {"label": 19, "event": "H", "reconc": [5, 7], "tstamp": 0.25809700004523584, "transferred": 0, "dist": 0.0312822001666762, "_child0": {"label": 21, "event": "S", "reconc": 7, "tstamp": 0.09948908030004353, "transferred": 0, "dist": 0.2094538801171271, "_child0": {"label": 23, "event": "S", "reconc": 8, "tstamp": 0.0, "transferred": 0, "dist": 0.1444501978284767}, "_child1": {"label": 24, "event": "S", "reconc": 9, "tstamp": 0.0, "transferred": 0, "dist": 0.1678872448938777}}, "_child1": {"label": 22, "event": "S", "reconc": 6, "tstamp": 0.0, "transferred": 1, "dist": 0.28719909716092007}}, "_child1": {"label": 20, "event": "S", "reconc": 4, "tstamp": 0.0, "transferred": 1, "dist": 0.7486443333325706}}}}, "_child1": {"label": 2, "event": "H", "reconc": [1, 4], "tstamp": 0.43504846880934733, "transferred": 0, "dist": 0.5287688155977738, "_child0": {"label": 15, "event": "S", "reconc": 4, "tstamp": 0.0, "transferred": 0, "dist": 0.5005387402125225}, "_child1": {"label": 16, "event": "S", "reconc": 3, "tstamp": 0.0, "transferred": 1, "dist": 1.7294198183715013}}}