{"label": 1, "event": "D", "reconc": [0, 1], "tstamp": 0.9442424359733367, "transferred": 0, "dist": 0.0, "_child0": {"label": 2, "event": "S", "reconc": 1, "tstamp": 0.7266757478580395, "transferred": 0, "dist": 0.21859921079145628, "_child0": {"label": 5, "event": "D", "reconc": [1, 3], "tstamp": 0.5516251243909617, "transferred": 0, "dist": 0.19782724860369655, "_child0": {"label": 8, "event": "D", "reconc": [1, 3], "tstamp": 0.45932346535842383, "transferred": 0, "dist": 0.10431144366302506, "_child0": {"label": 14, "event": "S", "reconc": 3, "tstamp": 0.0, "transferred": 0, "dist": 0.5190881104634388}, "_child1": {"label": 15, "event": "S", "reconc": 3, "tstamp": 0.0, "transferred": 0, "dist": 0.5190881104634388}}, "_child1": {"label": 9, "event": "S", "reconc": 3, "tstamp": 0.0, "transferred": 0, "dist": 0.6244625205421189}}, "_child1": {"label": 4, "event": "S", "reconc": 2, "tstamp": 0.5080021485084003, "transferred": 0, "dist": 0.23495020117217721, "_child0": {"label": 10, "event": "S", "reconc": 5, "tstamp": 0.455583417035231, "transferred": 0, "dist": 0.05801739747888505, "_child0": {"label": 18, "event": "D", "reconc": [5, 6], "tstamp": 0.421770601447047, "transferred": 0, "dist": 0.03906340828615826, "_child0": {"label": 20, "event": "D", "reconc": [5, 6], "tstamp": 0.1867744082847016, "transferred": 0, "dist": 0.6649405288364227, "_child0": {"label": 25, "event": "S", "reconc": 6, "tstamp": 0.0, "transferred": 0, "dist": 0.38735581667725727}, "_child1": {"label": 26, "event": "S", "reconc": 6, "tstamp": 0.0, "transferred": 0, "dist": 0.4643058524753666}}, "_child1": {"label": 19, "event": "H", "reconc": [5, 6], "tstamp": 0.14633802763485554, "transferred": 0, "dist": 0.37734199074708336, "_child0": {"label": 27, "event": "S", "reconc": 6, "tstamp": 0.0, "transferred": 0, "dist": 0.2004827602830683}, "_child1": {"label": 28, "event": "S", "reconc": 11, "tstamp": 0.0, "transferred": 1, "dist": 0.2345882480972791}}}, "_child1": {"label": 17, "event": "S", "reconc": 8, "tstamp": 0.03847189992562245, "transferred": 0, "dist": 0.5085283836606411, "_child0": {"label": 33, "event": "S", "reconc": 14, "tstamp": 0.0, "transferred": 0, "dist": 0.052192746882341774}, "_child1": {"label": 34, "event": "S", "reconc": 15, "tstamp": 0.0, "transferred": 0, "dist": 0.0534106054959252}}}, "_child1": {"label": 11, "event": "S", "reconc": 4, "tstamp": 0.36413236963785994, "transferred": 0, "dist": 0.17443621808236984, "_child0": {"label": 21, "event": "S", "reconc": 10, "tstamp": 0.10536856769278569, "transferred": 0, "dist": 0.3078229835891911, "_child0": {"label": 29, "event": "S", "reconc": 12, "tstamp": 0.0, "transferred": 0, "dist": 0.12302064508483819}, "_child1": {"label": 30, "event": "S", "reconc": 13, "tstamp": 0.0, "transferred": 0, "dist": 0.11612477463241493}}, "_child1": {"label": 22, "event": "S", "reconc": 11, "tstamp": 0.0, "transferred": 0, "dist": 0.48297183352162887}}}}, "_child1": {"label": 13, "event": "S", "reconc": 4, "tstamp": 0.36413236963785994, "transferred": 0, "dist": 0.6279856300460034, "_child0": {"label": 23, "event": "S", "reconc": 10, "tstamp": 0.10536856769278569, "transferred": 0, "dist": 0.3078229835891911, "_child0": {"label": 31, "event": "S", "reconc": 12, "tstamp": 0.0, "transferred": 0, "dist": 0.12302064508483819}, "_child1": {"label": 32, "event": "S", "reconc": 13, "tstamp": 0.0, "transferred": 0, "dist": 0.11612477463241493}}, "_child1": {"label": 24, "event": "S", "reconc": 11, "tstamp": 0.0, "transferred": 0, "dist": 0.48297183352162887}}}