{"label": 0, "event": null, "tstamp": 1.0, "dist": 0.0, "_child0": {"label": 1, "event": "S", "tstamp": 0.7709609944048668, "dist": 0.22903900559513324, "_child0": {"label": 3, "event": "S", "tstamp": 0.7622749380454344, "dist": 0.008686056359432315, "_child0": {"label": 6, "event": "S", "tstamp": 0.43369444463738616, "dist": 0.3285804934080483, "_child0": {"label": 13, "event": "S", "tstamp": 0.39549209789236506, "dist": 0.0382023467450211, "_child0": {"label": 15, "event": "S", "tstamp": 0.2848430401421565, "dist": 0.11064905775020856, "_child0": {"label": 17, "event": "S", "tstamp": 0.22987102334156143, "dist": 0.054972016800595075, "_child0": {"label": 21, "event": "S", "tstamp": 0.18302855073222796, "dist": 0.04684247260933347, "_child0": {"label": 23, "event": "S", "tstamp": 0.17045047952945475, "dist": 0.012578071202773211, "_child0": {"label": 27, "event": "S", "tstamp": 0.0, "dist": 0.17045047952945475}, "_child1": {"label": 26, "event": "S", "tstamp": 0.0, "dist": 0.17045047952945475}, "_child2": {"label": 24, "event": "S", "tstamp": 0.0, "dist": 0.17045047952945475}}, "_child1": {"label": 22, "event": "S", "tstamp": 0.0, "dist": 0.18302855073222796}}, "_child1": {"label": 20, "event": "S", "tstamp": 0.0, "dist": 0.22987102334156143}}, "_child1": {"label": 16, "event": "S", "tstamp": 0.0, "dist": 0.2848430401421565}}, "_child1": {"label": 14, "event": "S", "tstamp": 0.2632828066413464, "dist": 0.13220929125101866, "_child0": {"label": 18, "event": "S", "tstamp": 0.0, "dist": 0.2632828066413464}, "_child1": {"label": 19, "event": "S", "tstamp": 0.0, "dist": 0.2632828066413464}}}, "_child1": {"label": 12, "event": "S", "tstamp": 0.0, "dist": 0.43369444463738616}}, "_child1": {"label": 7, "event": "S", "tstamp": 0.6596044188495034, "dist": 0.10267051919593106, "_child0": {"label": 9, "event": "S", "tstamp": 0.4436340103723758, "dist": 0.21597040847712756, "_child0": {"label": 10, "event": "S", "tstamp": 0.0, "dist": 0.4436340103723758}, "_child1": {"label": 11, "event": "S", "tstamp": 0.0, "dist": 0.4436340103723758}}, "_child1": {"label": 8, "event": "S", "tstamp": 0.015464086276114996, "dist": 0.6441403325733884, "_child0": {"label": 28, "event": "S", "tstamp": 0.0, "dist": 0.015464086276114996}, "_child1": {"label": 29, "event": "S", "tstamp": 0.0, "dist": 0.015464086276114996}}}, "_child2": {"label": 4, "event": "S", "tstamp": 0.0, "dist": 0.7622749380454344}}, "_child1": {"label": 2, "event": "S", "tstamp": 0.0, "dist": 0.7709609944048668}}}