{"label": 0, "event": null, "tstamp": 1.0, "dist": 0.0, "_child0": {"label": 1, "event": "S", "tstamp": 0.9668028882176841, "dist": 0.03319711178231588, "_child0": {"label": 3, "event": "S", "tstamp": 0.8549925659130865, "dist": 0.11181032230459764, "_child0": {"label": 6, "event": "S", "tstamp": 0.0, "dist": 0.8549925659130865}, "_child1": {"label": 12, "event": "S", "tstamp": 0.0, "dist": 0.8549925659130865}, "_child2": {"label": 13, "event": "S", "tstamp": 0.01596206528101536, "dist": 0.8390305006320711, "_child0": {"label": 14, "event": "S", "tstamp": 0.0, "dist": 0.01596206528101536}, "_child1": {"label": 15, "event": "S", "tstamp": 0.0, "dist": 0.01596206528101536}}, "_child3": {"label": 11, "event": "S", "tstamp": 0.0, "dist": 0.8549925659130865}, "_child4": {"label": 10, "event": "S", "tstamp": 0.0, "dist": 0.8549925659130865}, "_child5": {"label": 4, "event": "S", "tstamp": 0.0, "dist": 0.8549925659130865}}, "_child1": {"label": 2, "event": "S", "tstamp": 0.0, "dist": 0.9668028882176841}}}