{"label": 0, "event": null, "tstamp": 1.0, "dist": 0.0, "_child0": {"label": 1, "event": "S", "tstamp": 0.6752640618366532, "dist": 0.3247359381633468, "_child0": {"label": 3, "event": "S", "tstamp": 0.5860519145314568, "dist": 0.08921214730519644, "_child0": {"label": 5, "event": "S", "tstamp": 0.5793600515533999, "dist": 0.006691862978056906, "_child0": {"label": 6, "event": "S", "tstamp": 0.19990492813352062, "dist": 0.37945512341987925, "_child0": {"label": 19, "event": "S", "tstamp": 0.0, "dist": 0.19990492813352062}, "_child1": {"label": 18, "event": "S", "tstamp": 0.0, "dist": 0.19990492813352062}, "_child2": {"label": 17, "event": "S", "tstamp": 0.0, "dist": 0.19990492813352062}, "_child3": {"label": 16, "event": "S", "tstamp": 0.0, "dist": 0.19990492813352062}, "_child4": {"label": 12, "event": "S", "tstamp": 0.0, "dist": 0.19990492813352062}}, "_child1": {"label": 7, "event": "S", "tstamp": 0.0, "dist": 0.5793600515533999}}, "_child1": {"label": 4, "event": "S", "tstamp": 0.0, "dist": 0.5860519145314568}}, "_child1": {"label": 9, "event": "S", "tstamp": 0.0, "dist": 0.6752640618366532}, "_child2": {"label": 8, "event": "S", "tstamp": 0.2077277449712175, "dist": 0.46753631686543573, "_child0": {"label": 10, "event": "S", "tstamp": 0.0, "dist": 0.2077277449712175}, "_child1": {"label": 11, "event": "S", "tstamp": 0.0, "dist": 0.2077277449712175}}}}