{"label": 0, "event": null, "tstamp": 1.0, "dist": 0.0, "_child0": {"label": 1, "event": "S", "tstamp": 0.7891841296144795, "dist": 0.21081587038552052, "_child0": {"label": 2, "event": "S", "tstamp": 0.5759401012682371, "dist": 0.21324402834624234, "_child0": {"label": 6, "event": "S", "tstamp": 0.0, "dist": 0.5759401012682371}, "_child1": {"label": 7, "event": "S", "tstamp": 0.028998664628830075, "dist": 0.5469414366394071, "_child0": {"label": 8, "event": "S", "tstamp": 0.0, "dist": 0.028998664628830075}, "_child1": {"label": 9, "event": "S", "tstamp": 0.0, "dist": 0.028998664628830075}}, "_child2": {"label": 4, "event": "S", "tstamp": 0.0, "dist": 0.5759401012682371}}, "_child1": {"label": 3, "event": "S", "tstamp": 0.0, "dist": 0.7891841296144795}}}