{"label": 0, "event": null, "tstamp": 1.0, "dist": 0.0, "_child0": {"label": 1, "event": "S", "tstamp": 0.9979326381641872, "dist": 0.0020673618358127976, "_child0": {"label": 3, "event": "S", "tstamp": 0.9692824176826897, "dist": 0.028650220481497457, "_child0": {"label": 5, "event": "S", "tstamp": 0.8053911910197327, "dist": 0.16389122666295708, "_child0": {"label": 7, "event": "S", "tstamp": 0.2194141777168318, "dist": 0.5859770133029009, "_child0": {"label": 13, "event": "S", "tstamp": 0.19666899072151872, "dist": 0.022745186995313083, "_child0": {"label": 14, "event": "S", "tstamp": 0.0, "dist": 0.19666899072151872}, "_child1": {"label": 15, "event": "S", "tstamp": 0.0, "dist": 0.19666899072151872}}, "_child1": {"label": 12, "event": "S", "tstamp": 0.0, "dist": 0.2194141777168318}}, "_child1": {"label": 6, "event": "S", "tstamp": 0.0, "dist": 0.8053911910197327}}, "_child1": {"label": 4, "event": "S", "tstamp": 0.7677016447417794, "dist": 0.20158077294091037, "_child0": {"label": 9, "event": "S", "tstamp": 0.4622309697392265, "dist": 0.30547067500255287, "_child0": {"label": 10, "event": "S", "tstamp": 0.17818435685859849, "dist": 0.28404661288062805, "_child0": {"label": 17, "event": "S", "tstamp": 0.1173239964881548, "dist": 0.06086036037044369, "_child0": {"label": 20, "event": "S", "tstamp": 0.0, "dist": 0.1173239964881548}, "_child1": {"label": 21, "event": "S", "tstamp": 0.041783731315719774, "dist": 0.07554026517243502, "_child0": {"label": 22, "event": "S", "tstamp": 0.0, "dist": 0.041783731315719774}, "_child1": {"label": 23, "event": "S", "tstamp": 0.0, "dist": 0.041783731315719774}}, "_child2": {"label": 19, "event": "S", "tstamp": 0.0, "dist": 0.1173239964881548}}, "_child1": {"label": 16, "event": "S", "tstamp": 0.0, "dist": 0.17818435685859849}}, "_child1": {"label": 11, "event": "S", "tstamp": 0.0, "dist": 0.4622309697392265}}, "_child1": {"label": 8, "event": "S", "tstamp": 0.0, "dist": 0.7677016447417794}}}, "_child1": {"label": 2, "event": "S", "tstamp": 0.01900924220444168, "dist": 0.9789233959597455, "_child0": {"label": 24, "event": "S", "tstamp": 0.0, "dist": 0.01900924220444168}, "_child1": {"label": 25, "event": "S", "tstamp": 0.0, "dist": 0.01900924220444168}}}}