{"label": 1, "event": "S", "reconc": 1, "tstamp": 0.9408503002757768, "transferred": 0, "dist": 0.0, "_child0": {"label": 2, "event": "S", "reconc": 3, "tstamp": 0.8183937399929401, "transferred": 0, "dist": 0.09934724462792917, "_child0": {"label": 4, "event": "S", "reconc": 5, "tstamp": 0.5056593168536415, "transferred": 0, "dist": 0.24515674333908147, "_child0": {"label": 6, "event": "D", "reconc": [5, 7], "tstamp": 0.45382084151484053, "transferred": 0, "dist": 0.04428784190337979, "_child0": {"label": 10, "event": "S", "reconc": 7, "tstamp": 0.4200857324329826, "transferred": 0, "dist": 0.031106654718559786, "_child0": {"label": 16, "event": "D", "reconc": [7, 8], "tstamp": 0.325822333613241, "transferred": 0, "dist": 0.08133147767044566, "_child0": {"label": 21, "event": "H", "reconc": [7, 8], "tstamp": 0.06312474832504386, "transferred": 0, "dist": 1.4861520097415308, "_child0": {"label": 28, "event": "S", "reconc": 8, "tstamp": 0.0, "transferred": 0, "dist": 0.3571139471448627}, "_child1": {"label": 29, "event": "S", "reconc": 15, "tstamp": 0.0, "transferred": 1, "dist": 0.03181993216382857}}, "_child1": {"label": 20, "event": "D", "reconc": [7, 8], "tstamp": 0.05455347311909289, "transferred": 0, "dist": 1.0962992116869004, "_child0": {"label": 30, "event": "S", "reconc": 8, "tstamp": 0.0, "transferred": 0, "dist": 0.04895697590140461}, "_child1": {"label": 31, "event": "S", "reconc": 8, "tstamp": 0.0, "transferred": 0, "dist": 0.08043394644571089}}}, "_child1": {"label": 14, "event": "S", "reconc": 11, "tstamp": 0.0, "transferred": 0, "dist": 1.294501706514136}, "_child2": {"label": 15, "event": "S", "reconc": 10, "tstamp": 0.0, "transferred": 0, "dist": 1.5713080605193557}}, "_child1": {"label": 11, "event": "S", "reconc": 7, "tstamp": 0.4200857324329826, "transferred": 0, "dist": 0.028821356489477992, "_child0": {"label": 19, "event": "D", "reconc": [7, 8], "tstamp": 0.09033849389188701, "transferred": 0, "dist": 0.28220885296281834, "_child0": {"label": 26, "event": "S", "reconc": 8, "tstamp": 0.0, "transferred": 0, "dist": 0.23883330313453083}, "_child1": {"label": 27, "event": "S", "reconc": 8, "tstamp": 0.0, "transferred": 0, "dist": 0.1079140390988005}}, "_child1": {"label": 17, "event": "S", "reconc": 11, "tstamp": 0.0, "transferred": 0, "dist": 0.49172503666998296}, "_child2": {"label": 18, "event": "S", "reconc": 10, "tstamp": 0.0, "transferred": 0, "dist": 0.3547614653845089}}}, "_child1": {"label": 7, "event": "D", "reconc": [5, 6], "tstamp": 0.43133715929722904, "transferred": 0, "dist": 0.06589758083097512, "_child0": {"label": 12, "event": "S", "reconc": 6, "tstamp": 0.0, "transferred": 0, "dist": 0.38244416274672494}, "_child1": {"label": 13, "event": "S", "reconc": 6, "tstamp": 0.0, "transferred": 0, "dist": 0.38244416274672494}}}, "_child1": {"label": 22, "event": "S", "reconc": 13, "tstamp": 0.19001847828793328, "transferred": 0, "dist": 0.5378650665366647, "_child0": {"label": 24, "event": "S", "reconc": 14, "tstamp": 0.0, "transferred": 0, "dist": 0.08339100412047394}, "_child1": {"label": 25, "event": "S", "reconc": 15, "tstamp": 0.0, "transferred": 0, "dist": 0.06795197663441717}}}, "_child1": {"label": 3, "event": "S", "reconc": 2, "tstamp": 0.0, "transferred": 0, "dist": 0.6826508012020356}}