{"label": 0, "event": null, "tstamp": 1.0, "dist": 0.0, "_child0": {"label": 1, "event": "S", "tstamp": 0.6980370207998774, "dist": 0.3019629792001226, "_child0": {"label": 3, "event": "S", "tstamp": 0.5090217835487223, "dist": 0.1890152372511551, "_child0": {"label": 5, "event": "S", "tstamp": 0.3878070906905757, "dist": 0.12121469285814662, "_child0": {"label": 7, "event": "S", "tstamp": 0.2575521973673234, "dist": 0.1302548933232523, "_child0": {"label": 8, "event": "S", "tstamp": 0.0, "dist": 0.2575521973673234}, "_child1": {"label": 9, "event": "S", "tstamp": 0.0, "dist": 0.2575521973673234}}, "_child1": {"label": 6, "event": "S", "tstamp": 0.0, "dist": 0.3878070906905757}}, "_child1": {"label": 4, "event": "S", "tstamp": 0.0, "dist": 0.5090217835487223}}, "_child1": {"label": 2, "event": "S", "tstamp": 0.0, "dist": 0.6980370207998774}}}