{"label": 0, "event": null, "tstamp": 1.0, "dist": 0.0, "_child0": {"label": 1, "event": "S", "tstamp": 0.9462110169499978, "dist": 0.05378898305000224, "_child0": {"label": 3, "event": "S", "tstamp": 0.9412630013557512, "dist": 0.004948015594246513, "_child0": {"label": 5, "event": "S", "tstamp": 0.9366584530025168, "dist": 0.004604548353234428, "_child0": {"label": 6, "event": "S", "tstamp": 0.7037557217657975, "dist": 0.23290273123671934, "_child0": {"label": 15, "event": "S", "tstamp": 0.44866959208068474, "dist": 0.25508612968511274, "_child0": {"label": 16, "event": "S", "tstamp": 0.38122525536727875, "dist": 0.067444336713406, "_child0": {"label": 18, "event": "S", "tstamp": 0.0, "dist": 0.38122525536727875}, "_child1": {"label": 19, "event": "S", "tstamp": 0.0, "dist": 0.38122525536727875}}, "_child1": {"label": 17, "event": "S", "tstamp": 0.37914291917655163, "dist": 0.06952667290413311, "_child0": {"label": 20, "event": "S", "tstamp": 0.0, "dist": 0.37914291917655163}, "_child1": {"label": 21, "event": "S", "tstamp": 0.0, "dist": 0.37914291917655163}}}, "_child1": {"label": 14, "event": "S", "tstamp": 0.0, "dist": 0.7037557217657975}}, "_child1": {"label": 7, "event": "S", "tstamp": 0.0, "dist": 0.9366584530025168}}, "_child1": {"label": 4, "event": "S", "tstamp": 0.32758506416682026, "dist": 0.6136779371889309, "_child0": {"label": 23, "event": "S", "tstamp": 0.11384150119318139, "dist": 0.2137435629736389, "_child0": {"label": 24, "event": "S", "tstamp": 0.0, "dist": 0.11384150119318139}, "_child1": {"label": 25, "event": "S", "tstamp": 0.0, "dist": 0.11384150119318139}}, "_child1": {"label": 22, "event": "S", "tstamp": 0.07804888937361934, "dist": 0.24953617479320092, "_child0": {"label": 27, "event": "S", "tstamp": 0.02703773350985879, "dist": 0.05101115586376055, "_child0": {"label": 28, "event": "S", "tstamp": 0.0, "dist": 0.02703773350985879}, "_child1": {"label": 29, "event": "S", "tstamp": 0.0, "dist": 0.02703773350985879}}, "_child1": {"label": 26, "event": "S", "tstamp": 0.0, "dist": 0.07804888937361934}}}}, "_child1": {"label": 2, "event": "S", "tstamp": 0.8717411027864121, "dist": 0.07446991416358562, "_child0": {"label": 9, "event": "S", "tstamp": 0.8498774137867916, "dist": 0.021863688999620545, "_child0": {"label": 13, "event": "S", "tstamp": 0.0, "dist": 0.8498774137867916}, "_child1": {"label": 12, "event": "S", "tstamp": 0.0, "dist": 0.8498774137867916}, "_child2": {"label": 10, "event": "S", "tstamp": 0.0, "dist": 0.8498774137867916}}, "_child1": {"label": 8, "event": "S", "tstamp": 0.0, "dist": 0.8717411027864121}}}}