{"label": 0, "event": null, "tstamp": 1.0, "dist": 0.0, "_child0": {"label": 1, "event": "S", "tstamp": 0.8955117086311388, "dist": 0.10448829136886117, "_child0": {"label": 2, "event": "S", "tstamp": 0.860919947788318, "dist": 0.034591760842820785, "_child0": {"label": 5, "event": "S", "tstamp": 0.8482176912034004, "dist": 0.012702256584917637, "_child0": {"label": 7, "event": "S", "tstamp": 0.692915547063551, "dist": 0.15530214413984944, "_child0": {"label": 8, "event": "S", "tstamp": 0.0, "dist": 0.692915547063551}, "_child1": {"label": 9, "event": "S", "tstamp": 0.0, "dist": 0.692915547063551}}, "_child1": {"label": 6, "event": "S", "tstamp": 0.5692606541667216, "dist": 0.27895703703667885, "_child0": {"label": 15, "event": "S", "tstamp": 0.5466055225206345, "dist": 0.022655131646087012, "_child0": {"label": 16, "event": "S", "tstamp": 0.0, "dist": 0.5466055225206345}, "_child1": {"label": 17, "event": "S", "tstamp": 0.0, "dist": 0.5466055225206345}}, "_child1": {"label": 14, "event": "S", "tstamp": 0.0, "dist": 0.5692606541667216}}}, "_child1": {"label": 4, "event": "S", "tstamp": 0.0, "dist": 0.860919947788318}}, "_child1": {"label": 3, "event": "S", "tstamp": 0.5893780868220249, "dist": 0.30613362180911396, "_child0": {"label": 12, "event": "S", "tstamp": 0.0, "dist": 0.5893780868220249}, "_child1": {"label": 13, "event": "S", "tstamp": 0.1131496755766966, "dist": 0.4762284112453283, "_child0": {"label": 18, "event": "S", "tstamp": 0.0, "dist": 0.1131496755766966}, "_child1": {"label": 19, "event": "S", "tstamp": 0.0, "dist": 0.1131496755766966}}, "_child2": {"label": 10, "event": "S", "tstamp": 0.0, "dist": 0.5893780868220249}}}}