{"label": 0, "event": null, "tstamp": 1.0, "dist": 0.0, "_child0": {"label": 1, "event": "S", "tstamp": 0.9169078704745396, "dist": 0.08309212952546041, "_child0": {"label": 2, "event": "S", "tstamp": 0.9154767021245536, "dist": 0.0014311683499860228, "_child0": {"label": 4, "event": "S", "tstamp": 0.8995675605925009, "dist": 0.015909141532052695, "_child0": {"label": 6, "event": "S", "tstamp": 0.0, "dist": 0.8995675605925009}, "_child1": {"label": 7, "event": "S", "tstamp": 0.0, "dist": 0.8995675605925009}}, "_child1": {"label": 5, "event": "S", "tstamp": 0.6369670061124293, "dist": 0.2785096960121243, "_child0": {"label": 9, "event": "S", "tstamp": 0.6344424715870652, "dist": 0.0025245345253640528, "_child0": {"label": 10, "event": "S", "tstamp": 0.0998584926683557, "dist": 0.5345839789187096, "_child0": {"label": 13, "event": "S", "tstamp": 0.06977598835454998, "dist": 0.030082504313805714, "_child0": {"label": 14, "event": "S", "tstamp": 0.0, "dist": 0.06977598835454998}, "_child1": {"label": 15, "event": "S", "tstamp": 0.0, "dist": 0.06977598835454998}}, "_child1": {"label": 12, "event": "S", "tstamp": 0.0, "dist": 0.0998584926683557}}, "_child1": {"label": 11, "event": "S", "tstamp": 0.0, "dist": 0.6344424715870652}}, "_child1": {"label": 8, "event": "S", "tstamp": 0.0, "dist": 0.6369670061124293}}}, "_child1": {"label": 3, "event": "S", "tstamp": 0.0, "dist": 0.9169078704745396}}}