{"label": 1, "event": "S", "reconc": 1, "tstamp": 0.9169078704745396, "transferred": 0, "dist": 0.0, "_child0": {"label": 2, "event": "S", "reconc": 2, "tstamp": 0.9154767021245536, "transferred": 0, "dist": 0.0013380513568465207, "_child0": {"label": 4, "event": "S", "reconc": 4, "tstamp": 0.8995675605925009, "transferred": 0, "dist": 0.015101579129050333, "_child0": {"label": 7, "event": "D", "reconc": [4, 7], "tstamp": 0.7785909586944606, "transferred": 0, "dist": 0.07499166103085117, "_child0": {"label": 11, "event": "H", "reconc": [4, 7], "tstamp": 0.40745729707676526, "transferred": 0, "dist": 0.28771703288878, "_child0": {"label": 17, "event": "S", "reconc": 10, "tstamp": 0.0998584926683557, "transferred": 1, "dist": 0.4713030468967328, "_child0": {"label": 24, "event": "S", "reconc": 13, "tstamp": 0.06977598835454998, "transferred": 0, "dist": 0.055715578796101256, "_child0": {"label": 28, "event": "S", "reconc": 14, "tstamp": 0.0, "transferred": 0, "dist": 0.1347781393757842}, "_child1": {"label": 29, "event": "S", "reconc": 15, "tstamp": 0.0, "transferred": 0, "dist": 0.1535300625054743}}, "_child1": {"label": 25, "event": "S", "reconc": 12, "tstamp": 0.0, "transferred": 0, "dist": 0.16822347982696342}}, "_child1": {"label": 16, "event": "S", "reconc": 7, "tstamp": 0.0, "transferred": 0, "dist": 0.31587650668176287}}, "_child1": {"label": 10, "event": "D", "reconc": [4, 7], "tstamp": 0.18878048689520716, "transferred": 0, "dist": 0.36561505514011733, "_child0": {"label": 20, "event": "S", "reconc": 7, "tstamp": 0.0, "transferred": 0, "dist": 0.11702231721152145}, "_child1": {"label": 21, "event": "S", "reconc": 7, "tstamp": 0.0, "transferred": 0, "dist": 0.11702231721152145}}}, "_child1": {"label": 6, "event": "D", "reconc": [4, 6], "tstamp": 0.012447033533831718, "transferred": 0, "dist": 0.8735545053778563, "_child0": {"label": 32, "event": "S", "reconc": 6, "tstamp": 0.0, "transferred": 0, "dist": 0.012425664381632744}, "_child1": {"label": 33, "event": "S", "reconc": 6, "tstamp": 0.0, "transferred": 0, "dist": 0.01415595113273411}}}, "_child1": {"label": 12, "event": "S", "reconc": 9, "tstamp": 0.6344424715870652, "transferred": 0, "dist": 0.30580595447996706, "_child0": {"label": 14, "event": "S", "reconc": 10, "tstamp": 0.0998584926683557, "transferred": 0, "dist": 0.7773524059605215, "_child0": {"label": 22, "event": "S", "reconc": 13, "tstamp": 0.06977598835454998, "transferred": 0, "dist": 0.054575354440293086, "_child0": {"label": 26, "event": "S", "reconc": 14, "tstamp": 0.0, "transferred": 0, "dist": 0.12817012381697712}, "_child1": {"label": 27, "event": "S", "reconc": 15, "tstamp": 0.0, "transferred": 0, "dist": 0.15117326377933105}}, "_child1": {"label": 23, "event": "S", "reconc": 12, "tstamp": 0.0, "transferred": 0, "dist": 0.14779757769781954}}, "_child1": {"label": 15, "event": "S", "reconc": 11, "tstamp": 0.0, "transferred": 0, "dist": 0.8703725385028878}}}, "_child1": {"label": 8, "event": "D", "reconc": [1, 3], "tstamp": 0.37054661069364564, "transferred": 0, "dist": 0.5327385900700121, "_child0": {"label": 18, "event": "D", "reconc": [1, 3], "tstamp": 0.02905102563103503, "transferred": 0, "dist": 0.33298092286840986, "_child0": {"label": 30, "event": "S", "reconc": 3, "tstamp": 0.0, "transferred": 0, "dist": 0.08292340670208036}, "_child1": {"label": 31, "event": "S", "reconc": 3, "tstamp": 0.0, "transferred": 0, "dist": 0.028326683412678154}}, "_child1": {"label": 19, "event": "S", "reconc": 3, "tstamp": 0.0, "transferred": 0, "dist": 0.615003387491852}}}