{"label": 0, "event": null, "tstamp": 1.0, "dist": 0.0, "_child0": {"label": 1, "event": "S", "tstamp": 0.5827800841229481, "dist": 0.4172199158770519, "_child0": {"label": 2, "event": "S", "tstamp": 0.2508954204993417, "dist": 0.3318846636236064, "_child0": {"label": 6, "event": "S", "tstamp": 0.0, "dist": 0.2508954204993417}, "_child1": {"label": 7, "event": "S", "tstamp": 0.06444352555828428, "dist": 0.18645189494105743, "_child0": {"label": 8, "event": "S", "tstamp": 0.0, "dist": 0.06444352555828428}, "_child1": {"label": 9, "event": "S", "tstamp": 0.0, "dist": 0.06444352555828428}}, "_child2": {"label": 5, "event": "S", "tstamp": 0.0, "dist": 0.2508954204993417}}, "_child1": {"label": 3, "event": "S", "tstamp": 0.0, "dist": 0.5827800841229481}}}