{"label": 1, "event": "D", "reconc": [0, 1], "tstamp": 0.906884093697675, "transferred": 0, "dist": 0.0, "_child0": {"label": 2, "event": "S", "reconc": 1, "tstamp": 0.4878026812307011, "transferred": 0, "dist": 0.39576291965578086, "_child0": {"label": 4, "event": "D", "reconc": [1, 3], "tstamp": 0.2602888667247003, "transferred": 0, "dist": 0.41031109408004834, "_child0": {"label": 10, "event": "S", "reconc": 3, "tstamp": 0.23129778567415507, "transferred": 0, "dist": 0.04237350159590078, "_child0": {"label": 26, "event": "S", "reconc": 8, "tstamp": 0.0, "transferred": 0, "dist": 0.34926874561459664}, "_child1": {"label": 15, "event": "S", "reconc": 4, "tstamp": 0.0, "transferred": 0, "dist": 0.6074244364755275}}, "_child1": {"label": 16, "event": "S", "reconc": 5, "tstamp": 0.22737161555734703, "transferred": 0, "dist": 0.04232658612607101, "_child0": {"label": 22, "event": "S", "reconc": 7, "tstamp": 0.22172569027305, "transferred": 0, "dist": 0.006414710365423351, "_child0": {"label": 28, "event": "S", "reconc": 8, "tstamp": 0.0, "transferred": 0, "dist": 0.6002176841606315}, "_child1": {"label": 29, "event": "S", "reconc": 9, "tstamp": 0.0, "transferred": 0, "dist": 0.8068992323944318}}, "_child1": {"label": 23, "event": "S", "reconc": 6, "tstamp": 0.0, "transferred": 0, "dist": 0.7055929230866843}}}, "_child1": {"label": 5, "event": "S", "reconc": 2, "tstamp": 0.0, "transferred": 0, "dist": 0.44112936707274725}}, "_child1": {"label": 6, "event": "S", "reconc": 3, "tstamp": 0.23129778567415507, "transferred": 0, "dist": 0.894602991044481, "_child0": {"label": 12, "event": "S", "reconc": 5, "tstamp": 0.22737161555734703, "transferred": 0, "dist": 0.008071200395637343, "_child0": {"label": 18, "event": "S", "reconc": 7, "tstamp": 0.22172569027305, "transferred": 0, "dist": 0.013152400577416646, "_child0": {"label": 24, "event": "S", "reconc": 8, "tstamp": 0.0, "transferred": 0, "dist": 1.0162381319614529}, "_child1": {"label": 25, "event": "S", "reconc": 9, "tstamp": 0.0, "transferred": 0, "dist": 0.2177984315798859}}, "_child1": {"label": 19, "event": "S", "reconc": 6, "tstamp": 0.0, "transferred": 0, "dist": 0.5483825468557548}}, "_child1": {"label": 13, "event": "S", "reconc": 4, "tstamp": 0.0, "transferred": 0, "dist": 0.46886996836824363}}}