{"label": 3, "event": "D", "reconc": [1, 2], "tstamp": 0.6827045562462697, "transferred": 0, "dist": 0.0, "_child0": {"label": 5, "event": "H", "reconc": [1, 2], "tstamp": 0.5062777273702606, "transferred": 0, "dist": 0.37265453254918823, "_child0": {"label": 6, "event": "S", "reconc": 2, "tstamp": 0.40037661662685364, "transferred": 0, "dist": 0.2236877983464712, "_child0": {"label": 10, "event": "S", "reconc": 9, "tstamp": 0.3596564692470124, "transferred": 0, "dist": 0.04575918861865524, "_child0": {"label": 14, "event": "S", "reconc": 11, "tstamp": 0.08959419714621016, "transferred": 0, "dist": 0.6094683191608333, "_child0": {"label": 31, "event": "H", "reconc": [11, 13], "tstamp": 0.04248735952619017, "transferred": 0, "dist": 0.05250067788531786, "_child0": {"label": 39, "event": "S", "reconc": 14, "tstamp": 0.0, "transferred": 1, "dist": 0.06647825336642094}, "_child1": {"label": 38, "event": "S", "reconc": 13, "tstamp": 0.0, "transferred": 0, "dist": 0.04487038783525862}}, "_child1": {"label": 30, "event": "D", "reconc": [11, 12], "tstamp": 0.0365795298464221, "transferred": 0, "dist": 0.28091962323259234, "_child0": {"label": 42, "event": "S", "reconc": 12, "tstamp": 0.0, "transferred": 0, "dist": 0.0385475058881942}, "_child1": {"label": 43, "event": "S", "reconc": 12, "tstamp": 0.0, "transferred": 0, "dist": 0.09151152373021935}}}, "_child1": {"label": 15, "event": "S", "reconc": 10, "tstamp": 0.0, "transferred": 0, "dist": 0.4410216365280051}}, "_child1": {"label": 11, "event": "H", "reconc": [2, 8], "tstamp": 0.17704155565866292, "transferred": 0, "dist": 0.25745637365328977, "_child0": {"label": 24, "event": "D", "reconc": [2, 8], "tstamp": 0.08116923771389654, "transferred": 0, "dist": 0.11051976883875982, "_child0": {"label": 34, "event": "S", "reconc": 8, "tstamp": 0.0, "transferred": 0, "dist": 0.22710867563140905}, "_child1": {"label": 35, "event": "S", "reconc": 8, "tstamp": 0.0, "transferred": 0, "dist": 0.09591454620013841}}, "_child1": {"label": 25, "event": "S", "reconc": 7, "tstamp": 0.0, "transferred": 1, "dist": 0.25339431127688156}}}, "_child1": {"label": 7, "event": "S", "reconc": 4, "tstamp": 0.0, "transferred": 1, "dist": 0.41581807411565114}}, "_child1": {"label": 4, "event": "S", "reconc": 2, "tstamp": 0.40037661662685364, "transferred": 0, "dist": 0.31256311793052255, "_child0": {"label": 8, "event": "S", "reconc": 9, "tstamp": 0.3596564692470124, "transferred": 0, "dist": 0.045369620855609714, "_child0": {"label": 12, "event": "H", "reconc": [9, 11], "tstamp": 0.32783456839109504, "transferred": 0, "dist": 0.033877804723397575, "_child0": {"label": 17, "event": "D", "reconc": [9, 10], "tstamp": 0.3204956490084879, "transferred": 1, "dist": 0.05349135141272356, "_child0": {"label": 18, "event": "D", "reconc": [9, 10], "tstamp": 0.3203608722582682, "transferred": 0, "dist": 0.00016719287164167435, "_child0": {"label": 20, "event": "S", "reconc": 10, "tstamp": 0.0, "transferred": 0, "dist": 0.4034464691714833}, "_child1": {"label": 21, "event": "S", "reconc": 10, "tstamp": 0.0, "transferred": 0, "dist": 0.7049793509075548}}, "_child1": {"label": 19, "event": "D", "reconc": [9, 10], "tstamp": 0.043852702187463496, "transferred": 0, "dist": 0.8935906601603383, "_child0": {"label": 36, "event": "S", "reconc": 10, "tstamp": 0.0, "transferred": 0, "dist": 0.05500480931330535}, "_child1": {"label": 37, "event": "S", "reconc": 10, "tstamp": 0.0, "transferred": 0, "dist": 0.09259810962716182}}}, "_child1": {"label": 16, "event": "H", "reconc": [9, 11], "tstamp": 0.28902155017734177, "transferred": 0, "dist": 0.04132059419469589, "_child0": {"label": 23, "event": "D", "reconc": [9, 10], "tstamp": 0.1382031931539382, "transferred": 1, "dist": 0.18375957336093313, "_child0": {"label": 27, "event": "D", "reconc": [9, 10], "tstamp": 0.12387857992142816, "transferred": 0, "dist": 0.018232884437976125, "_child0": {"label": 28, "event": "S", "reconc": 10, "tstamp": 0.0, "transferred": 0, "dist": 0.1773514379736404}, "_child1": {"label": 29, "event": "S", "reconc": 10, "tstamp": 0.0, "transferred": 0, "dist": 0.15503163050077648}}, "_child1": {"label": 26, "event": "S", "reconc": 10, "tstamp": 0.0, "transferred": 0, "dist": 0.2156153234788304}}, "_child1": {"label": 32, "event": "S", "reconc": 12, "tstamp": 0.0, "transferred": 0, "dist": 0.3049829222236835}}}, "_child1": {"label": 13, "event": "H", "reconc": [9, 10], "tstamp": 0.040015844014392135, "transferred": 0, "dist": 0.38930418676635087, "_child0": {"label": 41, "event": "S", "reconc": 4, "tstamp": 0.0, "transferred": 1, "dist": 0.06999028626263541}, "_child1": {"label": 40, "event": "S", "reconc": 10, "tstamp": 0.0, "transferred": 0, "dist": 0.04873703272371857}}}, "_child1": {"label": 9, "event": "S", "reconc": 8, "tstamp": 0.0, "transferred": 0, "dist": 0.46103497934498233}}}