{"label": 0, "event": null, "tstamp": 1.0, "dist": 0.0, "_child0": {"label": 1, "event": "S", "tstamp": 0.9450238699107224, "dist": 0.0549761300892776, "_child0": {"label": 3, "event": "S", "tstamp": 0.9176838350431669, "dist": 0.02734003486755554, "_child0": {"label": 5, "event": "S", "tstamp": 0.2695364326985897, "dist": 0.6481474023445772, "_child0": {"label": 6, "event": "S", "tstamp": 0.09248467797996633, "dist": 0.17705175471862333, "_child0": {"label": 8, "event": "S", "tstamp": 0.0, "dist": 0.09248467797996633}, "_child1": {"label": 9, "event": "S", "tstamp": 0.0, "dist": 0.09248467797996633}}, "_child1": {"label": 7, "event": "S", "tstamp": 0.0, "dist": 0.2695364326985897}}, "_child1": {"label": 4, "event": "S", "tstamp": 0.0, "dist": 0.9176838350431669}}, "_child1": {"label": 2, "event": "S", "tstamp": 0.0, "dist": 0.9450238699107224}}}