{"label": 0, "event": null, "tstamp": 1.0, "dist": 0.0, "_child0": {"label": 1, "event": "S", "tstamp": 0.9853143755651127, "dist": 0.014685624434887301, "_child0": {"label": 4, "event": "S", "tstamp": 0.0, "dist": 0.9853143755651127}, "_child1": {"label": 5, "event": "S", "tstamp": 0.34867314824861834, "dist": 0.6366412273164943, "_child0": {"label": 7, "event": "S", "tstamp": 0.1984990495345411, "dist": 0.15017409871407725, "_child0": {"label": 9, "event": "S", "tstamp": 0.151942006034517, "dist": 0.0465570435000241, "_child0": {"label": 11, "event": "S", "tstamp": 0.05420921183709855, "dist": 0.09773279419741844, "_child0": {"label": 13, "event": "S", "tstamp": 0.03151183593384933, "dist": 0.022697375903249217, "_child0": {"label": 14, "event": "S", "tstamp": 0.0, "dist": 0.03151183593384933}, "_child1": {"label": 15, "event": "S", "tstamp": 0.0, "dist": 0.03151183593384933}}, "_child1": {"label": 12, "event": "S", "tstamp": 0.0, "dist": 0.05420921183709855}}, "_child1": {"label": 10, "event": "S", "tstamp": 0.0, "dist": 0.151942006034517}}, "_child1": {"label": 8, "event": "S", "tstamp": 0.0, "dist": 0.1984990495345411}}, "_child1": {"label": 6, "event": "S", "tstamp": 0.0, "dist": 0.34867314824861834}}, "_child2": {"label": 2, "event": "S", "tstamp": 0.0, "dist": 0.9853143755651127}}}