{"label": 0, "event": null, "tstamp": 1.0, "dist": 0.0, "_child0": {"label": 1, "event": "S", "tstamp": 0.8931191699749266, "dist": 0.10688083002507343, "_child0": {"label": 3, "event": "S", "tstamp": 0.7747744724899789, "dist": 0.11834469748494769, "_child0": {"label": 5, "event": "S", "tstamp": 0.7157119556176568, "dist": 0.05906251687232211, "_child0": {"label": 7, "event": "S", "tstamp": 0.4388900058665502, "dist": 0.2768219497511066, "_child0": {"label": 13, "event": "S", "tstamp": 0.0, "dist": 0.4388900058665502}, "_child1": {"label": 12, "event": "S", "tstamp": 0.3340081934020836, "dist": 0.1048818124644666, "_child0": {"label": 15, "event": "S", "tstamp": 0.28582961371502064, "dist": 0.04817857968706296, "_child0": {"label": 16, "event": "S", "tstamp": 0.283600064170845, "dist": 0.0022295495441756463, "_child0": {"label": 19, "event": "S", "tstamp": 0.2729521616432766, "dist": 0.010647902527568365, "_child0": {"label": 20, "event": "S", "tstamp": 0.0853168645887855, "dist": 0.1876352970544911, "_child0": {"label": 23, "event": "S", "tstamp": 0.0656589518985135, "dist": 0.019657912690271992, "_child0": {"label": 24, "event": "S", "tstamp": 0.0, "dist": 0.0656589518985135}, "_child1": {"label": 25, "event": "S", "tstamp": 0.0, "dist": 0.0656589518985135}}, "_child1": {"label": 22, "event": "S", "tstamp": 0.0, "dist": 0.0853168645887855}}, "_child1": {"label": 21, "event": "S", "tstamp": 0.0, "dist": 0.2729521616432766}}, "_child1": {"label": 18, "event": "S", "tstamp": 0.0, "dist": 0.283600064170845}}, "_child1": {"label": 17, "event": "S", "tstamp": 0.0, "dist": 0.28582961371502064}}, "_child1": {"label": 14, "event": "S", "tstamp": 0.0, "dist": 0.3340081934020836}}, "_child2": {"label": 10, "event": "S", "tstamp": 0.0, "dist": 0.4388900058665502}}, "_child1": {"label": 6, "event": "S", "tstamp": 0.0, "dist": 0.7157119556176568}}, "_child1": {"label": 4, "event": "S", "tstamp": 0.0, "dist": 0.7747744724899789}}, "_child1": {"label": 2, "event": "S", "tstamp": 0.6955595416613153, "dist": 0.1975596283136113, "_child0": {"label": 8, "event": "S", "tstamp": 0.0, "dist": 0.6955595416613153}, "_child1": {"label": 9, "event": "S", "tstamp": 0.0, "dist": 0.6955595416613153}}}}