{"label": 0, "event": null, "tstamp": 1.0, "dist": 0.0, "_child0": {"label": 1, "event": "S", "tstamp": 0.959983876603856, "dist": 0.04001612339614402, "_child0": {"label": 2, "event": "S", "tstamp": 0.922578318691005, "dist": 0.03740555791285094, "_child0": {"label": 4, "event": "S", "tstamp": 0.6197074900097038, "dist": 0.3028708286813012, "_child0": {"label": 6, "event": "S", "tstamp": 0.0, "dist": 0.6197074900097038}, "_child1": {"label": 7, "event": "S", "tstamp": 0.0, "dist": 0.6197074900097038}}, "_child1": {"label": 5, "event": "S", "tstamp": 0.0, "dist": 0.922578318691005}}, "_child1": {"label": 3, "event": "S", "tstamp": 0.5072453201817272, "dist": 0.4527385564221288, "_child0": {"label": 9, "event": "S", "tstamp": 0.39692862222892294, "dist": 0.11031669795280424, "_child0": {"label": 12, "event": "S", "tstamp": 0.12596325301503425, "dist": 0.2709653692138887, "_child0": {"label": 17, "event": "S", "tstamp": 0.07457940047027739, "dist": 0.05138385254475686, "_child0": {"label": 18, "event": "S", "tstamp": 0.0, "dist": 0.07457940047027739}, "_child1": {"label": 19, "event": "S", "tstamp": 0.0, "dist": 0.07457940047027739}}, "_child1": {"label": 16, "event": "S", "tstamp": 0.0, "dist": 0.12596325301503425}}, "_child1": {"label": 13, "event": "S", "tstamp": 0.18343627672081014, "dist": 0.2134923455081128, "_child0": {"label": 14, "event": "S", "tstamp": 0.0, "dist": 0.18343627672081014}, "_child1": {"label": 15, "event": "S", "tstamp": 0.0, "dist": 0.18343627672081014}}, "_child2": {"label": 10, "event": "S", "tstamp": 0.0, "dist": 0.39692862222892294}}, "_child1": {"label": 8, "event": "S", "tstamp": 0.0, "dist": 0.5072453201817272}}}}