{"label": 1, "event": "D", "reconc": [0, 1], "tstamp": 0.978547479674305, "transferred": 0, "dist": 0.0, "_child0": {"label": 16, "event": "S", "reconc": 5, "tstamp": 0.33693017420286325, "transferred": 0, "dist": 0.787393917802247, "_child0": {"label": 32, "event": "S", "reconc": 12, "tstamp": 0.0, "transferred": 0, "dist": 0.7678453448598505}, "_child1": {"label": 25, "event": "S", "reconc": 10, "tstamp": 0.0, "transferred": 0, "dist": 0.35375756826155363}}, "_child1": {"label": 3, "event": "S", "reconc": 1, "tstamp": 0.9018560586590394, "transferred": 0, "dist": 0.11051496039468856, "_child0": {"label": 12, "event": "S", "reconc": 9, "tstamp": 0.0, "transferred": 0, "dist": 0.7553411901690396}, "_child1": {"label": 8, "event": "D", "reconc": [1, 2], "tstamp": 0.7936131899665079, "transferred": 0, "dist": 0.21830015179743872, "_child0": {"label": 14, "event": "S", "reconc": 2, "tstamp": 0.6311831260830288, "transferred": 0, "dist": 0.22003195204190004, "_child0": {"label": 26, "event": "D", "reconc": [5, 11], "tstamp": 0.2368774580909092, "transferred": 0, "dist": 0.5456349532148629, "_child0": {"label": 30, "event": "S", "reconc": 11, "tstamp": 0.23418523643902772, "transferred": 0, "dist": 0.007963554113034335, "_child0": {"label": 37, "event": "D", "reconc": [11, 13], "tstamp": 0.16440020070918246, "transferred": 0, "dist": 0.15219802898393497, "_child0": {"label": 40, "event": "S", "reconc": 13, "tstamp": 0.0, "transferred": 0, "dist": 0.1823790602702317}, "_child1": {"label": 41, "event": "S", "reconc": 13, "tstamp": 0.0, "transferred": 0, "dist": 0.19172597609188274}}, "_child1": {"label": 36, "event": "S", "reconc": 12, "tstamp": 0.0, "transferred": 0, "dist": 0.25188337766499475}}, "_child1": {"label": 38, "event": "S", "reconc": 12, "tstamp": 0.0, "transferred": 0, "dist": 0.25770719891574734}}, "_child1": {"label": 19, "event": "S", "reconc": 4, "tstamp": 0.0, "transferred": 0, "dist": 0.8911562376309681}}, "_child1": {"label": 15, "event": "S", "reconc": 2, "tstamp": 0.6311831260830288, "transferred": 0, "dist": 0.18080963220084154, "_child0": {"label": 22, "event": "S", "reconc": 5, "tstamp": 0.33693017420286325, "transferred": 0, "dist": 0.3777379878985099, "_child0": {"label": 28, "event": "S", "reconc": 11, "tstamp": 0.23418523643902772, "transferred": 0, "dist": 0.21523359075860216, "_child0": {"label": 34, "event": "S", "reconc": 12, "tstamp": 0.0, "transferred": 0, "dist": 0.6451330306302491}, "_child1": {"label": 35, "event": "S", "reconc": 13, "tstamp": 0.0, "transferred": 0, "dist": 0.22233916967514833}}, "_child1": {"label": 29, "event": "S", "reconc": 10, "tstamp": 0.0, "transferred": 0, "dist": 0.6935020568831173}}, "_child1": {"label": 21, "event": "S", "reconc": 4, "tstamp": 0.0, "transferred": 0, "dist": 0.5595953231112262}}}, "_child2": {"label": 11, "event": "S", "reconc": 8, "tstamp": 0.018655164675697465, "transferred": 0, "dist": 1.0005219347257126, "_child0": {"label": 42, "event": "S", "reconc": 14, "tstamp": 0.0, "transferred": 0, "dist": 0.023425277919097612}, "_child1": {"label": 43, "event": "S", "reconc": 15, "tstamp": 0.0, "transferred": 0, "dist": 0.02490060050028523}}, "_child3": {"label": 9, "event": "S", "reconc": 6, "tstamp": 0.0, "transferred": 0, "dist": 0.922946107529482}}}