{"label": 0, "event": null, "tstamp": 1.0, "dist": 0.0, "_child0": {"label": 1, "event": "S", "tstamp": 0.6277548543164143, "dist": 0.3722451456835857, "_child0": {"label": 3, "event": "S", "tstamp": 0.4749342554135239, "dist": 0.1528205989028904, "_child0": {"label": 5, "event": "S", "tstamp": 0.16255464657516902, "dist": 0.3123796088383549, "_child0": {"label": 6, "event": "S", "tstamp": 0.0, "dist": 0.16255464657516902}, "_child1": {"label": 7, "event": "S", "tstamp": 0.0, "dist": 0.16255464657516902}}, "_child1": {"label": 4, "event": "S", "tstamp": 0.03000185822204317, "dist": 0.44493239719148076, "_child0": {"label": 8, "event": "S", "tstamp": 0.0, "dist": 0.03000185822204317}, "_child1": {"label": 9, "event": "S", "tstamp": 0.0, "dist": 0.03000185822204317}}}, "_child1": {"label": 2, "event": "S", "tstamp": 0.0, "dist": 0.6277548543164143}}}