{"label": 0, "event": null, "tstamp": 1.0, "dist": 0.0, "_child0": {"label": 1, "event": "S", "tstamp": 0.6111531836396853, "dist": 0.3888468163603147, "_child0": {"label": 5, "event": "S", "tstamp": 0.0, "dist": 0.6111531836396853}, "_child1": {"label": 11, "event": "S", "tstamp": 0.0, "dist": 0.6111531836396853}, "_child2": {"label": 10, "event": "S", "tstamp": 0.0, "dist": 0.6111531836396853}, "_child3": {"label": 6, "event": "S", "tstamp": 0.17831354583570264, "dist": 0.43283963780398266, "_child0": {"label": 13, "event": "S", "tstamp": 0.11285458119389091, "dist": 0.06545896464181172, "_child0": {"label": 14, "event": "S", "tstamp": 0.06818098696437902, "dist": 0.04467359422951189, "_child0": {"label": 19, "event": "S", "tstamp": 0.0, "dist": 0.06818098696437902}, "_child1": {"label": 18, "event": "S", "tstamp": 0.0, "dist": 0.06818098696437902}, "_child2": {"label": 16, "event": "S", "tstamp": 0.0, "dist": 0.06818098696437902}}, "_child1": {"label": 15, "event": "S", "tstamp": 0.0, "dist": 0.11285458119389091}}, "_child1": {"label": 12, "event": "S", "tstamp": 0.0, "dist": 0.17831354583570264}}, "_child4": {"label": 7, "event": "S", "tstamp": 0.21203787753076048, "dist": 0.3991153061089248, "_child0": {"label": 8, "event": "S", "tstamp": 0.0, "dist": 0.21203787753076048}, "_child1": {"label": 9, "event": "S", "tstamp": 0.0, "dist": 0.21203787753076048}}}}