{"label": 1, "event": "S", "reconc": 1, "tstamp": 0.7466569725169411, "transferred": 0, "dist": 0.0, "_child0": {"label": 2, "event": "S", "reconc": 3, "tstamp": 0.48176315234279654, "transferred": 0, "dist": 0.2653684345870892, "_child0": {"label": 5, "event": "D", "reconc": [3, 4], "tstamp": 0.35385590597538774, "transferred": 0, "dist": 0.1267987285070922, "_child0": {"label": 6, "event": "H", "reconc": [3, 4], "tstamp": 0.2734750862703281, "transferred": 0, "dist": 0.0796841932292304, "_child0": {"label": 8, "event": "S", "reconc": 4, "tstamp": 0.0, "transferred": 0, "dist": 0.2711049936751714}, "_child1": {"label": 9, "event": "S", "reconc": 2, "tstamp": 0.0, "transferred": 1, "dist": 0.5689291920585103}}, "_child1": {"label": 7, "event": "S", "reconc": 4, "tstamp": 0.0, "transferred": 0, "dist": 0.3528363222969893}}, "_child1": {"label": 4, "event": "S", "reconc": 5, "tstamp": 0.2462504238412036, "transferred": 0, "dist": 0.30065531103721993, "_child0": {"label": 11, "event": "H", "reconc": [5, 7], "tstamp": 0.24024523014590146, "transferred": 0, "dist": 0.00823381090921662, "_child0": {"label": 12, "event": "H", "reconc": [5, 7], "tstamp": 0.07168866759991352, "transferred": 0, "dist": 0.2311104243976232, "_child0": {"label": 14, "event": "S", "reconc": 7, "tstamp": 0.0, "transferred": 0, "dist": 0.09829340455964651}, "_child1": {"label": 15, "event": "S", "reconc": 4, "tstamp": 0.0, "transferred": 1, "dist": 0.1121019753924701}}, "_child1": {"label": 13, "event": "S", "reconc": 4, "tstamp": 0.0, "transferred": 1, "dist": 0.24761123099527993}}, "_child1": {"label": 10, "event": "S", "reconc": 6, "tstamp": 0.06086106884059387, "transferred": 0, "dist": 0.25324462744535675, "_child0": {"label": 17, "event": "D", "reconc": [6, 9], "tstamp": 0.021729044219836333, "transferred": 0, "dist": 0.049149690428160454, "_child0": {"label": 18, "event": "S", "reconc": 9, "tstamp": 0.0, "transferred": 0, "dist": 0.027291605968638243}, "_child1": {"label": 19, "event": "S", "reconc": 9, "tstamp": 0.0, "transferred": 0, "dist": 0.027291605968638243}}, "_child1": {"label": 16, "event": "S", "reconc": 8, "tstamp": 0.0, "transferred": 0, "dist": 0.07558578236530067}}}}, "_child1": {"label": 3, "event": "S", "reconc": 2, "tstamp": 0.0, "transferred": 0, "dist": 0.7203221359604723}}