{"label": 0, "event": null, "tstamp": 1.0, "dist": 0.0, "_child0": {"label": 1, "event": "S", "tstamp": 0.9357151652950523, "dist": 0.06428483470494772, "_child0": {"label": 2, "event": "S", "tstamp": 0.7681654042140115, "dist": 0.1675497610810408, "_child0": {"label": 5, "event": "S", "tstamp": 0.704713647936779, "dist": 0.06345175627723243, "_child0": {"label": 9, "event": "S", "tstamp": 0.0, "dist": 0.704713647936779}, "_child1": {"label": 19, "event": "S", "tstamp": 0.0, "dist": 0.704713647936779}, "_child2": {"label": 18, "event": "S", "tstamp": 0.0, "dist": 0.704713647936779}, "_child3": {"label": 6, "event": "S", "tstamp": 0.0, "dist": 0.704713647936779}}, "_child1": {"label": 4, "event": "S", "tstamp": 0.0, "dist": 0.7681654042140115}}, "_child1": {"label": 3, "event": "S", "tstamp": 0.583710631188053, "dist": 0.3520045341069993, "_child0": {"label": 11, "event": "S", "tstamp": 0.37354430247708237, "dist": 0.21016632871097063, "_child0": {"label": 12, "event": "S", "tstamp": 0.0, "dist": 0.37354430247708237}, "_child1": {"label": 13, "event": "S", "tstamp": 0.0, "dist": 0.37354430247708237}}, "_child1": {"label": 10, "event": "S", "tstamp": 0.21400637800383832, "dist": 0.3697042531842147, "_child0": {"label": 15, "event": "S", "tstamp": 0.019949961890921512, "dist": 0.1940564161129168, "_child0": {"label": 16, "event": "S", "tstamp": 0.0, "dist": 0.019949961890921512}, "_child1": {"label": 17, "event": "S", "tstamp": 0.0, "dist": 0.019949961890921512}}, "_child1": {"label": 14, "event": "S", "tstamp": 0.0, "dist": 0.21400637800383832}}}}}