{"label": 0, "event": null, "tstamp": 1.0, "dist": 0.0, "_child0": {"label": 1, "event": "S", "tstamp": 0.8358129128430405, "dist": 0.1641870871569595, "_child0": {"label": 3, "event": "S", "tstamp": 0.8322822445472746, "dist": 0.003530668295765871, "_child0": {"label": 6, "event": "S", "tstamp": 0.0, "dist": 0.8322822445472746}, "_child1": {"label": 7, "event": "S", "tstamp": 0.5789561559692725, "dist": 0.2533260885780021, "_child0": {"label": 13, "event": "S", "tstamp": 0.5124846731683014, "dist": 0.06647148280097115, "_child0": {"label": 14, "event": "S", "tstamp": 0.0, "dist": 0.5124846731683014}, "_child1": {"label": 15, "event": "S", "tstamp": 0.0, "dist": 0.5124846731683014}}, "_child1": {"label": 12, "event": "S", "tstamp": 0.0, "dist": 0.5789561559692725}}, "_child2": {"label": 4, "event": "S", "tstamp": 0.6309320603507999, "dist": 0.20135018419647477, "_child0": {"label": 9, "event": "S", "tstamp": 0.6263763213177129, "dist": 0.004555739033086925, "_child0": {"label": 11, "event": "S", "tstamp": 0.11369088755058183, "dist": 0.512685433767131, "_child0": {"label": 19, "event": "S", "tstamp": 0.06508027880989567, "dist": 0.048610608740686165, "_child0": {"label": 20, "event": "S", "tstamp": 0.0, "dist": 0.06508027880989567}, "_child1": {"label": 21, "event": "S", "tstamp": 0.0, "dist": 0.06508027880989567}}, "_child1": {"label": 18, "event": "S", "tstamp": 0.047448630031998854, "dist": 0.06624225751858298, "_child0": {"label": 25, "event": "S", "tstamp": 0.0, "dist": 0.047448630031998854}, "_child1": {"label": 24, "event": "S", "tstamp": 0.0, "dist": 0.047448630031998854}, "_child2": {"label": 22, "event": "S", "tstamp": 0.0, "dist": 0.047448630031998854}}}, "_child1": {"label": 10, "event": "S", "tstamp": 0.0, "dist": 0.6263763213177129}}, "_child1": {"label": 8, "event": "S", "tstamp": 0.0, "dist": 0.6309320603507999}}}, "_child1": {"label": 2, "event": "S", "tstamp": 0.4826194867885771, "dist": 0.3531934260544634, "_child0": {"label": 16, "event": "S", "tstamp": 0.0, "dist": 0.4826194867885771}, "_child1": {"label": 17, "event": "S", "tstamp": 0.0, "dist": 0.4826194867885771}}}}