{"label": 1, "event": "D", "reconc": [0, 1], "tstamp": 0.8731407463663132, "transferred": 0, "dist": 0.0, "_child0": {"label": 4, "event": "S", "reconc": 3, "tstamp": 0.8322822445472746, "transferred": 0, "dist": 0.14503646622337008, "_child0": {"label": 10, "event": "S", "reconc": 4, "tstamp": 0.6309320603507999, "transferred": 0, "dist": 0.24005408768358, "_child0": {"label": 18, "event": "D", "reconc": [9, 11], "tstamp": 0.5633896351887189, "transferred": 0, "dist": 0.3673951255897252, "_child0": {"label": 40, "event": "S", "reconc": 11, "tstamp": 0.11369088755058183, "transferred": 0, "dist": 0.6389716468363984, "_child0": {"label": 48, "event": "S", "reconc": 19, "tstamp": 0.06508027880989567, "transferred": 0, "dist": 0.17293667909748683, "_child0": {"label": 56, "event": "S", "reconc": 20, "tstamp": 0.0, "transferred": 0, "dist": 0.20564373696028837}, "_child1": {"label": 57, "event": "S", "reconc": 21, "tstamp": 0.0, "transferred": 0, "dist": 0.2114439175030519}}, "_child1": {"label": 49, "event": "S", "reconc": 18, "tstamp": 0.047448630031998854, "transferred": 0, "dist": 0.2578090714787388, "_child0": {"label": 65, "event": "S", "reconc": 25, "tstamp": 0.0, "transferred": 0, "dist": 0.0905728529031131}, "_child1": {"label": 66, "event": "S", "reconc": 24, "tstamp": 0.0, "transferred": 0, "dist": 0.09434260398551093}, "_child2": {"label": 67, "event": "S", "reconc": 22, "tstamp": 0.0, "transferred": 0, "dist": 0.13011913621721827}}}, "_child1": {"label": 28, "event": "D", "reconc": [9, 11], "tstamp": 0.12700924764264065, "transferred": 0, "dist": 0.766524983146692, "_child0": {"label": 44, "event": "S", "reconc": 11, "tstamp": 0.11369088755058183, "transferred": 0, "dist": 0.0291189087538571, "_child0": {"label": 50, "event": "S", "reconc": 19, "tstamp": 0.06508027880989567, "transferred": 0, "dist": 0.4141634462574706, "_child0": {"label": 58, "event": "S", "reconc": 20, "tstamp": 0.0, "transferred": 0, "dist": 0.09474283224417633}, "_child1": {"label": 59, "event": "S", "reconc": 21, "tstamp": 0.0, "transferred": 0, "dist": 0.14336917660225085}}, "_child1": {"label": 51, "event": "S", "reconc": 18, "tstamp": 0.047448630031998854, "transferred": 0, "dist": 0.1266152555470877, "_child0": {"label": 68, "event": "S", "reconc": 25, "tstamp": 0.0, "transferred": 0, "dist": 0.1306678238314583}, "_child1": {"label": 69, "event": "S", "reconc": 24, "tstamp": 0.0, "transferred": 0, "dist": 0.21721217306296128}, "_child2": {"label": 70, "event": "S", "reconc": 22, "tstamp": 0.0, "transferred": 0, "dist": 0.2629058120701271}}}, "_child1": {"label": 45, "event": "S", "reconc": 11, "tstamp": 0.11369088755058183, "transferred": 0, "dist": 0.019565889829439197, "_child0": {"label": 52, "event": "S", "reconc": 19, "tstamp": 0.06508027880989567, "transferred": 0, "dist": 0.07605402382241754, "_child0": {"label": 60, "event": "S", "reconc": 20, "tstamp": 0.0, "transferred": 0, "dist": 0.09701120314439592}, "_child1": {"label": 61, "event": "S", "reconc": 21, "tstamp": 0.0, "transferred": 0, "dist": 0.12182070894761068}}, "_child1": {"label": 53, "event": "S", "reconc": 18, "tstamp": 0.047448630031998854, "transferred": 0, "dist": 0.16365194087403595, "_child0": {"label": 71, "event": "S", "reconc": 25, "tstamp": 0.0, "transferred": 0, "dist": 0.1518743297515494}, "_child1": {"label": 72, "event": "S", "reconc": 24, "tstamp": 0.0, "transferred": 0, "dist": 0.14154127386637724}, "_child2": {"label": 73, "event": "S", "reconc": 22, "tstamp": 0.0, "transferred": 0, "dist": 0.1468286674626822}}}}}, "_child1": {"label": 15, "event": "S", "reconc": 8, "tstamp": 0.0, "transferred": 0, "dist": 0.57010645189747}}, "_child1": {"label": 30, "event": "S", "reconc": 6, "tstamp": 0.0, "transferred": 0, "dist": 2.901977763038617}}, "_child1": {"label": 6, "event": "S", "reconc": 3, "tstamp": 0.8322822445472746, "transferred": 0, "dist": 0.042367177235825754, "_child0": {"label": 13, "event": "S", "reconc": 4, "tstamp": 0.6309320603507999, "transferred": 0, "dist": 0.22831151597123045, "_child0": {"label": 20, "event": "S", "reconc": 11, "tstamp": 0.11369088755058183, "transferred": 0, "dist": 0.7295256783973855, "_child0": {"label": 46, "event": "S", "reconc": 19, "tstamp": 0.06508027880989567, "transferred": 0, "dist": 0.0749438508686265, "_child0": {"label": 54, "event": "S", "reconc": 20, "tstamp": 0.0, "transferred": 0, "dist": 0.09472881575596882}, "_child1": {"label": 55, "event": "S", "reconc": 21, "tstamp": 0.0, "transferred": 0, "dist": 0.09529701139913908}}, "_child1": {"label": 47, "event": "S", "reconc": 18, "tstamp": 0.047448630031998854, "transferred": 0, "dist": 0.11496147483277117, "_child0": {"label": 62, "event": "S", "reconc": 25, "tstamp": 0.0, "transferred": 0, "dist": 0.08640175672358306}, "_child1": {"label": 64, "event": "S", "reconc": 22, "tstamp": 0.0, "transferred": 0, "dist": 0.09094363385957285}}}, "_child1": {"label": 17, "event": "S", "reconc": 8, "tstamp": 0.0, "transferred": 0, "dist": 0.5699028997057247}}, "_child1": {"label": 37, "event": "D", "reconc": [13, 15], "tstamp": 0.27188131683444816, "transferred": 1, "dist": 2.294683324466607, "_child0": {"label": 42, "event": "S", "reconc": 15, "tstamp": 0.0, "transferred": 0, "dist": 0.7094572581643274}, "_child1": {"label": 43, "event": "S", "reconc": 15, "tstamp": 0.0, "transferred": 0, "dist": 0.25673093700798555}}, "_child2": {"label": 11, "event": "S", "reconc": 6, "tstamp": 0.0, "transferred": 0, "dist": 0.7979336974210879}}}