{"label": 0, "event": null, "tstamp": 1.0, "dist": 0.0, "_child0": {"label": 1, "event": "S", "tstamp": 0.9858839299402169, "dist": 0.014116070059783103, "_child0": {"label": 4, "event": "S", "tstamp": 0.0, "dist": 0.9858839299402169}, "_child1": {"label": 5, "event": "S", "tstamp": 0.7195487044336788, "dist": 0.2663352255065381, "_child0": {"label": 6, "event": "S", "tstamp": 0.6956081113469545, "dist": 0.02394059308672425, "_child0": {"label": 9, "event": "S", "tstamp": 0.6090907584176277, "dist": 0.08651735292932683, "_child0": {"label": 11, "event": "S", "tstamp": 0.3767665978688886, "dist": 0.2323241605487391, "_child0": {"label": 12, "event": "S", "tstamp": 0.0, "dist": 0.3767665978688886}, "_child1": {"label": 13, "event": "S", "tstamp": 0.0, "dist": 0.3767665978688886}}, "_child1": {"label": 15, "event": "S", "tstamp": 0.0, "dist": 0.6090907584176277}, "_child2": {"label": 14, "event": "S", "tstamp": 0.0, "dist": 0.6090907584176277}}, "_child1": {"label": 8, "event": "S", "tstamp": 0.0, "dist": 0.6956081113469545}}, "_child1": {"label": 7, "event": "S", "tstamp": 0.0, "dist": 0.7195487044336788}}, "_child2": {"label": 2, "event": "S", "tstamp": 0.0, "dist": 0.9858839299402169}}}