{"label": 1, "event": "S", "reconc": 1, "tstamp": 0.8923851489470921, "transferred": 0, "dist": 0.0, "_child0": {"label": 3, "event": "D", "reconc": [1, 2], "tstamp": 0.866906093762809, "transferred": 0, "dist": 0.019808270157935376, "_child0": {"label": 38, "event": "S", "reconc": 12, "tstamp": 0.0, "transferred": 0, "dist": 0.634098852853584}, "_child1": {"label": 5, "event": "S", "reconc": 2, "tstamp": 0.4349656246322782, "transferred": 0, "dist": 0.33580497560838624, "_child0": {"label": 45, "event": "S", "reconc": 13, "tstamp": 0.0, "transferred": 0, "dist": 0.4059303546023209}, "_child1": {"label": 40, "event": "S", "reconc": 12, "tstamp": 0.0, "transferred": 0, "dist": 0.29829387724519774}}}, "_child1": {"label": 6, "event": "D", "reconc": [3, 5], "tstamp": 0.7918894933579743, "transferred": 0, "dist": 0.09202188675546309, "_child0": {"label": 8, "event": "S", "reconc": 5, "tstamp": 0.7675162512126236, "transferred": 0, "dist": 0.021485386600950552, "_child0": {"label": 14, "event": "S", "reconc": 6, "tstamp": 0.13534832233204006, "transferred": 0, "dist": 0.8329695536227597, "_child0": {"label": 60, "event": "S", "reconc": 23, "tstamp": 0.09858549626011842, "transferred": 0, "dist": 0.062464942031852246, "_child0": {"label": 66, "event": "S", "reconc": 24, "tstamp": 0.0, "transferred": 0, "dist": 0.08457785790421833}, "_child1": {"label": 67, "event": "S", "reconc": 25, "tstamp": 0.0, "transferred": 0, "dist": 0.24458098895378844}}, "_child1": {"label": 61, "event": "S", "reconc": 22, "tstamp": 0.0, "transferred": 0, "dist": 0.30454565641983344}}, "_child1": {"label": 18, "event": "S", "reconc": 9, "tstamp": 0.5090271412570355, "transferred": 0, "dist": 0.24004041758718897, "_child0": {"label": 28, "event": "S", "reconc": 10, "tstamp": 0.0, "transferred": 0, "dist": 0.44415213376924834}, "_child1": {"label": 29, "event": "S", "reconc": 11, "tstamp": 0.0, "transferred": 0, "dist": 0.7191692505892128}}}, "_child1": {"label": 9, "event": "S", "reconc": 5, "tstamp": 0.7675162512126236, "transferred": 0, "dist": 0.021485386600950552, "_child0": {"label": 12, "event": "S", "reconc": 7, "tstamp": 0.6388315416267191, "transferred": 0, "dist": 0.11723479046062656, "_child0": {"label": 20, "event": "D", "reconc": [7, 9], "tstamp": 0.5764467361354765, "transferred": 0, "dist": 0.05902115136082839, "_child0": {"label": 22, "event": "D", "reconc": [7, 9], "tstamp": 0.5377235412160474, "transferred": 0, "dist": 0.05856588029252395, "_child0": {"label": 35, "event": "D", "reconc": [9, 11], "tstamp": 0.038557514760690824, "transferred": 0, "dist": 0.699728177712048, "_child0": {"label": 70, "event": "S", "reconc": 11, "tstamp": 0.0, "transferred": 0, "dist": 0.2643326136111989}, "_child1": {"label": 71, "event": "S", "reconc": 11, "tstamp": 0.0, "transferred": 0, "dist": 0.11306998448489912}}, "_child1": {"label": 37, "event": "S", "reconc": 11, "tstamp": 0.0, "transferred": 0, "dist": 0.755990208982002}}, "_child1": {"label": 23, "event": "S", "reconc": 9, "tstamp": 0.5090271412570355, "transferred": 0, "dist": 0.0903853334256732, "_child0": {"label": 30, "event": "S", "reconc": 10, "tstamp": 0.0, "transferred": 0, "dist": 0.5872407964883231}, "_child1": {"label": 31, "event": "S", "reconc": 11, "tstamp": 0.0, "transferred": 0, "dist": 0.8598730539892968}}}, "_child1": {"label": 21, "event": "S", "reconc": 8, "tstamp": 0.41323875540293437, "transferred": 0, "dist": 0.21545426350179583, "_child0": {"label": 42, "event": "S", "reconc": 15, "tstamp": 0.39392676959357553, "transferred": 0, "dist": 0.01863261725425551, "_child0": {"label": 55, "event": "S", "reconc": 11, "tstamp": 0.0, "transferred": 1, "dist": 0.6041080118882131}, "_child1": {"label": 46, "event": "S", "reconc": 16, "tstamp": 0.0, "transferred": 0, "dist": 0.3322305707709947}}, "_child1": {"label": 43, "event": "S", "reconc": 14, "tstamp": 0.3017473198992007, "transferred": 0, "dist": 0.09783982257940017, "_child0": {"label": 50, "event": "S", "reconc": 19, "tstamp": 0.17165744566545718, "transferred": 0, "dist": 0.11080235484137983, "_child0": {"label": 58, "event": "S", "reconc": 20, "tstamp": 0.0, "transferred": 0, "dist": 0.15297212148428868}, "_child1": {"label": 59, "event": "S", "reconc": 21, "tstamp": 0.0, "transferred": 0, "dist": 0.1453317881941817}}, "_child1": {"label": 51, "event": "S", "reconc": 18, "tstamp": 0.0, "transferred": 0, "dist": 0.2656364881111916}}}}, "_child1": {"label": 13, "event": "H", "reconc": [5, 6], "tstamp": 0.5502254587758126, "transferred": 0, "dist": 0.19808083037687266, "_child0": {"label": 25, "event": "S", "reconc": 9, "tstamp": 0.5090271412570355, "transferred": 1, "dist": 0.10816557891540096, "_child0": {"label": 33, "event": "H", "reconc": [9, 11], "tstamp": 0.3353910073022234, "transferred": 0, "dist": 0.7644918203088831, "_child0": {"label": 49, "event": "D", "reconc": [2, 13], "tstamp": 0.2498380665338858, "transferred": 1, "dist": 0.06365736729819288, "_child0": {"label": 52, "event": "D", "reconc": [2, 13], "tstamp": 0.11570369649185878, "transferred": 0, "dist": 0.28792969964359055, "_child0": {"label": 64, "event": "S", "reconc": 13, "tstamp": 0.0, "transferred": 0, "dist": 0.263960394679759}, "_child1": {"label": 65, "event": "S", "reconc": 13, "tstamp": 0.0, "transferred": 0, "dist": 0.14077158778967494}}, "_child1": {"label": 53, "event": "S", "reconc": 13, "tstamp": 0.0, "transferred": 0, "dist": 0.6069890327232941}}, "_child1": {"label": 57, "event": "S", "reconc": 12, "tstamp": 0.0, "transferred": 1, "dist": 0.7574780591653321}}, "_child1": {"label": 32, "event": "S", "reconc": 10, "tstamp": 0.0, "transferred": 0, "dist": 1.4328011717900269}}, "_child1": {"label": 24, "event": "S", "reconc": 6, "tstamp": 0.13534832233204006, "transferred": 0, "dist": 0.3781992175994278, "_child0": {"label": 69, "event": "S", "reconc": 25, "tstamp": 0.0, "transferred": 0, "dist": 0.11438651724537732}, "_child1": {"label": 63, "event": "S", "reconc": 22, "tstamp": 0.0, "transferred": 0, "dist": 0.13465351846656787}}}}}}