{"label": 1, "event": "S", "reconc": 1, "tstamp": 0.9696854270577266, "transferred": 0, "dist": 0.0, "_child0": {"label": 5, "event": "S", "reconc": 5, "tstamp": 0.0, "transferred": 0, "dist": 1.4726799883353612}, "_child1": {"label": 3, "event": "D", "reconc": [1, 3], "tstamp": 0.8615200650250795, "transferred": 0, "dist": 0.10711307956749042, "_child0": {"label": 6, "event": "S", "reconc": 3, "tstamp": 0.8612261330430255, "transferred": 0, "dist": 0.0002910724763411196, "_child0": {"label": 8, "event": "S", "reconc": 7, "tstamp": 0.8431651658094206, "transferred": 0, "dist": 0.017741733326078243, "_child0": {"label": 16, "event": "S", "reconc": 11, "tstamp": 0.7061970921014569, "transferred": 0, "dist": 0.1358593249853677, "_child0": {"label": 24, "event": "S", "reconc": 12, "tstamp": 0.5415612987478469, "transferred": 0, "dist": 0.15647004570743006, "_child0": {"label": 31, "event": "H", "reconc": [12, 17], "tstamp": 0.534486579567996, "transferred": 0, "dist": 0.00542740984185924, "_child0": {"label": 33, "event": "S", "reconc": 4, "tstamp": 0.0, "transferred": 1, "dist": 0.5868941550842975}, "_child1": {"label": 32, "event": "S", "reconc": 17, "tstamp": 0.0, "transferred": 0, "dist": 0.41003432765937026}}, "_child1": {"label": 30, "event": "S", "reconc": 16, "tstamp": 0.0, "transferred": 0, "dist": 0.5219817120404096}}, "_child1": {"label": 43, "event": "S", "reconc": 15, "tstamp": 0.0, "transferred": 0, "dist": 0.626866307745422}}, "_child1": {"label": 13, "event": "S", "reconc": 9, "tstamp": 0.0, "transferred": 0, "dist": 0.7489352693664222}}, "_child1": {"label": 34, "event": "H", "reconc": [3, 6], "tstamp": 0.40846333838078525, "transferred": 0, "dist": 0.3874405629449683, "_child0": {"label": 39, "event": "S", "reconc": 14, "tstamp": 0.0, "transferred": 1, "dist": 1.3294722701512138}, "_child1": {"label": 38, "event": "S", "reconc": 6, "tstamp": 0.0, "transferred": 0, "dist": 0.34990145165128544}}}, "_child1": {"label": 10, "event": "S", "reconc": 7, "tstamp": 0.8431651658094206, "transferred": 0, "dist": 0.018032805802419363, "_child0": {"label": 14, "event": "S", "reconc": 8, "tstamp": 0.744460925787968, "transferred": 0, "dist": 0.09750336604617985, "_child0": {"label": 19, "event": "S", "reconc": 11, "tstamp": 0.7061970921014569, "transferred": 0, "dist": 0.038355958939187855, "_child0": {"label": 26, "event": "H", "reconc": [11, 14], "tstamp": 0.3873392051229418, "transferred": 0, "dist": 0.27390649041865595, "_child0": {"label": 41, "event": "D", "reconc": [8, 18], "tstamp": 0.16493115021290206, "transferred": 1, "dist": 0.2749282082802809, "_child0": {"label": 58, "event": "S", "reconc": 18, "tstamp": 0.0, "transferred": 0, "dist": 0.42810448769248466}, "_child1": {"label": 59, "event": "S", "reconc": 18, "tstamp": 0.0, "transferred": 0, "dist": 0.2845226565371343}}, "_child1": {"label": 40, "event": "S", "reconc": 14, "tstamp": 0.0, "transferred": 0, "dist": 0.33273356755301337}}, "_child1": {"label": 25, "event": "D", "reconc": [11, 15], "tstamp": 0.24519275094595028, "transferred": 0, "dist": 0.4092173310071424, "_child0": {"label": 50, "event": "S", "reconc": 15, "tstamp": 0.0, "transferred": 0, "dist": 0.2176489767382796}, "_child1": {"label": 51, "event": "S", "reconc": 15, "tstamp": 0.0, "transferred": 0, "dist": 0.2176489767382796}}}, "_child1": {"label": 20, "event": "H", "reconc": [8, 18], "tstamp": 0.4461339917842655, "transferred": 0, "dist": 0.3498247706079226, "_child0": {"label": 36, "event": "D", "reconc": [8, 18], "tstamp": 0.23268263971804637, "transferred": 0, "dist": 0.2502977832755433, "_child0": {"label": 54, "event": "S", "reconc": 18, "tstamp": 0.0, "transferred": 0, "dist": 0.37866823845740744}, "_child1": {"label": 55, "event": "S", "reconc": 18, "tstamp": 0.0, "transferred": 0, "dist": 0.31944943716539664}}, "_child1": {"label": 37, "event": "S", "reconc": 14, "tstamp": 0.0, "transferred": 1, "dist": 1.1936523248373765}}, "_child2": {"label": 21, "event": "S", "reconc": 19, "tstamp": 0.2614589792508686, "transferred": 0, "dist": 0.4485447770606533, "_child0": {"label": 48, "event": "S", "reconc": 20, "tstamp": 0.2448084109442173, "transferred": 0, "dist": 0.014031167821283042, "_child0": {"label": 53, "event": "H", "reconc": [20, 22], "tstamp": 0.21682497660269728, "transferred": 0, "dist": 0.0249909610993588, "_child0": {"label": 56, "event": "S", "reconc": 22, "tstamp": 0.0, "transferred": 0, "dist": 0.19363829648341363}, "_child1": {"label": 57, "event": "S", "reconc": 6, "tstamp": 0.0, "transferred": 1, "dist": 0.2199994052436486}}, "_child1": {"label": 52, "event": "S", "reconc": 23, "tstamp": 0.16121765063441798, "transferred": 0, "dist": 0.06888498748846954, "_child0": {"label": 60, "event": "S", "reconc": 25, "tstamp": 0.12208195434513745, "transferred": 0, "dist": 0.032641810403291, "_child0": {"label": 62, "event": "S", "reconc": 27, "tstamp": 0.007774374904278245, "transferred": 0, "dist": 0.09500232007471315, "_child0": {"label": 70, "event": "S", "reconc": 28, "tstamp": 0.0, "transferred": 0, "dist": 0.00619321908350096}, "_child1": {"label": 71, "event": "S", "reconc": 29, "tstamp": 0.0, "transferred": 0, "dist": 0.006613152847724183}}, "_child1": {"label": 63, "event": "S", "reconc": 26, "tstamp": 0.0, "transferred": 0, "dist": 0.09980661862031559}}, "_child1": {"label": 61, "event": "D", "reconc": [23, 24], "tstamp": 0.0035850835985451043, "transferred": 0, "dist": 0.169082185776108, "_child0": {"label": 72, "event": "S", "reconc": 24, "tstamp": 0.0, "transferred": 0, "dist": 0.010304052384555219}, "_child1": {"label": 73, "event": "S", "reconc": 24, "tstamp": 0.0, "transferred": 0, "dist": 0.0064850149529327135}}}}, "_child1": {"label": 49, "event": "H", "reconc": [19, 21], "tstamp": 0.059541228870261746, "transferred": 0, "dist": 0.16669288161599444, "_child0": {"label": 67, "event": "S", "reconc": 22, "tstamp": 0.0, "transferred": 1, "dist": 0.18659510419934996}, "_child1": {"label": 66, "event": "S", "reconc": 21, "tstamp": 0.0, "transferred": 0, "dist": 0.04915416795518452}}}}, "_child1": {"label": 15, "event": "H", "reconc": [7, 9], "tstamp": 0.2931733119541441, "transferred": 0, "dist": 0.48852622703052045, "_child0": {"label": 44, "event": "D", "reconc": [7, 9], "tstamp": 0.2682170328805549, "transferred": 0, "dist": 0.02216723169821601, "_child0": {"label": 46, "event": "H", "reconc": [7, 9], "tstamp": 0.0937955674152783, "transferred": 0, "dist": 0.18227878503075529, "_child0": {"label": 64, "event": "H", "reconc": [7, 9], "tstamp": 0.03653135952572653, "transferred": 0, "dist": 0.05984383981645923, "_child0": {"label": 69, "event": "S", "reconc": 5, "tstamp": 0.0, "transferred": 1, "dist": 0.27086067377543843}, "_child1": {"label": 68, "event": "S", "reconc": 9, "tstamp": 0.0, "transferred": 0, "dist": 0.03817702031173897}}, "_child1": {"label": 65, "event": "S", "reconc": 4, "tstamp": 0.0, "transferred": 1, "dist": 0.6135493505903776}}, "_child1": {"label": 47, "event": "S", "reconc": 9, "tstamp": 0.0, "transferred": 0, "dist": 0.4204641578615077}}, "_child1": {"label": 45, "event": "S", "reconc": 5, "tstamp": 0.0, "transferred": 1, "dist": 0.46561661274100313}}}}}