{"label": 0, "event": null, "tstamp": 1.0, "dist": 0.0, "_child0": {"label": 1, "event": "S", "tstamp": 0.6048217140852127, "dist": 0.3951782859147873, "_child0": {"label": 4, "event": "S", "tstamp": 0.0, "dist": 0.6048217140852127}, "_child1": {"label": 5, "event": "S", "tstamp": 0.39336678837492595, "dist": 0.21145492571028673, "_child0": {"label": 6, "event": "S", "tstamp": 0.2789008743639165, "dist": 0.11446591401100947, "_child0": {"label": 13, "event": "S", "tstamp": 0.269077895671708, "dist": 0.009822978692208495, "_child0": {"label": 17, "event": "S", "tstamp": 0.0, "dist": 0.269077895671708}, "_child1": {"label": 16, "event": "S", "tstamp": 0.0, "dist": 0.269077895671708}, "_child2": {"label": 14, "event": "S", "tstamp": 0.22634362683481118, "dist": 0.042734268836896794, "_child0": {"label": 18, "event": "S", "tstamp": 0.09036902735384544, "dist": 0.13597459948096574, "_child0": {"label": 21, "event": "S", "tstamp": 0.0883174379215146, "dist": 0.0020515894323308442, "_child0": {"label": 25, "event": "S", "tstamp": 0.0, "dist": 0.0883174379215146}, "_child1": {"label": 24, "event": "S", "tstamp": 0.0, "dist": 0.0883174379215146}, "_child2": {"label": 22, "event": "S", "tstamp": 0.0, "dist": 0.0883174379215146}}, "_child1": {"label": 20, "event": "S", "tstamp": 0.0, "dist": 0.09036902735384544}}, "_child1": {"label": 19, "event": "S", "tstamp": 0.0, "dist": 0.22634362683481118}}}, "_child1": {"label": 12, "event": "S", "tstamp": 0.0, "dist": 0.2789008743639165}}, "_child1": {"label": 7, "event": "S", "tstamp": 0.0, "dist": 0.39336678837492595}}, "_child2": {"label": 9, "event": "S", "tstamp": 0.0, "dist": 0.6048217140852127}, "_child3": {"label": 8, "event": "S", "tstamp": 0.32034889550783147, "dist": 0.2844728185773812, "_child0": {"label": 10, "event": "S", "tstamp": 0.0, "dist": 0.32034889550783147}, "_child1": {"label": 11, "event": "S", "tstamp": 0.0, "dist": 0.32034889550783147}}}}