{"label": 1, "event": "S", "reconc": 1, "tstamp": 0.8328810351705731, "transferred": 0, "dist": 0.0, "_child0": {"label": 2, "event": "S", "reconc": 2, "tstamp": 0.7495279318137388, "transferred": 0, "dist": 0.09538022648091897, "_child0": {"label": 7, "event": "S", "reconc": 5, "tstamp": 0.69112294672008, "transferred": 0, "dist": 0.06967465632096125, "_child0": {"label": 11, "event": "H", "reconc": [9, 11], "tstamp": 0.0416503758543761, "transferred": 0, "dist": 0.7183215758333232, "_child0": {"label": 42, "event": "S", "reconc": 11, "tstamp": 0.0, "transferred": 0, "dist": 0.04483768293111819}, "_child1": {"label": 43, "event": "S", "reconc": 3, "tstamp": 0.0, "transferred": 1, "dist": 0.0875300753371553}}, "_child1": {"label": 9, "event": "S", "reconc": 8, "tstamp": 0.0, "transferred": 0, "dist": 0.9813210345329711}}, "_child1": {"label": 5, "event": "H", "reconc": [2, 12], "tstamp": 0.4983910883629466, "transferred": 0, "dist": 0.3012267560271985, "_child0": {"label": 13, "event": "S", "reconc": 13, "tstamp": 0.4905687307629857, "transferred": 1, "dist": 0.01120953211145922, "_child0": {"label": 16, "event": "S", "reconc": 15, "tstamp": 0.3732511076612737, "transferred": 0, "dist": 0.3061607489977923, "_child0": {"label": 22, "event": "S", "reconc": 17, "tstamp": 0.13388423430899085, "transferred": 0, "dist": 0.22803663680983588, "_child0": {"label": 34, "event": "S", "reconc": 21, "tstamp": 0.036367128048644254, "transferred": 0, "dist": 0.11149825771532103, "_child0": {"label": 46, "event": "S", "reconc": 22, "tstamp": 0.0, "transferred": 0, "dist": 0.1240966567555431}, "_child1": {"label": 47, "event": "S", "reconc": 23, "tstamp": 0.0, "transferred": 0, "dist": 0.055015335392500045}}, "_child1": {"label": 35, "event": "S", "reconc": 20, "tstamp": 0.0, "transferred": 0, "dist": 0.6082606980582123}}, "_child1": {"label": 23, "event": "S", "reconc": 16, "tstamp": 0.0, "transferred": 0, "dist": 0.3481713474514108}}, "_child1": {"label": 17, "event": "D", "reconc": [13, 14], "tstamp": 0.1300283527546665, "transferred": 0, "dist": 0.4852120189789556, "_child0": {"label": 37, "event": "H", "reconc": [13, 14], "tstamp": 0.07186497597828545, "transferred": 0, "dist": 0.11212109499847744, "_child0": {"label": 41, "event": "S", "reconc": 16, "tstamp": 0.0, "transferred": 1, "dist": 0.6821240129561239}, "_child1": {"label": 40, "event": "S", "reconc": 14, "tstamp": 0.0, "transferred": 0, "dist": 0.13853356261799193}}, "_child1": {"label": 36, "event": "S", "reconc": 14, "tstamp": 0.0, "transferred": 0, "dist": 0.2310545826949526}}}, "_child1": {"label": 12, "event": "D", "reconc": [2, 12], "tstamp": 0.411818072831866, "transferred": 0, "dist": 0.10384023415118472, "_child0": {"label": 18, "event": "S", "reconc": 12, "tstamp": 0.17176142308824796, "transferred": 0, "dist": 0.28793658816212764, "_child0": {"label": 26, "event": "S", "reconc": 25, "tstamp": 0.0, "transferred": 0, "dist": 0.22914910689920023}, "_child1": {"label": 27, "event": "S", "reconc": 24, "tstamp": 0.0, "transferred": 0, "dist": 0.2262177733697313}, "_child2": {"label": 28, "event": "S", "reconc": 19, "tstamp": 0.0, "transferred": 0, "dist": 0.20053870687593114}}, "_child1": {"label": 19, "event": "S", "reconc": 12, "tstamp": 0.17176142308824796, "transferred": 0, "dist": 0.35667954880415226, "_child0": {"label": 29, "event": "H", "reconc": [12, 25], "tstamp": 0.03070936892181691, "transferred": 0, "dist": 0.1976426599085526, "_child0": {"label": 48, "event": "S", "reconc": 25, "tstamp": 0.0, "transferred": 0, "dist": 0.043030081296507684}, "_child1": {"label": 49, "event": "S", "reconc": 14, "tstamp": 0.0, "transferred": 1, "dist": 0.0980081959766781}}, "_child1": {"label": 30, "event": "S", "reconc": 24, "tstamp": 0.0, "transferred": 0, "dist": 0.26523200234734257}, "_child2": {"label": 31, "event": "S", "reconc": 19, "tstamp": 0.0, "transferred": 0, "dist": 0.21670759403147483}}}}, "_child2": {"label": 6, "event": "S", "reconc": 13, "tstamp": 0.4905687307629857, "transferred": 0, "dist": 0.28870307650419536, "_child0": {"label": 14, "event": "S", "reconc": 15, "tstamp": 0.3732511076612737, "transferred": 0, "dist": 0.1193648662998269, "_child0": {"label": 20, "event": "S", "reconc": 17, "tstamp": 0.13388423430899085, "transferred": 0, "dist": 0.22727779971661755, "_child0": {"label": 32, "event": "S", "reconc": 21, "tstamp": 0.036367128048644254, "transferred": 0, "dist": 0.09709094064750215, "_child0": {"label": 44, "event": "S", "reconc": 22, "tstamp": 0.0, "transferred": 0, "dist": 0.03597471038320542}, "_child1": {"label": 45, "event": "S", "reconc": 23, "tstamp": 0.0, "transferred": 0, "dist": 0.03902004475177818}}, "_child1": {"label": 33, "event": "S", "reconc": 20, "tstamp": 0.0, "transferred": 0, "dist": 0.12182074415411151}}, "_child1": {"label": 21, "event": "S", "reconc": 16, "tstamp": 0.0, "transferred": 0, "dist": 0.34164017917289363}}, "_child1": {"label": 15, "event": "S", "reconc": 14, "tstamp": 0.0, "transferred": 0, "dist": 0.6177439825587409}}}, "_child1": {"label": 3, "event": "D", "reconc": [1, 3], "tstamp": 0.3425215048965982, "transferred": 0, "dist": 0.4691269541844569, "_child0": {"label": 24, "event": "H", "reconc": [1, 3], "tstamp": 0.08304985817294377, "transferred": 0, "dist": 0.2482365199605335, "_child0": {"label": 39, "event": "S", "reconc": 16, "tstamp": 0.0, "transferred": 1, "dist": 0.07607251394867438}, "_child1": {"label": 38, "event": "S", "reconc": 3, "tstamp": 0.0, "transferred": 0, "dist": 0.07945379788653417}}, "_child1": {"label": 25, "event": "S", "reconc": 3, "tstamp": 0.0, "transferred": 0, "dist": 0.3276903178470677}}}