{"label": 0, "event": null, "tstamp": 1.0, "dist": 0.0, "_child0": {"label": 1, "event": "S", "tstamp": 0.9075751030425995, "dist": 0.09242489695740053, "_child0": {"label": 3, "event": "S", "tstamp": 0.8811078123689698, "dist": 0.02646729067362963, "_child0": {"label": 5, "event": "S", "tstamp": 0.693649738420687, "dist": 0.18745807394828284, "_child0": {"label": 12, "event": "S", "tstamp": 0.22862184488677392, "dist": 0.46502789353391305, "_child0": {"label": 17, "event": "S", "tstamp": 0.048420559110689425, "dist": 0.1802012857760845, "_child0": {"label": 18, "event": "S", "tstamp": 0.0, "dist": 0.048420559110689425}, "_child1": {"label": 19, "event": "S", "tstamp": 0.0, "dist": 0.048420559110689425}}, "_child1": {"label": 16, "event": "S", "tstamp": 0.0, "dist": 0.22862184488677392}}, "_child1": {"label": 15, "event": "S", "tstamp": 0.0, "dist": 0.693649738420687}, "_child2": {"label": 14, "event": "S", "tstamp": 0.0, "dist": 0.693649738420687}, "_child3": {"label": 6, "event": "S", "tstamp": 0.0, "dist": 0.693649738420687}}, "_child1": {"label": 4, "event": "S", "tstamp": 0.47570388059784596, "dist": 0.4054039317711239, "_child0": {"label": 11, "event": "S", "tstamp": 0.0, "dist": 0.47570388059784596}, "_child1": {"label": 10, "event": "S", "tstamp": 0.0, "dist": 0.47570388059784596}, "_child2": {"label": 8, "event": "S", "tstamp": 0.0, "dist": 0.47570388059784596}}}, "_child1": {"label": 2, "event": "S", "tstamp": 0.0, "dist": 0.9075751030425995}}}