{"label": 1, "event": "S", "reconc": 1, "tstamp": 0.8515506231984304, "transferred": 0, "dist": 0.0, "_child0": {"label": 4, "event": "S", "reconc": 3, "tstamp": 0.8194629586774461, "transferred": 0, "dist": 0.028833517559774483, "_child0": {"label": 6, "event": "S", "reconc": 5, "tstamp": 0.7998563596462509, "transferred": 0, "dist": 0.019367878955176988, "_child0": {"label": 9, "event": "H", "reconc": [5, 7], "tstamp": 0.7892435684258289, "transferred": 0, "dist": 0.013813261299112202, "_child0": {"label": 11, "event": "H", "reconc": [5, 6], "tstamp": 0.6346131745361558, "transferred": 1, "dist": 0.29807183823394656, "_child0": {"label": 15, "event": "D", "reconc": [5, 7], "tstamp": 0.43195375699733307, "transferred": 1, "dist": 0.5320566161866694, "_child0": {"label": 20, "event": "S", "reconc": 7, "tstamp": 0.0, "transferred": 0, "dist": 1.0951607955434566}, "_child1": {"label": 21, "event": "S", "reconc": 7, "tstamp": 0.0, "transferred": 0, "dist": 1.0901174740983977}}, "_child1": {"label": 14, "event": "H", "reconc": [5, 6], "tstamp": 0.3060801269404855, "transferred": 0, "dist": 0.6332936685611206, "_child0": {"label": 29, "event": "H", "reconc": [5, 6], "tstamp": 0.24886041335514666, "transferred": 0, "dist": 0.11029904782995524, "_child0": {"label": 34, "event": "S", "reconc": 8, "tstamp": 0.0, "transferred": 1, "dist": 1.644392078739545}, "_child1": {"label": 32, "event": "S", "reconc": 10, "tstamp": 0.0, "transferred": 1, "dist": 2.4127889550058454}}, "_child1": {"label": 30, "event": "S", "reconc": 2, "tstamp": 0.0, "transferred": 1, "dist": 0.3691808602272792}}}, "_child1": {"label": 18, "event": "H", "reconc": [5, 7], "tstamp": 0.3756713427672533, "transferred": 0, "dist": 0.5382920572379006, "_child0": {"label": 35, "event": "S", "reconc": 2, "tstamp": 0.0, "transferred": 1, "dist": 0.3759605519268256}, "_child1": {"label": 25, "event": "S", "reconc": 7, "tstamp": 0.0, "transferred": 0, "dist": 0.4889615099792815}}}, "_child1": {"label": 8, "event": "D", "reconc": [5, 6], "tstamp": 0.6542814277352444, "transferred": 0, "dist": 0.2087656491240699, "_child0": {"label": 12, "event": "H", "reconc": [5, 6], "tstamp": 0.32068421409393266, "transferred": 0, "dist": 0.47840406268837793, "_child0": {"label": 27, "event": "S", "reconc": 6, "tstamp": 0.0, "transferred": 0, "dist": 0.45988582814580276}, "_child1": {"label": 28, "event": "S", "reconc": 2, "tstamp": 0.0, "transferred": 1, "dist": 0.33077013045306974}}, "_child1": {"label": 13, "event": "H", "reconc": [5, 6], "tstamp": 0.06538197871961418, "transferred": 0, "dist": 0.8445271045547362, "_child0": {"label": 48, "event": "S", "reconc": 6, "tstamp": 0.0, "transferred": 0, "dist": 0.09376278627944447}, "_child1": {"label": 49, "event": "S", "reconc": 8, "tstamp": 0.0, "transferred": 1, "dist": 0.12635360362112744}}}}, "_child1": {"label": 7, "event": "S", "reconc": 4, "tstamp": 0.6143442699118685, "transferred": 0, "dist": 0.19242322287502592, "_child0": {"label": 16, "event": "S", "reconc": 9, "tstamp": 0.4312149390533064, "transferred": 0, "dist": 0.18563833856731882, "_child0": {"label": 23, "event": "S", "reconc": 13, "tstamp": 0.15822503413651087, "transferred": 0, "dist": 0.273053707022562, "_child0": {"label": 37, "event": "S", "reconc": 15, "tstamp": 0.1313855422876302, "transferred": 0, "dist": 0.024160438211688978, "_child0": {"label": 39, "event": "S", "reconc": 17, "tstamp": 0.12271752897249959, "transferred": 0, "dist": 0.008354746029003438, "_child0": {"label": 42, "event": "S", "reconc": 21, "tstamp": 0.0373896653816929, "transferred": 0, "dist": 0.08589563492163428, "_child0": {"label": 50, "event": "S", "reconc": 22, "tstamp": 0.0, "transferred": 0, "dist": 0.039725723591913654}, "_child1": {"label": 51, "event": "S", "reconc": 23, "tstamp": 0.0, "transferred": 0, "dist": 0.03817344262696146}}, "_child1": {"label": 41, "event": "S", "reconc": 20, "tstamp": 0.0, "transferred": 0, "dist": 0.1468129939196905}, "_child2": {"label": 43, "event": "S", "reconc": 18, "tstamp": 0.0, "transferred": 0, "dist": 0.12241495011609849}}, "_child1": {"label": 40, "event": "S", "reconc": 16, "tstamp": 0.0, "transferred": 0, "dist": 0.0980616677086101}}, "_child1": {"label": 38, "event": "S", "reconc": 14, "tstamp": 0.03502950366682368, "transferred": 0, "dist": 0.09463898290842884, "_child0": {"label": 54, "event": "S", "reconc": 24, "tstamp": 0.0, "transferred": 0, "dist": 0.0243137558151554}, "_child1": {"label": 55, "event": "S", "reconc": 25, "tstamp": 0.0, "transferred": 0, "dist": 0.025317018387835462}}}, "_child1": {"label": 24, "event": "H", "reconc": [9, 10], "tstamp": 0.10128420653889081, "transferred": 0, "dist": 0.42809643186097796, "_child0": {"label": 45, "event": "S", "reconc": 16, "tstamp": 0.0, "transferred": 1, "dist": 0.35930488038140335}, "_child1": {"label": 44, "event": "S", "reconc": 10, "tstamp": 0.0, "transferred": 0, "dist": 0.13141972890105047}}, "_child2": {"label": 22, "event": "S", "reconc": 12, "tstamp": 0.0, "transferred": 0, "dist": 0.5289027329133104}}, "_child1": {"label": 17, "event": "H", "reconc": [4, 8], "tstamp": 0.09826149980796488, "transferred": 0, "dist": 0.6042008040084214, "_child0": {"label": 47, "event": "S", "reconc": 21, "tstamp": 0.0373896653816929, "transferred": 1, "dist": 0.09323343291603757, "_child0": {"label": 52, "event": "S", "reconc": 22, "tstamp": 0.0, "transferred": 0, "dist": 0.042600451622788735}, "_child1": {"label": 53, "event": "S", "reconc": 23, "tstamp": 0.0, "transferred": 0, "dist": 0.09028803395169298}}, "_child1": {"label": 46, "event": "S", "reconc": 8, "tstamp": 0.0, "transferred": 0, "dist": 0.11503906083726209}}}}, "_child1": {"label": 3, "event": "S", "reconc": 2, "tstamp": 0.0, "transferred": 0, "dist": 0.8520769909906993}}