{"label": 1, "event": "S", "reconc": 1, "tstamp": 0.9749223525634071, "transferred": 0, "dist": 0.0, "_child0": {"label": 3, "event": "D", "reconc": [1, 4], "tstamp": 0.8596328754351256, "transferred": 0, "dist": 0.10087566684868875, "_child0": {"label": 13, "event": "S", "reconc": 6, "tstamp": 0.21558653441657727, "transferred": 0, "dist": 0.6809522954302535, "_child0": {"label": 18, "event": "S", "reconc": 15, "tstamp": 0.0, "transferred": 0, "dist": 0.3061037060461875}, "_child1": {"label": 19, "event": "S", "reconc": 14, "tstamp": 0.0, "transferred": 0, "dist": 0.2442459821430533}, "_child2": {"label": 20, "event": "S", "reconc": 9, "tstamp": 0.0, "transferred": 0, "dist": 0.18775496166544922}}, "_child1": {"label": 5, "event": "S", "reconc": 4, "tstamp": 0.26273339348659225, "transferred": 0, "dist": 0.5222734527297501, "_child0": {"label": 11, "event": "S", "reconc": 6, "tstamp": 0.21558653441657727, "transferred": 0, "dist": 0.043785979765144915, "_child0": {"label": 27, "event": "D", "reconc": [6, 15], "tstamp": 0.019517508183405082, "transferred": 0, "dist": 0.17327603990575147, "_child0": {"label": 29, "event": "S", "reconc": 15, "tstamp": 0.0, "transferred": 0, "dist": 0.030783717075899886}, "_child1": {"label": 30, "event": "S", "reconc": 15, "tstamp": 0.0, "transferred": 0, "dist": 0.017248601636990005}}, "_child1": {"label": 16, "event": "S", "reconc": 14, "tstamp": 0.0, "transferred": 0, "dist": 0.17862526681366728}, "_child2": {"label": 17, "event": "S", "reconc": 9, "tstamp": 0.0, "transferred": 0, "dist": 0.18058222300695673}}, "_child1": {"label": 12, "event": "S", "reconc": 7, "tstamp": 0.0, "transferred": 0, "dist": 0.3791737797312253}}}, "_child1": {"label": 4, "event": "D", "reconc": [1, 3], "tstamp": 0.7109393021009548, "transferred": 0, "dist": 0.1821007503329741, "_child0": {"label": 8, "event": "D", "reconc": [1, 3], "tstamp": 0.05093700533993786, "transferred": 0, "dist": 0.7561286972615475, "_child0": {"label": 26, "event": "D", "reconc": [1, 3], "tstamp": 0.011720018610353145, "transferred": 0, "dist": 0.028325951808623823, "_child0": {"label": 31, "event": "S", "reconc": 3, "tstamp": 0.0, "transferred": 0, "dist": 0.013787645078868331}, "_child1": {"label": 32, "event": "S", "reconc": 3, "tstamp": 0.0, "transferred": 0, "dist": 0.017310365455967203}}, "_child1": {"label": 25, "event": "S", "reconc": 3, "tstamp": 0.0, "transferred": 0, "dist": 0.03584397453873966}}, "_child1": {"label": 7, "event": "S", "reconc": 3, "tstamp": 0.0, "transferred": 0, "dist": 0.5561239320746507}}, "_child2": {"label": 2, "event": "S", "reconc": 5, "tstamp": 0.20055799361993565, "transferred": 0, "dist": 0.777927625338352, "_child0": {"label": 21, "event": "S", "reconc": 11, "tstamp": 0.1595408459912591, "transferred": 0, "dist": 0.0455309319449308, "_child0": {"label": 23, "event": "S", "reconc": 12, "tstamp": 0.0, "transferred": 0, "dist": 0.16792669916440192}, "_child1": {"label": 24, "event": "S", "reconc": 13, "tstamp": 0.0, "transferred": 0, "dist": 0.16865948793785776}}, "_child1": {"label": 22, "event": "S", "reconc": 10, "tstamp": 0.0, "transferred": 0, "dist": 0.2584597680495729}}}