{"label": 0, "event": null, "tstamp": 1.0, "dist": 0.0, "_child0": {"label": 1, "event": "S", "tstamp": 0.9126740041238935, "dist": 0.08732599587610645, "_child0": {"label": 3, "event": "S", "tstamp": 0.8322623201973434, "dist": 0.08041168392655018, "_child0": {"label": 5, "event": "S", "tstamp": 0.7923773831856471, "dist": 0.039884937011696264, "_child0": {"label": 6, "event": "S", "tstamp": 0.0, "dist": 0.7923773831856471}, "_child1": {"label": 7, "event": "S", "tstamp": 0.0, "dist": 0.7923773831856471}}, "_child1": {"label": 4, "event": "S", "tstamp": 0.5112275234858875, "dist": 0.32103479671145585, "_child0": {"label": 10, "event": "S", "tstamp": 0.1860918783003251, "dist": 0.3251356451855624, "_child0": {"label": 21, "event": "S", "tstamp": 0.08096084041903093, "dist": 0.10513103788129416, "_child0": {"label": 22, "event": "S", "tstamp": 0.05175422246623824, "dist": 0.02920661795279269, "_child0": {"label": 24, "event": "S", "tstamp": 0.0, "dist": 0.05175422246623824}, "_child1": {"label": 25, "event": "S", "tstamp": 0.0, "dist": 0.05175422246623824}}, "_child1": {"label": 23, "event": "S", "tstamp": 0.0, "dist": 0.08096084041903093}}, "_child1": {"label": 20, "event": "S", "tstamp": 0.0, "dist": 0.1860918783003251}}, "_child1": {"label": 11, "event": "S", "tstamp": 0.4917879955760449, "dist": 0.019439527909842602, "_child0": {"label": 13, "event": "S", "tstamp": 0.33676045835297075, "dist": 0.15502753722307416, "_child0": {"label": 14, "event": "S", "tstamp": 0.0, "dist": 0.33676045835297075}, "_child1": {"label": 15, "event": "S", "tstamp": 0.0, "dist": 0.33676045835297075}}, "_child1": {"label": 12, "event": "S", "tstamp": 0.25773609737837716, "dist": 0.23405189819766775, "_child0": {"label": 17, "event": "S", "tstamp": 0.21289877667831666, "dist": 0.044837320700060496, "_child0": {"label": 18, "event": "S", "tstamp": 0.0, "dist": 0.21289877667831666}, "_child1": {"label": 19, "event": "S", "tstamp": 0.0, "dist": 0.21289877667831666}}, "_child1": {"label": 16, "event": "S", "tstamp": 0.0, "dist": 0.25773609737837716}}}, "_child2": {"label": 8, "event": "S", "tstamp": 0.0, "dist": 0.5112275234858875}}}, "_child1": {"label": 2, "event": "S", "tstamp": 0.0, "dist": 0.9126740041238935}}}