{"label": 0, "event": null, "tstamp": 1.0, "dist": 0.0, "_child0": {"label": 1, "event": "S", "tstamp": 0.9296507218411597, "dist": 0.07034927815884029, "_child0": {"label": 3, "event": "S", "tstamp": 0.8292716997330827, "dist": 0.10037902210807703, "_child0": {"label": 5, "event": "S", "tstamp": 0.7500329233539715, "dist": 0.07923877637911114, "_child0": {"label": 6, "event": "S", "tstamp": 0.0, "dist": 0.7500329233539715}, "_child1": {"label": 7, "event": "S", "tstamp": 0.0, "dist": 0.7500329233539715}}, "_child1": {"label": 4, "event": "S", "tstamp": 0.0, "dist": 0.8292716997330827}}, "_child1": {"label": 8, "event": "S", "tstamp": 0.0, "dist": 0.9296507218411597}, "_child2": {"label": 9, "event": "S", "tstamp": 0.5827539708331932, "dist": 0.34689675100796646, "_child0": {"label": 11, "event": "S", "tstamp": 0.4853235395457953, "dist": 0.09743043128739792, "_child0": {"label": 14, "event": "S", "tstamp": 0.0, "dist": 0.4853235395457953}, "_child1": {"label": 15, "event": "S", "tstamp": 0.1527809790167033, "dist": 0.33254256052909204, "_child0": {"label": 16, "event": "S", "tstamp": 0.07836917010915466, "dist": 0.07441180890754863, "_child0": {"label": 18, "event": "S", "tstamp": 0.0, "dist": 0.07836917010915466}, "_child1": {"label": 19, "event": "S", "tstamp": 0.0, "dist": 0.07836917010915466}}, "_child1": {"label": 17, "event": "S", "tstamp": 0.0, "dist": 0.1527809790167033}}, "_child2": {"label": 13, "event": "S", "tstamp": 0.0, "dist": 0.4853235395457953}}, "_child1": {"label": 10, "event": "S", "tstamp": 0.0, "dist": 0.5827539708331932}}}}