{"label": 0, "event": null, "tstamp": 1.0, "dist": 0.0, "_child0": {"label": 1, "event": "S", "tstamp": 0.9775448625699218, "dist": 0.02245513743007821, "_child0": {"label": 2, "event": "S", "tstamp": 0.7400322643805667, "dist": 0.2375125981893551, "_child0": {"label": 4, "event": "S", "tstamp": 0.0, "dist": 0.7400322643805667}, "_child1": {"label": 5, "event": "S", "tstamp": 0.0, "dist": 0.7400322643805667}}, "_child1": {"label": 6, "event": "S", "tstamp": 0.0, "dist": 0.9775448625699218}, "_child2": {"label": 7, "event": "S", "tstamp": 0.2047233765379444, "dist": 0.7728214860319774, "_child0": {"label": 8, "event": "S", "tstamp": 0.0, "dist": 0.2047233765379444}, "_child1": {"label": 9, "event": "S", "tstamp": 0.0, "dist": 0.2047233765379444}}}}