{"label": 0, "event": null, "tstamp": 1.0, "dist": 0.0, "_child0": {"label": 1, "event": "S", "tstamp": 0.9430274671831737, "dist": 0.05697253281682635, "_child0": {"label": 2, "event": "S", "tstamp": 0.9364940358791467, "dist": 0.006533431304026949, "_child0": {"label": 5, "event": "S", "tstamp": 0.6330405446025461, "dist": 0.3034534912766006, "_child0": {"label": 7, "event": "S", "tstamp": 0.5823276936036319, "dist": 0.050712850998914205, "_child0": {"label": 10, "event": "S", "tstamp": 0.050617381433854684, "dist": 0.5317103121697773, "_child0": {"label": 18, "event": "S", "tstamp": 0.0, "dist": 0.050617381433854684}, "_child1": {"label": 19, "event": "S", "tstamp": 0.0, "dist": 0.050617381433854684}}, "_child1": {"label": 11, "event": "S", "tstamp": 0.2655129802136412, "dist": 0.3168147133899907, "_child0": {"label": 13, "event": "S", "tstamp": 0.15138186275739732, "dist": 0.11413111745624391, "_child0": {"label": 15, "event": "S", "tstamp": 0.14672056881075957, "dist": 0.004661293946637751, "_child0": {"label": 16, "event": "S", "tstamp": 0.0, "dist": 0.14672056881075957}, "_child1": {"label": 17, "event": "S", "tstamp": 0.0, "dist": 0.14672056881075957}}, "_child1": {"label": 14, "event": "S", "tstamp": 0.0, "dist": 0.15138186275739732}}, "_child1": {"label": 12, "event": "S", "tstamp": 0.0, "dist": 0.2655129802136412}}, "_child2": {"label": 8, "event": "S", "tstamp": 0.0, "dist": 0.5823276936036319}}, "_child1": {"label": 6, "event": "S", "tstamp": 0.0, "dist": 0.6330405446025461}}, "_child1": {"label": 4, "event": "S", "tstamp": 0.0, "dist": 0.9364940358791467}}, "_child1": {"label": 3, "event": "S", "tstamp": 0.0, "dist": 0.9430274671831737}}}