{"label": 1, "event": "D", "reconc": [0, 1], "tstamp": 0.9110382419998929, "transferred": 0, "dist": 0.0, "_child0": {"label": 2, "event": "S", "reconc": 1, "tstamp": 0.8969885794649683, "transferred": 0, "dist": 0.012364845655736999, "_child0": {"label": 15, "event": "H", "reconc": [1, 2], "tstamp": 0.09201349343219896, "transferred": 0, "dist": 0.4057762844503932, "_child0": {"label": 39, "event": "S", "reconc": 15, "tstamp": 0.0, "transferred": 1, "dist": 0.051950778156782874}, "_child1": {"label": 38, "event": "S", "reconc": 2, "tstamp": 0.0, "transferred": 0, "dist": 0.04638266964040974}}, "_child1": {"label": 5, "event": "S", "reconc": 6, "tstamp": 0.27538188002396013, "transferred": 0, "dist": 0.3838497824574512, "_child0": {"label": 22, "event": "S", "reconc": 13, "tstamp": 0.22174144972831525, "transferred": 0, "dist": 0.02523674001930408, "_child0": {"label": 30, "event": "S", "reconc": 19, "tstamp": 0.03388695991875458, "transferred": 0, "dist": 0.10778645054613599, "_child0": {"label": 40, "event": "S", "reconc": 21, "tstamp": 0.028183491573060233, "transferred": 0, "dist": 0.0038328481963170956, "_child0": {"label": 44, "event": "S", "reconc": 22, "tstamp": 0.0, "transferred": 0, "dist": 0.018818454021872773}, "_child1": {"label": 45, "event": "S", "reconc": 23, "tstamp": 0.0, "transferred": 0, "dist": 0.01942530618029086}}, "_child1": {"label": 41, "event": "S", "reconc": 20, "tstamp": 0.0, "transferred": 0, "dist": 0.022341567399093088}}, "_child1": {"label": 28, "event": "S", "reconc": 16, "tstamp": 0.0, "transferred": 0, "dist": 0.09012721903828763}, "_child2": {"label": 29, "event": "S", "reconc": 18, "tstamp": 0.0, "transferred": 0, "dist": 0.11507939922451371}, "_child3": {"label": 31, "event": "S", "reconc": 15, "tstamp": 0.0, "transferred": 0, "dist": 0.11683540324902086}}, "_child1": {"label": 23, "event": "D", "reconc": [6, 12], "tstamp": 0.16517186889924926, "transferred": 0, "dist": 0.04555732070874599, "_child0": {"label": 36, "event": "S", "reconc": 12, "tstamp": 0.0, "transferred": 0, "dist": 0.30677301666123596}, "_child1": {"label": 37, "event": "S", "reconc": 12, "tstamp": 0.0, "transferred": 0, "dist": 0.10242332436152053}}}}, "_child1": {"label": 3, "event": "S", "reconc": 1, "tstamp": 0.8969885794649683, "transferred": 0, "dist": 0.012364845655736999, "_child0": {"label": 24, "event": "S", "reconc": 13, "tstamp": 0.22174144972831525, "transferred": 0, "dist": 1.3043400219969028, "_child0": {"label": 34, "event": "S", "reconc": 19, "tstamp": 0.03388695991875458, "transferred": 0, "dist": 0.3433945285055944, "_child0": {"label": 42, "event": "S", "reconc": 21, "tstamp": 0.028183491573060233, "transferred": 0, "dist": 0.006365017056927348, "_child0": {"label": 46, "event": "H", "reconc": [21, 22], "tstamp": 0.013911105084062795, "transferred": 0, "dist": 0.013219782679065005, "_child0": {"label": 52, "event": "S", "reconc": 22, "tstamp": 0.0, "transferred": 0, "dist": 0.012885146165199219}, "_child1": {"label": 53, "event": "S", "reconc": 23, "tstamp": 0.0, "transferred": 1, "dist": 0.024812057753896697}}, "_child1": {"label": 47, "event": "S", "reconc": 23, "tstamp": 0.0, "transferred": 0, "dist": 0.021537350852268333}}, "_child1": {"label": 43, "event": "S", "reconc": 20, "tstamp": 0.0, "transferred": 0, "dist": 0.05871908194755263}}, "_child1": {"label": 32, "event": "S", "reconc": 16, "tstamp": 0.0, "transferred": 0, "dist": 0.1426001773190731}, "_child2": {"label": 33, "event": "S", "reconc": 18, "tstamp": 0.0, "transferred": 0, "dist": 0.2801095615912401}, "_child3": {"label": 35, "event": "S", "reconc": 15, "tstamp": 0.0, "transferred": 0, "dist": 0.4887473165654662}}, "_child1": {"label": 8, "event": "D", "reconc": [1, 4], "tstamp": 0.5585359237957479, "transferred": 0, "dist": 0.3170482579575558, "_child0": {"label": 16, "event": "S", "reconc": 4, "tstamp": 0.027529159000776595, "transferred": 0, "dist": 0.9713544379812719, "_child0": {"label": 48, "event": "S", "reconc": 24, "tstamp": 0.0, "transferred": 0, "dist": 0.08860672904614049}, "_child1": {"label": 49, "event": "S", "reconc": 25, "tstamp": 0.0, "transferred": 0, "dist": 0.05366109681745494}}, "_child1": {"label": 17, "event": "S", "reconc": 4, "tstamp": 0.027529159000776595, "transferred": 0, "dist": 0.4974248744157033, "_child0": {"label": 50, "event": "S", "reconc": 24, "tstamp": 0.0, "transferred": 0, "dist": 0.029651708729207044}, "_child1": {"label": 51, "event": "S", "reconc": 25, "tstamp": 0.0, "transferred": 0, "dist": 0.03137236554870102}}}, "_child2": {"label": 18, "event": "S", "reconc": 9, "tstamp": 0.3101752220304993, "transferred": 0, "dist": 0.40278188351357763, "_child0": {"label": 20, "event": "D", "reconc": [9, 10], "tstamp": 0.234042719823796, "transferred": 0, "dist": 0.04342393835545608, "_child0": {"label": 26, "event": "S", "reconc": 10, "tstamp": 0.0, "transferred": 0, "dist": 0.8858786043745694}, "_child1": {"label": 27, "event": "S", "reconc": 10, "tstamp": 0.0, "transferred": 0, "dist": 0.25895357376374706}}, "_child1": {"label": 21, "event": "S", "reconc": 11, "tstamp": 0.0, "transferred": 0, "dist": 0.20038679086440084}}, "_child3": {"label": 11, "event": "S", "reconc": 2, "tstamp": 0.0, "transferred": 0, "dist": 0.452158954090803}}}