{"label": 0, "event": null, "tstamp": 1.0, "dist": 0.0, "_child0": {"label": 1, "event": "S", "tstamp": 0.9919618722462533, "dist": 0.008038127753746682, "_child0": {"label": 2, "event": "S", "tstamp": 0.8484559729179287, "dist": 0.14350589932832458, "_child0": {"label": 4, "event": "S", "tstamp": 0.837308296117953, "dist": 0.011147676799975748, "_child0": {"label": 7, "event": "S", "tstamp": 0.27817640514585473, "dist": 0.5591318909720983, "_child0": {"label": 13, "event": "S", "tstamp": 0.2093833364139763, "dist": 0.06879306873187843, "_child0": {"label": 14, "event": "S", "tstamp": 0.15710463518151413, "dist": 0.05227870123246217, "_child0": {"label": 19, "event": "S", "tstamp": 0.0, "dist": 0.15710463518151413}, "_child1": {"label": 18, "event": "S", "tstamp": 0.0, "dist": 0.15710463518151413}, "_child2": {"label": 16, "event": "S", "tstamp": 0.0, "dist": 0.15710463518151413}}, "_child1": {"label": 15, "event": "S", "tstamp": 0.0, "dist": 0.2093833364139763}}, "_child1": {"label": 12, "event": "S", "tstamp": 0.0, "dist": 0.27817640514585473}}, "_child1": {"label": 6, "event": "S", "tstamp": 0.0, "dist": 0.837308296117953}}, "_child1": {"label": 5, "event": "S", "tstamp": 0.0, "dist": 0.8484559729179287}}, "_child1": {"label": 3, "event": "S", "tstamp": 0.7661717487887221, "dist": 0.22579012345753124, "_child0": {"label": 11, "event": "S", "tstamp": 0.0, "dist": 0.7661717487887221}, "_child1": {"label": 10, "event": "S", "tstamp": 0.0, "dist": 0.7661717487887221}, "_child2": {"label": 8, "event": "S", "tstamp": 0.0, "dist": 0.7661717487887221}}}}