{"label": 1, "event": "S", "reconc": 1, "tstamp": 0.9024890461404844, "transferred": 0, "dist": 0.0, "_child0": {"label": 2, "event": "S", "reconc": 2, "tstamp": 0.8443873284336326, "transferred": 0, "dist": 0.054414281638064034, "_child0": {"label": 4, "event": "S", "reconc": 5, "tstamp": 0.6583225702853982, "transferred": 0, "dist": 0.14665326016660213, "_child0": {"label": 6, "event": "H", "reconc": [5, 7], "tstamp": 0.6077791971833513, "transferred": 0, "dist": 0.030845104684932474, "_child0": {"label": 8, "event": "S", "reconc": 7, "tstamp": 0.4076366398668276, "transferred": 0, "dist": 0.12214099996599272, "_child0": {"label": 10, "event": "S", "reconc": 8, "tstamp": 0.0, "transferred": 0, "dist": 0.16808852050200124}, "_child1": {"label": 11, "event": "S", "reconc": 9, "tstamp": 0.0, "transferred": 0, "dist": 0.30900016087788196}}, "_child1": {"label": 9, "event": "S", "reconc": 6, "tstamp": 0.3081465038748492, "transferred": 1, "dist": 0.3773447051109154, "_child0": {"label": 14, "event": "S", "reconc": 11, "tstamp": 0.2419210415231181, "transferred": 0, "dist": 0.06313217703992274, "_child0": {"label": 19, "event": "S", "reconc": 15, "tstamp": 0.08401283817701836, "transferred": 0, "dist": 0.05873962623077484, "_child0": {"label": 28, "event": "S", "reconc": 16, "tstamp": 0.0, "transferred": 0, "dist": 0.06691088841813933}, "_child1": {"label": 29, "event": "S", "reconc": 17, "tstamp": 0.0, "transferred": 0, "dist": 0.03236317325983949}}, "_child1": {"label": 18, "event": "S", "reconc": 14, "tstamp": 0.006214093374827375, "transferred": 0, "dist": 0.11141803207958877, "_child0": {"label": 34, "event": "S", "reconc": 18, "tstamp": 0.0, "transferred": 0, "dist": 0.010496748770248915}, "_child1": {"label": 35, "event": "S", "reconc": 19, "tstamp": 0.0, "transferred": 0, "dist": 0.0034739532443751617}}, "_child2": {"label": 20, "event": "S", "reconc": 12, "tstamp": 0.0, "transferred": 0, "dist": 0.19892248856060119}}, "_child1": {"label": 15, "event": "H", "reconc": [6, 10], "tstamp": 0.12511906260329134, "transferred": 0, "dist": 0.08189727126701667, "_child0": {"label": 25, "event": "S", "reconc": 12, "tstamp": 0.0, "transferred": 1, "dist": 0.2377734863288106}, "_child1": {"label": 24, "event": "S", "reconc": 10, "tstamp": 0.0, "transferred": 0, "dist": 0.05598564750459057}}}}, "_child1": {"label": 7, "event": "H", "reconc": [5, 6], "tstamp": 0.3527704956979095, "transferred": 0, "dist": 0.16159824390874505, "_child0": {"label": 12, "event": "S", "reconc": 6, "tstamp": 0.3081465038748492, "transferred": 0, "dist": 0.023600424656059653, "_child0": {"label": 16, "event": "S", "reconc": 11, "tstamp": 0.2419210415231181, "transferred": 0, "dist": 0.024452065364682172, "_child0": {"label": 22, "event": "D", "reconc": [11, 15], "tstamp": 0.08624593321219354, "transferred": 0, "dist": 0.05078082702356014, "_child0": {"label": 26, "event": "S", "reconc": 15, "tstamp": 0.08401283817701836, "transferred": 0, "dist": 0.000728429958641266, "_child0": {"label": 30, "event": "S", "reconc": 16, "tstamp": 0.0, "transferred": 0, "dist": 0.025858084524805112}, "_child1": {"label": 31, "event": "S", "reconc": 17, "tstamp": 0.0, "transferred": 0, "dist": 0.026709357430832057}}, "_child1": {"label": 27, "event": "S", "reconc": 15, "tstamp": 0.08401283817701836, "transferred": 0, "dist": 0.000728429958641266, "_child0": {"label": 32, "event": "S", "reconc": 16, "tstamp": 0.0, "transferred": 0, "dist": 0.025858084524805112}, "_child1": {"label": 33, "event": "S", "reconc": 17, "tstamp": 0.0, "transferred": 0, "dist": 0.026709357430832057}}}, "_child1": {"label": 21, "event": "S", "reconc": 14, "tstamp": 0.006214093374827375, "transferred": 0, "dist": 0.09579738177434251, "_child0": {"label": 36, "event": "S", "reconc": 18, "tstamp": 0.0, "transferred": 0, "dist": 0.0029329221552156343}, "_child1": {"label": 37, "event": "S", "reconc": 19, "tstamp": 0.0, "transferred": 0, "dist": 0.0028749436619650965}}, "_child2": {"label": 23, "event": "S", "reconc": 12, "tstamp": 0.0, "transferred": 0, "dist": 0.07910682921297835}}, "_child1": {"label": 17, "event": "S", "reconc": 10, "tstamp": 0.0, "transferred": 0, "dist": 0.13027850374052488}}, "_child1": {"label": 13, "event": "S", "reconc": 4, "tstamp": 0.0, "transferred": 1, "dist": 0.5686886027912236}}}, "_child1": {"label": 5, "event": "S", "reconc": 4, "tstamp": 0.0, "transferred": 0, "dist": 0.7261894622774312}}, "_child1": {"label": 3, "event": "S", "reconc": 3, "tstamp": 0.0, "transferred": 0, "dist": 0.9897947622704155}}