{"label": 1, "event": "S", "reconc": 1, "tstamp": 0.8623462455267672, "transferred": 0, "dist": 0.0, "_child0": {"label": 2, "event": "S", "reconc": 3, "tstamp": 0.8044951357982097, "transferred": 0, "dist": 0.05355901407530859, "_child0": {"label": 6, "event": "S", "reconc": 6, "tstamp": 0.5217059247257103, "transferred": 0, "dist": 0.2730302852653899, "_child0": {"label": 9, "event": "S", "reconc": 11, "tstamp": 0.4655591004162061, "transferred": 0, "dist": 0.055381714572958825, "_child0": {"label": 14, "event": "H", "reconc": [11, 13], "tstamp": 0.0076230613384405356, "transferred": 0, "dist": 0.42206439440866766, "_child0": {"label": 59, "event": "S", "reconc": 13, "tstamp": 0.0, "transferred": 0, "dist": 0.007025921728782429}, "_child1": {"label": 60, "event": "S", "reconc": 20, "tstamp": 0.0, "transferred": 1, "dist": 0.0151429043695482}}, "_child1": {"label": 13, "event": "S", "reconc": 12, "tstamp": 0.0, "transferred": 0, "dist": 0.45380367221201984}}, "_child1": {"label": 12, "event": "H", "reconc": [6, 27], "tstamp": 0.4271862106138272, "transferred": 0, "dist": 0.09399947387927494, "_child0": {"label": 16, "event": "S", "reconc": 4, "tstamp": 0.24993067315429968, "transferred": 1, "dist": 0.21224279420142805, "_child0": {"label": 21, "event": "S", "reconc": 17, "tstamp": 0.24341261337497386, "transferred": 0, "dist": 0.028936565243340116, "_child0": {"label": 25, "event": "D", "reconc": [17, 18], "tstamp": 0.14543100584126467, "transferred": 0, "dist": 0.15894058539793493, "_child0": {"label": 40, "event": "H", "reconc": [17, 18], "tstamp": 0.14142059735893495, "transferred": 0, "dist": 0.01097606325617538, "_child0": {"label": 41, "event": "S", "reconc": 18, "tstamp": 0.0, "transferred": 0, "dist": 0.3870531964953484}, "_child1": {"label": 42, "event": "S", "reconc": 20, "tstamp": 0.0, "transferred": 1, "dist": 0.3756471623589852}}, "_child1": {"label": 39, "event": "S", "reconc": 18, "tstamp": 0.0, "transferred": 0, "dist": 0.24168021639734955}}, "_child1": {"label": 26, "event": "H", "reconc": [17, 19], "tstamp": 0.07338092356559668, "transferred": 0, "dist": 0.8026727554839677, "_child0": {"label": 47, "event": "S", "reconc": 19, "tstamp": 0.0, "transferred": 0, "dist": 0.34641112009408226}, "_child1": {"label": 48, "event": "S", "reconc": 23, "tstamp": 0.0, "transferred": 1, "dist": 0.150947009452697}}}, "_child1": {"label": 29, "event": "S", "reconc": 21, "tstamp": 0.16839777158541772, "transferred": 0, "dist": 0.2422039946064397, "_child0": {"label": 35, "event": "S", "reconc": 22, "tstamp": 0.0, "transferred": 0, "dist": 0.3048123971732905}, "_child1": {"label": 36, "event": "S", "reconc": 23, "tstamp": 0.0, "transferred": 0, "dist": 0.7128274743013177}}}, "_child1": {"label": 15, "event": "H", "reconc": [6, 27], "tstamp": 0.1885568317668871, "transferred": 0, "dist": 0.23731595333856925, "_child0": {"label": 31, "event": "S", "reconc": 27, "tstamp": 0.06425111171270963, "transferred": 0, "dist": 0.12362153647064525, "_child0": {"label": 49, "event": "S", "reconc": 28, "tstamp": 0.0, "transferred": 0, "dist": 0.06398932640410072}, "_child1": {"label": 50, "event": "S", "reconc": 29, "tstamp": 0.0, "transferred": 0, "dist": 0.06100245744743291}}, "_child1": {"label": 32, "event": "H", "reconc": [17, 19], "tstamp": 0.05984937328204966, "transferred": 1, "dist": 0.2313006169617019, "_child0": {"label": 51, "event": "H", "reconc": [17, 19], "tstamp": 0.008369713765937835, "transferred": 0, "dist": 0.09251427343239603, "_child0": {"label": 58, "event": "S", "reconc": 24, "tstamp": 0.0, "transferred": 1, "dist": 0.04815158956193782}, "_child1": {"label": 57, "event": "S", "reconc": 19, "tstamp": 0.0, "transferred": 0, "dist": 0.015041241437319922}}, "_child1": {"label": 52, "event": "S", "reconc": 18, "tstamp": 0.0, "transferred": 1, "dist": 0.09975183894109795}}}}, "_child2": {"label": 8, "event": "S", "reconc": 10, "tstamp": 0.2679830751273424, "transferred": 0, "dist": 0.20414660236797486, "_child0": {"label": 17, "event": "S", "reconc": 14, "tstamp": 0.0, "transferred": 0, "dist": 0.15341020601162222}, "_child1": {"label": 18, "event": "S", "reconc": 15, "tstamp": 0.0, "transferred": 0, "dist": 0.17302465372236495}}, "_child3": {"label": 10, "event": "S", "reconc": 24, "tstamp": 0.0, "transferred": 0, "dist": 0.526862587689135}, "_child4": {"label": 11, "event": "S", "reconc": 26, "tstamp": 0.0, "transferred": 0, "dist": 0.6530562299710944}}, "_child1": {"label": 5, "event": "S", "reconc": 4, "tstamp": 0.24993067315429968, "transferred": 0, "dist": 0.659773279564048, "_child0": {"label": 19, "event": "S", "reconc": 17, "tstamp": 0.24341261337497386, "transferred": 0, "dist": 0.009056203188134309, "_child0": {"label": 24, "event": "D", "reconc": [17, 19], "tstamp": 0.1683954485653044, "transferred": 0, "dist": 0.09927473891481574, "_child0": {"label": 38, "event": "D", "reconc": [17, 19], "tstamp": 0.09836068308148911, "transferred": 0, "dist": 0.09268122936938737, "_child0": {"label": 45, "event": "S", "reconc": 19, "tstamp": 0.0, "transferred": 0, "dist": 0.13016662462747622}, "_child1": {"label": 46, "event": "S", "reconc": 19, "tstamp": 0.0, "transferred": 0, "dist": 0.13016662462747622}}, "_child1": {"label": 37, "event": "S", "reconc": 19, "tstamp": 0.0, "transferred": 0, "dist": 1.0310495209153134}}, "_child1": {"label": 23, "event": "S", "reconc": 18, "tstamp": 0.0, "transferred": 0, "dist": 0.36941324604122294}}, "_child1": {"label": 20, "event": "S", "reconc": 16, "tstamp": 0.21316390730167312, "transferred": 0, "dist": 0.056322743869854065, "_child0": {"label": 27, "event": "S", "reconc": 21, "tstamp": 0.16839777158541772, "transferred": 0, "dist": 0.07481758166944429, "_child0": {"label": 33, "event": "S", "reconc": 22, "tstamp": 0.0, "transferred": 0, "dist": 0.30118414593701703}, "_child1": {"label": 34, "event": "S", "reconc": 23, "tstamp": 0.0, "transferred": 0, "dist": 0.33449843896818}}, "_child1": {"label": 28, "event": "H", "reconc": [16, 20], "tstamp": 0.03585210362541266, "transferred": 0, "dist": 0.29574859105613077, "_child0": {"label": 54, "event": "S", "reconc": 29, "tstamp": 0.0, "transferred": 1, "dist": 0.03430555136455903}, "_child1": {"label": 53, "event": "S", "reconc": 20, "tstamp": 0.0, "transferred": 0, "dist": 0.05979979287207382}}}}}, "_child1": {"label": 3, "event": "D", "reconc": [1, 2], "tstamp": 0.11045859732302504, "transferred": 0, "dist": 0.6551718320928713, "_child0": {"label": 43, "event": "D", "reconc": [1, 2], "tstamp": 0.025063269989187148, "transferred": 0, "dist": 0.17492998608163898, "_child0": {"label": 55, "event": "S", "reconc": 2, "tstamp": 0.0, "transferred": 0, "dist": 0.034224522491441235}, "_child1": {"label": 56, "event": "S", "reconc": 2, "tstamp": 0.0, "transferred": 0, "dist": 0.06755263859620524}}, "_child1": {"label": 44, "event": "S", "reconc": 2, "tstamp": 0.0, "transferred": 0, "dist": 0.10229455443044046}}}