{"label": 0, "event": null, "tstamp": 1.0, "dist": 0.0, "_child0": {"label": 1, "event": "S", "tstamp": 0.9062159267141021, "dist": 0.09378407328589788, "_child0": {"label": 5, "event": "S", "tstamp": 0.0, "dist": 0.9062159267141021}, "_child1": {"label": 4, "event": "S", "tstamp": 0.5651716953773748, "dist": 0.34104423133672734, "_child0": {"label": 7, "event": "S", "tstamp": 0.5237703017778096, "dist": 0.041401393599565184, "_child0": {"label": 9, "event": "S", "tstamp": 0.5202266320962382, "dist": 0.003543669681571382, "_child0": {"label": 10, "event": "S", "tstamp": 0.23538907247800253, "dist": 0.28483755961823565, "_child0": {"label": 19, "event": "S", "tstamp": 0.0, "dist": 0.23538907247800253}, "_child1": {"label": 18, "event": "S", "tstamp": 0.0, "dist": 0.23538907247800253}, "_child2": {"label": 14, "event": "S", "tstamp": 0.19158683217674208, "dist": 0.04380224030126045, "_child0": {"label": 16, "event": "S", "tstamp": 0.0, "dist": 0.19158683217674208}, "_child1": {"label": 17, "event": "S", "tstamp": 0.0, "dist": 0.19158683217674208}}, "_child3": {"label": 12, "event": "S", "tstamp": 0.0, "dist": 0.23538907247800253}}, "_child1": {"label": 11, "event": "S", "tstamp": 0.0, "dist": 0.5202266320962382}}, "_child1": {"label": 8, "event": "S", "tstamp": 0.0, "dist": 0.5237703017778096}}, "_child1": {"label": 6, "event": "S", "tstamp": 0.0, "dist": 0.5651716953773748}}, "_child2": {"label": 3, "event": "S", "tstamp": 0.0, "dist": 0.9062159267141021}}}