{"label": 1, "event": "S", "reconc": 1, "tstamp": 0.8187384557434811, "transferred": 0, "dist": 0.0, "_child0": {"label": 2, "event": "H", "reconc": [1, 2], "tstamp": 0.7143932279971386, "transferred": 0, "dist": 0.09280744402556472, "_child0": {"label": 4, "event": "S", "reconc": 2, "tstamp": 0.678889994564199, "transferred": 0, "dist": 0.03157752798780577, "_child0": {"label": 9, "event": "S", "reconc": 4, "tstamp": 0.0, "transferred": 0, "dist": 0.5861660492035764}, "_child1": {"label": 7, "event": "S", "reconc": 5, "tstamp": 0.0, "transferred": 0, "dist": 0.5043332503055707}}, "_child1": {"label": 5, "event": "S", "reconc": 3, "tstamp": 0.6438460618455164, "transferred": 1, "dist": 0.4312040851044553, "_child0": {"label": 13, "event": "S", "reconc": 7, "tstamp": 0.6141779430039205, "transferred": 0, "dist": 0.034475426127093034, "_child0": {"label": 26, "event": "S", "reconc": 12, "tstamp": 0.4700199690631524, "transferred": 0, "dist": 0.33993984258264126, "_child0": {"label": 32, "event": "D", "reconc": [12, 16], "tstamp": 0.22958361267305005, "transferred": 0, "dist": 0.796470984818464, "_child0": {"label": 44, "event": "S", "reconc": 16, "tstamp": 0.0, "transferred": 0, "dist": 0.5150475499332058}, "_child1": {"label": 45, "event": "S", "reconc": 16, "tstamp": 0.0, "transferred": 0, "dist": 1.460241664895796}}, "_child1": {"label": 31, "event": "S", "reconc": 17, "tstamp": 0.0, "transferred": 0, "dist": 0.9279868955849698}, "_child2": {"label": 33, "event": "S", "reconc": 14, "tstamp": 0.0, "transferred": 0, "dist": 0.7012580253462287}}, "_child1": {"label": 21, "event": "S", "reconc": 9, "tstamp": 0.0, "transferred": 0, "dist": 1.0505586127993365}}, "_child1": {"label": 15, "event": "H", "reconc": [3, 19], "tstamp": 0.41395335025267754, "transferred": 0, "dist": 0.3273588949670563, "_child0": {"label": 34, "event": "S", "reconc": 19, "tstamp": 0.258133945316057, "transferred": 0, "dist": 0.22188118910362753, "_child0": {"label": 43, "event": "H", "reconc": [19, 21], "tstamp": 0.15151014667696283, "transferred": 0, "dist": 0.1326806869837161, "_child0": {"label": 47, "event": "S", "reconc": 16, "tstamp": 0.0, "transferred": 1, "dist": 1.0053722209072606}, "_child1": {"label": 46, "event": "S", "reconc": 21, "tstamp": 0.0, "transferred": 0, "dist": 0.18853642997795378}}, "_child1": {"label": 42, "event": "S", "reconc": 20, "tstamp": 0.0, "transferred": 0, "dist": 0.49228827183323987}}, "_child1": {"label": 35, "event": "S", "reconc": 4, "tstamp": 0.0, "transferred": 1, "dist": 0.4689078124275977}}}}, "_child1": {"label": 3, "event": "S", "reconc": 3, "tstamp": 0.6438460618455164, "transferred": 0, "dist": 0.17087262610843013, "_child0": {"label": 10, "event": "S", "reconc": 7, "tstamp": 0.6141779430039205, "transferred": 0, "dist": 0.031280566541797616, "_child0": {"label": 16, "event": "H", "reconc": [7, 10], "tstamp": 0.5887550304183021, "transferred": 0, "dist": 0.02618973952995287, "_child0": {"label": 23, "event": "S", "reconc": 5, "tstamp": 0.0, "transferred": 1, "dist": 0.5535682847074601}, "_child1": {"label": 22, "event": "S", "reconc": 10, "tstamp": 0.0, "transferred": 0, "dist": 0.6065135472450736}}, "_child1": {"label": 17, "event": "S", "reconc": 11, "tstamp": 0.5760211276515538, "transferred": 0, "dist": 0.043848164626236426, "_child0": {"label": 24, "event": "S", "reconc": 12, "tstamp": 0.4700199690631524, "transferred": 0, "dist": 0.14891680734517043, "_child0": {"label": 30, "event": "H", "reconc": [12, 14], "tstamp": 0.3499566989762635, "transferred": 0, "dist": 0.16536140489998885, "_child0": {"label": 37, "event": "S", "reconc": 16, "tstamp": 0.0, "transferred": 1, "dist": 0.7877354679119902}, "_child1": {"label": 36, "event": "S", "reconc": 14, "tstamp": 0.0, "transferred": 0, "dist": 0.4819902985733924}}, "_child1": {"label": 29, "event": "S", "reconc": 16, "tstamp": 0.0, "transferred": 0, "dist": 0.8879667287327654}}, "_child1": {"label": 25, "event": "H", "reconc": [11, 13], "tstamp": 0.26333058159879835, "transferred": 0, "dist": 0.32010424400854076, "_child0": {"label": 39, "event": "S", "reconc": 17, "tstamp": 0.0, "transferred": 1, "dist": 0.7508288963193259}, "_child1": {"label": 38, "event": "S", "reconc": 13, "tstamp": 0.0, "transferred": 0, "dist": 0.2695739855620426}}}, "_child2": {"label": 18, "event": "S", "reconc": 9, "tstamp": 0.0, "transferred": 0, "dist": 0.7029358396282079}}, "_child1": {"label": 12, "event": "S", "reconc": 19, "tstamp": 0.258133945316057, "transferred": 0, "dist": 0.3633165404165095, "_child0": {"label": 40, "event": "D", "reconc": [19, 20], "tstamp": 0.13015582736822287, "transferred": 0, "dist": 0.10923295069883336, "_child0": {"label": 50, "event": "S", "reconc": 20, "tstamp": 0.0, "transferred": 0, "dist": 0.11109168740764067}, "_child1": {"label": 51, "event": "S", "reconc": 20, "tstamp": 0.0, "transferred": 0, "dist": 0.11109168740764067}}, "_child1": {"label": 41, "event": "S", "reconc": 21, "tstamp": 0.0, "transferred": 0, "dist": 0.21933089665115002}}, "_child2": {"label": 11, "event": "S", "reconc": 18, "tstamp": 0.13465588018697028, "transferred": 0, "dist": 0.6492403144379624, "_child0": {"label": 48, "event": "S", "reconc": 23, "tstamp": 0.0068655289363433614, "transferred": 0, "dist": 0.20162937276117582, "_child0": {"label": 52, "event": "S", "reconc": 24, "tstamp": 0.0, "transferred": 0, "dist": 0.011465283590617536}, "_child1": {"label": 53, "event": "S", "reconc": 25, "tstamp": 0.0, "transferred": 0, "dist": 0.011550165842323294}}, "_child1": {"label": 49, "event": "S", "reconc": 22, "tstamp": 0.0, "transferred": 0, "dist": 0.21026864635997342}}}}