{"label": 0, "event": null, "tstamp": 1.0, "dist": 0.0, "_child0": {"label": 1, "event": "S", "tstamp": 0.7791798290219661, "dist": 0.22082017097803386, "_child0": {"label": 4, "event": "S", "tstamp": 0.0, "dist": 0.7791798290219661}, "_child1": {"label": 5, "event": "S", "tstamp": 0.7154009851396892, "dist": 0.06377884388227695, "_child0": {"label": 7, "event": "S", "tstamp": 0.675318031479899, "dist": 0.0400829536597902, "_child0": {"label": 9, "event": "S", "tstamp": 0.6500482984251433, "dist": 0.02526973305475566, "_child0": {"label": 10, "event": "S", "tstamp": 0.6423517953061004, "dist": 0.007696503119042908, "_child0": {"label": 13, "event": "S", "tstamp": 0.34110666203273604, "dist": 0.3012451332733644, "_child0": {"label": 15, "event": "S", "tstamp": 0.25674994228079273, "dist": 0.08435671975194331, "_child0": {"label": 25, "event": "S", "tstamp": 0.0, "dist": 0.25674994228079273}, "_child1": {"label": 24, "event": "S", "tstamp": 0.0, "dist": 0.25674994228079273}, "_child2": {"label": 17, "event": "S", "tstamp": 0.0, "dist": 0.25674994228079273}}, "_child1": {"label": 14, "event": "S", "tstamp": 0.24597652233955372, "dist": 0.09513013969318232, "_child0": {"label": 18, "event": "S", "tstamp": 0.0, "dist": 0.24597652233955372}, "_child1": {"label": 19, "event": "S", "tstamp": 0.0, "dist": 0.24597652233955372}}}, "_child1": {"label": 12, "event": "S", "tstamp": 0.0, "dist": 0.6423517953061004}}, "_child1": {"label": 11, "event": "S", "tstamp": 0.0, "dist": 0.6500482984251433}}, "_child1": {"label": 8, "event": "S", "tstamp": 0.21912326161495618, "dist": 0.4561947698649428, "_child0": {"label": 21, "event": "S", "tstamp": 0.1066835073892489, "dist": 0.11243975422570729, "_child0": {"label": 22, "event": "S", "tstamp": 0.0, "dist": 0.1066835073892489}, "_child1": {"label": 23, "event": "S", "tstamp": 0.0, "dist": 0.1066835073892489}}, "_child1": {"label": 20, "event": "S", "tstamp": 0.0, "dist": 0.21912326161495618}}}, "_child1": {"label": 6, "event": "S", "tstamp": 0.0, "dist": 0.7154009851396892}}, "_child2": {"label": 2, "event": "S", "tstamp": 0.0, "dist": 0.7791798290219661}}}