{"label": 1, "event": "S", "reconc": 1, "tstamp": 0.8475124949719287, "transferred": 0, "dist": 0.0, "_child0": {"label": 2, "event": "S", "reconc": 2, "tstamp": 0.7720459369200092, "transferred": 0, "dist": 0.05516636059525268, "_child0": {"label": 7, "event": "H", "reconc": [4, 7], "tstamp": 0.3352205989020407, "transferred": 0, "dist": 0.29829496299015335, "_child0": {"label": 38, "event": "H", "reconc": [4, 7], "tstamp": 0.2562397864490289, "transferred": 0, "dist": 0.0547153122641224, "_child0": {"label": 45, "event": "D", "reconc": [15, 19], "tstamp": 0.21401474604146273, "transferred": 1, "dist": 0.05361408372045567, "_child0": {"label": 46, "event": "S", "reconc": 19, "tstamp": 0.0, "transferred": 0, "dist": 0.3016159365066371}, "_child1": {"label": 47, "event": "S", "reconc": 19, "tstamp": 0.0, "transferred": 0, "dist": 0.3969207227741452}}, "_child1": {"label": 44, "event": "S", "reconc": 7, "tstamp": 0.0, "transferred": 0, "dist": 0.17751450630356255}}, "_child1": {"label": 39, "event": "S", "reconc": 18, "tstamp": 0.0, "transferred": 1, "dist": 0.2385000811729932}}, "_child1": {"label": 5, "event": "D", "reconc": [2, 5], "tstamp": 0.6391730515780938, "transferred": 0, "dist": 0.08316960681963619, "_child0": {"label": 10, "event": "S", "reconc": 5, "tstamp": 0.48185454763355384, "transferred": 0, "dist": 0.09847094149308218, "_child0": {"label": 14, "event": "S", "reconc": 9, "tstamp": 0.4192379130495887, "transferred": 0, "dist": 0.034136309297394425, "_child0": {"label": 22, "event": "S", "reconc": 14, "tstamp": 0.3875238361762569, "transferred": 0, "dist": 0.016736873115638675, "_child0": {"label": 26, "event": "S", "reconc": 16, "tstamp": 0.3372236300183576, "transferred": 0, "dist": 0.028739649318560764, "_child0": {"label": 36, "event": "S", "reconc": 21, "tstamp": 0.28600811363135764, "transferred": 0, "dist": 0.03293999268107143, "_child0": {"label": 40, "event": "S", "reconc": 23, "tstamp": 0.17000316795313164, "transferred": 0, "dist": 0.07330602325662383, "_child0": {"label": 50, "event": "S", "reconc": 24, "tstamp": 0.08287959071767663, "transferred": 0, "dist": 0.04982522551932746, "_child0": {"label": 52, "event": "S", "reconc": 27, "tstamp": 0.05696690181039164, "transferred": 0, "dist": 0.015094549763701918, "_child0": {"label": 54, "event": "S", "reconc": 28, "tstamp": 0.0, "transferred": 0, "dist": 0.03477434137775074}, "_child1": {"label": 55, "event": "S", "reconc": 29, "tstamp": 0.0, "transferred": 0, "dist": 0.03505286352009528}}, "_child1": {"label": 53, "event": "S", "reconc": 26, "tstamp": 0.0, "transferred": 0, "dist": 0.04909147036958537}}, "_child1": {"label": 51, "event": "S", "reconc": 25, "tstamp": 0.0, "transferred": 0, "dist": 0.09689145391182483}}, "_child1": {"label": 41, "event": "S", "reconc": 22, "tstamp": 0.0, "transferred": 0, "dist": 0.2117995640986617}}, "_child1": {"label": 37, "event": "S", "reconc": 20, "tstamp": 0.0, "transferred": 0, "dist": 0.21849209551050267}}, "_child1": {"label": 27, "event": "S", "reconc": 17, "tstamp": 0.0, "transferred": 0, "dist": 0.2036721401413902}}, "_child1": {"label": 21, "event": "S", "reconc": 15, "tstamp": 0.3516389848565085, "transferred": 0, "dist": 0.039982407456820045, "_child0": {"label": 31, "event": "H", "reconc": [15, 19], "tstamp": 0.27413273488792766, "transferred": 0, "dist": 0.04608521467847627, "_child0": {"label": 43, "event": "H", "reconc": [4, 7], "tstamp": 0.03619000610007645, "transferred": 1, "dist": 0.31818897740263496, "_child0": {"label": 60, "event": "S", "reconc": 7, "tstamp": 0.0, "transferred": 0, "dist": 0.0483950952896964}, "_child1": {"label": 61, "event": "S", "reconc": 18, "tstamp": 0.0, "transferred": 1, "dist": 0.07019264292214308}}, "_child1": {"label": 42, "event": "S", "reconc": 19, "tstamp": 0.0, "transferred": 0, "dist": 0.16299931867209763}}, "_child1": {"label": 30, "event": "S", "reconc": 18, "tstamp": 0.0, "transferred": 0, "dist": 0.24322377280802204}}, "_child2": {"label": 20, "event": "D", "reconc": [9, 12], "tstamp": 0.19656684981462344, "transferred": 0, "dist": 0.11519220504028886, "_child0": {"label": 48, "event": "S", "reconc": 12, "tstamp": 0.0, "transferred": 0, "dist": 0.10168797211012834}, "_child1": {"label": 49, "event": "S", "reconc": 12, "tstamp": 0.0, "transferred": 0, "dist": 0.10168797211012834}}, "_child3": {"label": 23, "event": "D", "reconc": [9, 11], "tstamp": 0.05079490017654878, "transferred": 0, "dist": 0.21912966186954771, "_child0": {"label": 56, "event": "S", "reconc": 11, "tstamp": 0.0, "transferred": 0, "dist": 0.03021001596309286}, "_child1": {"label": 57, "event": "S", "reconc": 11, "tstamp": 0.0, "transferred": 0, "dist": 0.05273203084806795}}}, "_child1": {"label": 32, "event": "H", "reconc": [5, 8], "tstamp": 0.03373669618697609, "transferred": 0, "dist": 0.2780262140435371, "_child0": {"label": 63, "event": "S", "reconc": 26, "tstamp": 0.0, "transferred": 1, "dist": 0.04927533633734446}, "_child1": {"label": 62, "event": "S", "reconc": 8, "tstamp": 0.0, "transferred": 0, "dist": 0.021126565792041106}}}, "_child1": {"label": 9, "event": "S", "reconc": 5, "tstamp": 0.48185454763355384, "transferred": 0, "dist": 0.10491781262894065, "_child0": {"label": 12, "event": "S", "reconc": 9, "tstamp": 0.4192379130495887, "transferred": 0, "dist": 0.03417994186997982, "_child0": {"label": 18, "event": "S", "reconc": 14, "tstamp": 0.3875238361762569, "transferred": 0, "dist": 0.027313396560093735, "_child0": {"label": 35, "event": "S", "reconc": 20, "tstamp": 0.0, "transferred": 0, "dist": 2.0889431307470754}, "_child1": {"label": 25, "event": "S", "reconc": 17, "tstamp": 0.0, "transferred": 0, "dist": 0.203689457642679}}, "_child1": {"label": 17, "event": "S", "reconc": 15, "tstamp": 0.3516389848565085, "transferred": 0, "dist": 0.17690101734003527, "_child0": {"label": 28, "event": "S", "reconc": 18, "tstamp": 0.0, "transferred": 0, "dist": 0.3959586992758161}, "_child1": {"label": 29, "event": "S", "reconc": 19, "tstamp": 0.0, "transferred": 0, "dist": 0.23762236691770214}}, "_child2": {"label": 19, "event": "H", "reconc": [9, 11], "tstamp": 0.03965038573052865, "transferred": 0, "dist": 0.3619148485589612, "_child0": {"label": 59, "event": "S", "reconc": 28, "tstamp": 0.0, "transferred": 1, "dist": 0.0259895782993771}, "_child1": {"label": 58, "event": "S", "reconc": 11, "tstamp": 0.0, "transferred": 0, "dist": 0.03780435950654093}}, "_child3": {"label": 16, "event": "S", "reconc": 12, "tstamp": 0.0, "transferred": 0, "dist": 0.7756775444182898}}, "_child1": {"label": 13, "event": "S", "reconc": 8, "tstamp": 0.0, "transferred": 0, "dist": 0.48317008791555777}}}}, "_child1": {"label": 3, "event": "S", "reconc": 3, "tstamp": 0.0, "transferred": 0, "dist": 0.6164772230451341}}