{"label": 1, "event": "S", "reconc": 1, "tstamp": 0.9913218925737238, "transferred": 0, "dist": 0.0, "_child0": {"label": 3, "event": "D", "reconc": [1, 6], "tstamp": 0.7348118885487719, "transferred": 0, "dist": 0.2699820243333209, "_child0": {"label": 6, "event": "H", "reconc": [1, 6], "tstamp": 0.46181979236885395, "transferred": 0, "dist": 0.2873297633509898, "_child0": {"label": 12, "event": "S", "reconc": 11, "tstamp": 0.44482496912425923, "transferred": 1, "dist": 0.08654468529250862, "_child0": {"label": 15, "event": "S", "reconc": 13, "tstamp": 0.4308383631977138, "transferred": 0, "dist": 0.040892085644568095, "_child0": {"label": 19, "event": "S", "reconc": 15, "tstamp": 0.39986422344587397, "transferred": 0, "dist": 0.05999461211641661, "_child0": {"label": 26, "event": "S", "reconc": 21, "tstamp": 0.13502378803403192, "transferred": 0, "dist": 0.7045073513812016, "_child0": {"label": 41, "event": "S", "reconc": 23, "tstamp": 0.0, "transferred": 0, "dist": 0.12244118366360214}, "_child1": {"label": 39, "event": "D", "reconc": [21, 22], "tstamp": 0.09695685823094702, "transferred": 0, "dist": 0.1836802062157987, "_child0": {"label": 51, "event": "S", "reconc": 22, "tstamp": 0.0, "transferred": 0, "dist": 0.17118139161528811}, "_child1": {"label": 52, "event": "S", "reconc": 22, "tstamp": 0.0, "transferred": 0, "dist": 0.09289888166842665}}}, "_child1": {"label": 25, "event": "D", "reconc": [15, 20], "tstamp": 0.08183056374457856, "transferred": 0, "dist": 0.26628930672775986, "_child0": {"label": 55, "event": "S", "reconc": 20, "tstamp": 0.0, "transferred": 0, "dist": 0.14299761215404633}, "_child1": {"label": 56, "event": "S", "reconc": 20, "tstamp": 0.0, "transferred": 0, "dist": 0.06961295761913273}}}, "_child1": {"label": 20, "event": "D", "reconc": [13, 14], "tstamp": 0.18108416945474043, "transferred": 0, "dist": 0.29359110524438986, "_child0": {"label": 33, "event": "D", "reconc": [13, 14], "tstamp": 0.01597077230151458, "transferred": 0, "dist": 0.2474222936866359, "_child0": {"label": 63, "event": "S", "reconc": 14, "tstamp": 0.0, "transferred": 0, "dist": 0.02556247874567099}, "_child1": {"label": 64, "event": "S", "reconc": 14, "tstamp": 0.0, "transferred": 0, "dist": 0.16613984249348984}}, "_child1": {"label": 34, "event": "S", "reconc": 14, "tstamp": 0.0, "transferred": 0, "dist": 0.7389118605026757}}}, "_child1": {"label": 16, "event": "S", "reconc": 12, "tstamp": 0.1162329220079212, "transferred": 0, "dist": 1.7685268900705626, "_child0": {"label": 45, "event": "S", "reconc": 25, "tstamp": 0.04894782830655157, "transferred": 0, "dist": 0.08254224516547026, "_child0": {"label": 57, "event": "S", "reconc": 26, "tstamp": 0.0, "transferred": 0, "dist": 0.05390322660616427}, "_child1": {"label": 58, "event": "S", "reconc": 27, "tstamp": 0.0, "transferred": 0, "dist": 0.053151001020652414}}, "_child1": {"label": 46, "event": "S", "reconc": 24, "tstamp": 0.0, "transferred": 0, "dist": 0.15267673081321098}}}, "_child1": {"label": 11, "event": "D", "reconc": [1, 6], "tstamp": 0.13693686023340923, "transferred": 0, "dist": 0.34194592925405, "_child0": {"label": 35, "event": "D", "reconc": [1, 6], "tstamp": 0.1155693620735991, "transferred": 0, "dist": 0.03604362936168818, "_child0": {"label": 47, "event": "S", "reconc": 6, "tstamp": 0.0, "transferred": 0, "dist": 0.1332785123334931}, "_child1": {"label": 48, "event": "S", "reconc": 6, "tstamp": 0.0, "transferred": 0, "dist": 0.12268034300698544}}, "_child1": {"label": 36, "event": "S", "reconc": 6, "tstamp": 0.0, "transferred": 0, "dist": 0.14412884547016952}}}, "_child1": {"label": 7, "event": "D", "reconc": [1, 6], "tstamp": 0.35639885983477204, "transferred": 0, "dist": 0.398287450482324, "_child0": {"label": 27, "event": "S", "reconc": 6, "tstamp": 0.0, "transferred": 0, "dist": 0.3751170875928853}, "_child1": {"label": 28, "event": "S", "reconc": 6, "tstamp": 0.0, "transferred": 0, "dist": 0.3751170875928853}}}, "_child1": {"label": 4, "event": "S", "reconc": 7, "tstamp": 0.6146399352973771, "transferred": 0, "dist": 0.3474034867897882, "_child0": {"label": 9, "event": "S", "reconc": 11, "tstamp": 0.44482496912425923, "transferred": 0, "dist": 0.15152161280350018, "_child0": {"label": 13, "event": "S", "reconc": 13, "tstamp": 0.4308383631977138, "transferred": 0, "dist": 0.013096694170422385, "_child0": {"label": 17, "event": "S", "reconc": 15, "tstamp": 0.39986422344587397, "transferred": 0, "dist": 0.02887714486843046, "_child0": {"label": 21, "event": "S", "reconc": 17, "tstamp": 0.2631796026281091, "transferred": 0, "dist": 0.11749494443956372, "_child0": {"label": 32, "event": "S", "reconc": 18, "tstamp": 0.0, "transferred": 0, "dist": 0.21582732292510867}, "_child1": {"label": 29, "event": "S", "reconc": 19, "tstamp": 0.04791135776309072, "transferred": 0, "dist": 0.19055875690829813, "_child0": {"label": 59, "event": "S", "reconc": 28, "tstamp": 0.0, "transferred": 0, "dist": 0.04277051805247596}, "_child1": {"label": 60, "event": "S", "reconc": 29, "tstamp": 0.0, "transferred": 0, "dist": 0.04808992592171275}}}, "_child1": {"label": 23, "event": "S", "reconc": 21, "tstamp": 0.13502378803403192, "transferred": 0, "dist": 0.2501540815169904, "_child0": {"label": 37, "event": "S", "reconc": 22, "tstamp": 0.0, "transferred": 0, "dist": 0.11514348777250312}, "_child1": {"label": 38, "event": "S", "reconc": 23, "tstamp": 0.0, "transferred": 0, "dist": 0.11914178379357294}}, "_child2": {"label": 22, "event": "H", "reconc": [15, 20], "tstamp": 0.09948189820045751, "transferred": 0, "dist": 0.2452434943943734, "_child0": {"label": 50, "event": "D", "reconc": [1, 6], "tstamp": 0.0950091670700079, "transferred": 1, "dist": 0.015219187568686217, "_child0": {"label": 53, "event": "D", "reconc": [1, 6], "tstamp": 0.02207632195496943, "transferred": 0, "dist": 0.09138363910664732, "_child0": {"label": 61, "event": "S", "reconc": 6, "tstamp": 0.0, "transferred": 0, "dist": 0.023300295676401857}, "_child1": {"label": 62, "event": "S", "reconc": 6, "tstamp": 0.0, "transferred": 0, "dist": 0.028670244920560976}}, "_child1": {"label": 54, "event": "S", "reconc": 6, "tstamp": 0.0, "transferred": 0, "dist": 0.10674330960389863}}, "_child1": {"label": 49, "event": "S", "reconc": 20, "tstamp": 0.0, "transferred": 0, "dist": 0.0812207852899887}}}, "_child1": {"label": 18, "event": "S", "reconc": 14, "tstamp": 0.0, "transferred": 0, "dist": 0.3940715722017254}}, "_child1": {"label": 44, "event": "S", "reconc": 24, "tstamp": 0.0, "transferred": 0, "dist": 0.4615375223217961}}, "_child1": {"label": 8, "event": "S", "reconc": 10, "tstamp": 0.0, "transferred": 0, "dist": 0.4973034371890159}, "_child2": {"label": 10, "event": "S", "reconc": 8, "tstamp": 0.0, "transferred": 0, "dist": 0.6012779185946022}}, "_child2": {"label": 5, "event": "S", "reconc": 2, "tstamp": 0.0, "transferred": 0, "dist": 1.7236089142288207}}