{"label": 0, "event": null, "tstamp": 1.0, "dist": 0.0, "_child0": {"label": 1, "event": "S", "tstamp": 0.8190075558432939, "dist": 0.18099244415670612, "_child0": {"label": 2, "event": "S", "tstamp": 0.4149402163699841, "dist": 0.40406733947330975, "_child0": {"label": 6, "event": "S", "tstamp": 0.27233055966518066, "dist": 0.14260965670480347, "_child0": {"label": 13, "event": "S", "tstamp": 0.21211310435870326, "dist": 0.0602174553064774, "_child0": {"label": 14, "event": "S", "tstamp": 0.0, "dist": 0.21211310435870326}, "_child1": {"label": 15, "event": "S", "tstamp": 0.0, "dist": 0.21211310435870326}}, "_child1": {"label": 12, "event": "S", "tstamp": 0.0, "dist": 0.27233055966518066}}, "_child1": {"label": 7, "event": "S", "tstamp": 0.3579975173669525, "dist": 0.056942699003031616, "_child0": {"label": 18, "event": "S", "tstamp": 0.0, "dist": 0.3579975173669525}, "_child1": {"label": 19, "event": "S", "tstamp": 0.12361812939066334, "dist": 0.23437938797628916, "_child0": {"label": 22, "event": "S", "tstamp": 0.0, "dist": 0.12361812939066334}, "_child1": {"label": 23, "event": "S", "tstamp": 0.05511870956382185, "dist": 0.06849941982684149, "_child0": {"label": 24, "event": "S", "tstamp": 0.0, "dist": 0.05511870956382185}, "_child1": {"label": 25, "event": "S", "tstamp": 0.0, "dist": 0.05511870956382185}}, "_child2": {"label": 21, "event": "S", "tstamp": 0.0, "dist": 0.12361812939066334}}, "_child2": {"label": 9, "event": "S", "tstamp": 0.0, "dist": 0.3579975173669525}}, "_child2": {"label": 4, "event": "S", "tstamp": 0.3523557773485394, "dist": 0.06258443902144473, "_child0": {"label": 10, "event": "S", "tstamp": 0.14910523384127497, "dist": 0.20325054350726443, "_child0": {"label": 16, "event": "S", "tstamp": 0.0, "dist": 0.14910523384127497}, "_child1": {"label": 17, "event": "S", "tstamp": 0.0, "dist": 0.14910523384127497}}, "_child1": {"label": 11, "event": "S", "tstamp": 0.0, "dist": 0.3523557773485394}}}, "_child1": {"label": 3, "event": "S", "tstamp": 0.0, "dist": 0.8190075558432939}}}