{"label": 1, "event": "S", "reconc": 1, "tstamp": 0.8849699111065866, "transferred": 0, "dist": 0.0, "_child0": {"label": 4, "event": "S", "reconc": 5, "tstamp": 0.7827521633591596, "transferred": 0, "dist": 0.0991990906194045, "_child0": {"label": 7, "event": "H", "reconc": [5, 8], "tstamp": 0.6953974243375293, "transferred": 0, "dist": 0.08981263636293625, "_child0": {"label": 11, "event": "S", "reconc": 11, "tstamp": 0.592077829172393, "transferred": 1, "dist": 0.22880025688977135, "_child0": {"label": 16, "event": "H", "reconc": [11, 12], "tstamp": 0.47400145728816834, "transferred": 0, "dist": 0.7110525324601574, "_child0": {"label": 20, "event": "H", "reconc": [11, 12], "tstamp": 0.15651240527692198, "transferred": 0, "dist": 0.5054083432477966, "_child0": {"label": 34, "event": "H", "reconc": [11, 12], "tstamp": 0.10396054236438927, "transferred": 0, "dist": 0.07892088835693957, "_child0": {"label": 38, "event": "S", "reconc": 12, "tstamp": 0.0, "transferred": 0, "dist": 0.1561249764089749}, "_child1": {"label": 39, "event": "S", "reconc": 16, "tstamp": 0.0, "transferred": 1, "dist": 0.10807155742817189}}, "_child1": {"label": 35, "event": "S", "reconc": 22, "tstamp": 0.06102204604032915, "transferred": 1, "dist": 0.10307391559185652, "_child0": {"label": 46, "event": "S", "reconc": 24, "tstamp": 0.0, "transferred": 0, "dist": 0.06605587141612262}, "_child1": {"label": 47, "event": "S", "reconc": 25, "tstamp": 0.0, "transferred": 0, "dist": 0.06896405064250322}}}, "_child1": {"label": 19, "event": "H", "reconc": [5, 8], "tstamp": 0.08667525302295226, "transferred": 1, "dist": 0.5056110238247747, "_child0": {"label": 41, "event": "H", "reconc": [21, 23], "tstamp": 0.022495917625904513, "transferred": 1, "dist": 0.05969052165090701, "_child0": {"label": 53, "event": "S", "reconc": 8, "tstamp": 0.0, "transferred": 1, "dist": 0.060046085030355}, "_child1": {"label": 52, "event": "S", "reconc": 23, "tstamp": 0.0, "transferred": 0, "dist": 0.020922514229834835}}, "_child1": {"label": 40, "event": "S", "reconc": 8, "tstamp": 0.0, "transferred": 0, "dist": 0.11314484519410016}}}, "_child1": {"label": 29, "event": "H", "reconc": [11, 12], "tstamp": 0.002996294507105192, "transferred": 1, "dist": 0.847519111241235, "_child0": {"label": 56, "event": "S", "reconc": 12, "tstamp": 0.0, "transferred": 0, "dist": 0.005999090055323521}, "_child1": {"label": 57, "event": "S", "reconc": 23, "tstamp": 0.0, "transferred": 1, "dist": 0.002820087485489595}}}, "_child1": {"label": 10, "event": "H", "reconc": [5, 8], "tstamp": 0.39597049228090386, "transferred": 0, "dist": 0.30785189753028014, "_child0": {"label": 22, "event": "H", "reconc": [5, 8], "tstamp": 0.2425301972847934, "transferred": 0, "dist": 0.15775763939372517, "_child0": {"label": 30, "event": "S", "reconc": 8, "tstamp": 0.0, "transferred": 0, "dist": 0.2493542612539511}, "_child1": {"label": 31, "event": "S", "reconc": 12, "tstamp": 0.0, "transferred": 1, "dist": 0.35837244562928633}}, "_child1": {"label": 23, "event": "D", "reconc": [11, 12], "tstamp": 0.07382532177788265, "transferred": 1, "dist": 0.42653930283861324, "_child0": {"label": 44, "event": "S", "reconc": 12, "tstamp": 0.0, "transferred": 0, "dist": 0.09264451988529009}, "_child1": {"label": 45, "event": "S", "reconc": 12, "tstamp": 0.0, "transferred": 0, "dist": 0.10449108736858698}}}}, "_child1": {"label": 8, "event": "H", "reconc": [5, 10], "tstamp": 0.645612680438894, "transferred": 0, "dist": 0.12221898119263853, "_child0": {"label": 13, "event": "H", "reconc": [5, 8], "tstamp": 0.14741381583940671, "transferred": 1, "dist": 0.6866466465476674, "_child0": {"label": 37, "event": "S", "reconc": 9, "tstamp": 0.0, "transferred": 1, "dist": 0.1434903206871729}, "_child1": {"label": 36, "event": "S", "reconc": 8, "tstamp": 0.0, "transferred": 0, "dist": 0.2031742934265776}}, "_child1": {"label": 12, "event": "S", "reconc": 10, "tstamp": 0.0, "transferred": 0, "dist": 0.5753713107855816}}, "_child2": {"label": 9, "event": "S", "reconc": 11, "tstamp": 0.592077829172393, "transferred": 0, "dist": 0.18853139305753583, "_child0": {"label": 14, "event": "H", "reconc": [11, 12], "tstamp": 0.28595275551640353, "transferred": 0, "dist": 0.31345171906145625, "_child0": {"label": 25, "event": "D", "reconc": [4, 14], "tstamp": 0.08510051251532444, "transferred": 1, "dist": 0.1460849834608896, "_child0": {"label": 42, "event": "S", "reconc": 14, "tstamp": 0.0, "transferred": 0, "dist": 0.06189578357483221}, "_child1": {"label": 43, "event": "S", "reconc": 14, "tstamp": 0.0, "transferred": 0, "dist": 0.07685350160205416}}, "_child1": {"label": 24, "event": "S", "reconc": 12, "tstamp": 0.0, "transferred": 0, "dist": 0.29279660668273816}}, "_child1": {"label": 15, "event": "H", "reconc": [11, 13], "tstamp": 0.05176983040745228, "transferred": 0, "dist": 0.5330748065065088, "_child0": {"label": 48, "event": "H", "reconc": [11, 13], "tstamp": 0.03921957711085878, "transferred": 0, "dist": 0.01238224098658924, "_child0": {"label": 50, "event": "S", "reconc": 13, "tstamp": 0.0, "transferred": 0, "dist": 0.0386945381660612}, "_child1": {"label": 51, "event": "S", "reconc": 23, "tstamp": 0.0, "transferred": 1, "dist": 0.16494115869414075}}, "_child1": {"label": 49, "event": "S", "reconc": 16, "tstamp": 0.0, "transferred": 1, "dist": 0.08540065927386661}}}}, "_child1": {"label": 26, "event": "H", "reconc": [1, 3], "tstamp": 0.17071699999198545, "transferred": 0, "dist": 0.4945965064854286, "_child0": {"label": 33, "event": "H", "reconc": [17, 19], "tstamp": 0.008320856859895757, "transferred": 1, "dist": 0.13218012664263612, "_child0": {"label": 54, "event": "S", "reconc": 19, "tstamp": 0.0, "transferred": 0, "dist": 0.006772647997075101}, "_child1": {"label": 55, "event": "S", "reconc": 16, "tstamp": 0.0, "transferred": 1, "dist": 0.012420666041709985}}, "_child1": {"label": 32, "event": "S", "reconc": 3, "tstamp": 0.0, "transferred": 0, "dist": 0.11821587350893031}}}