{"label": 0, "event": null, "tstamp": 1.0, "dist": 0.0, "_child0": {"label": 1, "event": "S", "tstamp": 0.9542770247962852, "dist": 0.04572297520371482, "_child0": {"label": 3, "event": "S", "tstamp": 0.8564107190201106, "dist": 0.09786630577617461, "_child0": {"label": 5, "event": "S", "tstamp": 0.5800256680480904, "dist": 0.27638505097202015, "_child0": {"label": 7, "event": "S", "tstamp": 0.5394766761367531, "dist": 0.04054899191133732, "_child0": {"label": 9, "event": "S", "tstamp": 0.4813033094191018, "dist": 0.058173366717651276, "_child0": {"label": 11, "event": "S", "tstamp": 0.4707313297522895, "dist": 0.010571979666812337, "_child0": {"label": 13, "event": "S", "tstamp": 0.44649915307298726, "dist": 0.02423217667930222, "_child0": {"label": 14, "event": "S", "tstamp": 0.0, "dist": 0.44649915307298726}, "_child1": {"label": 15, "event": "S", "tstamp": 0.0, "dist": 0.44649915307298726}}, "_child1": {"label": 12, "event": "S", "tstamp": 0.0, "dist": 0.4707313297522895}}, "_child1": {"label": 10, "event": "S", "tstamp": 0.0, "dist": 0.4813033094191018}}, "_child1": {"label": 16, "event": "S", "tstamp": 0.0, "dist": 0.5394766761367531}, "_child2": {"label": 17, "event": "S", "tstamp": 0.02079041778421541, "dist": 0.5186862583525377, "_child0": {"label": 18, "event": "S", "tstamp": 0.0, "dist": 0.02079041778421541}, "_child1": {"label": 19, "event": "S", "tstamp": 0.0, "dist": 0.02079041778421541}}}, "_child1": {"label": 6, "event": "S", "tstamp": 0.0, "dist": 0.5800256680480904}}, "_child1": {"label": 4, "event": "S", "tstamp": 0.0, "dist": 0.8564107190201106}}, "_child1": {"label": 2, "event": "S", "tstamp": 0.0, "dist": 0.9542770247962852}}}