{"label": 1, "event": "S", "reconc": 1, "tstamp": 0.6243983129122299, "transferred": 0, "dist": 0.0, "_child0": {"label": 3, "event": "D", "reconc": [1, 3], "tstamp": 0.5551627296066604, "transferred": 0, "dist": 0.0804694018173492, "_child0": {"label": 4, "event": "S", "reconc": 3, "tstamp": 0.15158093211321927, "transferred": 0, "dist": 0.4690649558816569, "_child0": {"label": 14, "event": "S", "reconc": 8, "tstamp": 0.0, "transferred": 0, "dist": 0.17671297091214264}, "_child1": {"label": 15, "event": "S", "reconc": 9, "tstamp": 0.0, "transferred": 0, "dist": 0.1581275104521997}}, "_child1": {"label": 5, "event": "S", "reconc": 3, "tstamp": 0.15158093211321927, "transferred": 0, "dist": 0.4690649558816569, "_child0": {"label": 16, "event": "S", "reconc": 8, "tstamp": 0.0, "transferred": 0, "dist": 0.17671297091214264}, "_child1": {"label": 17, "event": "S", "reconc": 9, "tstamp": 0.0, "transferred": 0, "dist": 0.1581275104521997}}}, "_child1": {"label": 2, "event": "S", "reconc": 2, "tstamp": 0.5262472096638114, "transferred": 0, "dist": 0.1437265699402679, "_child0": {"label": 7, "event": "D", "reconc": [2, 5], "tstamp": 0.4530873474772985, "transferred": 0, "dist": 0.11899926548386693, "_child0": {"label": 9, "event": "D", "reconc": [2, 5], "tstamp": 0.45198058385188544, "transferred": 0, "dist": 0.0018002228893303756, "_child0": {"label": 11, "event": "D", "reconc": [2, 5], "tstamp": 0.03877224475037444, "transferred": 0, "dist": 0.6721101895945508, "_child0": {"label": 18, "event": "S", "reconc": 5, "tstamp": 0.0, "transferred": 0, "dist": 0.0641880189385657}, "_child1": {"label": 19, "event": "S", "reconc": 5, "tstamp": 0.0, "transferred": 0, "dist": 0.1561516278884475}}, "_child1": {"label": 10, "event": "S", "reconc": 5, "tstamp": 0.0, "transferred": 0, "dist": 0.7351757628277634}}, "_child1": {"label": 8, "event": "S", "reconc": 5, "tstamp": 0.0, "transferred": 0, "dist": 0.7369759857170938}}, "_child1": {"label": 6, "event": "S", "reconc": 4, "tstamp": 0.40105257633337926, "transferred": 0, "dist": 0.21957224268635483, "_child0": {"label": 12, "event": "S", "reconc": 6, "tstamp": 0.0, "transferred": 0, "dist": 1.0266608104591917}, "_child1": {"label": 13, "event": "S", "reconc": 7, "tstamp": 0.0, "transferred": 0, "dist": 0.7903709274308847}}}}