{"label": 0, "event": null, "tstamp": 1.0, "dist": 0.0, "_child0": {"label": 1, "event": "S", "tstamp": 0.9948088295573695, "dist": 0.0051911704426305105, "_child0": {"label": 3, "event": "S", "tstamp": 0.8737190139435043, "dist": 0.12108981561386523, "_child0": {"label": 5, "event": "S", "tstamp": 0.6158386711204414, "dist": 0.2578803428230628, "_child0": {"label": 6, "event": "S", "tstamp": 0.0, "dist": 0.6158386711204414}, "_child1": {"label": 7, "event": "S", "tstamp": 0.0, "dist": 0.6158386711204414}}, "_child1": {"label": 8, "event": "S", "tstamp": 0.3260507305814134, "dist": 0.547668283362091, "_child0": {"label": 13, "event": "S", "tstamp": 0.32492022681459193, "dist": 0.0011305037668214446, "_child0": {"label": 14, "event": "S", "tstamp": 0.0, "dist": 0.32492022681459193}, "_child1": {"label": 15, "event": "S", "tstamp": 0.0, "dist": 0.32492022681459193}}, "_child1": {"label": 12, "event": "S", "tstamp": 0.0, "dist": 0.3260507305814134}}, "_child2": {"label": 9, "event": "S", "tstamp": 0.43902816178841736, "dist": 0.4346908521550869, "_child0": {"label": 11, "event": "S", "tstamp": 0.23431891750866848, "dist": 0.20470924427974888, "_child0": {"label": 19, "event": "S", "tstamp": 0.0, "dist": 0.23431891750866848}, "_child1": {"label": 18, "event": "S", "tstamp": 0.1024736407159301, "dist": 0.1318452767927384, "_child0": {"label": 21, "event": "S", "tstamp": 0.017982241549770142, "dist": 0.08449139916615996, "_child0": {"label": 25, "event": "S", "tstamp": 0.0, "dist": 0.017982241549770142}, "_child1": {"label": 24, "event": "S", "tstamp": 0.0, "dist": 0.017982241549770142}, "_child2": {"label": 23, "event": "S", "tstamp": 0.0, "dist": 0.017982241549770142}}, "_child1": {"label": 20, "event": "S", "tstamp": 0.0, "dist": 0.1024736407159301}}, "_child2": {"label": 16, "event": "S", "tstamp": 0.0, "dist": 0.23431891750866848}}, "_child1": {"label": 10, "event": "S", "tstamp": 0.0, "dist": 0.43902816178841736}}}, "_child1": {"label": 2, "event": "S", "tstamp": 0.0, "dist": 0.9948088295573695}}}