{"label": 0, "event": null, "tstamp": 1.0, "dist": 0.0, "_child0": {"label": 1, "event": "S", "tstamp": 0.8397126320599287, "dist": 0.16028736794007126, "_child0": {"label": 3, "event": "S", "tstamp": 0.7052111439142441, "dist": 0.13450148814568463, "_child0": {"label": 5, "event": "S", "tstamp": 0.6864543075579328, "dist": 0.018756836356311313, "_child0": {"label": 7, "event": "S", "tstamp": 0.4757714887839568, "dist": 0.210682818773976, "_child0": {"label": 9, "event": "S", "tstamp": 0.4733213356519053, "dist": 0.0024501531320514913, "_child0": {"label": 10, "event": "S", "tstamp": 0.4650600351894265, "dist": 0.008261300462478804, "_child0": {"label": 13, "event": "S", "tstamp": 0.41471731766267445, "dist": 0.05034271752675207, "_child0": {"label": 15, "event": "S", "tstamp": 0.4032735753599588, "dist": 0.011443742302715665, "_child0": {"label": 16, "event": "S", "tstamp": 0.0, "dist": 0.4032735753599588}, "_child1": {"label": 17, "event": "S", "tstamp": 0.0, "dist": 0.4032735753599588}}, "_child1": {"label": 14, "event": "S", "tstamp": 0.3824466734931648, "dist": 0.032270644169509644, "_child0": {"label": 19, "event": "S", "tstamp": 0.2793171334934745, "dist": 0.10312953999969032, "_child0": {"label": 27, "event": "S", "tstamp": 0.0, "dist": 0.2793171334934745}, "_child1": {"label": 26, "event": "S", "tstamp": 0.0, "dist": 0.2793171334934745}, "_child2": {"label": 25, "event": "S", "tstamp": 0.0, "dist": 0.2793171334934745}, "_child3": {"label": 24, "event": "S", "tstamp": 0.0, "dist": 0.2793171334934745}, "_child4": {"label": 20, "event": "S", "tstamp": 0.0, "dist": 0.2793171334934745}}, "_child1": {"label": 18, "event": "S", "tstamp": 0.0, "dist": 0.3824466734931648}}}, "_child1": {"label": 12, "event": "S", "tstamp": 0.0, "dist": 0.4650600351894265}}, "_child1": {"label": 11, "event": "S", "tstamp": 0.0, "dist": 0.4733213356519053}}, "_child1": {"label": 8, "event": "S", "tstamp": 0.0, "dist": 0.4757714887839568}}, "_child1": {"label": 29, "event": "S", "tstamp": 0.0, "dist": 0.6864543075579328}, "_child2": {"label": 28, "event": "S", "tstamp": 0.0, "dist": 0.6864543075579328}}, "_child1": {"label": 4, "event": "S", "tstamp": 0.0, "dist": 0.7052111439142441}}, "_child1": {"label": 2, "event": "S", "tstamp": 0.0, "dist": 0.8397126320599287}}}