{"label": 1, "event": "S", "reconc": 1, "tstamp": 0.974612101344301, "transferred": 0, "dist": 0.0, "_child0": {"label": 5, "event": "H", "reconc": [1, 2], "tstamp": 0.8598313712843365, "transferred": 0, "dist": 0.30321868141564745, "_child0": {"label": 6, "event": "S", "reconc": 2, "tstamp": 0.7657464542227159, "transferred": 0, "dist": 0.14180541828823584, "_child0": {"label": 10, "event": "D", "reconc": [2, 9], "tstamp": 0.598659378480533, "transferred": 0, "dist": 0.1417575973292941, "_child0": {"label": 12, "event": "S", "reconc": 9, "tstamp": 0.5728062159389424, "transferred": 0, "dist": 0.021933965801846523, "_child0": {"label": 29, "event": "S", "reconc": 13, "tstamp": 0.19718486215870176, "transferred": 0, "dist": 0.2658851696701512, "_child0": {"label": 45, "event": "S", "reconc": 21, "tstamp": 0.0, "transferred": 0, "dist": 0.4842198248454393}, "_child1": {"label": 41, "event": "S", "reconc": 18, "tstamp": 0.0, "transferred": 0, "dist": 0.2717960301455863}}, "_child1": {"label": 15, "event": "S", "reconc": 10, "tstamp": 0.40404566203676323, "transferred": 0, "dist": 0.16300810798567486, "_child0": {"label": 24, "event": "S", "reconc": 15, "tstamp": 0.26784972967627896, "transferred": 0, "dist": 0.16360868618650065, "_child0": {"label": 30, "event": "S", "reconc": 16, "tstamp": 0.0, "transferred": 0, "dist": 0.28531302576510514}, "_child1": {"label": 31, "event": "S", "reconc": 17, "tstamp": 0.0, "transferred": 0, "dist": 0.29058873670001534}}, "_child1": {"label": 25, "event": "S", "reconc": 14, "tstamp": 0.0, "transferred": 0, "dist": 0.35136139714227876}}}, "_child1": {"label": 13, "event": "S", "reconc": 9, "tstamp": 0.5728062159389424, "transferred": 0, "dist": 0.021933965801846523, "_child0": {"label": 16, "event": "S", "reconc": 11, "tstamp": 0.4604260119365852, "transferred": 0, "dist": 0.08547254644239317, "_child0": {"label": 23, "event": "D", "reconc": [11, 12], "tstamp": 0.14212390460775973, "transferred": 0, "dist": 0.21681547682470892, "_child0": {"label": 52, "event": "S", "reconc": 12, "tstamp": 0.0, "transferred": 0, "dist": 0.09680948204935208}, "_child1": {"label": 53, "event": "S", "reconc": 12, "tstamp": 0.0, "transferred": 0, "dist": 0.1798298689295464}}, "_child1": {"label": 20, "event": "S", "reconc": 13, "tstamp": 0.19718486215870176, "transferred": 0, "dist": 0.1794664882416267, "_child0": {"label": 38, "event": "S", "reconc": 19, "tstamp": 0.16825889751993808, "transferred": 0, "dist": 0.020176786963009005, "_child0": {"label": 42, "event": "H", "reconc": [19, 20], "tstamp": 0.10524458351084759, "transferred": 0, "dist": 0.041453495721417224, "_child0": {"label": 57, "event": "S", "reconc": 23, "tstamp": 0.030759274570526456, "transferred": 1, "dist": 0.1523076138394069, "_child0": {"label": 62, "event": "S", "reconc": 24, "tstamp": 0.0, "transferred": 0, "dist": 0.031233216229387833}, "_child1": {"label": 63, "event": "S", "reconc": 25, "tstamp": 0.0, "transferred": 0, "dist": 0.17885409905846783}}, "_child1": {"label": 56, "event": "S", "reconc": 20, "tstamp": 0.0, "transferred": 0, "dist": 0.06923436303122944}}, "_child1": {"label": 43, "event": "S", "reconc": 21, "tstamp": 0.0, "transferred": 0, "dist": 0.11450296780952864}}, "_child1": {"label": 39, "event": "S", "reconc": 18, "tstamp": 0.0, "transferred": 0, "dist": 0.13007608756876654}}}, "_child1": {"label": 17, "event": "S", "reconc": 10, "tstamp": 0.40404566203676323, "transferred": 0, "dist": 0.16300810798567486, "_child0": {"label": 32, "event": "S", "reconc": 16, "tstamp": 0.0, "transferred": 0, "dist": 0.4489217119516058}, "_child1": {"label": 27, "event": "D", "reconc": [10, 14], "tstamp": 0.1433229196644684, "transferred": 0, "dist": 0.22672661937491792, "_child0": {"label": 50, "event": "S", "reconc": 14, "tstamp": 0.0, "transferred": 0, "dist": 0.12463477776736091}, "_child1": {"label": 51, "event": "S", "reconc": 14, "tstamp": 0.0, "transferred": 0, "dist": 0.12463477776736091}}}}}, "_child1": {"label": 8, "event": "D", "reconc": [2, 6], "tstamp": 0.20370656146417915, "transferred": 0, "dist": 0.46551138142523013, "_child0": {"label": 36, "event": "S", "reconc": 6, "tstamp": 0.16147480559840538, "transferred": 0, "dist": 0.03497859007231619, "_child0": {"label": 46, "event": "S", "reconc": 23, "tstamp": 0.030759274570526456, "transferred": 0, "dist": 0.11817716647583126, "_child0": {"label": 60, "event": "S", "reconc": 24, "tstamp": 0.0, "transferred": 0, "dist": 0.030099662362903522}, "_child1": {"label": 61, "event": "S", "reconc": 25, "tstamp": 0.0, "transferred": 0, "dist": 0.02976355555055223}}, "_child1": {"label": 47, "event": "S", "reconc": 22, "tstamp": 0.0, "transferred": 0, "dist": 0.13014884258838122}}, "_child1": {"label": 37, "event": "S", "reconc": 6, "tstamp": 0.16147480559840538, "transferred": 0, "dist": 0.0580057398014816, "_child0": {"label": 59, "event": "S", "reconc": 23, "tstamp": 0.030759274570526456, "transferred": 0, "dist": 0.17509451186205863, "_child0": {"label": 64, "event": "S", "reconc": 24, "tstamp": 0.0, "transferred": 0, "dist": 0.044986509560801406}, "_child1": {"label": 65, "event": "S", "reconc": 25, "tstamp": 0.0, "transferred": 0, "dist": 0.03121670834090375}}, "_child1": {"label": 49, "event": "S", "reconc": 22, "tstamp": 0.0, "transferred": 0, "dist": 0.15219998468319812}}}, "_child2": {"label": 9, "event": "S", "reconc": 8, "tstamp": 0.0, "transferred": 0, "dist": 0.6477926372717273}}, "_child1": {"label": 7, "event": "S", "reconc": 3, "tstamp": 0.0, "transferred": 1, "dist": 0.8697005255235496}}, "_child1": {"label": 3, "event": "D", "reconc": [1, 3], "tstamp": 0.13851732191711397, "transferred": 0, "dist": 0.773102231623373, "_child0": {"label": 54, "event": "S", "reconc": 3, "tstamp": 0.0, "transferred": 0, "dist": 0.1280812335247214}, "_child1": {"label": 55, "event": "S", "reconc": 3, "tstamp": 0.0, "transferred": 0, "dist": 0.1280812335247214}}}