{"label": 1, "event": "S", "reconc": 1, "tstamp": 0.8621568558334011, "transferred": 0, "dist": 0.0, "_child0": {"label": 2, "event": "S", "reconc": 3, "tstamp": 0.8247512517425092, "transferred": 0, "dist": 0.04281343517702161, "_child0": {"label": 6, "event": "S", "reconc": 6, "tstamp": 0.5104012543727299, "transferred": 0, "dist": 0.34533447210981594, "_child0": {"label": 11, "event": "S", "reconc": 12, "tstamp": 0.41055725074004695, "transferred": 0, "dist": 0.12803130736317897, "_child0": {"label": 15, "event": "S", "reconc": 15, "tstamp": 0.34435401292663737, "transferred": 0, "dist": 0.08724206190266318, "_child0": {"label": 18, "event": "D", "reconc": [15, 17], "tstamp": 0.03837487205192468, "transferred": 0, "dist": 0.4027304982640141, "_child0": {"label": 55, "event": "S", "reconc": 17, "tstamp": 0.0, "transferred": 0, "dist": 0.05050910103907234}, "_child1": {"label": 56, "event": "S", "reconc": 17, "tstamp": 0.0, "transferred": 0, "dist": 0.05050910103907234}}, "_child1": {"label": 17, "event": "S", "reconc": 16, "tstamp": 0.0, "transferred": 0, "dist": 0.46838040449804696}}, "_child1": {"label": 16, "event": "H", "reconc": [12, 14], "tstamp": 0.3059646362888256, "transferred": 0, "dist": 0.12595166338536423, "_child0": {"label": 20, "event": "S", "reconc": 10, "tstamp": 0.12841926495495792, "transferred": 1, "dist": 0.4440963123746019, "_child0": {"label": 27, "event": "S", "reconc": 19, "tstamp": 0.11969411910938996, "transferred": 0, "dist": 0.024161930590454853, "_child0": {"label": 31, "event": "S", "reconc": 20, "tstamp": 0.08554524324715261, "transferred": 0, "dist": 0.08619796842895108, "_child0": {"label": 41, "event": "S", "reconc": 22, "tstamp": 0.052975487881451594, "transferred": 0, "dist": 0.12879436455987076, "_child0": {"label": 53, "event": "S", "reconc": 27, "tstamp": 0.005322761714827759, "transferred": 0, "dist": 0.11196913206717024, "_child0": {"label": 59, "event": "S", "reconc": 28, "tstamp": 0.0, "transferred": 0, "dist": 0.0203917004924658}, "_child1": {"label": 60, "event": "S", "reconc": 29, "tstamp": 0.0, "transferred": 0, "dist": 0.01095869932703848}}, "_child1": {"label": 54, "event": "S", "reconc": 26, "tstamp": 0.0, "transferred": 0, "dist": 0.10992047311295379}}, "_child1": {"label": 42, "event": "S", "reconc": 23, "tstamp": 0.0, "transferred": 0, "dist": 0.8973055034132648}}, "_child1": {"label": 32, "event": "S", "reconc": 21, "tstamp": 0.07143020842203406, "transferred": 0, "dist": 0.25803769403765847, "_child0": {"label": 43, "event": "S", "reconc": 24, "tstamp": 0.0, "transferred": 0, "dist": 0.18009828590463253}, "_child1": {"label": 44, "event": "S", "reconc": 25, "tstamp": 0.0, "transferred": 0, "dist": 0.18786581073694153}}}, "_child1": {"label": 28, "event": "S", "reconc": 18, "tstamp": 0.0, "transferred": 0, "dist": 0.44139723989427687}}, "_child1": {"label": 19, "event": "S", "reconc": 14, "tstamp": 0.0, "transferred": 0, "dist": 0.3684462337983516}}}, "_child1": {"label": 10, "event": "H", "reconc": [6, 13], "tstamp": 0.2362967836748313, "transferred": 0, "dist": 0.35253000664531997, "_child0": {"label": 22, "event": "D", "reconc": [2, 9], "tstamp": 0.16113076422095365, "transferred": 1, "dist": 0.13410329536057694, "_child0": {"label": 23, "event": "S", "reconc": 9, "tstamp": 0.0, "transferred": 0, "dist": 0.634277204184721}, "_child1": {"label": 24, "event": "S", "reconc": 9, "tstamp": 0.0, "transferred": 0, "dist": 0.4254351859805537}}, "_child1": {"label": 21, "event": "S", "reconc": 13, "tstamp": 0.0, "transferred": 0, "dist": 0.3039049545856045}}, "_child2": {"label": 12, "event": "S", "reconc": 10, "tstamp": 0.12841926495495792, "transferred": 0, "dist": 0.6472981485996818, "_child0": {"label": 25, "event": "S", "reconc": 19, "tstamp": 0.11969411910938996, "transferred": 0, "dist": 0.019052580144403006, "_child0": {"label": 30, "event": "D", "reconc": [19, 21], "tstamp": 0.10613057565748929, "transferred": 0, "dist": 0.029743285343941345, "_child0": {"label": 35, "event": "S", "reconc": 21, "tstamp": 0.07143020842203406, "transferred": 0, "dist": 0.1304389284637605, "_child0": {"label": 47, "event": "S", "reconc": 24, "tstamp": 0.0, "transferred": 0, "dist": 0.18095336239538856}, "_child1": {"label": 48, "event": "S", "reconc": 25, "tstamp": 0.0, "transferred": 0, "dist": 0.8160147336139679}}, "_child1": {"label": 36, "event": "S", "reconc": 21, "tstamp": 0.07143020842203406, "transferred": 0, "dist": 0.07949028423033874, "_child0": {"label": 49, "event": "S", "reconc": 24, "tstamp": 0.0, "transferred": 0, "dist": 0.1790462025950631}, "_child1": {"label": 50, "event": "S", "reconc": 25, "tstamp": 0.0, "transferred": 0, "dist": 0.15584708441193318}}}, "_child1": {"label": 29, "event": "S", "reconc": 20, "tstamp": 0.08554524324715261, "transferred": 0, "dist": 0.07794270154022209, "_child0": {"label": 39, "event": "S", "reconc": 22, "tstamp": 0.052975487881451594, "transferred": 0, "dist": 0.07234554783604116, "_child0": {"label": 51, "event": "S", "reconc": 27, "tstamp": 0.005322761714827759, "transferred": 0, "dist": 0.09175286844821891, "_child0": {"label": 57, "event": "S", "reconc": 28, "tstamp": 0.0, "transferred": 0, "dist": 0.009348141321497895}, "_child1": {"label": 58, "event": "S", "reconc": 29, "tstamp": 0.0, "transferred": 0, "dist": 0.009506346024786427}}, "_child1": {"label": 52, "event": "S", "reconc": 26, "tstamp": 0.0, "transferred": 0, "dist": 0.10921697997002207}}, "_child1": {"label": 40, "event": "S", "reconc": 23, "tstamp": 0.0, "transferred": 0, "dist": 0.19356093108415995}}}, "_child1": {"label": 26, "event": "H", "reconc": [10, 18], "tstamp": 0.11225507491561931, "transferred": 0, "dist": 0.0358682584557717, "_child0": {"label": 34, "event": "S", "reconc": 21, "tstamp": 0.07143020842203406, "transferred": 1, "dist": 0.13301348780549446, "_child0": {"label": 45, "event": "S", "reconc": 24, "tstamp": 0.0, "transferred": 0, "dist": 0.4286139926166251}, "_child1": {"label": 46, "event": "S", "reconc": 25, "tstamp": 0.0, "transferred": 0, "dist": 0.16861954593653922}}, "_child1": {"label": 33, "event": "S", "reconc": 18, "tstamp": 0.0, "transferred": 0, "dist": 0.24909346093101217}}}}, "_child1": {"label": 5, "event": "H", "reconc": [3, 4], "tstamp": 0.41856329337250797, "transferred": 0, "dist": 0.401514125822864, "_child0": {"label": 14, "event": "S", "reconc": 7, "tstamp": 0.0, "transferred": 1, "dist": 1.8151654483598343}, "_child1": {"label": 13, "event": "S", "reconc": 4, "tstamp": 0.0, "transferred": 0, "dist": 0.41374706309465376}}}, "_child1": {"label": 3, "event": "S", "reconc": 2, "tstamp": 0.5361892300979417, "transferred": 0, "dist": 0.4727415175564447, "_child0": {"label": 8, "event": "D", "reconc": [2, 8], "tstamp": 0.0973522801386906, "transferred": 0, "dist": 0.6460108728582946, "_child0": {"label": 37, "event": "S", "reconc": 8, "tstamp": 0.0, "transferred": 0, "dist": 0.21996060372707552}, "_child1": {"label": 38, "event": "S", "reconc": 8, "tstamp": 0.0, "transferred": 0, "dist": 1.0846256674356232}}, "_child1": {"label": 9, "event": "S", "reconc": 9, "tstamp": 0.0, "transferred": 0, "dist": 0.8494641004531418}}}