{"label": 0, "event": null, "tstamp": 1.0, "dist": 0.0, "_child0": {"label": 1, "event": "S", "tstamp": 0.11356073692031143, "dist": 0.8864392630796886, "_child0": {"label": 3, "event": "S", "tstamp": 0.11107280127660953, "dist": 0.002487935643701908, "_child0": {"label": 5, "event": "S", "tstamp": 0.08644876975357838, "dist": 0.02462403152303115, "_child0": {"label": 7, "event": "S", "tstamp": 0.013871566502682165, "dist": 0.07257720325089621, "_child0": {"label": 8, "event": "S", "tstamp": 0.0, "dist": 0.013871566502682165}, "_child1": {"label": 9, "event": "S", "tstamp": 0.0, "dist": 0.013871566502682165}}, "_child1": {"label": 6, "event": "S", "tstamp": 0.0, "dist": 0.08644876975357838}}, "_child1": {"label": 4, "event": "S", "tstamp": 0.0, "dist": 0.11107280127660953}}, "_child1": {"label": 2, "event": "S", "tstamp": 0.0, "dist": 0.11356073692031143}}}