{"label": 0, "event": null, "tstamp": 1.0, "dist": 0.0, "_child0": {"label": 1, "event": "S", "tstamp": 0.6846242329939568, "dist": 0.3153757670060432, "_child0": {"label": 4, "event": "S", "tstamp": 0.0, "dist": 0.6846242329939568}, "_child1": {"label": 5, "event": "S", "tstamp": 0.25634116911155813, "dist": 0.4282830638823987, "_child0": {"label": 7, "event": "S", "tstamp": 0.23631617374075792, "dist": 0.020024995370800214, "_child0": {"label": 8, "event": "S", "tstamp": 0.0, "dist": 0.23631617374075792}, "_child1": {"label": 9, "event": "S", "tstamp": 0.0, "dist": 0.23631617374075792}}, "_child1": {"label": 6, "event": "S", "tstamp": 0.11836777431128129, "dist": 0.13797339480027684, "_child0": {"label": 11, "event": "S", "tstamp": 0.09453033520508895, "dist": 0.023837439106192335, "_child0": {"label": 12, "event": "S", "tstamp": 0.0, "dist": 0.09453033520508895}, "_child1": {"label": 13, "event": "S", "tstamp": 0.0, "dist": 0.09453033520508895}}, "_child1": {"label": 10, "event": "S", "tstamp": 0.0891912518244788, "dist": 0.029176522486802484, "_child0": {"label": 15, "event": "S", "tstamp": 0.08181570706964897, "dist": 0.007375544754829835, "_child0": {"label": 16, "event": "S", "tstamp": 0.0, "dist": 0.08181570706964897}, "_child1": {"label": 17, "event": "S", "tstamp": 0.0, "dist": 0.08181570706964897}}, "_child1": {"label": 14, "event": "S", "tstamp": 0.0, "dist": 0.0891912518244788}}}}, "_child2": {"label": 3, "event": "S", "tstamp": 0.0790092659280817, "dist": 0.6056149670658751, "_child0": {"label": 18, "event": "S", "tstamp": 0.0, "dist": 0.0790092659280817}, "_child1": {"label": 19, "event": "S", "tstamp": 0.0, "dist": 0.0790092659280817}}}}