{"label": 1, "event": "S", "reconc": 1, "tstamp": 0.6092765124775591, "transferred": 0, "dist": 0.0, "_child0": {"label": 3, "event": "D", "reconc": [1, 2], "tstamp": 0.2923781203149016, "transferred": 0, "dist": 0.4071825159352594, "_child0": {"label": 4, "event": "H", "reconc": [1, 2], "tstamp": 0.21217041527856206, "transferred": 0, "dist": 0.4470733543863113, "_child0": {"label": 15, "event": "S", "reconc": 7, "tstamp": 0.0, "transferred": 1, "dist": 0.5332482399837348}, "_child1": {"label": 6, "event": "S", "reconc": 2, "tstamp": 0.0, "transferred": 0, "dist": 1.18262627283934}}, "_child1": {"label": 5, "event": "S", "reconc": 2, "tstamp": 0.0, "transferred": 0, "dist": 1.0945387431268458}}, "_child1": {"label": 2, "event": "S", "reconc": 3, "tstamp": 0.13670035778243292, "transferred": 0, "dist": 0.45205008976067257, "_child0": {"label": 8, "event": "S", "reconc": 5, "tstamp": 0.11331720416284993, "transferred": 0, "dist": 0.01602055834824021, "_child0": {"label": 13, "event": "D", "reconc": [5, 7], "tstamp": 0.08063147479207364, "transferred": 0, "dist": 0.019288962997579952, "_child0": {"label": 16, "event": "S", "reconc": 7, "tstamp": 0.0, "transferred": 0, "dist": 0.047583381605526345}, "_child1": {"label": 17, "event": "S", "reconc": 7, "tstamp": 0.0, "transferred": 0, "dist": 0.047583381605526345}}, "_child1": {"label": 12, "event": "S", "reconc": 6, "tstamp": 0.0, "transferred": 0, "dist": 0.06985014007938106}}, "_child1": {"label": 9, "event": "H", "reconc": [3, 4], "tstamp": 0.07547180486738006, "transferred": 0, "dist": 0.03921683913842181, "_child0": {"label": 19, "event": "D", "reconc": [5, 7], "tstamp": 0.026029965370281648, "transferred": 1, "dist": 0.1029183395186901, "_child0": {"label": 20, "event": "S", "reconc": 7, "tstamp": 0.0, "transferred": 0, "dist": 0.018056312065330336}, "_child1": {"label": 21, "event": "S", "reconc": 7, "tstamp": 0.0, "transferred": 0, "dist": 0.021859042495035928}}, "_child1": {"label": 18, "event": "S", "reconc": 4, "tstamp": 0.0035529270724603593, "transferred": 0, "dist": 0.046063983668080254, "_child0": {"label": 22, "event": "S", "reconc": 8, "tstamp": 0.0, "transferred": 0, "dist": 0.0019479964587966923}, "_child1": {"label": 23, "event": "S", "reconc": 9, "tstamp": 0.0, "transferred": 0, "dist": 0.001993457630389983}}}}}