{"label": 0, "event": null, "tstamp": 1.0, "dist": 0.0, "_child0": {"label": 1, "event": "S", "tstamp": 0.9194926988321274, "dist": 0.08050730116787264, "_child0": {"label": 4, "event": "S", "tstamp": 0.0, "dist": 0.9194926988321274}, "_child1": {"label": 5, "event": "S", "tstamp": 0.8167260090901421, "dist": 0.10276668974198522, "_child0": {"label": 6, "event": "S", "tstamp": 0.23561331755658385, "dist": 0.5811126915335583, "_child0": {"label": 9, "event": "S", "tstamp": 0.14213471345721557, "dist": 0.09347860409936828, "_child0": {"label": 12, "event": "S", "tstamp": 0.0, "dist": 0.14213471345721557}, "_child1": {"label": 13, "event": "S", "tstamp": 0.02064908327962102, "dist": 0.12148563017759455, "_child0": {"label": 14, "event": "S", "tstamp": 0.0, "dist": 0.02064908327962102}, "_child1": {"label": 15, "event": "S", "tstamp": 0.0, "dist": 0.02064908327962102}}, "_child2": {"label": 11, "event": "S", "tstamp": 0.0, "dist": 0.14213471345721557}}, "_child1": {"label": 8, "event": "S", "tstamp": 0.0, "dist": 0.23561331755658385}}, "_child1": {"label": 7, "event": "S", "tstamp": 0.0, "dist": 0.8167260090901421}}, "_child2": {"label": 2, "event": "S", "tstamp": 0.0, "dist": 0.9194926988321274}}}