{"label": 1, "event": "S", "reconc": 1, "tstamp": 0.9194926988321274, "transferred": 0, "dist": 0.0, "_child0": {"label": 3, "event": "S", "reconc": 5, "tstamp": 0.8167260090901421, "transferred": 0, "dist": 0.11774860646830748, "_child0": {"label": 5, "event": "D", "reconc": [5, 6], "tstamp": 0.678271260824766, "transferred": 0, "dist": 0.16583455888061638, "_child0": {"label": 9, "event": "S", "reconc": 6, "tstamp": 0.23561331755658385, "transferred": 0, "dist": 0.5301947797137215, "_child0": {"label": 11, "event": "S", "reconc": 9, "tstamp": 0.14213471345721557, "transferred": 0, "dist": 0.1050465277447808, "_child0": {"label": 18, "event": "S", "reconc": 13, "tstamp": 0.02064908327962102, "transferred": 0, "dist": 0.12394066007547855, "_child0": {"label": 23, "event": "S", "reconc": 14, "tstamp": 0.0, "transferred": 0, "dist": 0.018233977752012676}, "_child1": {"label": 24, "event": "S", "reconc": 15, "tstamp": 0.0, "transferred": 0, "dist": 0.019148095144857373}}, "_child1": {"label": 17, "event": "S", "reconc": 12, "tstamp": 0.0, "transferred": 0, "dist": 0.14073424581529728}, "_child2": {"label": 19, "event": "S", "reconc": 11, "tstamp": 0.0, "transferred": 0, "dist": 0.1907922101869881}}, "_child1": {"label": 12, "event": "S", "reconc": 8, "tstamp": 0.0, "transferred": 0, "dist": 0.34499564593102855}}, "_child1": {"label": 10, "event": "S", "reconc": 6, "tstamp": 0.23561331755658385, "transferred": 0, "dist": 0.5301947797137215, "_child0": {"label": 14, "event": "H", "reconc": [6, 8], "tstamp": 0.15884407798160388, "transferred": 0, "dist": 0.11240898294487772, "_child0": {"label": 16, "event": "S", "reconc": 4, "tstamp": 0.0, "transferred": 1, "dist": 0.18476939377701862}, "_child1": {"label": 15, "event": "S", "reconc": 8, "tstamp": 0.0, "transferred": 0, "dist": 0.23258666298615083}}, "_child1": {"label": 13, "event": "S", "reconc": 9, "tstamp": 0.14213471345721557, "transferred": 0, "dist": 0.1050465277447808, "_child0": {"label": 21, "event": "S", "reconc": 13, "tstamp": 0.02064908327962102, "transferred": 0, "dist": 0.12394066007547855, "_child0": {"label": 25, "event": "S", "reconc": 14, "tstamp": 0.0, "transferred": 0, "dist": 0.018233977752012676}, "_child1": {"label": 26, "event": "S", "reconc": 15, "tstamp": 0.0, "transferred": 0, "dist": 0.019148095144857373}}, "_child1": {"label": 20, "event": "S", "reconc": 12, "tstamp": 0.0, "transferred": 0, "dist": 0.14073424581529728}, "_child2": {"label": 22, "event": "S", "reconc": 11, "tstamp": 0.0, "transferred": 0, "dist": 0.1907922101869881}}}}, "_child1": {"label": 6, "event": "S", "reconc": 7, "tstamp": 0.0, "transferred": 0, "dist": 1.21869237059683}}, "_child1": {"label": 2, "event": "D", "reconc": [1, 4], "tstamp": 0.7165317127012727, "transferred": 0, "dist": 0.2240667157142464, "_child0": {"label": 7, "event": "S", "reconc": 4, "tstamp": 0.0, "transferred": 0, "dist": 0.9442351672124575}, "_child1": {"label": 8, "event": "S", "reconc": 4, "tstamp": 0.0, "transferred": 0, "dist": 0.7910964028185795}}, "_child2": {"label": 4, "event": "S", "reconc": 2, "tstamp": 0.0, "transferred": 0, "dist": 1.3271068033073337}}