{"label": 1, "event": "S", "reconc": 1, "tstamp": 0.9321877091312196, "transferred": 0, "dist": 0.0, "_child0": {"label": 6, "event": "H", "reconc": [1, 2], "tstamp": 0.6359170849792637, "transferred": 1, "dist": 0.3491960723095069, "_child0": {"label": 9, "event": "D", "reconc": [1, 2], "tstamp": 0.35178409162858526, "transferred": 0, "dist": 0.31402798272608357, "_child0": {"label": 30, "event": "D", "reconc": [1, 2], "tstamp": 0.10930661596463626, "transferred": 0, "dist": 0.30301939556913116, "_child0": {"label": 39, "event": "S", "reconc": 2, "tstamp": 0.0, "transferred": 0, "dist": 0.13213013636501045}, "_child1": {"label": 40, "event": "S", "reconc": 2, "tstamp": 0.0, "transferred": 0, "dist": 0.3444440534302726}}, "_child1": {"label": 29, "event": "D", "reconc": [1, 2], "tstamp": 0.08009278588287176, "transferred": 0, "dist": 0.2980247702677552, "_child0": {"label": 49, "event": "S", "reconc": 2, "tstamp": 0.0, "transferred": 0, "dist": 0.09437149117166038}, "_child1": {"label": 50, "event": "S", "reconc": 2, "tstamp": 0.0, "transferred": 0, "dist": 0.0996251577245041}}}, "_child1": {"label": 10, "event": "S", "reconc": 4, "tstamp": 0.0, "transferred": 1, "dist": 0.828849693856498}}, "_child1": {"label": 7, "event": "S", "reconc": 2, "tstamp": 0.0, "transferred": 0, "dist": 7.165513837292127}, "_child2": {"label": 3, "event": "S", "reconc": 5, "tstamp": 0.6301298514399938, "transferred": 0, "dist": 0.31286817815195467, "_child0": {"label": 11, "event": "S", "reconc": 7, "tstamp": 0.5539938925716451, "transferred": 0, "dist": 0.09047816219050558, "_child0": {"label": 13, "event": "S", "reconc": 9, "tstamp": 0.5460496008865426, "transferred": 0, "dist": 0.009974532709817753, "_child0": {"label": 16, "event": "D", "reconc": [9, 10], "tstamp": 0.06619227337661993, "transferred": 0, "dist": 0.7262715238031768, "_child0": {"label": 51, "event": "S", "reconc": 10, "tstamp": 0.014452185099606947, "transferred": 0, "dist": 0.07830942782441946, "_child0": {"label": 61, "event": "S", "reconc": 28, "tstamp": 0.0, "transferred": 0, "dist": 0.025746470097166865}, "_child1": {"label": 62, "event": "S", "reconc": 29, "tstamp": 0.0, "transferred": 0, "dist": 0.025575366330418754}}, "_child1": {"label": 52, "event": "S", "reconc": 10, "tstamp": 0.014452185099606947, "transferred": 0, "dist": 0.07830942782441946, "_child0": {"label": 63, "event": "S", "reconc": 28, "tstamp": 0.0, "transferred": 0, "dist": 0.025746470097166865}, "_child1": {"label": 64, "event": "S", "reconc": 29, "tstamp": 0.0, "transferred": 0, "dist": 0.025575366330418754}}}, "_child1": {"label": 17, "event": "S", "reconc": 11, "tstamp": 0.0, "transferred": 0, "dist": 0.7467327214884162}}, "_child1": {"label": 14, "event": "D", "reconc": [7, 20], "tstamp": 0.5210101715500013, "transferred": 0, "dist": 0.03929433818621312, "_child0": {"label": 19, "event": "D", "reconc": [7, 20], "tstamp": 0.5186364623283259, "transferred": 0, "dist": 0.0028278596235712184, "_child0": {"label": 21, "event": "D", "reconc": [7, 20], "tstamp": 0.27731601182788085, "transferred": 0, "dist": 0.5477919608590861, "_child0": {"label": 33, "event": "S", "reconc": 20, "tstamp": 0.0, "transferred": 0, "dist": 0.34848271058718694}, "_child1": {"label": 34, "event": "S", "reconc": 20, "tstamp": 0.0, "transferred": 0, "dist": 0.7489410027923272}}, "_child1": {"label": 20, "event": "D", "reconc": [7, 20], "tstamp": 0.09975948672010866, "transferred": 0, "dist": 0.5195757330641594, "_child0": {"label": 41, "event": "D", "reconc": [7, 20], "tstamp": 0.05036982260432543, "transferred": 0, "dist": 0.11417315893010603, "_child0": {"label": 53, "event": "S", "reconc": 20, "tstamp": 0.0, "transferred": 0, "dist": 0.06933899341649861}, "_child1": {"label": 54, "event": "S", "reconc": 20, "tstamp": 0.0, "transferred": 0, "dist": 0.10188547745061982}}, "_child1": {"label": 42, "event": "S", "reconc": 20, "tstamp": 0.0, "transferred": 0, "dist": 0.26077390009943063}}}, "_child1": {"label": 18, "event": "D", "reconc": [7, 20], "tstamp": 0.09439927953645982, "transferred": 0, "dist": 0.535934539617222, "_child0": {"label": 44, "event": "D", "reconc": [7, 20], "tstamp": 0.04840636822405748, "transferred": 0, "dist": 0.5656134754540248, "_child0": {"label": 55, "event": "S", "reconc": 20, "tstamp": 0.0, "transferred": 0, "dist": 0.08169597085269777}, "_child1": {"label": 56, "event": "S", "reconc": 20, "tstamp": 0.0, "transferred": 0, "dist": 0.3219791839673214}}, "_child1": {"label": 43, "event": "S", "reconc": 20, "tstamp": 0.0, "transferred": 0, "dist": 0.45408876763456796}}}, "_child2": {"label": 15, "event": "D", "reconc": [7, 21], "tstamp": 0.31666096159958435, "transferred": 0, "dist": 0.29247864100117693, "_child0": {"label": 31, "event": "S", "reconc": 21, "tstamp": 0.1525387780882993, "transferred": 0, "dist": 0.20229372394771214, "_child0": {"label": 35, "event": "S", "reconc": 23, "tstamp": 0.09159132786233042, "transferred": 0, "dist": 0.1021624702982297, "_child0": {"label": 45, "event": "S", "reconc": 25, "tstamp": 0.08038377260562794, "transferred": 0, "dist": 0.012796555251027643, "_child0": {"label": 47, "event": "S", "reconc": 26, "tstamp": 0.0, "transferred": 0, "dist": 0.08795403973120994}, "_child1": {"label": 48, "event": "S", "reconc": 27, "tstamp": 0.0, "transferred": 0, "dist": 0.08912547173815144}}, "_child1": {"label": 46, "event": "S", "reconc": 24, "tstamp": 0.0, "transferred": 0, "dist": 0.10656927726413024}}, "_child1": {"label": 36, "event": "S", "reconc": 22, "tstamp": 0.0, "transferred": 0, "dist": 0.9117175159183813}}, "_child1": {"label": 38, "event": "S", "reconc": 22, "tstamp": 0.0, "transferred": 0, "dist": 0.3724835314842337}}}, "_child1": {"label": 12, "event": "S", "reconc": 6, "tstamp": 0.4793622869712033, "transferred": 0, "dist": 0.18128129137116508, "_child0": {"label": 22, "event": "S", "reconc": 13, "tstamp": 0.471271039596965, "transferred": 0, "dist": 0.010485768098565022, "_child0": {"label": 24, "event": "S", "reconc": 14, "tstamp": 0.3808170434890083, "transferred": 0, "dist": 0.11389259454589902, "_child0": {"label": 27, "event": "D", "reconc": [14, 16], "tstamp": 0.03224182734152891, "transferred": 0, "dist": 0.4292672904575829, "_child0": {"label": 58, "event": "D", "reconc": [14, 16], "tstamp": 0.024133011590562106, "transferred": 0, "dist": 0.009985934756659725, "_child0": {"label": 59, "event": "S", "reconc": 16, "tstamp": 0.0, "transferred": 0, "dist": 0.08931572383616247}, "_child1": {"label": 60, "event": "S", "reconc": 16, "tstamp": 0.0, "transferred": 0, "dist": 0.10404604710949018}}, "_child1": {"label": 57, "event": "S", "reconc": 16, "tstamp": 0.0, "transferred": 0, "dist": 0.0397055247222269}}, "_child1": {"label": 28, "event": "S", "reconc": 17, "tstamp": 0.0, "transferred": 0, "dist": 0.5559132398725223}}, "_child1": {"label": 25, "event": "S", "reconc": 19, "tstamp": 0.0, "transferred": 0, "dist": 0.5841169041669595}}, "_child1": {"label": 23, "event": "S", "reconc": 12, "tstamp": 0.0, "transferred": 0, "dist": 0.5203654787255598}}}}