{"label": 1, "event": "S", "reconc": 1, "tstamp": 0.9549753246390991, "transferred": 0, "dist": 0.0, "_child0": {"label": 3, "event": "S", "reconc": 5, "tstamp": 0.8492165345523636, "transferred": 0, "dist": 0.1297661420805547, "_child0": {"label": 7, "event": "H", "reconc": [5, 13], "tstamp": 0.7668286457246953, "transferred": 0, "dist": 0.10555904403354173, "_child0": {"label": 10, "event": "D", "reconc": [5, 13], "tstamp": 0.7038213292411744, "transferred": 0, "dist": 0.08072778887478539, "_child0": {"label": 16, "event": "S", "reconc": 13, "tstamp": 0.5553223792186122, "transferred": 0, "dist": 0.19026348929943818, "_child0": {"label": 24, "event": "S", "reconc": 16, "tstamp": 0.0, "transferred": 0, "dist": 0.6927759539672411}, "_child1": {"label": 25, "event": "S", "reconc": 17, "tstamp": 0.0, "transferred": 0, "dist": 0.5808806683891021}}, "_child1": {"label": 17, "event": "S", "reconc": 13, "tstamp": 0.5553223792186122, "transferred": 0, "dist": 0.19026348929943818, "_child0": {"label": 26, "event": "H", "reconc": [13, 16], "tstamp": 0.3648057935445452, "transferred": 0, "dist": 0.237673312522806, "_child0": {"label": 35, "event": "D", "reconc": [5, 10], "tstamp": 0.3584650939786781, "transferred": 1, "dist": 0.008034076060597375, "_child0": {"label": 36, "event": "S", "reconc": 10, "tstamp": 0.0, "transferred": 0, "dist": 0.4541984366515337}, "_child1": {"label": 37, "event": "S", "reconc": 10, "tstamp": 0.0, "transferred": 0, "dist": 0.4541984366515337}}, "_child1": {"label": 34, "event": "S", "reconc": 16, "tstamp": 0.0, "transferred": 0, "dist": 0.4551026414444352}}, "_child1": {"label": 27, "event": "S", "reconc": 17, "tstamp": 0.0, "transferred": 0, "dist": 0.5808806683891021}}}, "_child1": {"label": 28, "event": "H", "reconc": [1, 3], "tstamp": 0.3413276749634576, "transferred": 1, "dist": 0.8036768820987581, "_child0": {"label": 39, "event": "D", "reconc": [5, 6], "tstamp": 0.13010359877709426, "transferred": 1, "dist": 0.29324190138923956, "_child0": {"label": 55, "event": "D", "reconc": [5, 6], "tstamp": 0.08106806226405397, "transferred": 0, "dist": 0.3954867766133735, "_child0": {"label": 58, "event": "S", "reconc": 6, "tstamp": 0.0, "transferred": 0, "dist": 0.11360047877693867}, "_child1": {"label": 59, "event": "S", "reconc": 6, "tstamp": 0.0, "transferred": 0, "dist": 0.10454737049025757}}, "_child1": {"label": 54, "event": "S", "reconc": 6, "tstamp": 0.0, "transferred": 0, "dist": 0.19702585314892854}}, "_child1": {"label": 38, "event": "S", "reconc": 3, "tstamp": 0.0, "transferred": 0, "dist": 0.6446922109199561}}}, "_child1": {"label": 12, "event": "S", "reconc": 9, "tstamp": 0.0, "transferred": 0, "dist": 1.0929969386747151}, "_child2": {"label": 8, "event": "S", "reconc": 12, "tstamp": 0.5791092324389665, "transferred": 0, "dist": 0.3143765111252784, "_child0": {"label": 18, "event": "D", "reconc": [12, 18], "tstamp": 0.557997258440267, "transferred": 0, "dist": 0.023066774466338917, "_child0": {"label": 45, "event": "S", "reconc": 18, "tstamp": 0.0, "transferred": 0, "dist": 0.8281236261979478}, "_child1": {"label": 22, "event": "D", "reconc": [12, 18], "tstamp": 0.15125256676274157, "transferred": 0, "dist": 0.4444060071731808, "_child0": {"label": 52, "event": "S", "reconc": 18, "tstamp": 0.0, "transferred": 0, "dist": 0.16525734851634208}, "_child1": {"label": 53, "event": "S", "reconc": 18, "tstamp": 0.0, "transferred": 0, "dist": 0.43661167223480285}}}, "_child1": {"label": 21, "event": "D", "reconc": [12, 15], "tstamp": 0.42540015384036045, "transferred": 0, "dist": 0.17122777677578283, "_child0": {"label": 30, "event": "S", "reconc": 15, "tstamp": 0.0, "transferred": 0, "dist": 0.4738843225543965}, "_child1": {"label": 31, "event": "S", "reconc": 15, "tstamp": 0.0, "transferred": 0, "dist": 0.4738843225543965}}, "_child2": {"label": 20, "event": "S", "reconc": 20, "tstamp": 0.3097446462376584, "transferred": 0, "dist": 0.26920655653797854, "_child0": {"label": 40, "event": "S", "reconc": 23, "tstamp": 0.1783063863788477, "transferred": 0, "dist": 0.14156776330298104, "_child0": {"label": 46, "event": "H", "reconc": [23, 24], "tstamp": 0.06513280398346685, "transferred": 0, "dist": 0.13005046954089092, "_child0": {"label": 61, "event": "S", "reconc": 18, "tstamp": 0.0, "transferred": 1, "dist": 0.5136746914343748}, "_child1": {"label": 60, "event": "S", "reconc": 24, "tstamp": 0.0, "transferred": 0, "dist": 0.07484566240001253}}, "_child1": {"label": 47, "event": "S", "reconc": 25, "tstamp": 0.0, "transferred": 0, "dist": 0.17542030987863627}}, "_child1": {"label": 41, "event": "S", "reconc": 22, "tstamp": 0.08388415147265753, "transferred": 0, "dist": 0.23264736827743593, "_child0": {"label": 56, "event": "D", "reconc": [22, 26], "tstamp": 0.013350612085745912, "transferred": 0, "dist": 0.07438495363591067, "_child0": {"label": 64, "event": "S", "reconc": 26, "tstamp": 0.0, "transferred": 0, "dist": 0.014123861262759756}, "_child1": {"label": 65, "event": "S", "reconc": 26, "tstamp": 0.0, "transferred": 0, "dist": 0.014204720290968427}}, "_child1": {"label": 57, "event": "S", "reconc": 27, "tstamp": 0.0, "transferred": 0, "dist": 0.08238702282080912}}}, "_child3": {"label": 19, "event": "S", "reconc": 21, "tstamp": 0.007185792111730582, "transferred": 0, "dist": 0.7287041649235119, "_child0": {"label": 66, "event": "S", "reconc": 28, "tstamp": 0.0, "transferred": 0, "dist": 0.011220308052606069}, "_child1": {"label": 67, "event": "S", "reconc": 29, "tstamp": 0.0, "transferred": 0, "dist": 0.01098751706821822}}}}, "_child1": {"label": 4, "event": "H", "reconc": [1, 3], "tstamp": 0.3880012616442131, "transferred": 0, "dist": 0.9071919480037152, "_child0": {"label": 33, "event": "H", "reconc": [12, 15], "tstamp": 0.19892521549735867, "transferred": 1, "dist": 0.9396220314351416, "_child0": {"label": 43, "event": "S", "reconc": 23, "tstamp": 0.1783063863788477, "transferred": 1, "dist": 0.06076358118701674, "_child0": {"label": 48, "event": "S", "reconc": 24, "tstamp": 0.0, "transferred": 0, "dist": 0.232308198920213}, "_child1": {"label": 49, "event": "S", "reconc": 25, "tstamp": 0.0, "transferred": 0, "dist": 0.2333259176776279}}, "_child1": {"label": 42, "event": "D", "reconc": [12, 15], "tstamp": 0.048610062917529784, "transferred": 0, "dist": 0.7469980037177322, "_child0": {"label": 62, "event": "S", "reconc": 15, "tstamp": 0.0, "transferred": 0, "dist": 0.07076564836786704}, "_child1": {"label": 63, "event": "S", "reconc": 15, "tstamp": 0.0, "transferred": 0, "dist": 0.06920215842596018}}}, "_child1": {"label": 32, "event": "D", "reconc": [1, 3], "tstamp": 0.16928664723362624, "transferred": 0, "dist": 0.3499562855767027, "_child0": {"label": 50, "event": "S", "reconc": 3, "tstamp": 0.0, "transferred": 0, "dist": 0.33701003774546623}, "_child1": {"label": 51, "event": "S", "reconc": 3, "tstamp": 0.0, "transferred": 0, "dist": 0.2708686222146927}}}}