{"label": 0, "event": null, "tstamp": 1.0, "dist": 0.0, "_child0": {"label": 1, "event": "S", "tstamp": 0.9360118799969634, "dist": 0.06398812000303655, "_child0": {"label": 3, "event": "S", "tstamp": 0.7915049854016283, "dist": 0.14450689459533517, "_child0": {"label": 5, "event": "S", "tstamp": 0.6820134059346544, "dist": 0.10949157946697385, "_child0": {"label": 7, "event": "S", "tstamp": 0.6064635581801624, "dist": 0.07554984775449203, "_child0": {"label": 9, "event": "S", "tstamp": 0.5956725621921116, "dist": 0.010790995988050778, "_child0": {"label": 10, "event": "S", "tstamp": 0.0, "dist": 0.5956725621921116}, "_child1": {"label": 11, "event": "S", "tstamp": 0.0, "dist": 0.5956725621921116}}, "_child1": {"label": 8, "event": "S", "tstamp": 0.0, "dist": 0.6064635581801624}}, "_child1": {"label": 6, "event": "S", "tstamp": 0.0, "dist": 0.6820134059346544}}, "_child1": {"label": 4, "event": "S", "tstamp": 0.4417380553992516, "dist": 0.3497669300023767, "_child0": {"label": 13, "event": "S", "tstamp": 0.387855108755328, "dist": 0.05388294664392357, "_child0": {"label": 15, "event": "S", "tstamp": 0.28120260566240746, "dist": 0.10665250309292057, "_child0": {"label": 17, "event": "S", "tstamp": 0.2503624751239362, "dist": 0.030840130538471233, "_child0": {"label": 25, "event": "S", "tstamp": 0.0, "dist": 0.2503624751239362}, "_child1": {"label": 24, "event": "S", "tstamp": 0.0, "dist": 0.2503624751239362}, "_child2": {"label": 19, "event": "S", "tstamp": 0.0, "dist": 0.2503624751239362}}, "_child1": {"label": 16, "event": "S", "tstamp": 0.0, "dist": 0.28120260566240746}}, "_child1": {"label": 14, "event": "S", "tstamp": 0.0, "dist": 0.387855108755328}}, "_child1": {"label": 20, "event": "S", "tstamp": 0.0, "dist": 0.4417380553992516}, "_child2": {"label": 21, "event": "S", "tstamp": 0.0992224241009582, "dist": 0.3425156312982934, "_child0": {"label": 22, "event": "S", "tstamp": 0.0, "dist": 0.0992224241009582}, "_child1": {"label": 23, "event": "S", "tstamp": 0.0, "dist": 0.0992224241009582}}}}, "_child1": {"label": 2, "event": "S", "tstamp": 0.0, "dist": 0.9360118799969634}}}