{"label": 1, "event": "S", "reconc": 1, "tstamp": 0.9434563626125141, "transferred": 0, "dist": 0.0, "_child0": {"label": 2, "event": "S", "reconc": 3, "tstamp": 0.8977435684476694, "transferred": 0, "dist": 0.03368844667830765, "_child0": {"label": 4, "event": "D", "reconc": [3, 5], "tstamp": 0.8402215056571056, "transferred": 0, "dist": 0.04028862274089931, "_child0": {"label": 6, "event": "S", "reconc": 5, "tstamp": 0.6961257804746375, "transferred": 0, "dist": 0.10302986253351852, "_child0": {"label": 19, "event": "S", "reconc": 8, "tstamp": 0.0, "transferred": 0, "dist": 0.8817587153730789}, "_child1": {"label": 20, "event": "S", "reconc": 11, "tstamp": 0.06924361537568494, "transferred": 0, "dist": 1.2596507785409479, "_child0": {"label": 34, "event": "S", "reconc": 12, "tstamp": 0.0, "transferred": 0, "dist": 0.08025076486042612}, "_child1": {"label": 35, "event": "S", "reconc": 13, "tstamp": 0.0, "transferred": 0, "dist": 0.1719890547989024}}, "_child2": {"label": 14, "event": "S", "reconc": 7, "tstamp": 0.0, "transferred": 0, "dist": 0.9867249411940668}}, "_child1": {"label": 7, "event": "S", "reconc": 5, "tstamp": 0.6961257804746375, "transferred": 0, "dist": 0.10192102945571706, "_child0": {"label": 23, "event": "D", "reconc": [9, 10], "tstamp": 0.09868000353827745, "transferred": 0, "dist": 0.38880030236312313, "_child0": {"label": 32, "event": "S", "reconc": 10, "tstamp": 0.030510490335825053, "transferred": 0, "dist": 0.03315341485488846, "_child0": {"label": 38, "event": "S", "reconc": 14, "tstamp": 0.0, "transferred": 0, "dist": 0.012173402558535539}, "_child1": {"label": 39, "event": "S", "reconc": 15, "tstamp": 0.0, "transferred": 0, "dist": 0.011884800672877767}}, "_child1": {"label": 33, "event": "S", "reconc": 10, "tstamp": 0.030510490335825053, "transferred": 0, "dist": 0.0634237139119346, "_child0": {"label": 40, "event": "S", "reconc": 14, "tstamp": 0.0, "transferred": 0, "dist": 0.030843711703992603}, "_child1": {"label": 41, "event": "S", "reconc": 15, "tstamp": 0.0, "transferred": 0, "dist": 0.012192773050754757}}}, "_child1": {"label": 17, "event": "S", "reconc": 7, "tstamp": 0.0, "transferred": 0, "dist": 0.6915601713974702}}}, "_child1": {"label": 5, "event": "D", "reconc": [3, 4], "tstamp": 0.7727977093572971, "transferred": 0, "dist": 0.07980212794173469, "_child0": {"label": 10, "event": "D", "reconc": [3, 4], "tstamp": 0.4055649626974988, "transferred": 0, "dist": 0.2345492267346219, "_child0": {"label": 30, "event": "S", "reconc": 4, "tstamp": 0.0, "transferred": 0, "dist": 0.8529513138270517}, "_child1": {"label": 25, "event": "S", "reconc": 4, "tstamp": 0.0, "transferred": 0, "dist": 0.5912541673117979}}, "_child1": {"label": 11, "event": "H", "reconc": [3, 4], "tstamp": 0.2814839687806069, "transferred": 0, "dist": 0.3137989707740096, "_child0": {"label": 29, "event": "S", "reconc": 11, "tstamp": 0.06924361537568494, "transferred": 1, "dist": 0.2919723955173261, "_child0": {"label": 36, "event": "S", "reconc": 12, "tstamp": 0.0, "transferred": 0, "dist": 0.04070056742503888}, "_child1": {"label": 37, "event": "S", "reconc": 13, "tstamp": 0.0, "transferred": 0, "dist": 0.04616778404216456}}, "_child1": {"label": 28, "event": "S", "reconc": 4, "tstamp": 0.0, "transferred": 0, "dist": 0.17978202602080567}}}}, "_child1": {"label": 8, "event": "S", "reconc": 2, "tstamp": 0.0, "transferred": 0, "dist": 0.6879340371744995}}