{"label": 1, "event": "S", "reconc": 1, "tstamp": 0.8765176893774652, "transferred": 0, "dist": 0.0, "_child0": {"label": 2, "event": "S", "reconc": 3, "tstamp": 0.7804825059441735, "transferred": 0, "dist": 0.1076026599258322, "_child0": {"label": 4, "event": "S", "reconc": 5, "tstamp": 0.7573955504794395, "transferred": 0, "dist": 0.025858552680472827, "_child0": {"label": 6, "event": "H", "reconc": [5, 6], "tstamp": 0.44657851154471195, "transferred": 0, "dist": 0.3292999379414008, "_child0": {"label": 30, "event": "S", "reconc": 6, "tstamp": 0.0, "transferred": 0, "dist": 0.4731345380602491}, "_child1": {"label": 31, "event": "S", "reconc": 10, "tstamp": 0.0, "transferred": 1, "dist": 0.7085097571891446}}, "_child1": {"label": 7, "event": "D", "reconc": [5, 7], "tstamp": 0.09759654819874826, "transferred": 0, "dist": 0.5902841343664823, "_child0": {"label": 50, "event": "S", "reconc": 7, "tstamp": 0.0, "transferred": 0, "dist": 0.119582123188603}, "_child1": {"label": 51, "event": "S", "reconc": 7, "tstamp": 0.0, "transferred": 0, "dist": 0.591131669038201}}}, "_child1": {"label": 5, "event": "S", "reconc": 4, "tstamp": 0.6603608408312375, "transferred": 0, "dist": 0.13551421671534908, "_child0": {"label": 16, "event": "S", "reconc": 11, "tstamp": 0.5332212528056658, "transferred": 0, "dist": 0.1531742008720532, "_child0": {"label": 25, "event": "H", "reconc": [11, 13], "tstamp": 0.46246685395018694, "transferred": 0, "dist": 0.11339907874056546, "_child0": {"label": 28, "event": "H", "reconc": [11, 13], "tstamp": 0.12763337520716692, "transferred": 0, "dist": 0.5366423662013348, "_child0": {"label": 44, "event": "S", "reconc": 13, "tstamp": 0.0, "transferred": 0, "dist": 0.20455982100285916}, "_child1": {"label": 45, "event": "S", "reconc": 16, "tstamp": 0.0, "transferred": 1, "dist": 0.312973663839838}}, "_child1": {"label": 29, "event": "S", "reconc": 10, "tstamp": 0.0, "transferred": 1, "dist": 2.2212723092375066}}, "_child1": {"label": 24, "event": "D", "reconc": [11, 12], "tstamp": 0.3724529527638498, "transferred": 0, "dist": 0.20591336122371934, "_child0": {"label": 32, "event": "H", "reconc": [11, 12], "tstamp": 0.04531892605639444, "transferred": 0, "dist": 0.9249293845871439, "_child0": {"label": 55, "event": "S", "reconc": 6, "tstamp": 0.0, "transferred": 1, "dist": 0.05068822388190297}, "_child1": {"label": 54, "event": "S", "reconc": 12, "tstamp": 0.0, "transferred": 0, "dist": 0.12813343451115813}}, "_child1": {"label": 33, "event": "S", "reconc": 12, "tstamp": 0.0, "transferred": 0, "dist": 0.4770408058140539}}}, "_child1": {"label": 17, "event": "S", "reconc": 10, "tstamp": 0.0, "transferred": 0, "dist": 0.9523826602178197}}}, "_child1": {"label": 3, "event": "H", "reconc": [1, 2], "tstamp": 0.742170046145094, "transferred": 0, "dist": 0.1324118012000829, "_child0": {"label": 8, "event": "S", "reconc": 2, "tstamp": 0.7412634327647244, "transferred": 0, "dist": 0.0008935498070419837, "_child0": {"label": 10, "event": "H", "reconc": [2, 8], "tstamp": 0.6778032983275689, "transferred": 0, "dist": 0.06211517780757648, "_child0": {"label": 14, "event": "H", "reconc": [2, 8], "tstamp": 0.5855171989215574, "transferred": 0, "dist": 0.09033021320572275, "_child0": {"label": 23, "event": "S", "reconc": 19, "tstamp": 0.0, "transferred": 1, "dist": 0.967367527338348}, "_child1": {"label": 20, "event": "S", "reconc": 8, "tstamp": 0.4824147371953858, "transferred": 0, "dist": 0.1009173365187573, "_child0": {"label": 26, "event": "H", "reconc": [8, 14], "tstamp": 0.351823759643642, "transferred": 0, "dist": 0.12145097986831913, "_child0": {"label": 35, "event": "H", "reconc": [5, 6], "tstamp": 0.19301518401207515, "transferred": 1, "dist": 0.23244734877536552, "_child0": {"label": 41, "event": "D", "reconc": [18, 20], "tstamp": 0.06831088762776602, "transferred": 1, "dist": 0.10444882200370258, "_child0": {"label": 52, "event": "S", "reconc": 20, "tstamp": 0.0, "transferred": 0, "dist": 0.08024026238835988}, "_child1": {"label": 53, "event": "S", "reconc": 20, "tstamp": 0.0, "transferred": 0, "dist": 0.05721528407296494}}, "_child1": {"label": 40, "event": "S", "reconc": 6, "tstamp": 0.0, "transferred": 0, "dist": 0.28251539703425227}}, "_child1": {"label": 49, "event": "S", "reconc": 7, "tstamp": 0.0, "transferred": 1, "dist": 0.32556338031530097}}, "_child1": {"label": 27, "event": "S", "reconc": 15, "tstamp": 0.0, "transferred": 0, "dist": 0.4418887365477003}}}, "_child1": {"label": 15, "event": "H", "reconc": [5, 6], "tstamp": 0.187398216307859, "transferred": 1, "dist": 3.005521318701192, "_child0": {"label": 42, "event": "S", "reconc": 6, "tstamp": 0.0, "transferred": 0, "dist": 1.14849815968508}, "_child1": {"label": 43, "event": "S", "reconc": 16, "tstamp": 0.0, "transferred": 1, "dist": 0.19270374060792547}}}, "_child1": {"label": 19, "event": "H", "reconc": [4, 10], "tstamp": 0.11996589209051728, "transferred": 1, "dist": 0.9612839390440069, "_child0": {"label": 46, "event": "S", "reconc": 10, "tstamp": 0.0, "transferred": 0, "dist": 0.20036115634214952}, "_child1": {"label": 47, "event": "S", "reconc": 16, "tstamp": 0.0, "transferred": 1, "dist": 0.1539233201787964}}, "_child2": {"label": 11, "event": "S", "reconc": 16, "tstamp": 0.0, "transferred": 0, "dist": 0.6997928009702673}}, "_child1": {"label": 9, "event": "D", "reconc": [5, 7], "tstamp": 0.27504343162282024, "transferred": 1, "dist": 0.6660156844298711, "_child0": {"label": 36, "event": "H", "reconc": [5, 7], "tstamp": 0.19578213359133922, "transferred": 0, "dist": 0.07441187054676106, "_child0": {"label": 38, "event": "S", "reconc": 7, "tstamp": 0.0, "transferred": 0, "dist": 0.18380363609969}, "_child1": {"label": 39, "event": "S", "reconc": 16, "tstamp": 0.0, "transferred": 1, "dist": 0.2823230951048051}}, "_child1": {"label": 37, "event": "S", "reconc": 7, "tstamp": 0.0, "transferred": 0, "dist": 0.33146282827131335}}}}