{"label": 0, "event": null, "tstamp": 1.0, "dist": 0.0, "_child0": {"label": 1, "event": "S", "tstamp": 0.9576934031451553, "dist": 0.042306596854844725, "_child0": {"label": 4, "event": "S", "tstamp": 0.5119041681993284, "dist": 0.4457892349458269, "_child0": {"label": 15, "event": "S", "tstamp": 0.41431777836874006, "dist": 0.09758638983058832, "_child0": {"label": 16, "event": "S", "tstamp": 0.0, "dist": 0.41431777836874006}, "_child1": {"label": 17, "event": "S", "tstamp": 0.0, "dist": 0.41431777836874006}}, "_child1": {"label": 14, "event": "S", "tstamp": 0.0, "dist": 0.5119041681993284}}, "_child1": {"label": 5, "event": "S", "tstamp": 0.7662680056277342, "dist": 0.19142539751742105, "_child0": {"label": 7, "event": "S", "tstamp": 0.5944309636671246, "dist": 0.17183704196060967, "_child0": {"label": 11, "event": "S", "tstamp": 0.5733502884210007, "dist": 0.021080675246123892, "_child0": {"label": 12, "event": "S", "tstamp": 0.3683869288955696, "dist": 0.20496335952543104, "_child0": {"label": 19, "event": "S", "tstamp": 0.31582638593284046, "dist": 0.05256054296272916, "_child0": {"label": 23, "event": "S", "tstamp": 0.0, "dist": 0.31582638593284046}, "_child1": {"label": 22, "event": "S", "tstamp": 0.0, "dist": 0.31582638593284046}, "_child2": {"label": 20, "event": "S", "tstamp": 0.21653263362587438, "dist": 0.09929375230696608, "_child0": {"label": 24, "event": "S", "tstamp": 0.10525486806197963, "dist": 0.11127776556389475, "_child0": {"label": 28, "event": "S", "tstamp": 0.0, "dist": 0.10525486806197963}, "_child1": {"label": 29, "event": "S", "tstamp": 0.0, "dist": 0.10525486806197963}}, "_child1": {"label": 25, "event": "S", "tstamp": 0.0, "dist": 0.21653263362587438}}}, "_child1": {"label": 18, "event": "S", "tstamp": 0.0, "dist": 0.3683869288955696}}, "_child1": {"label": 13, "event": "S", "tstamp": 0.0, "dist": 0.5733502884210007}}, "_child1": {"label": 10, "event": "S", "tstamp": 0.0, "dist": 0.5944309636671246}}, "_child1": {"label": 6, "event": "S", "tstamp": 0.0, "dist": 0.7662680056277342}}, "_child2": {"label": 2, "event": "S", "tstamp": 0.6611467358745197, "dist": 0.2965466672706356, "_child0": {"label": 8, "event": "S", "tstamp": 0.1309458925843082, "dist": 0.5302008432902114, "_child0": {"label": 26, "event": "S", "tstamp": 0.0, "dist": 0.1309458925843082}, "_child1": {"label": 27, "event": "S", "tstamp": 0.0, "dist": 0.1309458925843082}}, "_child1": {"label": 9, "event": "S", "tstamp": 0.0, "dist": 0.6611467358745197}}}}