{"label": 1, "event": "D", "reconc": [0, 1], "tstamp": 0.7451435213278612, "transferred": 0, "dist": 0.0, "_child0": {"label": 4, "event": "S", "reconc": 2, "tstamp": 0.7039476934578976, "transferred": 0, "dist": 0.05660444560567643, "_child0": {"label": 8, "event": "S", "reconc": 4, "tstamp": 0.6945290881186809, "transferred": 0, "dist": 0.007880720999807501, "_child0": {"label": 12, "event": "D", "reconc": [4, 7], "tstamp": 0.6174691215628261, "transferred": 0, "dist": 0.3389622644001419, "_child0": {"label": 26, "event": "S", "reconc": 10, "tstamp": 0.0, "transferred": 0, "dist": 0.5975324765303797}, "_child1": {"label": 17, "event": "S", "reconc": 7, "tstamp": 0.4813044260652845, "transferred": 0, "dist": 0.10647480020308966, "_child0": {"label": 22, "event": "S", "reconc": 9, "tstamp": 0.37878987087995414, "transferred": 0, "dist": 0.06552993326061209, "_child0": {"label": 33, "event": "S", "reconc": 10, "tstamp": 0.0, "transferred": 0, "dist": 0.2483186532058919}, "_child1": {"label": 29, "event": "S", "reconc": 11, "tstamp": 0.0, "transferred": 0, "dist": 0.20818680869939263}}, "_child1": {"label": 23, "event": "D", "reconc": [7, 8], "tstamp": 0.27393436004853194, "transferred": 0, "dist": 0.16552714048339937, "_child0": {"label": 35, "event": "D", "reconc": [7, 8], "tstamp": 0.13687480107289712, "transferred": 0, "dist": 0.19234028525566588, "_child0": {"label": 38, "event": "S", "reconc": 8, "tstamp": 0.0, "transferred": 0, "dist": 0.12893388496445968}, "_child1": {"label": 39, "event": "S", "reconc": 8, "tstamp": 0.0, "transferred": 0, "dist": 0.09350943143847264}}, "_child1": {"label": 34, "event": "S", "reconc": 8, "tstamp": 0.0, "transferred": 0, "dist": 0.18119776624191397}}}}, "_child1": {"label": 13, "event": "S", "reconc": 6, "tstamp": 0.0, "transferred": 0, "dist": 0.5949681476735621}}, "_child1": {"label": 9, "event": "S", "reconc": 5, "tstamp": 0.0, "transferred": 0, "dist": 0.7073889554716132}}, "_child1": {"label": 3, "event": "S", "reconc": 1, "tstamp": 0.7391344208716714, "transferred": 0, "dist": 0.013624269637926454, "_child0": {"label": 6, "event": "S", "reconc": 2, "tstamp": 0.7039476934578976, "transferred": 0, "dist": 0.06749725676762011, "_child0": {"label": 10, "event": "S", "reconc": 4, "tstamp": 0.6945290881186809, "transferred": 0, "dist": 0.007883696798310493, "_child0": {"label": 18, "event": "S", "reconc": 9, "tstamp": 0.37878987087995414, "transferred": 0, "dist": 0.394045241106478, "_child0": {"label": 24, "event": "S", "reconc": 10, "tstamp": 0.0, "transferred": 0, "dist": 0.20599030754743639}, "_child1": {"label": 25, "event": "S", "reconc": 11, "tstamp": 0.0, "transferred": 0, "dist": 0.18833020487682262}}, "_child1": {"label": 15, "event": "S", "reconc": 6, "tstamp": 0.0, "transferred": 0, "dist": 0.4821617038274082}}, "_child1": {"label": 31, "event": "S", "reconc": 5, "tstamp": 0.0, "transferred": 0, "dist": 2.6785642567553594}}, "_child1": {"label": 7, "event": "S", "reconc": 3, "tstamp": 0.24634641761221723, "transferred": 0, "dist": 0.8189711165095435, "_child0": {"label": 36, "event": "S", "reconc": 13, "tstamp": 0.07038477461967758, "transferred": 0, "dist": 0.1088436146869097, "_child0": {"label": 40, "event": "S", "reconc": 14, "tstamp": 0.0, "transferred": 0, "dist": 0.03222353528109059}, "_child1": {"label": 41, "event": "S", "reconc": 15, "tstamp": 0.0, "transferred": 0, "dist": 0.03658999107926157}}, "_child1": {"label": 37, "event": "S", "reconc": 12, "tstamp": 0.0, "transferred": 0, "dist": 0.1645586872293314}}}}