{"label": 0, "event": null, "tstamp": 1.0, "dist": 0.0, "_child0": {"label": 1, "event": "S", "tstamp": 0.6282042514402963, "dist": 0.37179574855970365, "_child0": {"label": 5, "event": "S", "tstamp": 0.0, "dist": 0.6282042514402963}, "_child1": {"label": 4, "event": "S", "tstamp": 0.4405148725310042, "dist": 0.18768937890929216, "_child0": {"label": 6, "event": "S", "tstamp": 0.0, "dist": 0.4405148725310042}, "_child1": {"label": 7, "event": "S", "tstamp": 0.0, "dist": 0.4405148725310042}}, "_child2": {"label": 3, "event": "S", "tstamp": 0.18870812306029702, "dist": 0.4394961283799993, "_child0": {"label": 9, "event": "S", "tstamp": 0.17998185317534413, "dist": 0.008726269884952897, "_child0": {"label": 12, "event": "S", "tstamp": 0.0, "dist": 0.17998185317534413}, "_child1": {"label": 13, "event": "S", "tstamp": 0.058147321587488365, "dist": 0.12183453158785576, "_child0": {"label": 14, "event": "S", "tstamp": 0.02715470128426208, "dist": 0.030992620303226286, "_child0": {"label": 16, "event": "S", "tstamp": 0.0, "dist": 0.02715470128426208}, "_child1": {"label": 17, "event": "S", "tstamp": 0.0, "dist": 0.02715470128426208}}, "_child1": {"label": 15, "event": "S", "tstamp": 0.01025734403591489, "dist": 0.047889977551573475, "_child0": {"label": 18, "event": "S", "tstamp": 0.0, "dist": 0.01025734403591489}, "_child1": {"label": 19, "event": "S", "tstamp": 0.0, "dist": 0.01025734403591489}}}, "_child2": {"label": 11, "event": "S", "tstamp": 0.0, "dist": 0.17998185317534413}}, "_child1": {"label": 8, "event": "S", "tstamp": 0.0, "dist": 0.18870812306029702}}}}