{"label": 1, "event": "S", "reconc": 1, "tstamp": 0.9890273604618877, "transferred": 0, "dist": 0.0, "_child0": {"label": 5, "event": "H", "reconc": [1, 5], "tstamp": 0.8976518774988325, "transferred": 0, "dist": 0.08629522002833663, "_child0": {"label": 8, "event": "D", "reconc": [1, 3], "tstamp": 0.5501368580825357, "transferred": 1, "dist": 0.3739800246338338, "_child0": {"label": 13, "event": "S", "reconc": 3, "tstamp": 0.0, "transferred": 0, "dist": 1.7820444821207808}, "_child1": {"label": 14, "event": "S", "reconc": 3, "tstamp": 0.0, "transferred": 0, "dist": 0.5582167352198398}}, "_child1": {"label": 7, "event": "S", "reconc": 5, "tstamp": 0.52698721873904, "transferred": 0, "dist": 0.35005657149125413, "_child0": {"label": 15, "event": "S", "reconc": 9, "tstamp": 0.4173322066835698, "transferred": 0, "dist": 0.10063300930572967, "_child0": {"label": 21, "event": "S", "reconc": 11, "tstamp": 0.4109268001950488, "transferred": 0, "dist": 0.005704772252588581, "_child0": {"label": 28, "event": "H", "reconc": [11, 15], "tstamp": 0.009617090095193634, "transferred": 0, "dist": 0.3410174921731293, "_child0": {"label": 53, "event": "S", "reconc": 15, "tstamp": 0.0, "transferred": 0, "dist": 0.008172231729578473}, "_child1": {"label": 54, "event": "S", "reconc": 16, "tstamp": 0.0, "transferred": 1, "dist": 0.016958811237647038}}, "_child1": {"label": 24, "event": "D", "reconc": [11, 14], "tstamp": 0.31264940903926547, "transferred": 0, "dist": 0.10406120513480506, "_child0": {"label": 31, "event": "H", "reconc": [11, 14], "tstamp": 0.05189006296231715, "transferred": 0, "dist": 0.3330189239896984, "_child0": {"label": 49, "event": "S", "reconc": 14, "tstamp": 0.0, "transferred": 0, "dist": 0.06626942885632653}, "_child1": {"label": 50, "event": "S", "reconc": 6, "tstamp": 0.0, "transferred": 1, "dist": 0.06677368307279828}}, "_child1": {"label": 30, "event": "S", "reconc": 14, "tstamp": 0.0, "transferred": 0, "dist": 1.0735042234447225}}, "_child2": {"label": 25, "event": "S", "reconc": 12, "tstamp": 0.0005240066384196504, "transferred": 0, "dist": 0.4829374405741615, "_child0": {"label": 55, "event": "S", "reconc": 24, "tstamp": 0.0, "transferred": 0, "dist": 0.0007727999255342416}, "_child1": {"label": 56, "event": "S", "reconc": 25, "tstamp": 0.0, "transferred": 0, "dist": 0.0007730567040256904}}}, "_child1": {"label": 22, "event": "S", "reconc": 10, "tstamp": 0.27549973053904875, "transferred": 0, "dist": 0.14854514324285473, "_child0": {"label": 36, "event": "H", "reconc": [10, 16], "tstamp": 0.2478462319059584, "transferred": 0, "dist": 0.03265734881380093, "_child0": {"label": 38, "event": "H", "reconc": [10, 19], "tstamp": 0.1650997140028837, "transferred": 1, "dist": 0.11738426357503694, "_child0": {"label": 39, "event": "S", "reconc": 19, "tstamp": 0.10818822428424123, "transferred": 0, "dist": 0.08073467595828464, "_child0": {"label": 43, "event": "S", "reconc": 20, "tstamp": 0.0, "transferred": 0, "dist": 0.47300703457662974}, "_child1": {"label": 44, "event": "S", "reconc": 21, "tstamp": 0.0, "transferred": 0, "dist": 0.29889387985472576}}, "_child1": {"label": 40, "event": "S", "reconc": 16, "tstamp": 0.0, "transferred": 1, "dist": 0.2740305660895944}}, "_child1": {"label": 37, "event": "S", "reconc": 16, "tstamp": 0.0, "transferred": 0, "dist": 0.2926935558835129}}, "_child1": {"label": 35, "event": "S", "reconc": 19, "tstamp": 0.10818822428424123, "transferred": 0, "dist": 0.19987240591019542, "_child0": {"label": 41, "event": "S", "reconc": 20, "tstamp": 0.0, "transferred": 0, "dist": 0.13698093089323976}, "_child1": {"label": 42, "event": "S", "reconc": 21, "tstamp": 0.0, "transferred": 0, "dist": 0.11612213482203065}}, "_child2": {"label": 46, "event": "S", "reconc": 23, "tstamp": 0.0, "transferred": 0, "dist": 0.3232762362123115}}}, "_child1": {"label": 16, "event": "S", "reconc": 8, "tstamp": 0.0, "transferred": 0, "dist": 0.5508797470219343}}}, "_child1": {"label": 3, "event": "H", "reconc": [1, 4], "tstamp": 0.8757135251113876, "transferred": 0, "dist": 0.11707325726330563, "_child0": {"label": 9, "event": "S", "reconc": 4, "tstamp": 0.7294897961492368, "transferred": 0, "dist": 0.1510750049703458, "_child0": {"label": 48, "event": "S", "reconc": 20, "tstamp": 0.0, "transferred": 1, "dist": 0.7099650131350383}, "_child1": {"label": 12, "event": "S", "reconc": 7, "tstamp": 0.0, "transferred": 0, "dist": 0.9257775928587415}}, "_child1": {"label": 18, "event": "D", "reconc": [5, 8], "tstamp": 0.4298817111799461, "transferred": 1, "dist": 0.43203534356625684, "_child0": {"label": 19, "event": "H", "reconc": [5, 8], "tstamp": 0.3976563305458236, "transferred": 0, "dist": 0.0846029906161696, "_child0": {"label": 27, "event": "D", "reconc": [4, 6], "tstamp": 0.28573576320996436, "transferred": 1, "dist": 0.099539689631133, "_child0": {"label": 32, "event": "S", "reconc": 6, "tstamp": 0.0, "transferred": 0, "dist": 0.2992199057339139}, "_child1": {"label": 33, "event": "S", "reconc": 6, "tstamp": 0.0, "transferred": 0, "dist": 0.2497668592483035}}, "_child1": {"label": 26, "event": "S", "reconc": 8, "tstamp": 0.0, "transferred": 0, "dist": 1.0439881279790149}}, "_child1": {"label": 20, "event": "H", "reconc": [5, 8], "tstamp": 0.018919516490125625, "transferred": 0, "dist": 0.7605157776704868, "_child0": {"label": 52, "event": "S", "reconc": 15, "tstamp": 0.0, "transferred": 1, "dist": 0.02080041975192931}, "_child1": {"label": 51, "event": "S", "reconc": 8, "tstamp": 0.0, "transferred": 0, "dist": 0.035011957261658774}}}}, "_child2": {"label": 4, "event": "S", "reconc": 3, "tstamp": 0.0, "transferred": 0, "dist": 0.809699147138475}}