{"label": 0, "event": null, "tstamp": 1.0, "dist": 0.0, "_child0": {"label": 1, "event": "S", "tstamp": 0.962867044402843, "dist": 0.037132955597157014, "_child0": {"label": 2, "event": "S", "tstamp": 0.8863611803133834, "dist": 0.07650586408945959, "_child0": {"label": 4, "event": "S", "tstamp": 0.0, "dist": 0.8863611803133834}, "_child1": {"label": 5, "event": "S", "tstamp": 0.0, "dist": 0.8863611803133834}}, "_child1": {"label": 3, "event": "S", "tstamp": 0.26869627765747445, "dist": 0.6941707667453685, "_child0": {"label": 7, "event": "S", "tstamp": 0.061289894992945106, "dist": 0.20740638266452935, "_child0": {"label": 8, "event": "S", "tstamp": 0.0, "dist": 0.061289894992945106}, "_child1": {"label": 9, "event": "S", "tstamp": 0.0, "dist": 0.061289894992945106}}, "_child1": {"label": 6, "event": "S", "tstamp": 0.0, "dist": 0.26869627765747445}}}}