{"label": 0, "event": null, "tstamp": 1.0, "dist": 0.0, "_child0": {"label": 1, "event": "S", "tstamp": 0.9638923950556911, "dist": 0.03610760494430887, "_child0": {"label": 2, "event": "S", "tstamp": 0.8656387973527929, "dist": 0.09825359770289821, "_child0": {"label": 7, "event": "S", "tstamp": 0.0, "dist": 0.8656387973527929}, "_child1": {"label": 6, "event": "S", "tstamp": 0.0, "dist": 0.8656387973527929}, "_child2": {"label": 5, "event": "S", "tstamp": 0.0, "dist": 0.8656387973527929}}, "_child1": {"label": 3, "event": "S", "tstamp": 0.6641800898231773, "dist": 0.2997123052325138, "_child0": {"label": 11, "event": "S", "tstamp": 0.0, "dist": 0.6641800898231773}, "_child1": {"label": 10, "event": "S", "tstamp": 0.08027992016787772, "dist": 0.5839001696552997, "_child0": {"label": 21, "event": "S", "tstamp": 0.03916983824113917, "dist": 0.04111008192673855, "_child0": {"label": 22, "event": "S", "tstamp": 0.0001945838647886711, "dist": 0.0389752543763505, "_child0": {"label": 24, "event": "S", "tstamp": 0.0, "dist": 0.0001945838647886711}, "_child1": {"label": 25, "event": "S", "tstamp": 0.0, "dist": 0.0001945838647886711}}, "_child1": {"label": 23, "event": "S", "tstamp": 0.0, "dist": 0.03916983824113917}}, "_child1": {"label": 20, "event": "S", "tstamp": 0.0, "dist": 0.08027992016787772}}, "_child2": {"label": 8, "event": "S", "tstamp": 0.5889611447390397, "dist": 0.07521894508413762, "_child0": {"label": 13, "event": "S", "tstamp": 0.4798015660849587, "dist": 0.10915957865408099, "_child0": {"label": 14, "event": "S", "tstamp": 0.0, "dist": 0.4798015660849587}, "_child1": {"label": 15, "event": "S", "tstamp": 0.0, "dist": 0.4798015660849587}}, "_child1": {"label": 12, "event": "S", "tstamp": 0.3681539992743953, "dist": 0.22080714546464442, "_child0": {"label": 19, "event": "S", "tstamp": 0.0, "dist": 0.3681539992743953}, "_child1": {"label": 18, "event": "S", "tstamp": 0.0, "dist": 0.3681539992743953}, "_child2": {"label": 16, "event": "S", "tstamp": 0.0, "dist": 0.3681539992743953}}}}}}