{"label": 0, "event": null, "tstamp": 1.0, "dist": 0.0, "_child0": {"label": 1, "event": "S", "tstamp": 0.9900460332773212, "dist": 0.009953966722678786, "_child0": {"label": 3, "event": "S", "tstamp": 0.8696635731127886, "dist": 0.12038246016453258, "_child0": {"label": 5, "event": "S", "tstamp": 0.8194204849310456, "dist": 0.050243088181743056, "_child0": {"label": 6, "event": "S", "tstamp": 0.0, "dist": 0.8194204849310456}, "_child1": {"label": 7, "event": "S", "tstamp": 0.0, "dist": 0.8194204849310456}}, "_child1": {"label": 4, "event": "S", "tstamp": 0.29619242648293953, "dist": 0.5734711466298491, "_child0": {"label": 15, "event": "S", "tstamp": 0.23525975875132457, "dist": 0.06093266773161496, "_child0": {"label": 16, "event": "S", "tstamp": 0.0, "dist": 0.23525975875132457}, "_child1": {"label": 17, "event": "S", "tstamp": 0.0, "dist": 0.23525975875132457}}, "_child1": {"label": 14, "event": "S", "tstamp": 0.0, "dist": 0.29619242648293953}}}, "_child1": {"label": 2, "event": "S", "tstamp": 0.7750059751806231, "dist": 0.21504005809669813, "_child0": {"label": 10, "event": "S", "tstamp": 0.0, "dist": 0.7750059751806231}, "_child1": {"label": 11, "event": "S", "tstamp": 0.6082992094542636, "dist": 0.16670676572635945, "_child0": {"label": 18, "event": "S", "tstamp": 0.0, "dist": 0.6082992094542636}, "_child1": {"label": 19, "event": "S", "tstamp": 0.19284008543124617, "dist": 0.41545912402301743, "_child0": {"label": 21, "event": "S", "tstamp": 0.12317830454910272, "dist": 0.06966178088214345, "_child0": {"label": 22, "event": "S", "tstamp": 0.0, "dist": 0.12317830454910272}, "_child1": {"label": 23, "event": "S", "tstamp": 0.0, "dist": 0.12317830454910272}}, "_child1": {"label": 25, "event": "S", "tstamp": 0.0, "dist": 0.19284008543124617}, "_child2": {"label": 24, "event": "S", "tstamp": 0.0, "dist": 0.19284008543124617}}, "_child2": {"label": 13, "event": "S", "tstamp": 0.0, "dist": 0.6082992094542636}}, "_child2": {"label": 8, "event": "S", "tstamp": 0.0, "dist": 0.7750059751806231}}}}