{"label": 1, "event": "S", "reconc": 1, "tstamp": 0.6060778169942278, "transferred": 0, "dist": 0.0, "_child0": {"label": 2, "event": "S", "reconc": 2, "tstamp": 0.5338756570384277, "transferred": 0, "dist": 0.08292262463155012, "_child0": {"label": 5, "event": "D", "reconc": [2, 5], "tstamp": 0.2021939709071079, "transferred": 0, "dist": 0.32069175540707423, "_child0": {"label": 8, "event": "S", "reconc": 5, "tstamp": 0.0, "transferred": 0, "dist": 0.19549448213204945}, "_child1": {"label": 9, "event": "S", "reconc": 5, "tstamp": 0.0, "transferred": 0, "dist": 0.19549448213204945}}, "_child1": {"label": 4, "event": "D", "reconc": [2, 4], "tstamp": 0.16849326234616668, "transferred": 0, "dist": 0.4736138872641037, "_child0": {"label": 11, "event": "D", "reconc": [2, 4], "tstamp": 0.00589442187287742, "transferred": 0, "dist": 0.21076294320652855, "_child0": {"label": 15, "event": "S", "reconc": 4, "tstamp": 0.0, "transferred": 0, "dist": 0.007640433958892007}, "_child1": {"label": 16, "event": "S", "reconc": 4, "tstamp": 0.0, "transferred": 0, "dist": 0.007640433958892007}}, "_child1": {"label": 10, "event": "S", "reconc": 4, "tstamp": 0.0, "transferred": 0, "dist": 0.5820075428271133}}}, "_child1": {"label": 3, "event": "H", "reconc": [1, 3], "tstamp": 0.5001069991685185, "transferred": 0, "dist": 0.10404465600261514, "_child0": {"label": 6, "event": "S", "reconc": 3, "tstamp": 0.05428179596895874, "transferred": 0, "dist": 0.4377217318496591, "_child0": {"label": 12, "event": "D", "reconc": [3, 9], "tstamp": 0.0017317037959165464, "transferred": 0, "dist": 0.04574783782510905, "_child0": {"label": 17, "event": "S", "reconc": 9, "tstamp": 0.0, "transferred": 0, "dist": 0.0015075464407530775}, "_child1": {"label": 18, "event": "S", "reconc": 9, "tstamp": 0.0, "transferred": 0, "dist": 0.0015075464407530775}}, "_child1": {"label": 13, "event": "S", "reconc": 8, "tstamp": 0.0, "transferred": 0, "dist": 0.04014655118246993}, "_child2": {"label": 14, "event": "S", "reconc": 6, "tstamp": 0.0, "transferred": 0, "dist": 0.04485555649285249}}, "_child1": {"label": 7, "event": "S", "reconc": 4, "tstamp": 0.0, "transferred": 1, "dist": 0.9616690834358442}}}