{"label": 1, "event": "S", "reconc": 1, "tstamp": 0.9603012009701302, "transferred": 0, "dist": 0.0, "_child0": {"label": 2, "event": "S", "reconc": 2, "tstamp": 0.9284084939326798, "transferred": 0, "dist": 0.03337957507185263, "_child0": {"label": 4, "event": "S", "reconc": 5, "tstamp": 0.7675674652347821, "transferred": 0, "dist": 0.156794724472783, "_child0": {"label": 8, "event": "S", "reconc": 7, "tstamp": 0.7651330095099331, "transferred": 0, "dist": 0.002222049987382338, "_child0": {"label": 10, "event": "S", "reconc": 9, "tstamp": 0.7639661849382605, "transferred": 0, "dist": 0.0010586024987488854, "_child0": {"label": 14, "event": "S", "reconc": 10, "tstamp": 0.6189133522553453, "transferred": 0, "dist": 0.1298030414877432, "_child0": {"label": 19, "event": "S", "reconc": 17, "tstamp": 0.5439605693047651, "transferred": 0, "dist": 0.06405532153233245, "_child0": {"label": 25, "event": "D", "reconc": [17, 18], "tstamp": 0.34250906773618, "transferred": 0, "dist": 0.1724653467182146, "_child0": {"label": 31, "event": "D", "reconc": [17, 18], "tstamp": 0.31322171949957783, "transferred": 0, "dist": 0.025157811606627813, "_child0": {"label": 33, "event": "D", "reconc": [17, 18], "tstamp": 0.27444153679077665, "transferred": 0, "dist": 0.060278117571847305, "_child0": {"label": 40, "event": "D", "reconc": [17, 18], "tstamp": 0.09887833008147082, "transferred": 0, "dist": 0.37347374653374416, "_child0": {"label": 49, "event": "S", "reconc": 18, "tstamp": 0.0, "transferred": 0, "dist": 0.13609053915284158}, "_child1": {"label": 50, "event": "S", "reconc": 18, "tstamp": 0.0, "transferred": 0, "dist": 0.08489264506913045}}, "_child1": {"label": 39, "event": "S", "reconc": 18, "tstamp": 0.0, "transferred": 0, "dist": 0.24049828705366813}}, "_child1": {"label": 34, "event": "D", "reconc": [17, 18], "tstamp": 0.07653655086966764, "transferred": 0, "dist": 0.22291408743053867, "_child0": {"label": 51, "event": "S", "reconc": 18, "tstamp": 0.0, "transferred": 0, "dist": 0.06882162039185058}, "_child1": {"label": 52, "event": "S", "reconc": 18, "tstamp": 0.0, "transferred": 0, "dist": 0.1239540057310691}}}, "_child1": {"label": 32, "event": "D", "reconc": [17, 18], "tstamp": 0.24585882958937863, "transferred": 0, "dist": 0.08274357203890652, "_child0": {"label": 41, "event": "S", "reconc": 18, "tstamp": 0.0, "transferred": 0, "dist": 0.21048305899288927}, "_child1": {"label": 42, "event": "S", "reconc": 18, "tstamp": 0.0, "transferred": 0, "dist": 0.21048305899288927}}}, "_child1": {"label": 26, "event": "S", "reconc": 19, "tstamp": 0.0, "transferred": 0, "dist": 0.5690522444463193}}, "_child1": {"label": 30, "event": "D", "reconc": [10, 16], "tstamp": 0.07257169601955689, "transferred": 0, "dist": 0.5156472739935671, "_child0": {"label": 53, "event": "S", "reconc": 16, "tstamp": 0.0, "transferred": 0, "dist": 0.07288456004659259}, "_child1": {"label": 54, "event": "S", "reconc": 16, "tstamp": 0.0, "transferred": 0, "dist": 0.1076424842770993}}}, "_child1": {"label": 13, "event": "S", "reconc": 12, "tstamp": 0.4841902827055696, "transferred": 0, "dist": 0.2753414232149543, "_child0": {"label": 27, "event": "S", "reconc": 21, "tstamp": 0.3100211712067594, "transferred": 0, "dist": 0.17003489503899222, "_child0": {"label": 35, "event": "S", "reconc": 22, "tstamp": 0.2992137571770949, "transferred": 0, "dist": 0.009550055413255237, "_child0": {"label": 37, "event": "S", "reconc": 24, "tstamp": 0.0, "transferred": 0, "dist": 0.29854555625435525}, "_child1": {"label": 38, "event": "S", "reconc": 25, "tstamp": 0.0, "transferred": 0, "dist": 0.28173075095666084}}, "_child1": {"label": 36, "event": "S", "reconc": 23, "tstamp": 0.0, "transferred": 0, "dist": 0.29389995595060225}}, "_child1": {"label": 28, "event": "S", "reconc": 20, "tstamp": 0.0, "transferred": 0, "dist": 0.5184390883766324}}}, "_child1": {"label": 11, "event": "H", "reconc": [7, 8], "tstamp": 0.6409050198187897, "transferred": 0, "dist": 0.10207313991214366, "_child0": {"label": 21, "event": "D", "reconc": [1, 3], "tstamp": 0.021637250850660036, "transferred": 1, "dist": 0.9753083657240781, "_child0": {"label": 57, "event": "S", "reconc": 3, "tstamp": 0.0, "transferred": 0, "dist": 0.029995508246410545}, "_child1": {"label": 58, "event": "S", "reconc": 3, "tstamp": 0.0, "transferred": 0, "dist": 0.029995508246410545}}, "_child1": {"label": 15, "event": "H", "reconc": [7, 8], "tstamp": 0.13220728560908007, "transferred": 0, "dist": 0.4179764570454125, "_child0": {"label": 45, "event": "S", "reconc": 8, "tstamp": 0.0, "transferred": 0, "dist": 0.10862940626288223}, "_child1": {"label": 46, "event": "S", "reconc": 3, "tstamp": 0.0, "transferred": 1, "dist": 0.25937465818508687}}}}, "_child1": {"label": 9, "event": "D", "reconc": [5, 6], "tstamp": 0.021667493975539624, "transferred": 0, "dist": 0.6447900356361391, "_child0": {"label": 55, "event": "S", "reconc": 6, "tstamp": 0.0, "transferred": 0, "dist": 0.01873037237023611}, "_child1": {"label": 56, "event": "S", "reconc": 6, "tstamp": 0.0, "transferred": 0, "dist": 0.01873037237023611}}}, "_child1": {"label": 5, "event": "S", "reconc": 4, "tstamp": 0.631584446917264, "transferred": 0, "dist": 0.26726213332400706, "_child0": {"label": 18, "event": "H", "reconc": [4, 15], "tstamp": 0.1671452695215147, "transferred": 0, "dist": 0.3527488152799959, "_child0": {"label": 44, "event": "S", "reconc": 8, "tstamp": 0.0, "transferred": 1, "dist": 0.14327896967658438}, "_child1": {"label": 43, "event": "S", "reconc": 15, "tstamp": 0.0, "transferred": 0, "dist": 0.1269494449929442}}, "_child1": {"label": 17, "event": "S", "reconc": 14, "tstamp": 0.0, "transferred": 0, "dist": 0.40950906051803304}}}, "_child1": {"label": 24, "event": "D", "reconc": [9, 13], "tstamp": 0.10850323795867983, "transferred": 1, "dist": 0.926441828147473, "_child0": {"label": 47, "event": "S", "reconc": 13, "tstamp": 0.0, "transferred": 0, "dist": 0.4595946830459115}, "_child1": {"label": 48, "event": "S", "reconc": 13, "tstamp": 0.0, "transferred": 0, "dist": 0.08843263150484557}}}