{"label": 1, "event": "S", "reconc": 1, "tstamp": 0.8642001348205506, "transferred": 0, "dist": 0.0, "_child0": {"label": 2, "event": "S", "reconc": 3, "tstamp": 0.7165348758704125, "transferred": 0, "dist": 0.16076102007700271, "_child0": {"label": 4, "event": "S", "reconc": 5, "tstamp": 0.7110714459173003, "transferred": 0, "dist": 0.005584512867666692, "_child0": {"label": 7, "event": "D", "reconc": [5, 6], "tstamp": 0.6105726115711346, "transferred": 0, "dist": 0.11731340410483217, "_child0": {"label": 8, "event": "H", "reconc": [5, 6], "tstamp": 0.5257734005649566, "transferred": 0, "dist": 0.09898705963367468, "_child0": {"label": 15, "event": "H", "reconc": [4, 16], "tstamp": 0.23083941772341318, "transferred": 1, "dist": 0.5748905115155563, "_child0": {"label": 29, "event": "S", "reconc": 15, "tstamp": 0.0, "transferred": 1, "dist": 0.2477089944798417}, "_child1": {"label": 28, "event": "S", "reconc": 16, "tstamp": 0.0, "transferred": 0, "dist": 0.44995625683549906}}, "_child1": {"label": 14, "event": "S", "reconc": 6, "tstamp": 0.051573722191263584, "transferred": 0, "dist": 0.5535385445747404, "_child0": {"label": 48, "event": "D", "reconc": [6, 24], "tstamp": 0.01806687103739957, "transferred": 0, "dist": 0.04819596219676784, "_child0": {"label": 50, "event": "S", "reconc": 24, "tstamp": 0.0, "transferred": 0, "dist": 0.02598722958280652}, "_child1": {"label": 51, "event": "S", "reconc": 24, "tstamp": 0.0, "transferred": 0, "dist": 0.0557893789297028}}, "_child1": {"label": 49, "event": "S", "reconc": 25, "tstamp": 0.0, "transferred": 0, "dist": 0.06819104388980686}}}, "_child1": {"label": 19, "event": "S", "reconc": 17, "tstamp": 0.19857491125116977, "transferred": 1, "dist": 0.6089354181423146, "_child0": {"label": 31, "event": "S", "reconc": 21, "tstamp": 0.062393929304494666, "transferred": 0, "dist": 0.5651340145596915, "_child0": {"label": 44, "event": "S", "reconc": 22, "tstamp": 0.0, "transferred": 0, "dist": 0.054872232860913424}, "_child1": {"label": 45, "event": "S", "reconc": 23, "tstamp": 0.0, "transferred": 0, "dist": 0.06982813571284864}}, "_child1": {"label": 30, "event": "S", "reconc": 20, "tstamp": 0.0, "transferred": 0, "dist": 0.2866827928128559}, "_child2": {"label": 32, "event": "S", "reconc": 18, "tstamp": 0.0, "transferred": 0, "dist": 0.4163707384397157}}}, "_child1": {"label": 6, "event": "S", "reconc": 7, "tstamp": 0.3981182180405707, "transferred": 0, "dist": 0.26264613569083123, "_child0": {"label": 22, "event": "S", "reconc": 13, "tstamp": 0.36382954568628223, "transferred": 0, "dist": 0.022174099838190377, "_child0": {"label": 24, "event": "D", "reconc": [13, 14], "tstamp": 0.1592509731861475, "transferred": 0, "dist": 0.10242542613952045, "_child0": {"label": 36, "event": "H", "reconc": [13, 14], "tstamp": 0.11640164710368324, "transferred": 0, "dist": 0.021453177770046176, "_child0": {"label": 42, "event": "S", "reconc": 14, "tstamp": 0.0, "transferred": 0, "dist": 0.058278284779453036}, "_child1": {"label": 43, "event": "S", "reconc": 18, "tstamp": 0.0, "transferred": 1, "dist": 0.3059278897858112}}, "_child1": {"label": 37, "event": "S", "reconc": 14, "tstamp": 0.0, "transferred": 0, "dist": 0.07973146254949921}}, "_child1": {"label": 40, "event": "S", "reconc": 15, "tstamp": 0.0, "transferred": 0, "dist": 0.2505253275363466}}, "_child1": {"label": 23, "event": "S", "reconc": 12, "tstamp": 0.0, "transferred": 0, "dist": 0.25009761332026276}}}, "_child1": {"label": 5, "event": "S", "reconc": 4, "tstamp": 0.5681949889489231, "transferred": 0, "dist": 0.1501257658149966, "_child0": {"label": 10, "event": "D", "reconc": [4, 10], "tstamp": 0.5021029359304426, "transferred": 0, "dist": 0.058569794598208165, "_child0": {"label": 16, "event": "D", "reconc": [4, 10], "tstamp": 0.27922235946050844, "transferred": 0, "dist": 0.19751345264042777, "_child0": {"label": 27, "event": "D", "reconc": [4, 10], "tstamp": 0.15601452387345527, "transferred": 0, "dist": 0.3688630790255026, "_child0": {"label": 38, "event": "S", "reconc": 10, "tstamp": 0.0, "transferred": 0, "dist": 0.2417451527483809}, "_child1": {"label": 39, "event": "S", "reconc": 10, "tstamp": 0.0, "transferred": 0, "dist": 0.28463199356141217}}, "_child1": {"label": 26, "event": "S", "reconc": 10, "tstamp": 0.0, "transferred": 0, "dist": 0.32850197128398695}}, "_child1": {"label": 17, "event": "S", "reconc": 10, "tstamp": 0.0, "transferred": 0, "dist": 0.4449561555665448}}, "_child1": {"label": 12, "event": "H", "reconc": [4, 17], "tstamp": 0.4047614963477108, "transferred": 0, "dist": 0.15490721738919314, "_child0": {"label": 20, "event": "S", "reconc": 17, "tstamp": 0.19857491125116977, "transferred": 0, "dist": 0.1954298941540722, "_child0": {"label": 34, "event": "S", "reconc": 21, "tstamp": 0.062393929304494666, "transferred": 0, "dist": 0.12418849830436968, "_child0": {"label": 46, "event": "S", "reconc": 22, "tstamp": 0.0, "transferred": 0, "dist": 0.05476764583059642}, "_child1": {"label": 47, "event": "S", "reconc": 23, "tstamp": 0.0, "transferred": 0, "dist": 0.06532304946609567}}, "_child1": {"label": 33, "event": "S", "reconc": 20, "tstamp": 0.0, "transferred": 0, "dist": 0.17562546584919686}, "_child2": {"label": 35, "event": "S", "reconc": 18, "tstamp": 0.0, "transferred": 0, "dist": 0.17487555685751946}}, "_child1": {"label": 21, "event": "S", "reconc": 2, "tstamp": 0.0, "transferred": 1, "dist": 1.5598085714549081}}, "_child2": {"label": 11, "event": "S", "reconc": 16, "tstamp": 0.0, "transferred": 0, "dist": 0.4605758634751662}}}, "_child1": {"label": 3, "event": "S", "reconc": 2, "tstamp": 0.0, "transferred": 0, "dist": 1.1524677267134993}}