{"label": 0, "event": null, "tstamp": 1.0, "dist": 0.0, "_child0": {"label": 1, "event": "S", "tstamp": 0.9089965598831418, "dist": 0.09100344011685824, "_child0": {"label": 3, "event": "S", "tstamp": 0.7946615044039602, "dist": 0.11433505547918155, "_child0": {"label": 5, "event": "S", "tstamp": 0.6597940772695503, "dist": 0.1348674271344099, "_child0": {"label": 7, "event": "S", "tstamp": 0.4904360666668735, "dist": 0.1693580106026768, "_child0": {"label": 11, "event": "S", "tstamp": 0.0, "dist": 0.4904360666668735}, "_child1": {"label": 10, "event": "S", "tstamp": 0.055986800488435594, "dist": 0.43444926617843793, "_child0": {"label": 14, "event": "S", "tstamp": 0.013544370030062255, "dist": 0.04244243045837334, "_child0": {"label": 18, "event": "S", "tstamp": 0.0, "dist": 0.013544370030062255}, "_child1": {"label": 19, "event": "S", "tstamp": 0.0, "dist": 0.013544370030062255}}, "_child1": {"label": 15, "event": "S", "tstamp": 0.034423815709500226, "dist": 0.021562984778935368, "_child0": {"label": 16, "event": "S", "tstamp": 0.0, "dist": 0.034423815709500226}, "_child1": {"label": 17, "event": "S", "tstamp": 0.0, "dist": 0.034423815709500226}}, "_child2": {"label": 12, "event": "S", "tstamp": 0.0, "dist": 0.055986800488435594}}, "_child2": {"label": 8, "event": "S", "tstamp": 0.0, "dist": 0.4904360666668735}}, "_child1": {"label": 6, "event": "S", "tstamp": 0.0, "dist": 0.6597940772695503}}, "_child1": {"label": 4, "event": "S", "tstamp": 0.0, "dist": 0.7946615044039602}}, "_child1": {"label": 2, "event": "S", "tstamp": 0.0, "dist": 0.9089965598831418}}}