{"label": 1, "event": "S", "reconc": 1, "tstamp": 0.8929315874942202, "transferred": 0, "dist": 0.0, "_child0": {"label": 4, "event": "S", "reconc": 5, "tstamp": 0.6519418062876584, "transferred": 0, "dist": 0.23561710920157652, "_child0": {"label": 16, "event": "S", "reconc": 8, "tstamp": 0.0, "transferred": 1, "dist": 0.9369610847681528}, "_child1": {"label": 8, "event": "D", "reconc": [5, 13], "tstamp": 0.4657546448481363, "transferred": 0, "dist": 0.17822002718580132, "_child0": {"label": 14, "event": "S", "reconc": 13, "tstamp": 0.2776846592685508, "transferred": 0, "dist": 0.18002228340386592, "_child0": {"label": 22, "event": "H", "reconc": [13, 15], "tstamp": 0.12518799801012062, "transferred": 0, "dist": 0.13280598787243664, "_child0": {"label": 32, "event": "H", "reconc": [13, 15], "tstamp": 0.1210574331659918, "transferred": 0, "dist": 0.0035972180641126055, "_child0": {"label": 34, "event": "S", "reconc": 15, "tstamp": 0.03545802513733231, "transferred": 0, "dist": 0.07454664155090454, "_child0": {"label": 51, "event": "H", "reconc": [15, 25], "tstamp": 0.022671019643748045, "transferred": 0, "dist": 0.010588848044950768, "_child0": {"label": 56, "event": "S", "reconc": 25, "tstamp": 0.0, "transferred": 0, "dist": 0.01877374512368743}, "_child1": {"label": 57, "event": "S", "reconc": 14, "tstamp": 0.0, "transferred": 1, "dist": 0.045890449271503764}}, "_child1": {"label": 52, "event": "S", "reconc": 24, "tstamp": 0.0, "transferred": 0, "dist": 0.02889250119962158}, "_child2": {"label": 53, "event": "S", "reconc": 22, "tstamp": 0.0, "transferred": 0, "dist": 0.03175029021914754}}, "_child1": {"label": 35, "event": "H", "reconc": [7, 18], "tstamp": 0.023216053245759424, "transferred": 1, "dist": 0.2639124540229355, "_child0": {"label": 55, "event": "S", "reconc": 25, "tstamp": 0.0, "transferred": 1, "dist": 0.039734561084572184}, "_child1": {"label": 54, "event": "S", "reconc": 18, "tstamp": 0.0, "transferred": 0, "dist": 0.06262182309581796}}}, "_child1": {"label": 33, "event": "S", "reconc": 19, "tstamp": 0.05568470248992513, "transferred": 1, "dist": 0.09333610977729975, "_child0": {"label": 44, "event": "S", "reconc": 20, "tstamp": 0.0, "transferred": 0, "dist": 0.07338752900434264}, "_child1": {"label": 45, "event": "S", "reconc": 21, "tstamp": 0.0, "transferred": 0, "dist": 0.07812921366584999}}}, "_child1": {"label": 23, "event": "S", "reconc": 14, "tstamp": 0.0, "transferred": 0, "dist": 0.2235855201282732}}, "_child1": {"label": 24, "event": "S", "reconc": 15, "tstamp": 0.03545802513733231, "transferred": 0, "dist": 0.6197303447962896, "_child0": {"label": 48, "event": "S", "reconc": 25, "tstamp": 0.0, "transferred": 0, "dist": 0.030899281215196073}, "_child1": {"label": 49, "event": "S", "reconc": 24, "tstamp": 0.0, "transferred": 0, "dist": 0.029140509427635585}, "_child2": {"label": 50, "event": "S", "reconc": 22, "tstamp": 0.0, "transferred": 0, "dist": 0.04315240896897355}}}, "_child2": {"label": 9, "event": "D", "reconc": [5, 7], "tstamp": 0.3997673039886337, "transferred": 0, "dist": 0.30474474437451343, "_child0": {"label": 18, "event": "S", "reconc": 7, "tstamp": 0.18853893376839828, "transferred": 0, "dist": 0.2552626657356535, "_child0": {"label": 28, "event": "H", "reconc": [7, 19], "tstamp": 0.10548777228857363, "transferred": 0, "dist": 0.11151730486009855, "_child0": {"label": 38, "event": "S", "reconc": 19, "tstamp": 0.05568470248992513, "transferred": 0, "dist": 0.06687328652295661, "_child0": {"label": 46, "event": "S", "reconc": 20, "tstamp": 0.0, "transferred": 0, "dist": 0.07337220564785528}, "_child1": {"label": 47, "event": "S", "reconc": 21, "tstamp": 0.0, "transferred": 0, "dist": 0.06826423991524865}}, "_child1": {"label": 39, "event": "S", "reconc": 18, "tstamp": 0.0, "transferred": 1, "dist": 0.15085515666360408}}, "_child1": {"label": 29, "event": "S", "reconc": 18, "tstamp": 0.0, "transferred": 0, "dist": 0.2450425966891271}}, "_child1": {"label": 30, "event": "S", "reconc": 19, "tstamp": 0.05568470248992513, "transferred": 0, "dist": 0.4336532571187086, "_child0": {"label": 42, "event": "S", "reconc": 20, "tstamp": 0.0, "transferred": 0, "dist": 0.07337220564785528}, "_child1": {"label": 43, "event": "S", "reconc": 21, "tstamp": 0.0, "transferred": 0, "dist": 0.06826423991524865}}}, "_child3": {"label": 6, "event": "D", "reconc": [5, 10], "tstamp": 0.32316073999996753, "transferred": 0, "dist": 0.43985803036616083, "_child0": {"label": 21, "event": "D", "reconc": [5, 10], "tstamp": 0.1094303459192776, "transferred": 0, "dist": 0.3375941273077841, "_child0": {"label": 36, "event": "S", "reconc": 10, "tstamp": 0.0, "transferred": 0, "dist": 0.4387141981228677}, "_child1": {"label": 37, "event": "S", "reconc": 10, "tstamp": 0.0, "transferred": 0, "dist": 0.20698952793282271}}, "_child1": {"label": 20, "event": "H", "reconc": [5, 10], "tstamp": 0.06011314237935612, "transferred": 0, "dist": 0.3519646097322494, "_child0": {"label": 40, "event": "S", "reconc": 10, "tstamp": 0.0, "transferred": 0, "dist": 0.08043296684216279}, "_child1": {"label": 41, "event": "S", "reconc": 8, "tstamp": 0.0, "transferred": 1, "dist": 0.13175918549272622}}}}, "_child1": {"label": 10, "event": "H", "reconc": [2, 8], "tstamp": 0.25259848483246644, "transferred": 0, "dist": 0.6748653443300381, "_child0": {"label": 27, "event": "S", "reconc": 4, "tstamp": 0.0, "transferred": 1, "dist": 0.21925027640747427}, "_child1": {"label": 26, "event": "S", "reconc": 8, "tstamp": 0.0, "transferred": 0, "dist": 0.2528304330454302}}}