{"label": 0, "event": null, "tstamp": 1.0, "dist": 0.0, "_child0": {"label": 1, "event": "S", "tstamp": 0.982235451504626, "dist": 0.01776454849537401, "_child0": {"label": 2, "event": "S", "tstamp": 0.9460507199455856, "dist": 0.03618473155904034, "_child0": {"label": 4, "event": "S", "tstamp": 0.7782457117562068, "dist": 0.16780500818937882, "_child0": {"label": 12, "event": "S", "tstamp": 0.0, "dist": 0.7782457117562068}, "_child1": {"label": 13, "event": "S", "tstamp": 0.4670112149955212, "dist": 0.31123449676068565, "_child0": {"label": 14, "event": "S", "tstamp": 0.0, "dist": 0.4670112149955212}, "_child1": {"label": 15, "event": "S", "tstamp": 0.0, "dist": 0.4670112149955212}}, "_child2": {"label": 10, "event": "S", "tstamp": 0.0, "dist": 0.7782457117562068}}, "_child1": {"label": 5, "event": "S", "tstamp": 0.0, "dist": 0.9460507199455856}}, "_child1": {"label": 3, "event": "S", "tstamp": 0.9305554837850775, "dist": 0.051679967719548525, "_child0": {"label": 9, "event": "S", "tstamp": 0.0, "dist": 0.9305554837850775}, "_child1": {"label": 20, "event": "S", "tstamp": 0.0, "dist": 0.9305554837850775}, "_child2": {"label": 21, "event": "S", "tstamp": 0.31728473905870797, "dist": 0.6132707447263694, "_child0": {"label": 22, "event": "S", "tstamp": 0.31502256390336386, "dist": 0.002262175155344104, "_child0": {"label": 25, "event": "S", "tstamp": 0.3046956238168154, "dist": 0.010326940086548442, "_child0": {"label": 26, "event": "S", "tstamp": 0.0, "dist": 0.3046956238168154}, "_child1": {"label": 27, "event": "S", "tstamp": 0.0, "dist": 0.3046956238168154}}, "_child1": {"label": 24, "event": "S", "tstamp": 0.0, "dist": 0.31502256390336386}}, "_child1": {"label": 23, "event": "S", "tstamp": 0.0, "dist": 0.31728473905870797}}, "_child3": {"label": 6, "event": "S", "tstamp": 0.4438318522494418, "dist": 0.48672363153563564, "_child0": {"label": 17, "event": "S", "tstamp": 0.4348301877799023, "dist": 0.009001664469539539, "_child0": {"label": 18, "event": "S", "tstamp": 0.15980849020313392, "dist": 0.27502169757676836, "_child0": {"label": 28, "event": "S", "tstamp": 0.0, "dist": 0.15980849020313392}, "_child1": {"label": 29, "event": "S", "tstamp": 0.0, "dist": 0.15980849020313392}}, "_child1": {"label": 19, "event": "S", "tstamp": 0.0, "dist": 0.4348301877799023}}, "_child1": {"label": 16, "event": "S", "tstamp": 0.0, "dist": 0.4438318522494418}}}}}