{"label": 1, "event": "S", "reconc": 1, "tstamp": 0.9893699282641507, "transferred": 0, "dist": 0.0, "_child0": {"label": 2, "event": "H", "reconc": [1, 3], "tstamp": 0.982551555478871, "transferred": 0, "dist": 0.0069199066860134925, "_child0": {"label": 5, "event": "D", "reconc": [1, 2], "tstamp": 0.7483446396945312, "transferred": 1, "dist": 0.18624323401264103, "_child0": {"label": 8, "event": "S", "reconc": 2, "tstamp": 0.0, "transferred": 0, "dist": 0.5950846126090061}, "_child1": {"label": 9, "event": "S", "reconc": 2, "tstamp": 0.0, "transferred": 0, "dist": 0.5950846126090061}}, "_child1": {"label": 4, "event": "S", "reconc": 3, "tstamp": 0.7199426653853173, "transferred": 0, "dist": 0.26651945729459064, "_child0": {"label": 10, "event": "S", "reconc": 5, "tstamp": 0.40839488352509173, "transferred": 0, "dist": 0.3437541543646955, "_child0": {"label": 15, "event": "D", "reconc": [5, 8], "tstamp": 0.3873169797115317, "transferred": 0, "dist": 0.02069167375935737, "_child0": {"label": 20, "event": "S", "reconc": 8, "tstamp": 0.0, "transferred": 0, "dist": 0.3802198101167369}, "_child1": {"label": 21, "event": "S", "reconc": 8, "tstamp": 0.0, "transferred": 0, "dist": 0.3802198101167369}}, "_child1": {"label": 14, "event": "S", "reconc": 9, "tstamp": 0.0, "transferred": 0, "dist": 0.5656363072802162}, "_child2": {"label": 16, "event": "S", "reconc": 6, "tstamp": 0.0, "transferred": 0, "dist": 0.542102559482754}}, "_child1": {"label": 11, "event": "S", "reconc": 4, "tstamp": 0.0, "transferred": 0, "dist": 0.7559359821263866}}}, "_child1": {"label": 7, "event": "S", "reconc": 3, "tstamp": 0.7199426653853173, "transferred": 1, "dist": 0.3455826087373043, "_child0": {"label": 12, "event": "S", "reconc": 5, "tstamp": 0.40839488352509173, "transferred": 0, "dist": 0.4686637333689366, "_child0": {"label": 18, "event": "S", "reconc": 8, "tstamp": 0.0, "transferred": 0, "dist": 0.7979188426693173}, "_child1": {"label": 19, "event": "S", "reconc": 6, "tstamp": 0.0, "transferred": 0, "dist": 1.1146792673411332}}, "_child1": {"label": 13, "event": "S", "reconc": 4, "tstamp": 0.0, "transferred": 0, "dist": 0.7673637866976337}}}