{"label": 0, "event": null, "tstamp": 1.0, "dist": 0.0, "_child0": {"label": 1, "event": "S", "tstamp": 0.9846946196051881, "dist": 0.015305380394811885, "_child0": {"label": 3, "event": "S", "tstamp": 0.568831424696117, "dist": 0.4158631949090711, "_child0": {"label": 5, "event": "S", "tstamp": 0.3059444689703241, "dist": 0.2628869557257929, "_child0": {"label": 6, "event": "S", "tstamp": 0.0, "dist": 0.3059444689703241}, "_child1": {"label": 7, "event": "S", "tstamp": 0.0, "dist": 0.3059444689703241}}, "_child1": {"label": 4, "event": "S", "tstamp": 0.07753687458300566, "dist": 0.49129455011311135, "_child0": {"label": 8, "event": "S", "tstamp": 0.0, "dist": 0.07753687458300566}, "_child1": {"label": 9, "event": "S", "tstamp": 0.0, "dist": 0.07753687458300566}}}, "_child1": {"label": 2, "event": "S", "tstamp": 0.0, "dist": 0.9846946196051881}}}