{"label": 0, "event": null, "tstamp": 1.0, "dist": 0.0, "_child0": {"label": 1, "event": "S", "tstamp": 0.931227110459344, "dist": 0.06877288954065597, "_child0": {"label": 3, "event": "S", "tstamp": 0.8610279727824037, "dist": 0.0701991376769403, "_child0": {"label": 7, "event": "S", "tstamp": 0.0, "dist": 0.8610279727824037}, "_child1": {"label": 12, "event": "S", "tstamp": 0.0, "dist": 0.8610279727824037}, "_child2": {"label": 13, "event": "S", "tstamp": 0.04083400742802722, "dist": 0.8201939653543765, "_child0": {"label": 14, "event": "S", "tstamp": 0.0, "dist": 0.04083400742802722}, "_child1": {"label": 15, "event": "S", "tstamp": 0.0, "dist": 0.04083400742802722}}, "_child3": {"label": 4, "event": "S", "tstamp": 0.6086521228080061, "dist": 0.25237584997439766, "_child0": {"label": 11, "event": "S", "tstamp": 0.0, "dist": 0.6086521228080061}, "_child1": {"label": 10, "event": "S", "tstamp": 0.0, "dist": 0.6086521228080061}, "_child2": {"label": 8, "event": "S", "tstamp": 0.0, "dist": 0.6086521228080061}}}, "_child1": {"label": 2, "event": "S", "tstamp": 0.0, "dist": 0.931227110459344}}}