{"label": 1, "event": "D", "reconc": [0, 1], "tstamp": 0.9538017047157125, "transferred": 0, "dist": 0.0, "_child0": {"label": 2, "event": "S", "reconc": 1, "tstamp": 0.931227110459344, "transferred": 0, "dist": 0.022753083887953947, "_child0": {"label": 4, "event": "S", "reconc": 3, "tstamp": 0.8610279727824037, "transferred": 0, "dist": 0.06977529098254866, "_child0": {"label": 19, "event": "S", "reconc": 13, "tstamp": 0.04083400742802722, "transferred": 0, "dist": 0.7783057363539451, "_child0": {"label": 39, "event": "S", "reconc": 14, "tstamp": 0.0, "transferred": 0, "dist": 0.026516853322417884}, "_child1": {"label": 40, "event": "S", "reconc": 15, "tstamp": 0.0, "transferred": 0, "dist": 0.025967893817559307}}, "_child1": {"label": 9, "event": "D", "reconc": [3, 12], "tstamp": 0.329209208279074, "transferred": 0, "dist": 0.5004364268458809, "_child0": {"label": 31, "event": "S", "reconc": 12, "tstamp": 0.0, "transferred": 0, "dist": 0.47715947122744595}, "_child1": {"label": 32, "event": "S", "reconc": 12, "tstamp": 0.0, "transferred": 0, "dist": 0.8069702753159458}}}, "_child1": {"label": 5, "event": "D", "reconc": [1, 2], "tstamp": 0.6899949276346352, "transferred": 0, "dist": 0.2020018928373608, "_child0": {"label": 17, "event": "H", "reconc": [1, 2], "tstamp": 0.2465398881846107, "transferred": 0, "dist": 0.3713383359892067, "_child0": {"label": 36, "event": "H", "reconc": [4, 11], "tstamp": 0.07757092975852074, "transferred": 1, "dist": 0.20934823340190986, "_child0": {"label": 38, "event": "S", "reconc": 7, "tstamp": 0.0, "transferred": 1, "dist": 0.06064438862829466}, "_child1": {"label": 37, "event": "S", "reconc": 11, "tstamp": 0.0, "transferred": 0, "dist": 0.0945268196974955}}, "_child1": {"label": 35, "event": "S", "reconc": 2, "tstamp": 0.0, "transferred": 0, "dist": 0.20644643467572021}}, "_child1": {"label": 16, "event": "S", "reconc": 2, "tstamp": 0.0, "transferred": 0, "dist": 0.577784770664927}}}, "_child1": {"label": 15, "event": "S", "reconc": 4, "tstamp": 0.6086521228080061, "transferred": 0, "dist": 0.3652837818187722, "_child0": {"label": 21, "event": "D", "reconc": [4, 10], "tstamp": 0.5171761067056427, "transferred": 0, "dist": 0.11568349282710878, "_child0": {"label": 23, "event": "D", "reconc": [4, 10], "tstamp": 0.4985205823560202, "transferred": 0, "dist": 0.024296446772422726, "_child0": {"label": 25, "event": "D", "reconc": [4, 10], "tstamp": 0.02127583958970216, "transferred": 0, "dist": 1.2445733913337047, "_child0": {"label": 41, "event": "S", "reconc": 10, "tstamp": 0.0, "transferred": 0, "dist": 0.08406117359421472}, "_child1": {"label": 42, "event": "S", "reconc": 10, "tstamp": 0.0, "transferred": 0, "dist": 0.031025305372712423}}, "_child1": {"label": 26, "event": "S", "reconc": 10, "tstamp": 0.0, "transferred": 0, "dist": 1.3188185201537952}}, "_child1": {"label": 24, "event": "D", "reconc": [4, 10], "tstamp": 0.2990793011349593, "transferred": 0, "dist": 0.28908082522607603, "_child0": {"label": 33, "event": "S", "reconc": 10, "tstamp": 0.0, "transferred": 0, "dist": 0.37826645533172304}, "_child1": {"label": 34, "event": "S", "reconc": 10, "tstamp": 0.0, "transferred": 0, "dist": 1.3457818541678048}}}, "_child1": {"label": 22, "event": "H", "reconc": [4, 8], "tstamp": 0.40458217583596834, "transferred": 0, "dist": 0.2537937262748095, "_child0": {"label": 29, "event": "S", "reconc": 8, "tstamp": 0.0, "transferred": 0, "dist": 0.5031628591732332}, "_child1": {"label": 30, "event": "S", "reconc": 2, "tstamp": 0.0, "transferred": 1, "dist": 0.5386337343969487}}}}