{"label": 0, "event": null, "tstamp": 1.0, "dist": 0.0, "_child0": {"label": 1, "event": "S", "tstamp": 0.743298974389671, "dist": 0.25670102561032904, "_child0": {"label": 4, "event": "S", "tstamp": 0.0, "dist": 0.743298974389671}, "_child1": {"label": 5, "event": "S", "tstamp": 0.38874423107882633, "dist": 0.35455474331084463, "_child0": {"label": 7, "event": "S", "tstamp": 0.3518147546842159, "dist": 0.03692947639461042, "_child0": {"label": 11, "event": "S", "tstamp": 0.0, "dist": 0.3518147546842159}, "_child1": {"label": 12, "event": "S", "tstamp": 0.0, "dist": 0.3518147546842159}, "_child2": {"label": 14, "event": "S", "tstamp": 0.13417955043544058, "dist": 0.21763520424877533, "_child0": {"label": 18, "event": "S", "tstamp": 0.0, "dist": 0.13417955043544058}, "_child1": {"label": 19, "event": "S", "tstamp": 0.0, "dist": 0.13417955043544058}}, "_child3": {"label": 15, "event": "S", "tstamp": 0.23355927282250552, "dist": 0.1182554818617104, "_child0": {"label": 17, "event": "S", "tstamp": 0.027254756209817852, "dist": 0.20630451661268767, "_child0": {"label": 25, "event": "S", "tstamp": 0.021745036423281534, "dist": 0.0055097197865363184, "_child0": {"label": 26, "event": "S", "tstamp": 0.0, "dist": 0.021745036423281534}, "_child1": {"label": 27, "event": "S", "tstamp": 0.0, "dist": 0.021745036423281534}}, "_child1": {"label": 24, "event": "S", "tstamp": 0.0, "dist": 0.027254756209817852}}, "_child1": {"label": 16, "event": "S", "tstamp": 0.001812019271146617, "dist": 0.2317472535513589, "_child0": {"label": 28, "event": "S", "tstamp": 0.0, "dist": 0.001812019271146617}, "_child1": {"label": 29, "event": "S", "tstamp": 0.0, "dist": 0.001812019271146617}}}, "_child4": {"label": 8, "event": "S", "tstamp": 0.10373321781867123, "dist": 0.24808153686554468, "_child0": {"label": 21, "event": "S", "tstamp": 0.05245823020818514, "dist": 0.05127498761048609, "_child0": {"label": 22, "event": "S", "tstamp": 0.0, "dist": 0.05245823020818514}, "_child1": {"label": 23, "event": "S", "tstamp": 0.0, "dist": 0.05245823020818514}}, "_child1": {"label": 20, "event": "S", "tstamp": 0.0, "dist": 0.10373321781867123}}}, "_child1": {"label": 6, "event": "S", "tstamp": 0.0, "dist": 0.38874423107882633}}, "_child2": {"label": 2, "event": "S", "tstamp": 0.0, "dist": 0.743298974389671}}}