{"label": 1, "event": "S", "reconc": 1, "tstamp": 0.9505430478560517, "transferred": 0, "dist": 0.0, "_child0": {"label": 3, "event": "H", "reconc": [1, 3], "tstamp": 0.7617838187152416, "transferred": 0, "dist": 0.161185121447241, "_child0": {"label": 4, "event": "D", "reconc": [1, 3], "tstamp": 0.6008053670264949, "transferred": 0, "dist": 0.13746258344000406, "_child0": {"label": 6, "event": "S", "reconc": 3, "tstamp": 0.10460974901291474, "transferred": 0, "dist": 0.9328926645523102, "_child0": {"label": 12, "event": "S", "reconc": 7, "tstamp": 0.045816629441007097, "transferred": 0, "dist": 0.08016674060228206, "_child0": {"label": 18, "event": "S", "reconc": 8, "tstamp": 0.0, "transferred": 0, "dist": 0.03737849952471292}, "_child1": {"label": 19, "event": "S", "reconc": 9, "tstamp": 0.0, "transferred": 0, "dist": 0.10695968028284748}}, "_child1": {"label": 13, "event": "S", "reconc": 6, "tstamp": 0.0, "transferred": 0, "dist": 0.12248072744222967}}, "_child1": {"label": 7, "event": "S", "reconc": 3, "tstamp": 0.10460974901291474, "transferred": 0, "dist": 0.4413366998861981, "_child0": {"label": 14, "event": "S", "reconc": 7, "tstamp": 0.045816629441007097, "transferred": 0, "dist": 0.4481887267381748, "_child0": {"label": 20, "event": "S", "reconc": 8, "tstamp": 0.0, "transferred": 0, "dist": 0.036249054805245526}, "_child1": {"label": 21, "event": "S", "reconc": 9, "tstamp": 0.0, "transferred": 0, "dist": 0.03577595870523235}}, "_child1": {"label": 15, "event": "S", "reconc": 6, "tstamp": 0.0, "transferred": 0, "dist": 0.09275568793389512}}}, "_child1": {"label": 5, "event": "S", "reconc": 2, "tstamp": 0.11683936000625536, "transferred": 1, "dist": 3.34319591072375, "_child0": {"label": 10, "event": "S", "reconc": 4, "tstamp": 0.0, "transferred": 0, "dist": 0.13730625006312328}, "_child1": {"label": 11, "event": "S", "reconc": 5, "tstamp": 0.0, "transferred": 0, "dist": 0.5405334843082409}}}, "_child1": {"label": 2, "event": "S", "reconc": 2, "tstamp": 0.11683936000625536, "transferred": 0, "dist": 0.8939587688428572, "_child0": {"label": 17, "event": "S", "reconc": 5, "tstamp": 0.0, "transferred": 0, "dist": 0.23698374158879643}, "_child1": {"label": 8, "event": "S", "reconc": 4, "tstamp": 0.0, "transferred": 0, "dist": 0.13392464675640833}}}