{"label": 1, "event": "S", "reconc": 1, "tstamp": 0.983537742067097, "transferred": 0, "dist": 0.0, "_child0": {"label": 4, "event": "S", "reconc": 5, "tstamp": 0.9074261624087183, "transferred": 0, "dist": 0.07725567594168291, "_child0": {"label": 6, "event": "D", "reconc": [5, 7], "tstamp": 0.6518060056268548, "transferred": 0, "dist": 0.21063094944549063, "_child0": {"label": 9, "event": "D", "reconc": [5, 7], "tstamp": 0.5702842253107205, "transferred": 0, "dist": 0.07011954929808766, "_child0": {"label": 11, "event": "S", "reconc": 7, "tstamp": 0.48446367421215975, "transferred": 0, "dist": 0.22281171970178182, "_child0": {"label": 15, "event": "S", "reconc": 8, "tstamp": 0.0, "transferred": 0, "dist": 1.3704384750064094}, "_child1": {"label": 16, "event": "S", "reconc": 9, "tstamp": 0.0, "transferred": 0, "dist": 0.8635062885574506}}, "_child1": {"label": 17, "event": "D", "reconc": [7, 8], "tstamp": 0.19800324070848035, "transferred": 0, "dist": 0.49349328226209077, "_child0": {"label": 43, "event": "S", "reconc": 8, "tstamp": 0.0, "transferred": 0, "dist": 0.20314278487646592}, "_child1": {"label": 44, "event": "S", "reconc": 8, "tstamp": 0.0, "transferred": 0, "dist": 0.28952278014371396}}}, "_child1": {"label": 10, "event": "S", "reconc": 7, "tstamp": 0.48446367421215975, "transferred": 0, "dist": 0.30000579313527465, "_child0": {"label": 13, "event": "S", "reconc": 8, "tstamp": 0.0, "transferred": 0, "dist": 0.5090566103191746}, "_child1": {"label": 14, "event": "S", "reconc": 9, "tstamp": 0.0, "transferred": 0, "dist": 0.35897698797606364}}}, "_child1": {"label": 8, "event": "S", "reconc": 11, "tstamp": 0.42430271750087906, "transferred": 0, "dist": 0.48644738509189744, "_child0": {"label": 21, "event": "S", "reconc": 13, "tstamp": 0.40315473787009154, "transferred": 0, "dist": 0.02279192271409724, "_child0": {"label": 25, "event": "S", "reconc": 15, "tstamp": 0.365702995125094, "transferred": 0, "dist": 0.04219110898892687, "_child0": {"label": 29, "event": "S", "reconc": 26, "tstamp": 0.0, "transferred": 0, "dist": 0.39529244820693593}, "_child1": {"label": 30, "event": "S", "reconc": 29, "tstamp": 0.0, "transferred": 0, "dist": 0.40949995765176855}, "_child2": {"label": 31, "event": "S", "reconc": 28, "tstamp": 0.0, "transferred": 0, "dist": 0.4448698081798821}, "_child3": {"label": 32, "event": "S", "reconc": 16, "tstamp": 0.0, "transferred": 0, "dist": 0.49310383143069625}}, "_child1": {"label": 26, "event": "S", "reconc": 14, "tstamp": 0.0, "transferred": 0, "dist": 0.4548219690854245}}, "_child1": {"label": 22, "event": "S", "reconc": 12, "tstamp": 0.2497360433977538, "transferred": 0, "dist": 0.18053418275866367, "_child0": {"label": 39, "event": "S", "reconc": 19, "tstamp": 0.18299696557729678, "transferred": 0, "dist": 0.07750002877150243, "_child0": {"label": 46, "event": "S", "reconc": 23, "tstamp": 0.17341799660616555, "transferred": 0, "dist": 0.012267873488795185, "_child0": {"label": 51, "event": "S", "reconc": 24, "tstamp": 0.0, "transferred": 0, "dist": 0.20570907095350918}, "_child1": {"label": 52, "event": "S", "reconc": 25, "tstamp": 0.0, "transferred": 0, "dist": 0.20409072494961883}}, "_child1": {"label": 45, "event": "S", "reconc": 22, "tstamp": 0.0, "transferred": 0, "dist": 0.24393725518897744}, "_child2": {"label": 47, "event": "S", "reconc": 21, "tstamp": 0.0, "transferred": 0, "dist": 0.2352801868546826}}, "_child1": {"label": 40, "event": "S", "reconc": 18, "tstamp": 0.0, "transferred": 0, "dist": 0.2204278352014474}}}, "_child2": {"label": 7, "event": "S", "reconc": 10, "tstamp": 0.0, "transferred": 0, "dist": 0.8247343367150994}}, "_child1": {"label": 3, "event": "H", "reconc": [1, 3], "tstamp": 0.4431766360024683, "transferred": 0, "dist": 0.4049007338192074, "_child0": {"label": 20, "event": "S", "reconc": 11, "tstamp": 0.42430271750087906, "transferred": 1, "dist": 0.02125383444544443, "_child0": {"label": 23, "event": "S", "reconc": 13, "tstamp": 0.40315473787009154, "transferred": 0, "dist": 0.08077714578942709, "_child0": {"label": 27, "event": "S", "reconc": 15, "tstamp": 0.365702995125094, "transferred": 0, "dist": 0.04949683118039503, "_child0": {"label": 36, "event": "H", "reconc": [15, 16], "tstamp": 0.28422128744380715, "transferred": 0, "dist": 0.1349508096173891, "_child0": {"label": 38, "event": "S", "reconc": 10, "tstamp": 0.0, "transferred": 1, "dist": 0.3069683628240915}, "_child1": {"label": 37, "event": "S", "reconc": 16, "tstamp": 0.0, "transferred": 0, "dist": 0.47073010547430233}}, "_child1": {"label": 34, "event": "S", "reconc": 29, "tstamp": 0.0, "transferred": 0, "dist": 0.40990180328665593}, "_child2": {"label": 35, "event": "S", "reconc": 28, "tstamp": 0.0, "transferred": 0, "dist": 0.7781058863184047}}, "_child1": {"label": 28, "event": "S", "reconc": 14, "tstamp": 0.0, "transferred": 0, "dist": 0.5589407580427556}}, "_child1": {"label": 24, "event": "S", "reconc": 12, "tstamp": 0.2497360433977538, "transferred": 0, "dist": 0.19553408245639967, "_child0": {"label": 41, "event": "S", "reconc": 19, "tstamp": 0.18299696557729678, "transferred": 0, "dist": 0.07831000030443346, "_child0": {"label": 49, "event": "S", "reconc": 23, "tstamp": 0.17341799660616555, "transferred": 0, "dist": 0.023584191843945782, "_child0": {"label": 53, "event": "S", "reconc": 24, "tstamp": 0.0, "transferred": 0, "dist": 0.24216060669944178}, "_child1": {"label": 54, "event": "S", "reconc": 25, "tstamp": 0.0, "transferred": 0, "dist": 0.4991106093189406}}, "_child1": {"label": 50, "event": "D", "reconc": [19, 21], "tstamp": 0.0031982064724943166, "transferred": 0, "dist": 1.9295795175782562, "_child0": {"label": 57, "event": "S", "reconc": 21, "tstamp": 0.0, "transferred": 0, "dist": 0.020375848133853666}, "_child1": {"label": 58, "event": "S", "reconc": 21, "tstamp": 0.0, "transferred": 0, "dist": 0.006161839618805972}}, "_child2": {"label": 48, "event": "S", "reconc": 22, "tstamp": 0.0, "transferred": 0, "dist": 0.2873994328575938}}, "_child1": {"label": 42, "event": "H", "reconc": [12, 18], "tstamp": 0.06798335004325139, "transferred": 0, "dist": 0.1610665494707027, "_child0": {"label": 56, "event": "S", "reconc": 21, "tstamp": 0.0, "transferred": 1, "dist": 0.37785864063851754}, "_child1": {"label": 55, "event": "S", "reconc": 18, "tstamp": 0.0, "transferred": 0, "dist": 0.06024583961222602}}}}, "_child1": {"label": 19, "event": "S", "reconc": 3, "tstamp": 0.0, "transferred": 0, "dist": 0.3320789433491635}}}