{"label": 1, "event": "S", "reconc": 1, "tstamp": 0.7436802522350007, "transferred": 0, "dist": 0.0, "_child0": {"label": 2, "event": "S", "reconc": 2, "tstamp": 0.7205561950498621, "transferred": 0, "dist": 0.025146970327038786, "_child0": {"label": 8, "event": "S", "reconc": 4, "tstamp": 0.32637002564516715, "transferred": 1, "dist": 0.5155062951995885, "_child0": {"label": 29, "event": "S", "reconc": 13, "tstamp": 0.10366777134896016, "transferred": 0, "dist": 0.23246704955525765, "_child0": {"label": 51, "event": "S", "reconc": 23, "tstamp": 0.05564498452476214, "transferred": 0, "dist": 0.11769122493217901, "_child0": {"label": 57, "event": "S", "reconc": 24, "tstamp": 0.0, "transferred": 0, "dist": 0.03631638529251079}, "_child1": {"label": 58, "event": "S", "reconc": 25, "tstamp": 0.0, "transferred": 0, "dist": 0.027369930558044032}}, "_child1": {"label": 52, "event": "S", "reconc": 22, "tstamp": 0.0, "transferred": 0, "dist": 0.04339780459818664}}, "_child1": {"label": 16, "event": "S", "reconc": 19, "tstamp": 0.18012043777170808, "transferred": 0, "dist": 0.13329011538131377, "_child0": {"label": 43, "event": "S", "reconc": 20, "tstamp": 0.0, "transferred": 0, "dist": 0.48584814091119255}, "_child1": {"label": 44, "event": "S", "reconc": 21, "tstamp": 0.0, "transferred": 0, "dist": 0.16120936596870988}}, "_child2": {"label": 15, "event": "S", "reconc": 18, "tstamp": 0.0, "transferred": 0, "dist": 0.2611843764696022}}, "_child1": {"label": 5, "event": "S", "reconc": 4, "tstamp": 0.32637002564516715, "transferred": 0, "dist": 0.3439500890726277, "_child0": {"label": 31, "event": "H", "reconc": [6, 13], "tstamp": 0.13537498533092152, "transferred": 1, "dist": 0.1802972153919611, "_child0": {"label": 47, "event": "S", "reconc": 13, "tstamp": 0.10366777134896016, "transferred": 0, "dist": 0.03955611158892822, "_child0": {"label": 53, "event": "S", "reconc": 23, "tstamp": 0.05564498452476214, "transferred": 0, "dist": 0.02112002893109024, "_child0": {"label": 59, "event": "S", "reconc": 24, "tstamp": 0.0, "transferred": 0, "dist": 0.036817374133912305}, "_child1": {"label": 60, "event": "S", "reconc": 25, "tstamp": 0.0, "transferred": 0, "dist": 0.022064783282473095}}, "_child1": {"label": 54, "event": "S", "reconc": 22, "tstamp": 0.0, "transferred": 0, "dist": 0.04330497303893908}}, "_child1": {"label": 48, "event": "S", "reconc": 17, "tstamp": 0.0, "transferred": 1, "dist": 0.23465403282810157}}, "_child1": {"label": 27, "event": "S", "reconc": 13, "tstamp": 0.10366777134896016, "transferred": 0, "dist": 0.13087253229310689, "_child0": {"label": 49, "event": "S", "reconc": 23, "tstamp": 0.05564498452476214, "transferred": 0, "dist": 0.018961756136789666, "_child0": {"label": 55, "event": "D", "reconc": [23, 24], "tstamp": 0.05065747798771773, "transferred": 0, "dist": 0.0019640917990196107, "_child0": {"label": 61, "event": "S", "reconc": 24, "tstamp": 0.0, "transferred": 0, "dist": 0.034271933772502414}, "_child1": {"label": 62, "event": "S", "reconc": 24, "tstamp": 0.0, "transferred": 0, "dist": 0.05176148736466345}}, "_child1": {"label": 56, "event": "S", "reconc": 25, "tstamp": 0.0, "transferred": 0, "dist": 0.021563957532238016}}, "_child1": {"label": 50, "event": "S", "reconc": 22, "tstamp": 0.0, "transferred": 0, "dist": 0.04299149143053326}}, "_child2": {"label": 13, "event": "S", "reconc": 19, "tstamp": 0.18012043777170808, "transferred": 0, "dist": 0.11190812080434344, "_child0": {"label": 41, "event": "H", "reconc": [19, 20], "tstamp": 0.1757653508112041, "transferred": 0, "dist": 0.003295240179725574, "_child0": {"label": 45, "event": "S", "reconc": 20, "tstamp": 0.0, "transferred": 0, "dist": 0.13299138489065082}, "_child1": {"label": 46, "event": "S", "reconc": 5, "tstamp": 0.0, "transferred": 1, "dist": 0.35619643130293277}}, "_child1": {"label": 42, "event": "S", "reconc": 21, "tstamp": 0.0, "transferred": 0, "dist": 0.14876396411967158}}}}, "_child1": {"label": 4, "event": "H", "reconc": [1, 9], "tstamp": 0.4263085280732909, "transferred": 0, "dist": 0.32258454034136935, "_child0": {"label": 20, "event": "S", "reconc": 9, "tstamp": 0.24967054506819386, "transferred": 1, "dist": 0.4243418074320947, "_child0": {"label": 23, "event": "S", "reconc": 11, "tstamp": 0.22842008694659335, "transferred": 0, "dist": 0.0452729616977494, "_child0": {"label": 35, "event": "S", "reconc": 15, "tstamp": 0.21203946766445378, "transferred": 0, "dist": 0.05688969025128547, "_child0": {"label": 39, "event": "S", "reconc": 16, "tstamp": 0.0, "transferred": 0, "dist": 0.5120286116693785}, "_child1": {"label": 40, "event": "S", "reconc": 17, "tstamp": 0.0, "transferred": 0, "dist": 0.23769937772657038}}, "_child1": {"label": 36, "event": "S", "reconc": 14, "tstamp": 0.0, "transferred": 0, "dist": 0.5011112400600427}}, "_child1": {"label": 24, "event": "S", "reconc": 10, "tstamp": 0.0, "transferred": 0, "dist": 0.34928181807143394}}, "_child1": {"label": 9, "event": "S", "reconc": 9, "tstamp": 0.24967054506819386, "transferred": 0, "dist": 0.1795392538671548, "_child0": {"label": 21, "event": "S", "reconc": 11, "tstamp": 0.22842008694659335, "transferred": 0, "dist": 0.018800965235794307, "_child0": {"label": 33, "event": "S", "reconc": 15, "tstamp": 0.21203946766445378, "transferred": 0, "dist": 0.01395026264523911, "_child0": {"label": 37, "event": "S", "reconc": 16, "tstamp": 0.0, "transferred": 0, "dist": 0.19893740671679352}, "_child1": {"label": 38, "event": "S", "reconc": 17, "tstamp": 0.0, "transferred": 0, "dist": 0.22081230147474676}}, "_child1": {"label": 34, "event": "S", "reconc": 14, "tstamp": 0.0, "transferred": 0, "dist": 0.1936867195588784}}, "_child1": {"label": 22, "event": "S", "reconc": 10, "tstamp": 0.0, "transferred": 0, "dist": 0.20739083768589803}}}}