{"label": 0, "event": null, "tstamp": 1.0, "dist": 0.0, "_child0": {"label": 1, "event": "S", "tstamp": 0.8244454385729533, "dist": 0.17555456142704673, "_child0": {"label": 3, "event": "S", "tstamp": 0.8202095175528069, "dist": 0.00423592102014636, "_child0": {"label": 5, "event": "S", "tstamp": 0.6728253143516503, "dist": 0.14738420320115664, "_child0": {"label": 7, "event": "S", "tstamp": 0.3911134800693615, "dist": 0.2817118342822888, "_child0": {"label": 9, "event": "S", "tstamp": 0.18693487103124556, "dist": 0.2041786090381159, "_child0": {"label": 10, "event": "S", "tstamp": 0.0, "dist": 0.18693487103124556}, "_child1": {"label": 11, "event": "S", "tstamp": 0.0, "dist": 0.18693487103124556}}, "_child1": {"label": 8, "event": "S", "tstamp": 0.16243891142861736, "dist": 0.22867456864074412, "_child0": {"label": 13, "event": "S", "tstamp": 0.010477437983824587, "dist": 0.15196147344479277, "_child0": {"label": 14, "event": "S", "tstamp": 0.0, "dist": 0.010477437983824587}, "_child1": {"label": 15, "event": "S", "tstamp": 0.0, "dist": 0.010477437983824587}}, "_child1": {"label": 12, "event": "S", "tstamp": 0.0, "dist": 0.16243891142861736}}}, "_child1": {"label": 6, "event": "S", "tstamp": 0.0, "dist": 0.6728253143516503}}, "_child1": {"label": 4, "event": "S", "tstamp": 0.0, "dist": 0.8202095175528069}}, "_child1": {"label": 2, "event": "S", "tstamp": 0.0, "dist": 0.8244454385729533}}}