{"label": 0, "event": null, "tstamp": 1.0, "dist": 0.0, "_child0": {"label": 1, "event": "S", "tstamp": 0.7949390062406562, "dist": 0.20506099375934383, "_child0": {"label": 5, "event": "S", "tstamp": 0.0, "dist": 0.7949390062406562}, "_child1": {"label": 4, "event": "S", "tstamp": 0.5204835672687317, "dist": 0.2744554389719245, "_child0": {"label": 10, "event": "S", "tstamp": 0.051481089603993974, "dist": 0.4690024776647377, "_child0": {"label": 24, "event": "S", "tstamp": 0.0, "dist": 0.051481089603993974}, "_child1": {"label": 25, "event": "S", "tstamp": 0.0, "dist": 0.051481089603993974}}, "_child1": {"label": 11, "event": "S", "tstamp": 0.0, "dist": 0.5204835672687317}}, "_child2": {"label": 3, "event": "S", "tstamp": 0.6674241035225219, "dist": 0.12751490271813426, "_child0": {"label": 8, "event": "S", "tstamp": 0.0, "dist": 0.6674241035225219}, "_child1": {"label": 9, "event": "S", "tstamp": 0.3033683362320117, "dist": 0.3640557672905102, "_child0": {"label": 23, "event": "S", "tstamp": 0.0, "dist": 0.3033683362320117}, "_child1": {"label": 22, "event": "S", "tstamp": 0.0, "dist": 0.3033683362320117}, "_child2": {"label": 20, "event": "S", "tstamp": 0.0, "dist": 0.3033683362320117}}, "_child2": {"label": 6, "event": "S", "tstamp": 0.4894607020689948, "dist": 0.17796340145352713, "_child0": {"label": 13, "event": "S", "tstamp": 0.473305637015782, "dist": 0.01615506505321279, "_child0": {"label": 15, "event": "S", "tstamp": 0.46560008367915684, "dist": 0.007705553336625148, "_child0": {"label": 19, "event": "S", "tstamp": 0.0, "dist": 0.46560008367915684}, "_child1": {"label": 18, "event": "S", "tstamp": 0.0, "dist": 0.46560008367915684}, "_child2": {"label": 16, "event": "S", "tstamp": 0.0, "dist": 0.46560008367915684}}, "_child1": {"label": 14, "event": "S", "tstamp": 0.0, "dist": 0.473305637015782}}, "_child1": {"label": 12, "event": "S", "tstamp": 0.0, "dist": 0.4894607020689948}}}}}