{"label": 1, "event": "S", "reconc": 1, "tstamp": 0.6179946239442016, "transferred": 0, "dist": 0.0, "_child0": {"label": 3, "event": "S", "reconc": 5, "tstamp": 0.5918011020078766, "transferred": 0, "dist": 0.024655120295650073, "_child0": {"label": 6, "event": "D", "reconc": [5, 6], "tstamp": 0.2944071240170939, "transferred": 0, "dist": 0.2661205310801496, "_child0": {"label": 9, "event": "S", "reconc": 6, "tstamp": 0.0, "transferred": 0, "dist": 0.4562578594998742}, "_child1": {"label": 10, "event": "S", "reconc": 6, "tstamp": 0.0, "transferred": 0, "dist": 2.012468907709226}}, "_child1": {"label": 5, "event": "H", "reconc": [5, 7], "tstamp": 0.294168014403663, "transferred": 0, "dist": 0.22852494298945436, "_child0": {"label": 11, "event": "S", "reconc": 7, "tstamp": 0.006201182729651362, "transferred": 0, "dist": 0.22110311834236296, "_child0": {"label": 19, "event": "S", "reconc": 8, "tstamp": 0.0, "transferred": 0, "dist": 0.0037207245525430286}, "_child1": {"label": 20, "event": "S", "reconc": 9, "tstamp": 0.0, "transferred": 0, "dist": 0.00390587354406097}}, "_child1": {"label": 12, "event": "S", "reconc": 2, "tstamp": 0.0, "transferred": 1, "dist": 1.3425924120615156}}}, "_child1": {"label": 2, "event": "H", "reconc": [1, 4], "tstamp": 0.42333464713238134, "transferred": 0, "dist": 0.19595741860165095, "_child0": {"label": 7, "event": "D", "reconc": [1, 4], "tstamp": 0.15661244668927385, "transferred": 0, "dist": 0.2684999491863174, "_child0": {"label": 13, "event": "S", "reconc": 4, "tstamp": 0.0, "transferred": 0, "dist": 0.15765629523210362}, "_child1": {"label": 14, "event": "S", "reconc": 4, "tstamp": 0.0, "transferred": 0, "dist": 0.15765629523210362}}, "_child1": {"label": 8, "event": "D", "reconc": [5, 6], "tstamp": 0.10839149132015308, "transferred": 1, "dist": 0.39928041738834913, "_child0": {"label": 16, "event": "D", "reconc": [5, 6], "tstamp": 0.06915720484042755, "transferred": 0, "dist": 0.05808118113870607, "_child0": {"label": 17, "event": "S", "reconc": 6, "tstamp": 0.0, "transferred": 0, "dist": 0.06360863521024859}, "_child1": {"label": 18, "event": "S", "reconc": 6, "tstamp": 0.0, "transferred": 0, "dist": 0.061993959339250906}}, "_child1": {"label": 15, "event": "S", "reconc": 6, "tstamp": 0.0, "transferred": 0, "dist": 0.13425037171660584}}}}