{"label": 0, "event": null, "tstamp": 1.0, "dist": 0.0, "_child0": {"label": 1, "event": "S", "tstamp": 0.9737334538263317, "dist": 0.026266546173668304, "_child0": {"label": 3, "event": "S", "tstamp": 0.9347810471642364, "dist": 0.03895240666209532, "_child0": {"label": 5, "event": "S", "tstamp": 0.713490216777564, "dist": 0.2212908303866724, "_child0": {"label": 7, "event": "S", "tstamp": 0.05255530930380063, "dist": 0.6609349074737634, "_child0": {"label": 13, "event": "S", "tstamp": 0.015326556917190174, "dist": 0.037228752386610456, "_child0": {"label": 14, "event": "S", "tstamp": 0.0, "dist": 0.015326556917190174}, "_child1": {"label": 15, "event": "S", "tstamp": 0.0, "dist": 0.015326556917190174}}, "_child1": {"label": 12, "event": "S", "tstamp": 0.0, "dist": 0.05255530930380063}}, "_child1": {"label": 6, "event": "S", "tstamp": 0.0, "dist": 0.713490216777564}}, "_child1": {"label": 4, "event": "S", "tstamp": 0.3954375716007155, "dist": 0.5393434755635209, "_child0": {"label": 9, "event": "S", "tstamp": 0.05880009549345022, "dist": 0.3366374761072653, "_child0": {"label": 10, "event": "S", "tstamp": 0.0, "dist": 0.05880009549345022}, "_child1": {"label": 11, "event": "S", "tstamp": 0.0, "dist": 0.05880009549345022}}, "_child1": {"label": 8, "event": "S", "tstamp": 0.0, "dist": 0.3954375716007155}}}, "_child1": {"label": 2, "event": "S", "tstamp": 0.0, "dist": 0.9737334538263317}}}