{"label": 0, "event": null, "tstamp": 1.0, "dist": 0.0, "_child0": {"label": 1, "event": "S", "tstamp": 0.5159546980823769, "dist": 0.48404530191762307, "_child0": {"label": 5, "event": "S", "tstamp": 0.0, "dist": 0.5159546980823769}, "_child1": {"label": 11, "event": "S", "tstamp": 0.0, "dist": 0.5159546980823769}, "_child2": {"label": 10, "event": "S", "tstamp": 0.0, "dist": 0.5159546980823769}, "_child3": {"label": 6, "event": "S", "tstamp": 0.10990026591355612, "dist": 0.4060544321688208, "_child0": {"label": 21, "event": "S", "tstamp": 0.10885982037397492, "dist": 0.0010404455395812001, "_child0": {"label": 22, "event": "S", "tstamp": 0.0, "dist": 0.10885982037397492}, "_child1": {"label": 23, "event": "S", "tstamp": 0.0, "dist": 0.10885982037397492}}, "_child1": {"label": 20, "event": "S", "tstamp": 0.08797806836318602, "dist": 0.0219221975503701, "_child0": {"label": 25, "event": "S", "tstamp": 0.08552959445683596, "dist": 0.002448473906350057, "_child0": {"label": 26, "event": "S", "tstamp": 0.0, "dist": 0.08552959445683596}, "_child1": {"label": 27, "event": "S", "tstamp": 0.0, "dist": 0.08552959445683596}}, "_child1": {"label": 24, "event": "S", "tstamp": 0.0, "dist": 0.08797806836318602}}}, "_child4": {"label": 7, "event": "S", "tstamp": 0.31985766138772403, "dist": 0.1960970366946529, "_child0": {"label": 12, "event": "S", "tstamp": 0.0, "dist": 0.31985766138772403}, "_child1": {"label": 13, "event": "S", "tstamp": 0.14113597888217602, "dist": 0.178721682505548, "_child0": {"label": 14, "event": "S", "tstamp": 0.1366771454759175, "dist": 0.004458833406258522, "_child0": {"label": 17, "event": "S", "tstamp": 0.1206548401101832, "dist": 0.016022305365734305, "_child0": {"label": 18, "event": "S", "tstamp": 0.0, "dist": 0.1206548401101832}, "_child1": {"label": 19, "event": "S", "tstamp": 0.0, "dist": 0.1206548401101832}}, "_child1": {"label": 16, "event": "S", "tstamp": 0.018833442829766883, "dist": 0.11784370264615061, "_child0": {"label": 28, "event": "S", "tstamp": 0.0, "dist": 0.018833442829766883}, "_child1": {"label": 29, "event": "S", "tstamp": 0.0, "dist": 0.018833442829766883}}}, "_child1": {"label": 15, "event": "S", "tstamp": 0.0, "dist": 0.14113597888217602}}, "_child2": {"label": 9, "event": "S", "tstamp": 0.0, "dist": 0.31985766138772403}}}}