{"label": 1, "event": "D", "reconc": [0, 1], "tstamp": 0.881575049947854, "transferred": 0, "dist": 0.0, "_child0": {"label": 2, "event": "S", "reconc": 1, "tstamp": 0.7631980089313708, "transferred": 0, "dist": 0.5587999951705712, "_child0": {"label": 4, "event": "S", "reconc": 3, "tstamp": 0.6667235812226487, "transferred": 0, "dist": 0.24908908663960883, "_child0": {"label": 8, "event": "S", "reconc": 5, "tstamp": 0.42944388984411563, "transferred": 0, "dist": 1.178906031989358, "_child0": {"label": 12, "event": "S", "reconc": 6, "tstamp": 0.24917805892246628, "transferred": 0, "dist": 0.4103858426878073, "_child0": {"label": 16, "event": "S", "reconc": 9, "tstamp": 0.24115591677482218, "transferred": 0, "dist": 0.014377006378762604, "_child0": {"label": 29, "event": "S", "reconc": 13, "tstamp": 0.0, "transferred": 0, "dist": 0.340110874718579}, "_child1": {"label": 32, "event": "S", "reconc": 14, "tstamp": 0.0, "transferred": 0, "dist": 0.4195106195749447}, "_child2": {"label": 21, "event": "S", "reconc": 15, "tstamp": 0.0, "transferred": 0, "dist": 0.29546333481990184}}, "_child1": {"label": 17, "event": "S", "reconc": 8, "tstamp": 0.06933832547851874, "transferred": 0, "dist": 0.21112123594290727, "_child0": {"label": 34, "event": "S", "reconc": 17, "tstamp": 0.021330463215364397, "transferred": 0, "dist": 0.12370286522591299, "_child0": {"label": 38, "event": "S", "reconc": 18, "tstamp": 0.0, "transferred": 0, "dist": 0.059810799027440374}, "_child1": {"label": 39, "event": "S", "reconc": 19, "tstamp": 0.0, "transferred": 0, "dist": 0.023167998268429402}}, "_child1": {"label": 35, "event": "S", "reconc": 16, "tstamp": 0.0, "transferred": 0, "dist": 0.13671091217203327}}}, "_child1": {"label": 13, "event": "S", "reconc": 7, "tstamp": 0.0, "transferred": 0, "dist": 0.48803759356620036}}, "_child1": {"label": 9, "event": "H", "reconc": [3, 4], "tstamp": 0.23907531113579122, "transferred": 0, "dist": 0.3809239043995033, "_child0": {"label": 27, "event": "S", "reconc": 15, "tstamp": 0.0, "transferred": 1, "dist": 0.6446360316198436}, "_child1": {"label": 26, "event": "S", "reconc": 4, "tstamp": 0.0, "transferred": 0, "dist": 0.2129542133886686}}}, "_child1": {"label": 5, "event": "S", "reconc": 2, "tstamp": 0.0, "transferred": 0, "dist": 1.5743929461025281}}, "_child1": {"label": 3, "event": "S", "reconc": 1, "tstamp": 0.7631980089313708, "transferred": 0, "dist": 0.11724205134620115, "_child0": {"label": 6, "event": "S", "reconc": 3, "tstamp": 0.6667235812226487, "transferred": 0, "dist": 0.09468294140109319, "_child0": {"label": 10, "event": "S", "reconc": 5, "tstamp": 0.42944388984411563, "transferred": 0, "dist": 0.23041711267072343, "_child0": {"label": 14, "event": "S", "reconc": 6, "tstamp": 0.24917805892246628, "transferred": 0, "dist": 0.18501518936301264, "_child0": {"label": 18, "event": "S", "reconc": 9, "tstamp": 0.24115591677482218, "transferred": 0, "dist": 0.009106023573117832, "_child0": {"label": 23, "event": "S", "reconc": 11, "tstamp": 0.19677987350102197, "transferred": 0, "dist": 0.05361785921294292, "_child0": {"label": 30, "event": "S", "reconc": 12, "tstamp": 0.0, "transferred": 0, "dist": 0.2392351295678427}, "_child1": {"label": 31, "event": "S", "reconc": 13, "tstamp": 0.0, "transferred": 0, "dist": 0.2669186804479208}}, "_child1": {"label": 24, "event": "S", "reconc": 15, "tstamp": 0.0, "transferred": 0, "dist": 0.2953563603444889}, "_child2": {"label": 25, "event": "S", "reconc": 14, "tstamp": 0.0, "transferred": 0, "dist": 0.28937270132408677}}, "_child1": {"label": 19, "event": "S", "reconc": 8, "tstamp": 0.06933832547851874, "transferred": 0, "dist": 0.18657610341079942, "_child0": {"label": 36, "event": "S", "reconc": 17, "tstamp": 0.021330463215364397, "transferred": 0, "dist": 0.04692074062792147, "_child0": {"label": 40, "event": "S", "reconc": 18, "tstamp": 0.0, "transferred": 0, "dist": 0.02028387318015053}, "_child1": {"label": 41, "event": "S", "reconc": 19, "tstamp": 0.0, "transferred": 0, "dist": 0.020591294028536846}}, "_child1": {"label": 37, "event": "S", "reconc": 16, "tstamp": 0.0, "transferred": 0, "dist": 0.06104868976101454}}}, "_child1": {"label": 15, "event": "S", "reconc": 7, "tstamp": 0.0, "transferred": 0, "dist": 0.48694627385915445}}, "_child1": {"label": 11, "event": "S", "reconc": 4, "tstamp": 0.0, "transferred": 0, "dist": 0.5334213575109559}}, "_child1": {"label": 7, "event": "S", "reconc": 2, "tstamp": 0.0, "transferred": 0, "dist": 0.7447436326842225}}}