{"label": 1, "event": "D", "reconc": [0, 1], "tstamp": 0.6775688780140408, "transferred": 0, "dist": 0.0, "_child0": {"label": 4, "event": "S", "reconc": 3, "tstamp": 0.42919943936537225, "transferred": 0, "dist": 0.25398621522675585, "_child0": {"label": 8, "event": "S", "reconc": 5, "tstamp": 0.3877608868822551, "transferred": 0, "dist": 0.04104537228738389, "_child0": {"label": 14, "event": "S", "reconc": 6, "tstamp": 0.0, "transferred": 0, "dist": 0.3932585845587757}, "_child1": {"label": 15, "event": "S", "reconc": 7, "tstamp": 0.0, "transferred": 0, "dist": 0.31382487564578043}}, "_child1": {"label": 10, "event": "S", "reconc": 9, "tstamp": 0.3251639058579119, "transferred": 0, "dist": 0.13657457158474287, "_child0": {"label": 19, "event": "S", "reconc": 13, "tstamp": 0.20755976451658056, "transferred": 0, "dist": 0.17252916337003774, "_child0": {"label": 26, "event": "S", "reconc": 14, "tstamp": 0.0, "transferred": 0, "dist": 0.2559937521757838}, "_child1": {"label": 27, "event": "S", "reconc": 15, "tstamp": 0.0, "transferred": 0, "dist": 0.3049286352769861}}, "_child1": {"label": 18, "event": "S", "reconc": 12, "tstamp": 0.0, "transferred": 0, "dist": 0.4454451457349485}, "_child2": {"label": 20, "event": "S", "reconc": 10, "tstamp": 0.0, "transferred": 0, "dist": 0.42621872608378214}}, "_child2": {"label": 9, "event": "S", "reconc": 8, "tstamp": 0.0, "transferred": 0, "dist": 0.4083682266507116}}, "_child1": {"label": 3, "event": "S", "reconc": 1, "tstamp": 0.58496691805439, "transferred": 0, "dist": 0.20527309149500805, "_child0": {"label": 6, "event": "S", "reconc": 3, "tstamp": 0.42919943936537225, "transferred": 0, "dist": 0.5733064549910286, "_child0": {"label": 11, "event": "S", "reconc": 5, "tstamp": 0.3877608868822551, "transferred": 0, "dist": 0.12466115724364829, "_child0": {"label": 16, "event": "D", "reconc": [5, 6], "tstamp": 0.27428096993054846, "transferred": 0, "dist": 0.1704036008010646, "_child0": {"label": 24, "event": "D", "reconc": [5, 6], "tstamp": 0.018695819215779973, "transferred": 0, "dist": 0.9351110250285872, "_child0": {"label": 30, "event": "S", "reconc": 6, "tstamp": 0.0, "transferred": 0, "dist": 0.020627154716000348}, "_child1": {"label": 31, "event": "S", "reconc": 6, "tstamp": 0.0, "transferred": 0, "dist": 0.02977541760607826}}, "_child1": {"label": 25, "event": "S", "reconc": 6, "tstamp": 0.0, "transferred": 0, "dist": 1.7077641151454013}}, "_child1": {"label": 17, "event": "S", "reconc": 7, "tstamp": 0.0, "transferred": 0, "dist": 0.5429635038450581}}, "_child1": {"label": 13, "event": "S", "reconc": 9, "tstamp": 0.3251639058579119, "transferred": 0, "dist": 0.15792628931232677, "_child0": {"label": 29, "event": "S", "reconc": 15, "tstamp": 0.0, "transferred": 0, "dist": 0.653635402990757}, "_child1": {"label": 23, "event": "S", "reconc": 10, "tstamp": 0.0, "transferred": 0, "dist": 0.838242006025874}}, "_child2": {"label": 12, "event": "S", "reconc": 8, "tstamp": 0.0, "transferred": 0, "dist": 1.5033876471593133}}, "_child1": {"label": 7, "event": "S", "reconc": 2, "tstamp": 0.0, "transferred": 0, "dist": 0.8855293565083752}}}