{"label": 0, "event": null, "tstamp": 1.0, "dist": 0.0, "_child0": {"label": 1, "event": "S", "tstamp": 0.7510404045118005, "dist": 0.24895959548819946, "_child0": {"label": 3, "event": "S", "tstamp": 0.7365816187679892, "dist": 0.01445878574381132, "_child0": {"label": 5, "event": "S", "tstamp": 0.6470407363081625, "dist": 0.08954088245982672, "_child0": {"label": 7, "event": "S", "tstamp": 0.5100063196768837, "dist": 0.1370344166312788, "_child0": {"label": 9, "event": "S", "tstamp": 0.49233782999500086, "dist": 0.017668489681882837, "_child0": {"label": 10, "event": "S", "tstamp": 0.0, "dist": 0.49233782999500086}, "_child1": {"label": 11, "event": "S", "tstamp": 0.0, "dist": 0.49233782999500086}}, "_child1": {"label": 8, "event": "S", "tstamp": 0.0, "dist": 0.5100063196768837}}, "_child1": {"label": 12, "event": "S", "tstamp": 0.0, "dist": 0.6470407363081625}, "_child2": {"label": 13, "event": "S", "tstamp": 0.06120807706821729, "dist": 0.5858326592399452, "_child0": {"label": 14, "event": "S", "tstamp": 0.0, "dist": 0.06120807706821729}, "_child1": {"label": 15, "event": "S", "tstamp": 0.0, "dist": 0.06120807706821729}}}, "_child1": {"label": 4, "event": "S", "tstamp": 0.0, "dist": 0.7365816187679892}}, "_child1": {"label": 2, "event": "S", "tstamp": 0.0, "dist": 0.7510404045118005}}}