{"label": 1, "event": "S", "reconc": 1, "tstamp": 0.7986791212907635, "transferred": 0, "dist": 0.0, "_child0": {"label": 3, "event": "D", "reconc": [1, 3], "tstamp": 0.7332341909471423, "transferred": 0, "dist": 0.08483417504513491, "_child0": {"label": 4, "event": "S", "reconc": 3, "tstamp": 0.0, "transferred": 0, "dist": 1.837973204272958}, "_child1": {"label": 5, "event": "S", "reconc": 3, "tstamp": 0.0, "transferred": 0, "dist": 0.9789519842086188}}, "_child1": {"label": 2, "event": "S", "reconc": 2, "tstamp": 0.7164160701445147, "transferred": 0, "dist": 0.07657488585821941, "_child0": {"label": 8, "event": "H", "reconc": [2, 5], "tstamp": 0.7075827826938624, "transferred": 0, "dist": 0.009855252500354567, "_child0": {"label": 9, "event": "D", "reconc": [2, 5], "tstamp": 0.3600066710593839, "transferred": 0, "dist": 0.38778884558956284, "_child0": {"label": 14, "event": "D", "reconc": [2, 5], "tstamp": 0.20280862905088862, "transferred": 0, "dist": 0.1753850313611914, "_child0": {"label": 33, "event": "S", "reconc": 5, "tstamp": 0.0, "transferred": 0, "dist": 0.2262725242117716}, "_child1": {"label": 34, "event": "S", "reconc": 5, "tstamp": 0.0, "transferred": 0, "dist": 0.24677169940872043}}, "_child1": {"label": 13, "event": "S", "reconc": 5, "tstamp": 0.0, "transferred": 0, "dist": 0.401657555572963}}, "_child1": {"label": 10, "event": "S", "reconc": 7, "tstamp": 0.3469948041848816, "transferred": 1, "dist": 0.32345361963044916, "_child0": {"label": 31, "event": "S", "reconc": 17, "tstamp": 0.17909580114726634, "transferred": 0, "dist": 0.20154356634388168, "_child0": {"label": 37, "event": "S", "reconc": 18, "tstamp": 0.0, "transferred": 0, "dist": 0.12763993597847734}, "_child1": {"label": 38, "event": "S", "reconc": 19, "tstamp": 0.0, "transferred": 0, "dist": 0.3294517603444215}}, "_child1": {"label": 23, "event": "S", "reconc": 21, "tstamp": 0.04871053897131756, "transferred": 0, "dist": 0.38619718572422024, "_child0": {"label": 43, "event": "S", "reconc": 22, "tstamp": 0.0462510989965422, "transferred": 0, "dist": 0.0021956852159094264, "_child0": {"label": 47, "event": "S", "reconc": 25, "tstamp": 0.04489942040708399, "transferred": 0, "dist": 0.002216382958094984, "_child0": {"label": 51, "event": "S", "reconc": 26, "tstamp": 0.0, "transferred": 0, "dist": 0.12947067738822}, "_child1": {"label": 52, "event": "S", "reconc": 27, "tstamp": 0.0, "transferred": 0, "dist": 0.04129936347418383}}, "_child1": {"label": 48, "event": "D", "reconc": [22, 24], "tstamp": 0.04027556803984416, "transferred": 0, "dist": 0.008889635627088764, "_child0": {"label": 53, "event": "S", "reconc": 24, "tstamp": 0.0, "transferred": 0, "dist": 0.036706337480675005}, "_child1": {"label": 54, "event": "S", "reconc": 24, "tstamp": 0.0, "transferred": 0, "dist": 0.03008824614228101}}}, "_child1": {"label": 44, "event": "S", "reconc": 23, "tstamp": 0.0, "transferred": 0, "dist": 0.3074842112238777}}, "_child2": {"label": 22, "event": "S", "reconc": 20, "tstamp": 0.0, "transferred": 0, "dist": 0.2487714242722395}}}, "_child1": {"label": 7, "event": "S", "reconc": 6, "tstamp": 0.4133577327289198, "transferred": 0, "dist": 0.33696242265858317, "_child0": {"label": 11, "event": "S", "reconc": 8, "tstamp": 0.3496934792746841, "transferred": 0, "dist": 0.08799795130334491, "_child0": {"label": 15, "event": "S", "reconc": 10, "tstamp": 0.0, "transferred": 0, "dist": 0.4401874144744662}, "_child1": {"label": 16, "event": "S", "reconc": 11, "tstamp": 0.0, "transferred": 0, "dist": 0.4345700983955589}}, "_child1": {"label": 12, "event": "S", "reconc": 9, "tstamp": 0.0017095990434404659, "transferred": 0, "dist": 0.7034135719885136, "_child0": {"label": 57, "event": "S", "reconc": 28, "tstamp": 0.0, "transferred": 0, "dist": 0.0035108111075715484}, "_child1": {"label": 58, "event": "S", "reconc": 29, "tstamp": 0.0, "transferred": 0, "dist": 0.0035364958582062666}}}, "_child2": {"label": 6, "event": "S", "reconc": 7, "tstamp": 0.3469948041848816, "transferred": 0, "dist": 0.30204409368120366, "_child0": {"label": 18, "event": "D", "reconc": [7, 20], "tstamp": 0.3270116339285698, "transferred": 0, "dist": 0.013501392541557643, "_child0": {"label": 26, "event": "H", "reconc": [7, 20], "tstamp": 0.3036728068098792, "transferred": 0, "dist": 0.01803242884396651, "_child0": {"label": 27, "event": "D", "reconc": [7, 20], "tstamp": 0.05233801810045917, "transferred": 0, "dist": 0.19419042226789685, "_child0": {"label": 39, "event": "S", "reconc": 20, "tstamp": 0.0, "transferred": 0, "dist": 0.06456022843475594}, "_child1": {"label": 40, "event": "S", "reconc": 20, "tstamp": 0.0, "transferred": 0, "dist": 0.19163289829273925}}, "_child1": {"label": 28, "event": "H", "reconc": [2, 5], "tstamp": 0.00764456540123111, "transferred": 1, "dist": 0.3915330148297795, "_child0": {"label": 56, "event": "S", "reconc": 23, "tstamp": 0.0, "transferred": 1, "dist": 0.005494080686405104}, "_child1": {"label": 55, "event": "S", "reconc": 5, "tstamp": 0.0, "transferred": 0, "dist": 0.010110858762545078}}}, "_child1": {"label": 25, "event": "S", "reconc": 20, "tstamp": 0.0, "transferred": 0, "dist": 0.22094154124174728}}, "_child1": {"label": 20, "event": "S", "reconc": 12, "tstamp": 0.20384848027656804, "transferred": 0, "dist": 0.1218644037637904, "_child0": {"label": 29, "event": "S", "reconc": 17, "tstamp": 0.17909580114726634, "transferred": 0, "dist": 0.022113174437923527, "_child0": {"label": 35, "event": "S", "reconc": 18, "tstamp": 0.0, "transferred": 0, "dist": 0.1271697669695512}, "_child1": {"label": 36, "event": "S", "reconc": 19, "tstamp": 0.0, "transferred": 0, "dist": 0.13828482281557228}}, "_child1": {"label": 30, "event": "S", "reconc": 16, "tstamp": 0.0, "transferred": 0, "dist": 0.18162951050518883}}, "_child2": {"label": 19, "event": "S", "reconc": 21, "tstamp": 0.04871053897131756, "transferred": 0, "dist": 0.22635981760418103, "_child0": {"label": 41, "event": "S", "reconc": 22, "tstamp": 0.0462510989965422, "transferred": 0, "dist": 0.0018190451827905265, "_child0": {"label": 45, "event": "S", "reconc": 25, "tstamp": 0.04489942040708399, "transferred": 0, "dist": 0.000981484451765549, "_child0": {"label": 49, "event": "S", "reconc": 26, "tstamp": 0.0, "transferred": 0, "dist": 0.03316571369264061}, "_child1": {"label": 50, "event": "S", "reconc": 27, "tstamp": 0.0, "transferred": 0, "dist": 0.031692997784906904}}, "_child1": {"label": 46, "event": "S", "reconc": 24, "tstamp": 0.0, "transferred": 0, "dist": 0.032744462935204284}}, "_child1": {"label": 42, "event": "S", "reconc": 23, "tstamp": 0.0, "transferred": 0, "dist": 0.0349955683548047}}, "_child3": {"label": 17, "event": "S", "reconc": 15, "tstamp": 0.0, "transferred": 0, "dist": 0.4138355531675703}}}}