{"label": 2, "event": "S", "reconc": 3, "tstamp": 0.7724765105798815, "transferred": 0, "dist": 0.0, "_child0": {"label": 4, "event": "S", "reconc": 5, "tstamp": 0.7613963593206196, "transferred": 0, "dist": 0.010747416374739655, "_child0": {"label": 6, "event": "S", "reconc": 7, "tstamp": 0.36383605425300913, "transferred": 0, "dist": 0.37879863916013295, "_child0": {"label": 15, "event": "S", "reconc": 8, "tstamp": 0.0, "transferred": 0, "dist": 0.2990864869377351}, "_child1": {"label": 11, "event": "D", "reconc": [7, 9], "tstamp": 0.24886492001537264, "transferred": 0, "dist": 0.10871208149974287, "_child0": {"label": 17, "event": "D", "reconc": [7, 9], "tstamp": 0.18887269320502917, "transferred": 0, "dist": 0.056726237360387295, "_child0": {"label": 20, "event": "S", "reconc": 9, "tstamp": 0.0, "transferred": 0, "dist": 0.17859042404801764}, "_child1": {"label": 21, "event": "S", "reconc": 9, "tstamp": 0.0, "transferred": 0, "dist": 0.17859042404801764}}, "_child1": {"label": 16, "event": "D", "reconc": [7, 9], "tstamp": 0.1662959195925355, "transferred": 0, "dist": 0.07807392666724988, "_child0": {"label": 24, "event": "S", "reconc": 9, "tstamp": 0.0, "transferred": 0, "dist": 0.2800795575534313}, "_child1": {"label": 25, "event": "S", "reconc": 9, "tstamp": 0.0, "transferred": 0, "dist": 1.2585621354175933}}}}, "_child1": {"label": 7, "event": "S", "reconc": 6, "tstamp": 0.0, "transferred": 0, "dist": 0.7745443473715786}}, "_child1": {"label": 5, "event": "D", "reconc": [3, 4], "tstamp": 0.5528618930103043, "transferred": 0, "dist": 0.19492435526530885, "_child0": {"label": 8, "event": "D", "reconc": [3, 4], "tstamp": 0.3513929770749052, "transferred": 0, "dist": 0.17881869148471718, "_child0": {"label": 13, "event": "D", "reconc": [3, 4], "tstamp": 0.23605536045892037, "transferred": 0, "dist": 0.10237073836665514, "_child0": {"label": 18, "event": "S", "reconc": 4, "tstamp": 0.0, "transferred": 0, "dist": 0.22051580045481123}, "_child1": {"label": 19, "event": "S", "reconc": 4, "tstamp": 0.0, "transferred": 0, "dist": 0.20951674097830733}}, "_child1": {"label": 12, "event": "S", "reconc": 4, "tstamp": 0.0, "transferred": 0, "dist": 0.3196354109617423}}, "_child1": {"label": 22, "event": "S", "reconc": 4, "tstamp": 0.0, "transferred": 0, "dist": 1.0932633402531375}}}