{"label": 1, "event": "S", "reconc": 1, "tstamp": 0.7296331776888683, "transferred": 0, "dist": 0.0, "_child0": {"label": 2, "event": "S", "reconc": 3, "tstamp": 0.6631312334326549, "transferred": 0, "dist": 0.06614130291200547, "_child0": {"label": 7, "event": "D", "reconc": [5, 6], "tstamp": 0.4118129444084778, "transferred": 0, "dist": 0.2508484355920474, "_child0": {"label": 8, "event": "D", "reconc": [5, 6], "tstamp": 0.35076955537288457, "transferred": 0, "dist": 0.06187845910739443, "_child0": {"label": 12, "event": "D", "reconc": [5, 6], "tstamp": 0.18493263562443352, "transferred": 0, "dist": 0.18326532028985365, "_child0": {"label": 19, "event": "H", "reconc": [5, 6], "tstamp": 0.007334854529665252, "transferred": 0, "dist": 0.17195830368775866, "_child0": {"label": 31, "event": "S", "reconc": 13, "tstamp": 0.0, "transferred": 1, "dist": 0.011366012944113008}, "_child1": {"label": 30, "event": "S", "reconc": 6, "tstamp": 0.0, "transferred": 0, "dist": 0.007101942011565285}}, "_child1": {"label": 18, "event": "S", "reconc": 6, "tstamp": 0.0, "transferred": 0, "dist": 0.34070782604549166}}, "_child1": {"label": 13, "event": "S", "reconc": 6, "tstamp": 0.0, "transferred": 0, "dist": 0.42630511485962985}}, "_child1": {"label": 9, "event": "S", "reconc": 6, "tstamp": 0.0, "transferred": 0, "dist": 0.39613431203959304}}, "_child1": {"label": 5, "event": "S", "reconc": 4, "tstamp": 0.0, "transferred": 0, "dist": 0.6423527633347087}}, "_child1": {"label": 3, "event": "S", "reconc": 2, "tstamp": 0.4092673443824168, "transferred": 0, "dist": 0.297298769117869, "_child0": {"label": 10, "event": "H", "reconc": [2, 8], "tstamp": 0.2852415969413213, "transferred": 0, "dist": 0.11152690699503083, "_child0": {"label": 15, "event": "S", "reconc": 11, "tstamp": 0.18712813553277774, "transferred": 1, "dist": 0.10182281996696833, "_child0": {"label": 16, "event": "H", "reconc": [11, 12], "tstamp": 0.10434992594887528, "transferred": 0, "dist": 0.08193991412346958, "_child0": {"label": 20, "event": "H", "reconc": [11, 12], "tstamp": 0.045683737131674604, "transferred": 0, "dist": 0.058072075946028825, "_child0": {"label": 24, "event": "S", "reconc": 12, "tstamp": 0.011725917645339815, "transferred": 0, "dist": 0.03361392843016571, "_child0": {"label": 28, "event": "S", "reconc": 14, "tstamp": 0.0, "transferred": 0, "dist": 0.011799046606252363}, "_child1": {"label": 29, "event": "S", "reconc": 15, "tstamp": 0.0, "transferred": 0, "dist": 0.01128532044704282}}, "_child1": {"label": 25, "event": "S", "reconc": 13, "tstamp": 0.0, "transferred": 1, "dist": 0.0920478719604436}}, "_child1": {"label": 21, "event": "S", "reconc": 8, "tstamp": 0.0, "transferred": 1, "dist": 0.12632574986875636}}, "_child1": {"label": 17, "event": "S", "reconc": 13, "tstamp": 0.0, "transferred": 0, "dist": 0.19173241260027138}}, "_child1": {"label": 14, "event": "S", "reconc": 8, "tstamp": 0.0, "transferred": 0, "dist": 0.2564960398105851}}, "_child1": {"label": 11, "event": "H", "reconc": [2, 9], "tstamp": 0.05595472350452166, "transferred": 0, "dist": 0.36680779672261843, "_child0": {"label": 22, "event": "H", "reconc": [2, 9], "tstamp": 0.03384404622331124, "transferred": 0, "dist": 0.02295521965055585, "_child0": {"label": 27, "event": "S", "reconc": 8, "tstamp": 0.0, "transferred": 1, "dist": 0.06494738323041517}, "_child1": {"label": 26, "event": "S", "reconc": 9, "tstamp": 0.0, "transferred": 0, "dist": 0.035136757912878576}}, "_child1": {"label": 23, "event": "S", "reconc": 8, "tstamp": 0.0, "transferred": 1, "dist": 0.05723057992577659}}}}