{"label": 1, "event": "S", "reconc": 1, "tstamp": 0.9968492801998536, "transferred": 0, "dist": 0.0, "_child0": {"label": 3, "event": "H", "reconc": [1, 3], "tstamp": 0.9779366164174862, "transferred": 0, "dist": 0.02225532779790319, "_child0": {"label": 5, "event": "S", "reconc": 2, "tstamp": 0.8949961294571952, "transferred": 1, "dist": 0.06949664097402261, "_child0": {"label": 10, "event": "H", "reconc": [2, 5], "tstamp": 0.7520117630737526, "transferred": 0, "dist": 0.1898602904635827, "_child0": {"label": 19, "event": "H", "reconc": [2, 5], "tstamp": 0.6034566406015672, "transferred": 0, "dist": 0.19725736047803538, "_child0": {"label": 34, "event": "H", "reconc": [6, 10], "tstamp": 0.07323825463862585, "transferred": 1, "dist": 1.2339464121284083, "_child0": {"label": 49, "event": "S", "reconc": 12, "tstamp": 0.0, "transferred": 1, "dist": 0.16298254912301802}, "_child1": {"label": 48, "event": "S", "reconc": 10, "tstamp": 0.0, "transferred": 0, "dist": 0.19484065091505195}}, "_child1": {"label": 23, "event": "D", "reconc": [2, 5], "tstamp": 0.08701414791445677, "transferred": 0, "dist": 0.6857527445088973, "_child0": {"label": 56, "event": "S", "reconc": 5, "tstamp": 0.0, "transferred": 0, "dist": 0.05675421379980419}, "_child1": {"label": 47, "event": "S", "reconc": 5, "tstamp": 0.0, "transferred": 0, "dist": 0.05795536244291729}}}, "_child1": {"label": 20, "event": "S", "reconc": 7, "tstamp": 0.583523082959943, "transferred": 1, "dist": 0.5199476139084503, "_child0": {"label": 25, "event": "H", "reconc": [7, 9], "tstamp": 0.2415933631182449, "transferred": 0, "dist": 0.5130521244521228, "_child0": {"label": 42, "event": "S", "reconc": 9, "tstamp": 0.06405458344625839, "transferred": 0, "dist": 0.2663899707972739, "_child0": {"label": 50, "event": "S", "reconc": 17, "tstamp": 0.06092255740164412, "transferred": 0, "dist": 0.005289264869483908, "_child0": {"label": 52, "event": "D", "reconc": [17, 18], "tstamp": 0.060720198774480996, "transferred": 0, "dist": 0.00035802103720476486, "_child0": {"label": 54, "event": "S", "reconc": 18, "tstamp": 0.0, "transferred": 0, "dist": 0.10742862238828445}, "_child1": {"label": 55, "event": "S", "reconc": 18, "tstamp": 0.0, "transferred": 0, "dist": 0.11342797585588764}}, "_child1": {"label": 53, "event": "S", "reconc": 19, "tstamp": 0.0, "transferred": 0, "dist": 0.09787452067524023}}, "_child1": {"label": 51, "event": "S", "reconc": 16, "tstamp": 0.0, "transferred": 0, "dist": 0.10944221515365198}}, "_child1": {"label": 43, "event": "S", "reconc": 15, "tstamp": 0.0, "transferred": 1, "dist": 0.22088278388377838}}, "_child1": {"label": 26, "event": "S", "reconc": 8, "tstamp": 0.0, "transferred": 0, "dist": 0.7267610773549203}}}, "_child1": {"label": 8, "event": "D", "reconc": [2, 15], "tstamp": 0.6903852545624543, "transferred": 0, "dist": 0.18423422553719881, "_child0": {"label": 21, "event": "S", "reconc": 15, "tstamp": 0.0, "transferred": 0, "dist": 1.2418382681911015}, "_child1": {"label": 22, "event": "S", "reconc": 15, "tstamp": 0.0, "transferred": 0, "dist": 1.0774694290475395}}}, "_child1": {"label": 18, "event": "S", "reconc": 6, "tstamp": 0.43203881290468177, "transferred": 0, "dist": 0.6771298416086345, "_child0": {"label": 40, "event": "S", "reconc": 13, "tstamp": 0.0, "transferred": 0, "dist": 0.5097088042032304}, "_child1": {"label": 30, "event": "S", "reconc": 12, "tstamp": 0.0, "transferred": 0, "dist": 0.5101190231455505}}}, "_child1": {"label": 2, "event": "D", "reconc": [1, 2], "tstamp": 0.9566890683425223, "transferred": 0, "dist": 0.033225016777952865, "_child0": {"label": 6, "event": "S", "reconc": 2, "tstamp": 0.8949961294571952, "transferred": 0, "dist": 0.05909470312890887, "_child0": {"label": 28, "event": "S", "reconc": 6, "tstamp": 0.43203881290468177, "transferred": 1, "dist": 0.5122896889298442, "_child0": {"label": 45, "event": "S", "reconc": 10, "tstamp": 0.0, "transferred": 0, "dist": 0.5536289178836458}, "_child1": {"label": 36, "event": "S", "reconc": 12, "tstamp": 0.0, "transferred": 0, "dist": 3.50324660508175}}, "_child1": {"label": 13, "event": "S", "reconc": 5, "tstamp": 0.0, "transferred": 0, "dist": 0.528478663824822}}, "_child1": {"label": 7, "event": "S", "reconc": 2, "tstamp": 0.8949961294571952, "transferred": 0, "dist": 0.051039295729512664, "_child0": {"label": 38, "event": "S", "reconc": 14, "tstamp": 0.0, "transferred": 0, "dist": 0.5233628269828625}, "_child1": {"label": 14, "event": "D", "reconc": [2, 15], "tstamp": 0.00047793996143394996, "transferred": 0, "dist": 0.7913927297305636, "_child0": {"label": 58, "event": "S", "reconc": 15, "tstamp": 0.0, "transferred": 0, "dist": 0.0007593252829268309}, "_child1": {"label": 59, "event": "S", "reconc": 15, "tstamp": 0.0, "transferred": 0, "dist": 0.0004244350470280032}}}}}