{"label": 1, "event": "S", "reconc": 1, "tstamp": 0.8428693473761909, "transferred": 0, "dist": 0.0, "_child0": {"label": 4, "event": "H", "reconc": [1, 6], "tstamp": 0.7603975244941599, "transferred": 0, "dist": 0.08937959834210886, "_child0": {"label": 7, "event": "H", "reconc": [1, 2], "tstamp": 0.42328985380475403, "transferred": 1, "dist": 0.3700828897994688, "_child0": {"label": 50, "event": "S", "reconc": 23, "tstamp": 0.0, "transferred": 1, "dist": 0.3568327761926282}, "_child1": {"label": 18, "event": "S", "reconc": 11, "tstamp": 0.20094202176552675, "transferred": 1, "dist": 0.4207672430282271, "_child0": {"label": 41, "event": "H", "reconc": [11, 21], "tstamp": 0.17134483041542145, "transferred": 0, "dist": 0.03194187159712069, "_child0": {"label": 45, "event": "S", "reconc": 21, "tstamp": 0.1699295109000443, "transferred": 0, "dist": 0.0015274406849728108, "_child0": {"label": 52, "event": "D", "reconc": [21, 23], "tstamp": 0.015132955641816215, "transferred": 0, "dist": 0.10420721610177916, "_child0": {"label": 62, "event": "S", "reconc": 23, "tstamp": 0.0, "transferred": 0, "dist": 0.016850789448765318}, "_child1": {"label": 63, "event": "S", "reconc": 23, "tstamp": 0.0, "transferred": 0, "dist": 0.020942701772830082}}, "_child1": {"label": 51, "event": "S", "reconc": 22, "tstamp": 0.0, "transferred": 0, "dist": 0.4257983431856973}}, "_child1": {"label": 46, "event": "S", "reconc": 2, "tstamp": 0.0, "transferred": 1, "dist": 0.3252646990646209}}, "_child1": {"label": 42, "event": "S", "reconc": 20, "tstamp": 0.0, "transferred": 0, "dist": 0.40758535990268746}}}, "_child1": {"label": 6, "event": "S", "reconc": 6, "tstamp": 0.29115589129472363, "transferred": 0, "dist": 0.5085449458386934, "_child0": {"label": 21, "event": "S", "reconc": 13, "tstamp": 0.24031073759362218, "transferred": 0, "dist": 0.051895988818994654, "_child0": {"label": 27, "event": "H", "reconc": [13, 17], "tstamp": 0.14633944427650025, "transferred": 0, "dist": 0.08251018545630938, "_child0": {"label": 54, "event": "S", "reconc": 22, "tstamp": 0.0, "transferred": 1, "dist": 0.10446885094324045}, "_child1": {"label": 53, "event": "S", "reconc": 17, "tstamp": 0.0, "transferred": 0, "dist": 0.12849131112923898}}, "_child1": {"label": 28, "event": "S", "reconc": 16, "tstamp": 0.0, "transferred": 0, "dist": 0.21511954757606472}, "_child2": {"label": 29, "event": "S", "reconc": 19, "tstamp": 0.0, "transferred": 0, "dist": 0.24007123526490085}, "_child3": {"label": 30, "event": "S", "reconc": 18, "tstamp": 0.0, "transferred": 0, "dist": 0.24413426538774155}}, "_child1": {"label": 22, "event": "S", "reconc": 12, "tstamp": 0.0, "transferred": 0, "dist": 0.3121523435691162}}}, "_child1": {"label": 5, "event": "H", "reconc": [1, 2], "tstamp": 0.7137777039934241, "transferred": 0, "dist": 0.12095961940400309, "_child0": {"label": 9, "event": "H", "reconc": [1, 6], "tstamp": 0.5471389581040236, "transferred": 1, "dist": 0.3197516981929974, "_child0": {"label": 11, "event": "H", "reconc": [1, 2], "tstamp": 0.4865043417446774, "transferred": 1, "dist": 0.057521655876261894, "_child0": {"label": 16, "event": "S", "reconc": 11, "tstamp": 0.20094202176552675, "transferred": 1, "dist": 0.5206682291286295, "_child0": {"label": 47, "event": "S", "reconc": 22, "tstamp": 0.0, "transferred": 0, "dist": 0.39369861931351363}, "_child1": {"label": 40, "event": "S", "reconc": 20, "tstamp": 0.0, "transferred": 0, "dist": 0.30359286068413194}}, "_child1": {"label": 15, "event": "S", "reconc": 2, "tstamp": 0.0, "transferred": 0, "dist": 0.46152737509373426}}, "_child1": {"label": 10, "event": "S", "reconc": 6, "tstamp": 0.29115589129472363, "transferred": 0, "dist": 0.4911884080983804, "_child0": {"label": 23, "event": "S", "reconc": 13, "tstamp": 0.24031073759362218, "transferred": 0, "dist": 0.3876525229547246, "_child0": {"label": 34, "event": "H", "reconc": [13, 18], "tstamp": 0.21862997508171872, "transferred": 0, "dist": 0.036156140881323566, "_child0": {"label": 36, "event": "D", "reconc": [13, 17], "tstamp": 0.10207273704671133, "transferred": 1, "dist": 0.1391341843606121, "_child0": {"label": 58, "event": "S", "reconc": 17, "tstamp": 0.0, "transferred": 0, "dist": 0.09944053215184571}, "_child1": {"label": 59, "event": "S", "reconc": 17, "tstamp": 0.0, "transferred": 0, "dist": 0.09915163297586004}}, "_child1": {"label": 35, "event": "S", "reconc": 18, "tstamp": 0.0, "transferred": 0, "dist": 0.3646004689915715}}, "_child1": {"label": 31, "event": "S", "reconc": 17, "tstamp": 0.0, "transferred": 0, "dist": 0.23736223730431089}, "_child2": {"label": 32, "event": "S", "reconc": 16, "tstamp": 0.0, "transferred": 0, "dist": 0.25459000913251845}, "_child3": {"label": 33, "event": "S", "reconc": 19, "tstamp": 0.0, "transferred": 0, "dist": 1.150720217672605}}, "_child1": {"label": 24, "event": "S", "reconc": 12, "tstamp": 0.0, "transferred": 0, "dist": 0.39936364983001654}}}, "_child1": {"label": 8, "event": "S", "reconc": 2, "tstamp": 0.0, "transferred": 0, "dist": 0.668813853102079}}, "_child2": {"label": 2, "event": "S", "reconc": 4, "tstamp": 0.5256741138993782, "transferred": 0, "dist": 0.2969656888808521, "_child0": {"label": 14, "event": "D", "reconc": [4, 8], "tstamp": 0.35795960911579705, "transferred": 0, "dist": 0.11627385088668726, "_child0": {"label": 19, "event": "S", "reconc": 8, "tstamp": 0.0, "transferred": 0, "dist": 0.2481678151063632}, "_child1": {"label": 20, "event": "S", "reconc": 8, "tstamp": 0.0, "transferred": 0, "dist": 0.2481678151063632}}, "_child1": {"label": 38, "event": "S", "reconc": 20, "tstamp": 0.0, "transferred": 0, "dist": 0.34145095244669466}, "_child2": {"label": 12, "event": "S", "reconc": 10, "tstamp": 0.11112870279050871, "transferred": 0, "dist": 0.30055363294636767, "_child0": {"label": 56, "event": "S", "reconc": 26, "tstamp": 0.05361742467358013, "transferred": 0, "dist": 0.038022773142136056, "_child0": {"label": 60, "event": "S", "reconc": 28, "tstamp": 0.0, "transferred": 0, "dist": 0.03452196912860231}, "_child1": {"label": 61, "event": "S", "reconc": 29, "tstamp": 0.0, "transferred": 0, "dist": 0.03448886656138766}}, "_child1": {"label": 55, "event": "S", "reconc": 27, "tstamp": 0.0, "transferred": 0, "dist": 0.08607747928244205}, "_child2": {"label": 57, "event": "S", "reconc": 24, "tstamp": 0.0, "transferred": 0, "dist": 0.08575573089569948}}}}