{"label": 0, "event": null, "tstamp": 1.0, "dist": 0.0, "_child0": {"label": 1, "event": "S", "tstamp": 0.8768300775647475, "dist": 0.12316992243525249, "_child0": {"label": 3, "event": "S", "tstamp": 0.5933446089475183, "dist": 0.28348546861722923, "_child0": {"label": 5, "event": "S", "tstamp": 0.47600526727617415, "dist": 0.11733934167134413, "_child0": {"label": 6, "event": "S", "tstamp": 0.025421092576500503, "dist": 0.45058417469967366, "_child0": {"label": 8, "event": "S", "tstamp": 0.0, "dist": 0.025421092576500503}, "_child1": {"label": 9, "event": "S", "tstamp": 0.0, "dist": 0.025421092576500503}}, "_child1": {"label": 7, "event": "S", "tstamp": 0.0, "dist": 0.47600526727617415}}, "_child1": {"label": 4, "event": "S", "tstamp": 0.0, "dist": 0.5933446089475183}}, "_child1": {"label": 2, "event": "S", "tstamp": 0.0, "dist": 0.8768300775647475}}}