{"label": 1, "event": "S", "reconc": 1, "tstamp": 0.8768300775647475, "transferred": 0, "dist": 0.0, "_child0": {"label": 4, "event": "S", "reconc": 2, "tstamp": 0.0, "transferred": 0, "dist": 0.8233123221679586}, "_child1": {"label": 2, "event": "S", "reconc": 3, "tstamp": 0.5933446089475183, "transferred": 0, "dist": 0.33750661071678323, "_child0": {"label": 6, "event": "S", "reconc": 5, "tstamp": 0.47600526727617415, "transferred": 0, "dist": 0.1154564736864484, "_child0": {"label": 9, "event": "H", "reconc": [5, 7], "tstamp": 0.2646080519045164, "transferred": 0, "dist": 0.15763102325885603, "_child0": {"label": 14, "event": "H", "reconc": [5, 7], "tstamp": 0.25871892114478934, "transferred": 0, "dist": 0.0043913052786855354, "_child0": {"label": 16, "event": "S", "reconc": 7, "tstamp": 0.0, "transferred": 0, "dist": 0.1929170552449393}, "_child1": {"label": 17, "event": "S", "reconc": 4, "tstamp": 0.0, "transferred": 1, "dist": 0.3612448343338004}}, "_child1": {"label": 15, "event": "S", "reconc": 4, "tstamp": 0.0, "transferred": 1, "dist": 0.7995998338764483}}, "_child1": {"label": 8, "event": "S", "reconc": 6, "tstamp": 0.025421092576500503, "transferred": 0, "dist": 0.3356037989893949, "_child0": {"label": 20, "event": "S", "reconc": 8, "tstamp": 0.0, "transferred": 0, "dist": 0.01837285914851506}, "_child1": {"label": 21, "event": "S", "reconc": 9, "tstamp": 0.0, "transferred": 0, "dist": 0.01898656698680136}}}, "_child1": {"label": 7, "event": "D", "reconc": [3, 4], "tstamp": 0.4649493757143764, "transferred": 0, "dist": 0.1426885925497854, "_child0": {"label": 11, "event": "H", "reconc": [3, 4], "tstamp": 0.287747501706301, "transferred": 0, "dist": 0.1969285413694789, "_child0": {"label": 13, "event": "H", "reconc": [5, 6], "tstamp": 0.08118806662073047, "transferred": 1, "dist": 0.2608674599868948, "_child0": {"label": 23, "event": "S", "reconc": 9, "tstamp": 0.0, "transferred": 0, "dist": 0.1003712773738946}, "_child1": {"label": 19, "event": "S", "reconc": 2, "tstamp": 0.0, "transferred": 1, "dist": 0.07770151145776985}}, "_child1": {"label": 12, "event": "S", "reconc": 4, "tstamp": 0.0, "transferred": 0, "dist": 0.3197804544163632}}, "_child1": {"label": 10, "event": "S", "reconc": 4, "tstamp": 0.0, "transferred": 0, "dist": 0.533035730214766}}}}