{"label": 0, "event": null, "tstamp": 1.0, "dist": 0.0, "_child0": {"label": 1, "event": "S", "tstamp": 0.5909770246481496, "dist": 0.4090229753518504, "_child0": {"label": 2, "event": "S", "tstamp": 0.38189435920301373, "dist": 0.20908266544513587, "_child0": {"label": 6, "event": "S", "tstamp": 0.0, "dist": 0.38189435920301373}, "_child1": {"label": 7, "event": "S", "tstamp": 0.006225463044024918, "dist": 0.3756688961589888, "_child0": {"label": 8, "event": "S", "tstamp": 0.0, "dist": 0.006225463044024918}, "_child1": {"label": 9, "event": "S", "tstamp": 0.0, "dist": 0.006225463044024918}}, "_child2": {"label": 4, "event": "S", "tstamp": 0.0, "dist": 0.38189435920301373}}, "_child1": {"label": 3, "event": "S", "tstamp": 0.0, "dist": 0.5909770246481496}}}