{"label": 1, "event": "S", "reconc": 1, "tstamp": 0.7374707878387748, "transferred": 0, "dist": 0.0, "_child0": {"label": 2, "event": "S", "reconc": 3, "tstamp": 0.6550324235528269, "transferred": 0, "dist": 0.0892987540341294, "_child0": {"label": 4, "event": "H", "reconc": [3, 5], "tstamp": 0.6229454669024606, "transferred": 0, "dist": 0.03669653585389409, "_child0": {"label": 8, "event": "S", "reconc": 5, "tstamp": 0.5307833904149803, "transferred": 0, "dist": 0.1054019856430833, "_child0": {"label": 10, "event": "S", "reconc": 6, "tstamp": 0.34454655435897724, "transferred": 0, "dist": 0.22757512242490005, "_child0": {"label": 15, "event": "S", "reconc": 10, "tstamp": 0.022911967347156167, "transferred": 0, "dist": 0.5560558957864333, "_child0": {"label": 23, "event": "S", "reconc": 12, "tstamp": 0.0, "transferred": 0, "dist": 0.05235713121584826}, "_child1": {"label": 24, "event": "S", "reconc": 13, "tstamp": 0.0, "transferred": 0, "dist": 0.05189390078230065}}, "_child1": {"label": 14, "event": "S", "reconc": 11, "tstamp": 0.02135501953593161, "transferred": 0, "dist": 0.3570722019477736, "_child0": {"label": 26, "event": "H", "reconc": [11, 15], "tstamp": 0.013906137201995883, "transferred": 0, "dist": 0.006714413871184434, "_child0": {"label": 30, "event": "S", "reconc": 14, "tstamp": 0.0, "transferred": 1, "dist": 0.01614388158077665}, "_child1": {"label": 29, "event": "S", "reconc": 15, "tstamp": 0.0, "transferred": 0, "dist": 0.01253497589810105}}, "_child1": {"label": 25, "event": "S", "reconc": 14, "tstamp": 0.0, "transferred": 0, "dist": 0.02043773803073112}}, "_child2": {"label": 16, "event": "S", "reconc": 8, "tstamp": 0.0, "transferred": 0, "dist": 0.4277069796587296}}, "_child1": {"label": 11, "event": "H", "reconc": [5, 7], "tstamp": 0.12532453159063567, "transferred": 0, "dist": 0.4171219045693272, "_child0": {"label": 20, "event": "H", "reconc": [6, 11], "tstamp": 0.056749124856019795, "transferred": 1, "dist": 0.25113704538733805, "_child0": {"label": 21, "event": "S", "reconc": 11, "tstamp": 0.02135501953593161, "transferred": 0, "dist": 0.12962039100423284, "_child0": {"label": 27, "event": "S", "reconc": 14, "tstamp": 0.0, "transferred": 0, "dist": 0.02429753785420383}, "_child1": {"label": 28, "event": "S", "reconc": 15, "tstamp": 0.0, "transferred": 0, "dist": 0.023276138770398722}}, "_child1": {"label": 22, "event": "S", "reconc": 4, "tstamp": 0.0, "transferred": 1, "dist": 0.1431255694224453}}, "_child1": {"label": 19, "event": "S", "reconc": 7, "tstamp": 0.0, "transferred": 0, "dist": 0.12892949844016582}}}, "_child1": {"label": 7, "event": "S", "reconc": 2, "tstamp": 0.0, "transferred": 1, "dist": 2.9230932197953887}}, "_child1": {"label": 5, "event": "S", "reconc": 4, "tstamp": 0.0, "transferred": 0, "dist": 0.6864782486199061}}, "_child1": {"label": 3, "event": "H", "reconc": [1, 2], "tstamp": 0.5261516659203956, "transferred": 0, "dist": 0.27595461086286976, "_child0": {"label": 12, "event": "D", "reconc": [1, 2], "tstamp": 0.21287968767383392, "transferred": 0, "dist": 0.4090914540363352, "_child0": {"label": 17, "event": "S", "reconc": 2, "tstamp": 0.0, "transferred": 0, "dist": 0.29320799314117696}, "_child1": {"label": 18, "event": "S", "reconc": 2, "tstamp": 0.0, "transferred": 0, "dist": 0.27799250176390594}}, "_child1": {"label": 13, "event": "S", "reconc": 4, "tstamp": 0.0, "transferred": 1, "dist": 2.402155225548513}}}