{"label": 1, "event": "S", "reconc": 1, "tstamp": 0.9426970699138575, "transferred": 0, "dist": 0.0, "_child0": {"label": 2, "event": "S", "reconc": 3, "tstamp": 0.8858754475581728, "transferred": 0, "dist": 0.061068059768396105, "_child0": {"label": 7, "event": "D", "reconc": [3, 7], "tstamp": 0.7095530173723157, "transferred": 0, "dist": 0.24429391517063478, "_child0": {"label": 14, "event": "D", "reconc": [1, 2], "tstamp": 0.4312134906023427, "transferred": 1, "dist": 0.4409616134809836, "_child0": {"label": 16, "event": "H", "reconc": [1, 2], "tstamp": 0.2573163892478947, "transferred": 0, "dist": 0.1331927587732196, "_child0": {"label": 20, "event": "H", "reconc": [4, 8], "tstamp": 0.16359275475233134, "transferred": 1, "dist": 0.5056206248345568, "_child0": {"label": 22, "event": "S", "reconc": 9, "tstamp": 0.11482227387721464, "transferred": 1, "dist": 0.09404014379417919, "_child0": {"label": 25, "event": "H", "reconc": [9, 10], "tstamp": 0.030800625751103424, "transferred": 0, "dist": 0.08241326092867898, "_child0": {"label": 34, "event": "S", "reconc": 7, "tstamp": 0.0, "transferred": 1, "dist": 0.13049459643361153}, "_child1": {"label": 33, "event": "S", "reconc": 10, "tstamp": 0.0, "transferred": 0, "dist": 0.03021102374690778}}, "_child1": {"label": 26, "event": "S", "reconc": 11, "tstamp": 0.0, "transferred": 0, "dist": 0.09377487679739246}}, "_child1": {"label": 21, "event": "S", "reconc": 8, "tstamp": 0.0, "transferred": 0, "dist": 0.8825508242554951}}, "_child1": {"label": 19, "event": "S", "reconc": 2, "tstamp": 0.05457852869624451, "transferred": 0, "dist": 0.1552827203232958, "_child0": {"label": 39, "event": "S", "reconc": 14, "tstamp": 0.0, "transferred": 0, "dist": 0.11089453042174181}, "_child1": {"label": 32, "event": "S", "reconc": 12, "tstamp": 0.0, "transferred": 0, "dist": 0.026783983268090877}}}, "_child1": {"label": 15, "event": "S", "reconc": 2, "tstamp": 0.05457852869624451, "transferred": 0, "dist": 0.7357397222414341, "_child0": {"label": 29, "event": "S", "reconc": 13, "tstamp": 0.004458557986791476, "transferred": 0, "dist": 0.030863802328863384, "_child0": {"label": 37, "event": "S", "reconc": 14, "tstamp": 0.0, "transferred": 0, "dist": 0.02031196493181465}, "_child1": {"label": 38, "event": "S", "reconc": 15, "tstamp": 0.0, "transferred": 0, "dist": 0.002893456823387653}}, "_child1": {"label": 30, "event": "S", "reconc": 12, "tstamp": 0.0, "transferred": 0, "dist": 0.040745634381558433}}}, "_child1": {"label": 10, "event": "S", "reconc": 7, "tstamp": 0.0, "transferred": 0, "dist": 1.0977390761239287}}, "_child1": {"label": 6, "event": "S", "reconc": 4, "tstamp": 0.3151614682115926, "transferred": 0, "dist": 0.6206562202542096, "_child0": {"label": 23, "event": "S", "reconc": 10, "tstamp": 0.0, "transferred": 0, "dist": 0.29999891553296537}, "_child1": {"label": 18, "event": "S", "reconc": 8, "tstamp": 0.0, "transferred": 0, "dist": 0.32031184454703177}}, "_child2": {"label": 5, "event": "S", "reconc": 6, "tstamp": 0.0, "transferred": 0, "dist": 1.1463263038330846}}, "_child1": {"label": 27, "event": "S", "reconc": 13, "tstamp": 0.004458557986791476, "transferred": 0, "dist": 0.7053221287557131, "_child0": {"label": 35, "event": "S", "reconc": 14, "tstamp": 0.0, "transferred": 0, "dist": 0.0023444602499834853}, "_child1": {"label": 36, "event": "S", "reconc": 15, "tstamp": 0.0, "transferred": 0, "dist": 0.0023659309474138666}}}