{"label": 1, "event": "S", "reconc": 1, "tstamp": 0.9311352451867039, "transferred": 0, "dist": 0.0, "_child0": {"label": 3, "event": "S", "reconc": 5, "tstamp": 0.5383891836207275, "transferred": 0, "dist": 0.37313803010786734, "_child0": {"label": 7, "event": "D", "reconc": [7, 9], "tstamp": 0.3310074721600037, "transferred": 0, "dist": 0.19197053026704375, "_child0": {"label": 13, "event": "S", "reconc": 9, "tstamp": 0.21996610403727807, "transferred": 0, "dist": 0.23915152031182388, "_child0": {"label": 15, "event": "D", "reconc": [9, 10], "tstamp": 0.11639356186980906, "transferred": 0, "dist": 0.22631661853146415, "_child0": {"label": 23, "event": "S", "reconc": 10, "tstamp": 0.0, "transferred": 0, "dist": 0.195909565989378}, "_child1": {"label": 24, "event": "S", "reconc": 10, "tstamp": 0.0, "transferred": 0, "dist": 0.24837999449638956}}, "_child1": {"label": 16, "event": "S", "reconc": 11, "tstamp": 0.0, "transferred": 0, "dist": 0.295977233415537}}, "_child1": {"label": 17, "event": "S", "reconc": 10, "tstamp": 0.0, "transferred": 0, "dist": 0.9578355271756606}}, "_child1": {"label": 6, "event": "S", "reconc": 6, "tstamp": 0.0, "transferred": 0, "dist": 0.4142327661143287}}, "_child1": {"label": 4, "event": "D", "reconc": [1, 2], "tstamp": 0.5061709789581882, "transferred": 0, "dist": 0.4959863008122434, "_child0": {"label": 26, "event": "S", "reconc": 2, "tstamp": 0.0, "transferred": 0, "dist": 0.8906563879748923}, "_child1": {"label": 9, "event": "D", "reconc": [1, 2], "tstamp": 0.06648826397008761, "transferred": 0, "dist": 0.5908792843117169, "_child0": {"label": 27, "event": "S", "reconc": 2, "tstamp": 0.0, "transferred": 0, "dist": 0.2972915027339275}, "_child1": {"label": 28, "event": "S", "reconc": 2, "tstamp": 0.0, "transferred": 0, "dist": 0.0798120802039786}}}, "_child2": {"label": 2, "event": "D", "reconc": [1, 4], "tstamp": 0.3974956601757641, "transferred": 0, "dist": 0.44287831720483917, "_child0": {"label": 11, "event": "S", "reconc": 4, "tstamp": 0.1488217585237032, "transferred": 0, "dist": 0.21161991245222117, "_child0": {"label": 19, "event": "S", "reconc": 13, "tstamp": 0.04259860345950405, "transferred": 0, "dist": 0.06476822692444048, "_child0": {"label": 31, "event": "S", "reconc": 14, "tstamp": 0.0, "transferred": 0, "dist": 0.02658044158933477}, "_child1": {"label": 32, "event": "S", "reconc": 15, "tstamp": 0.0, "transferred": 0, "dist": 0.03076860629894989}}, "_child1": {"label": 20, "event": "S", "reconc": 12, "tstamp": 0.0, "transferred": 0, "dist": 0.1007895765802546}}, "_child1": {"label": 12, "event": "S", "reconc": 4, "tstamp": 0.1488217585237032, "transferred": 0, "dist": 0.20658962746473025, "_child0": {"label": 21, "event": "H", "reconc": [4, 13], "tstamp": 0.06126930921889172, "transferred": 0, "dist": 0.050563254656804536, "_child0": {"label": 29, "event": "S", "reconc": 13, "tstamp": 0.04259860345950405, "transferred": 0, "dist": 0.010782698341739082, "_child0": {"label": 33, "event": "S", "reconc": 14, "tstamp": 0.0, "transferred": 0, "dist": 0.06990772214571628}, "_child1": {"label": 34, "event": "S", "reconc": 15, "tstamp": 0.0, "transferred": 0, "dist": 0.1294298287781977}}, "_child1": {"label": 30, "event": "S", "reconc": 12, "tstamp": 0.0, "transferred": 1, "dist": 0.040364055733219995}}, "_child1": {"label": 22, "event": "S", "reconc": 12, "tstamp": 0.0, "transferred": 0, "dist": 0.2794016794663378}}}}