{"label": 1, "event": "S", "reconc": 1, "tstamp": 0.9316583877183384, "transferred": 0, "dist": 0.0, "_child0": {"label": 5, "event": "S", "reconc": 3, "tstamp": 0.7765867786898641, "transferred": 0, "dist": 0.16773323403964735, "_child0": {"label": 8, "event": "H", "reconc": [3, 6], "tstamp": 0.5478991025705627, "transferred": 0, "dist": 0.24628267670681325, "_child0": {"label": 26, "event": "S", "reconc": 29, "tstamp": 0.0, "transferred": 1, "dist": 1.7848853329392758}, "_child1": {"label": 18, "event": "S", "reconc": 9, "tstamp": 0.0, "transferred": 1, "dist": 0.6265908375591769}}, "_child1": {"label": 6, "event": "H", "reconc": [3, 9], "tstamp": 0.4284829354306075, "transferred": 0, "dist": 0.389541057643882, "_child0": {"label": 22, "event": "S", "reconc": 13, "tstamp": 0.07650045611735544, "transferred": 1, "dist": 1.162646316791183, "_child0": {"label": 51, "event": "S", "reconc": 25, "tstamp": 0.02861313770211365, "transferred": 0, "dist": 0.07114412719284474, "_child0": {"label": 58, "event": "H", "reconc": [25, 27], "tstamp": 0.01426116365301389, "transferred": 0, "dist": 0.12572948919662488, "_child0": {"label": 63, "event": "S", "reconc": 27, "tstamp": 0.0, "transferred": 0, "dist": 0.12493395091913367}, "_child1": {"label": 64, "event": "S", "reconc": 24, "tstamp": 0.0, "transferred": 1, "dist": 0.014600485944154713}}, "_child1": {"label": 57, "event": "S", "reconc": 26, "tstamp": 0.0, "transferred": 0, "dist": 0.04989685733007056}}, "_child1": {"label": 52, "event": "S", "reconc": 24, "tstamp": 0.0, "transferred": 0, "dist": 0.10365335385740236}}, "_child1": {"label": 21, "event": "S", "reconc": 9, "tstamp": 0.0, "transferred": 0, "dist": 0.47948823054413553}}, "_child2": {"label": 7, "event": "S", "reconc": 8, "tstamp": 0.0, "transferred": 0, "dist": 0.8288038542255762}}, "_child1": {"label": 2, "event": "H", "reconc": [1, 4], "tstamp": 0.7082269977025069, "transferred": 0, "dist": 0.22176142673141921, "_child0": {"label": 9, "event": "D", "reconc": [1, 4], "tstamp": 0.6204712529541221, "transferred": 0, "dist": 0.08709984375024982, "_child0": {"label": 16, "event": "H", "reconc": [1, 4], "tstamp": 0.2747956644268198, "transferred": 0, "dist": 0.34309195181843466, "_child0": {"label": 29, "event": "S", "reconc": 4, "tstamp": 0.1132876373220361, "transferred": 0, "dist": 0.1603008893101177, "_child0": {"label": 43, "event": "S", "reconc": 22, "tstamp": 0.0, "transferred": 0, "dist": 0.09841319158472785}, "_child1": {"label": 44, "event": "S", "reconc": 23, "tstamp": 0.0, "transferred": 0, "dist": 0.09099133626095039}}, "_child1": {"label": 30, "event": "S", "reconc": 17, "tstamp": 0.0, "transferred": 1, "dist": 0.5156070220669652}}, "_child1": {"label": 15, "event": "S", "reconc": 4, "tstamp": 0.1132876373220361, "transferred": 0, "dist": 0.5837459887922903, "_child0": {"label": 41, "event": "D", "reconc": [4, 22], "tstamp": 0.005028331381418141, "transferred": 0, "dist": 0.1040172807705715, "_child0": {"label": 65, "event": "S", "reconc": 22, "tstamp": 0.0, "transferred": 0, "dist": 0.005576195644355136}, "_child1": {"label": 66, "event": "S", "reconc": 22, "tstamp": 0.0, "transferred": 0, "dist": 0.005929733183018864}}, "_child1": {"label": 42, "event": "S", "reconc": 23, "tstamp": 0.0, "transferred": 0, "dist": 0.29986998172589896}}}, "_child1": {"label": 10, "event": "S", "reconc": 6, "tstamp": 0.0, "transferred": 1, "dist": 1.5333030327479815}}, "_child2": {"label": 4, "event": "S", "reconc": 11, "tstamp": 0.6228297752082552, "transferred": 0, "dist": 0.4014058000275899, "_child0": {"label": 13, "event": "H", "reconc": [11, 15], "tstamp": 0.43624449504532514, "transferred": 0, "dist": 0.28664217991252827, "_child0": {"label": 27, "event": "S", "reconc": 16, "tstamp": 0.2190068484154008, "transferred": 0, "dist": 0.3350832680252561, "_child0": {"label": 31, "event": "S", "reconc": 19, "tstamp": 0.15198858989957034, "transferred": 0, "dist": 0.09629816123660369, "_child0": {"label": 37, "event": "S", "reconc": 20, "tstamp": 0.0, "transferred": 0, "dist": 0.20663669794445047}, "_child1": {"label": 38, "event": "S", "reconc": 21, "tstamp": 0.0, "transferred": 0, "dist": 0.1842778665728834}}, "_child1": {"label": 50, "event": "S", "reconc": 8, "tstamp": 0.0, "transferred": 1, "dist": 0.8090796365367846}}, "_child1": {"label": 20, "event": "H", "reconc": [1, 4], "tstamp": 0.1935711673880387, "transferred": 1, "dist": 0.5933339920439253, "_child0": {"label": 33, "event": "H", "reconc": [1, 4], "tstamp": 0.12987902781470437, "transferred": 0, "dist": 0.15572667915212743, "_child0": {"label": 46, "event": "S", "reconc": 23, "tstamp": 0.0, "transferred": 0, "dist": 0.5083701027929224}, "_child1": {"label": 40, "event": "S", "reconc": 29, "tstamp": 0.0, "transferred": 1, "dist": 0.6595902382819407}}, "_child1": {"label": 34, "event": "S", "reconc": 28, "tstamp": 0.0, "transferred": 1, "dist": 0.3988428758781059}}}, "_child1": {"label": 14, "event": "D", "reconc": [11, 13], "tstamp": 0.39527611551341146, "transferred": 0, "dist": 0.2959036067366307, "_child0": {"label": 23, "event": "H", "reconc": [11, 13], "tstamp": 0.17859674040404397, "transferred": 0, "dist": 0.4956296482505151, "_child0": {"label": 35, "event": "S", "reconc": 13, "tstamp": 0.07650045611735544, "transferred": 0, "dist": 0.23353374285464423, "_child0": {"label": 54, "event": "H", "reconc": [13, 24], "tstamp": 0.035280245228699963, "transferred": 0, "dist": 0.11612875904667906, "_child0": {"label": 55, "event": "S", "reconc": 24, "tstamp": 0.0, "transferred": 0, "dist": 0.09939422940698799}, "_child1": {"label": 56, "event": "S", "reconc": 9, "tstamp": 0.0, "transferred": 1, "dist": 0.04435979985380263}}, "_child1": {"label": 53, "event": "S", "reconc": 25, "tstamp": 0.02861313770211365, "transferred": 0, "dist": 0.25198435098571415, "_child0": {"label": 59, "event": "H", "reconc": [25, 26], "tstamp": 0.025671726494331994, "transferred": 0, "dist": 0.003069579111073164, "_child0": {"label": 61, "event": "S", "reconc": 26, "tstamp": 0.0, "transferred": 0, "dist": 0.02679033627930425}, "_child1": {"label": 62, "event": "S", "reconc": 6, "tstamp": 0.0, "transferred": 1, "dist": 0.042975521405821414}}, "_child1": {"label": 60, "event": "S", "reconc": 27, "tstamp": 0.0, "transferred": 0, "dist": 0.04214871293100485}}}, "_child1": {"label": 36, "event": "S", "reconc": 9, "tstamp": 0.0, "transferred": 1, "dist": 0.6032925405408069}}, "_child1": {"label": 48, "event": "S", "reconc": 20, "tstamp": 0.0, "transferred": 1, "dist": 0.7598618920280107}}, "_child2": {"label": 11, "event": "S", "reconc": 29, "tstamp": 0.0, "transferred": 0, "dist": 0.9622040771958867}, "_child3": {"label": 12, "event": "S", "reconc": 28, "tstamp": 0.0, "transferred": 0, "dist": 1.1885680727394858}}}