{"label": 0, "event": null, "tstamp": 1.0, "dist": 0.0, "_child0": {"label": 1, "event": "S", "tstamp": 0.86852423976374, "dist": 0.13147576023625995, "_child0": {"label": 2, "event": "S", "tstamp": 0.7695827672220893, "dist": 0.09894147254165075, "_child0": {"label": 5, "event": "S", "tstamp": 0.6278357804623624, "dist": 0.14174698675972686, "_child0": {"label": 11, "event": "S", "tstamp": 0.39818507013640825, "dist": 0.2296507103259542, "_child0": {"label": 13, "event": "S", "tstamp": 0.37511870258993185, "dist": 0.023066367546476396, "_child0": {"label": 15, "event": "S", "tstamp": 0.36676907221240707, "dist": 0.008349630377524786, "_child0": {"label": 17, "event": "S", "tstamp": 0.1983651127210163, "dist": 0.16840395949139075, "_child0": {"label": 19, "event": "S", "tstamp": 0.05619084075058567, "dist": 0.14217427197043064, "_child0": {"label": 20, "event": "S", "tstamp": 0.0, "dist": 0.05619084075058567}, "_child1": {"label": 21, "event": "S", "tstamp": 0.0, "dist": 0.05619084075058567}}, "_child1": {"label": 18, "event": "S", "tstamp": 0.0, "dist": 0.1983651127210163}}, "_child1": {"label": 16, "event": "S", "tstamp": 0.0, "dist": 0.36676907221240707}}, "_child1": {"label": 14, "event": "S", "tstamp": 0.0, "dist": 0.37511870258993185}}, "_child1": {"label": 12, "event": "S", "tstamp": 0.0, "dist": 0.39818507013640825}}, "_child1": {"label": 10, "event": "S", "tstamp": 0.0, "dist": 0.6278357804623624}}, "_child1": {"label": 4, "event": "S", "tstamp": 0.0, "dist": 0.7695827672220893}}, "_child1": {"label": 6, "event": "S", "tstamp": 0.0, "dist": 0.86852423976374}, "_child2": {"label": 7, "event": "S", "tstamp": 0.7210637614504736, "dist": 0.14746047831326647, "_child0": {"label": 8, "event": "S", "tstamp": 0.017714295593382792, "dist": 0.7033494658570908, "_child0": {"label": 23, "event": "S", "tstamp": 0.0017900050074792792, "dist": 0.015924290585903514, "_child0": {"label": 24, "event": "S", "tstamp": 0.0, "dist": 0.0017900050074792792}, "_child1": {"label": 25, "event": "S", "tstamp": 0.0, "dist": 0.0017900050074792792}}, "_child1": {"label": 22, "event": "S", "tstamp": 0.0, "dist": 0.017714295593382792}}, "_child1": {"label": 9, "event": "S", "tstamp": 0.0, "dist": 0.7210637614504736}}}}