{"label": 1, "event": "S", "reconc": 1, "tstamp": 0.9846129677920875, "transferred": 0, "dist": 0.0, "_child0": {"label": 6, "event": "S", "reconc": 4, "tstamp": 0.7730217685600438, "transferred": 1, "dist": 0.17887945347603262, "_child0": {"label": 9, "event": "S", "reconc": 7, "tstamp": 0.7113343413408119, "transferred": 0, "dist": 0.08212401976019133, "_child0": {"label": 13, "event": "S", "reconc": 9, "tstamp": 0.5653205588699061, "transferred": 0, "dist": 0.46344308429958514, "_child0": {"label": 17, "event": "S", "reconc": 11, "tstamp": 0.5258135588237712, "transferred": 0, "dist": 0.04810710474246091, "_child0": {"label": 23, "event": "H", "reconc": [11, 15], "tstamp": 0.2550504311435377, "transferred": 0, "dist": 0.4548924446495775, "_child0": {"label": 55, "event": "S", "reconc": 5, "tstamp": 0.0, "transferred": 1, "dist": 0.19851324163597844}, "_child1": {"label": 54, "event": "S", "reconc": 15, "tstamp": 0.0, "transferred": 0, "dist": 0.428494511515729}}, "_child1": {"label": 25, "event": "S", "reconc": 12, "tstamp": 0.0, "transferred": 0, "dist": 2.0275033750421554}}, "_child1": {"label": 56, "event": "S", "reconc": 10, "tstamp": 0.0, "transferred": 0, "dist": 0.9329583835959869}}, "_child1": {"label": 14, "event": "S", "reconc": 8, "tstamp": 0.47970027218824596, "transferred": 0, "dist": 0.4117320728570762, "_child0": {"label": 35, "event": "S", "reconc": 17, "tstamp": 0.47863875712319925, "transferred": 0, "dist": 0.0013140985567908178, "_child0": {"label": 42, "event": "S", "reconc": 21, "tstamp": 0.17619229636415434, "transferred": 0, "dist": 0.25761673833007614, "_child0": {"label": 62, "event": "D", "reconc": [21, 25], "tstamp": 0.11410104175771953, "transferred": 0, "dist": 0.05091663117191004, "_child0": {"label": 70, "event": "D", "reconc": [21, 25], "tstamp": 0.022514682303392996, "transferred": 0, "dist": 0.13677159260714117, "_child0": {"label": 74, "event": "S", "reconc": 25, "tstamp": 0.0, "transferred": 0, "dist": 0.020104740614280255}, "_child1": {"label": 75, "event": "S", "reconc": 25, "tstamp": 0.0, "transferred": 0, "dist": 0.028237894045743752}}, "_child1": {"label": 71, "event": "S", "reconc": 25, "tstamp": 0.0, "transferred": 0, "dist": 0.8808121932324855}}, "_child1": {"label": 63, "event": "S", "reconc": 24, "tstamp": 0.0, "transferred": 0, "dist": 0.16467309712693956}, "_child2": {"label": 64, "event": "S", "reconc": 27, "tstamp": 0.0, "transferred": 0, "dist": 0.13861142589700634}, "_child3": {"label": 65, "event": "S", "reconc": 26, "tstamp": 0.0, "transferred": 0, "dist": 0.15206365363062085}}, "_child1": {"label": 43, "event": "H", "reconc": [17, 19], "tstamp": 0.13253146860353945, "transferred": 0, "dist": 0.3262598109729932, "_child0": {"label": 66, "event": "S", "reconc": 19, "tstamp": 0.0, "transferred": 0, "dist": 0.12493146873475289}, "_child1": {"label": 67, "event": "S", "reconc": 6, "tstamp": 0.0, "transferred": 1, "dist": 0.5188728336348816}}, "_child2": {"label": 68, "event": "D", "reconc": [17, 20], "tstamp": 0.10510572755035368, "transferred": 0, "dist": 0.47001107281492366, "_child0": {"label": 72, "event": "S", "reconc": 20, "tstamp": 0.0, "transferred": 0, "dist": 0.08871231177339768}, "_child1": {"label": 73, "event": "S", "reconc": 20, "tstamp": 0.0, "transferred": 0, "dist": 0.9509881933722569}}}, "_child1": {"label": 36, "event": "S", "reconc": 29, "tstamp": 0.0, "transferred": 0, "dist": 1.6284906147698235}}}, "_child1": {"label": 10, "event": "S", "reconc": 6, "tstamp": 0.0, "transferred": 0, "dist": 2.0792587198274703}}, "_child1": {"label": 3, "event": "S", "reconc": 4, "tstamp": 0.7730217685600438, "transferred": 0, "dist": 0.18313260009590515, "_child0": {"label": 7, "event": "S", "reconc": 7, "tstamp": 0.7113343413408119, "transferred": 0, "dist": 0.04671790355692685, "_child0": {"label": 11, "event": "D", "reconc": [7, 9], "tstamp": 0.653929793134369, "transferred": 0, "dist": 0.05137212625926281, "_child0": {"label": 15, "event": "S", "reconc": 9, "tstamp": 0.5653205588699061, "transferred": 0, "dist": 0.07929763254995341, "_child0": {"label": 19, "event": "S", "reconc": 11, "tstamp": 0.5258135588237712, "transferred": 0, "dist": 0.039483002140950706, "_child0": {"label": 27, "event": "D", "reconc": [11, 14], "tstamp": 0.18163398605178704, "transferred": 0, "dist": 0.2580403135400772, "_child0": {"label": 60, "event": "S", "reconc": 14, "tstamp": 0.0, "transferred": 0, "dist": 0.1361756897216772}, "_child1": {"label": 61, "event": "S", "reconc": 14, "tstamp": 0.0, "transferred": 0, "dist": 0.1361756897216772}}, "_child1": {"label": 26, "event": "S", "reconc": 15, "tstamp": 0.0, "transferred": 0, "dist": 0.43727276750722005}, "_child2": {"label": 28, "event": "S", "reconc": 12, "tstamp": 0.0, "transferred": 0, "dist": 0.46225891895794174}}, "_child1": {"label": 20, "event": "S", "reconc": 10, "tstamp": 0.0, "transferred": 0, "dist": 0.4351694145949959}}, "_child1": {"label": 21, "event": "S", "reconc": 11, "tstamp": 0.5258135588237712, "transferred": 0, "dist": 0.11878063469090411, "_child0": {"label": 30, "event": "D", "reconc": [11, 14], "tstamp": 0.37789332087620386, "transferred": 0, "dist": 0.1108996221696166, "_child0": {"label": 48, "event": "D", "reconc": [11, 14], "tstamp": 0.3386349985191587, "transferred": 0, "dist": 0.029432978048295, "_child0": {"label": 58, "event": "S", "reconc": 14, "tstamp": 0.0, "transferred": 0, "dist": 0.25388340304384277}, "_child1": {"label": 52, "event": "S", "reconc": 14, "tstamp": 0.0, "transferred": 0, "dist": 0.2896182270722715}}, "_child1": {"label": 49, "event": "S", "reconc": 14, "tstamp": 0.0, "transferred": 0, "dist": 0.7871162911414854}}, "_child1": {"label": 29, "event": "S", "reconc": 15, "tstamp": 0.0, "transferred": 0, "dist": 0.43727276750722005}, "_child2": {"label": 31, "event": "S", "reconc": 12, "tstamp": 0.0, "transferred": 0, "dist": 0.46225891895794174}}}, "_child1": {"label": 12, "event": "S", "reconc": 8, "tstamp": 0.47970027218824596, "transferred": 0, "dist": 0.18250472485031352, "_child0": {"label": 32, "event": "S", "reconc": 17, "tstamp": 0.47863875712319925, "transferred": 0, "dist": 0.0008861568714485584, "_child0": {"label": 44, "event": "S", "reconc": 19, "tstamp": 0.0, "transferred": 0, "dist": 0.3844157404575633}, "_child1": {"label": 38, "event": "S", "reconc": 20, "tstamp": 0.0, "transferred": 0, "dist": 0.40217014548102625}}, "_child1": {"label": 33, "event": "S", "reconc": 29, "tstamp": 0.0, "transferred": 0, "dist": 0.4052044149645543}}}, "_child1": {"label": 8, "event": "S", "reconc": 6, "tstamp": 0.0, "transferred": 0, "dist": 0.9239797103123427}}}