{"label": 0, "event": null, "tstamp": 1.0, "dist": 0.0, "_child0": {"label": 1, "event": "S", "tstamp": 0.9336811104049034, "dist": 0.06631888959509658, "_child0": {"label": 3, "event": "S", "tstamp": 0.9006307115458706, "dist": 0.033050398859032826, "_child0": {"label": 5, "event": "S", "tstamp": 0.7629796851618559, "dist": 0.13765102638401472, "_child0": {"label": 6, "event": "S", "tstamp": 0.036605366925542414, "dist": 0.7263743182363135, "_child0": {"label": 14, "event": "S", "tstamp": 0.0, "dist": 0.036605366925542414}, "_child1": {"label": 15, "event": "S", "tstamp": 0.0, "dist": 0.036605366925542414}}, "_child1": {"label": 7, "event": "S", "tstamp": 0.0, "dist": 0.7629796851618559}}, "_child1": {"label": 8, "event": "S", "tstamp": 0.0, "dist": 0.9006307115458706}, "_child2": {"label": 9, "event": "S", "tstamp": 0.37572608619255804, "dist": 0.5249046253533125, "_child0": {"label": 10, "event": "S", "tstamp": 0.0, "dist": 0.37572608619255804}, "_child1": {"label": 11, "event": "S", "tstamp": 0.0, "dist": 0.37572608619255804}}}, "_child1": {"label": 2, "event": "S", "tstamp": 0.3477149040833036, "dist": 0.5859662063215998, "_child0": {"label": 12, "event": "S", "tstamp": 0.0, "dist": 0.3477149040833036}, "_child1": {"label": 13, "event": "S", "tstamp": 0.0, "dist": 0.3477149040833036}}}}