{"label": 0, "event": null, "tstamp": 1.0, "dist": 0.0, "_child0": {"label": 1, "event": "S", "tstamp": 0.801659918878849, "dist": 0.19834008112115098, "_child0": {"label": 3, "event": "S", "tstamp": 0.7135137934327939, "dist": 0.08814612544605516, "_child0": {"label": 5, "event": "S", "tstamp": 0.34376316848118527, "dist": 0.3697506249516086, "_child0": {"label": 6, "event": "S", "tstamp": 0.0, "dist": 0.34376316848118527}, "_child1": {"label": 7, "event": "S", "tstamp": 0.0, "dist": 0.34376316848118527}}, "_child1": {"label": 4, "event": "S", "tstamp": 0.1360009484660289, "dist": 0.577512844966765, "_child0": {"label": 8, "event": "S", "tstamp": 0.0, "dist": 0.1360009484660289}, "_child1": {"label": 9, "event": "S", "tstamp": 0.0, "dist": 0.1360009484660289}}}, "_child1": {"label": 2, "event": "S", "tstamp": 0.0, "dist": 0.801659918878849}}}