{"label": 1, "event": "S", "reconc": 1, "tstamp": 0.8403475508379245, "transferred": 0, "dist": 0.0, "_child0": {"label": 2, "event": "S", "reconc": 2, "tstamp": 0.7164589752494933, "transferred": 0, "dist": 0.10810916306434101, "_child0": {"label": 4, "event": "H", "reconc": [2, 4], "tstamp": 0.709681289926335, "transferred": 0, "dist": 0.005508885674276812, "_child0": {"label": 15, "event": "D", "reconc": [4, 7], "tstamp": 0.18508762004282545, "transferred": 0, "dist": 0.3958493853764407, "_child0": {"label": 25, "event": "D", "reconc": [4, 7], "tstamp": 0.06788541447427231, "transferred": 0, "dist": 0.15201145859573756, "_child0": {"label": 32, "event": "S", "reconc": 7, "tstamp": 0.0, "transferred": 0, "dist": 0.08237739457062099}, "_child1": {"label": 33, "event": "S", "reconc": 7, "tstamp": 0.0, "transferred": 0, "dist": 0.07355223974979794}}, "_child1": {"label": 24, "event": "S", "reconc": 7, "tstamp": 0.0, "transferred": 0, "dist": 1.938287007370101}}, "_child1": {"label": 13, "event": "H", "reconc": [3, 8], "tstamp": 0.5189663829436736, "transferred": 1, "dist": 0.6698689522663951, "_child0": {"label": 17, "event": "H", "reconc": [4, 6], "tstamp": 0.19399852759948472, "transferred": 1, "dist": 0.7228436102765682, "_child0": {"label": 22, "event": "D", "reconc": [4, 6], "tstamp": 0.17469200990514097, "transferred": 0, "dist": 0.04294453350552733, "_child0": {"label": 26, "event": "D", "reconc": [4, 6], "tstamp": 0.07996742965928, "transferred": 0, "dist": 0.2130144615695221, "_child0": {"label": 30, "event": "S", "reconc": 6, "tstamp": 0.0, "transferred": 0, "dist": 0.06335567917742004}, "_child1": {"label": 31, "event": "S", "reconc": 6, "tstamp": 0.0, "transferred": 0, "dist": 0.11814374296329636}}, "_child1": {"label": 27, "event": "S", "reconc": 6, "tstamp": 0.0, "transferred": 0, "dist": 0.1370644607019259}}, "_child1": {"label": 23, "event": "D", "reconc": [3, 8], "tstamp": 0.005996018435553821, "transferred": 1, "dist": 0.22584276195845598, "_child0": {"label": 36, "event": "S", "reconc": 8, "tstamp": 0.0, "transferred": 0, "dist": 0.005606972269380423}, "_child1": {"label": 37, "event": "S", "reconc": 8, "tstamp": 0.0, "transferred": 0, "dist": 0.008568898079824258}}}, "_child1": {"label": 16, "event": "S", "reconc": 8, "tstamp": 0.0, "transferred": 0, "dist": 2.7412524911188525}}}, "_child1": {"label": 5, "event": "S", "reconc": 5, "tstamp": 0.0, "transferred": 0, "dist": 0.7359956476565755}}, "_child1": {"label": 3, "event": "S", "reconc": 3, "tstamp": 0.6138435822932373, "transferred": 0, "dist": 0.21797821220465982, "_child0": {"label": 10, "event": "S", "reconc": 9, "tstamp": 0.4578102668465488, "transferred": 0, "dist": 0.1561412422841544, "_child0": {"label": 20, "event": "S", "reconc": 11, "tstamp": 0.0, "transferred": 0, "dist": 0.558396706980049}, "_child1": {"label": 18, "event": "S", "reconc": 10, "tstamp": 0.15133439255457048, "transferred": 0, "dist": 0.2812678803267295, "_child0": {"label": 28, "event": "S", "reconc": 13, "tstamp": 0.04587936384576177, "transferred": 0, "dist": 0.09118596205147925, "_child0": {"label": 34, "event": "S", "reconc": 14, "tstamp": 0.0, "transferred": 0, "dist": 0.03982011034799748}, "_child1": {"label": 35, "event": "S", "reconc": 15, "tstamp": 0.0, "transferred": 0, "dist": 0.04235091748037567}}, "_child1": {"label": 29, "event": "S", "reconc": 12, "tstamp": 0.0, "transferred": 0, "dist": 0.12418881825924954}}}, "_child1": {"label": 11, "event": "S", "reconc": 8, "tstamp": 0.0, "transferred": 0, "dist": 0.5735601280727485}}}