{"label": 0, "event": null, "tstamp": 1.0, "dist": 0.0, "_child0": {"label": 1, "event": "S", "tstamp": 0.9191566737611858, "dist": 0.08084332623881418, "_child0": {"label": 2, "event": "S", "tstamp": 0.8548499500807417, "dist": 0.0643067236804441, "_child0": {"label": 4, "event": "S", "tstamp": 0.0, "dist": 0.8548499500807417}, "_child1": {"label": 5, "event": "S", "tstamp": 0.0, "dist": 0.8548499500807417}}, "_child1": {"label": 6, "event": "S", "tstamp": 0.0, "dist": 0.9191566737611858}, "_child2": {"label": 7, "event": "S", "tstamp": 0.7529220534165211, "dist": 0.16623462034466474, "_child0": {"label": 9, "event": "S", "tstamp": 0.5876100612439565, "dist": 0.16531199217256454, "_child0": {"label": 11, "event": "S", "tstamp": 0.5540085571975442, "dist": 0.03360150404641238, "_child0": {"label": 12, "event": "S", "tstamp": 0.0, "dist": 0.5540085571975442}, "_child1": {"label": 13, "event": "S", "tstamp": 0.0, "dist": 0.5540085571975442}}, "_child1": {"label": 10, "event": "S", "tstamp": 0.0, "dist": 0.5876100612439565}}, "_child1": {"label": 8, "event": "S", "tstamp": 0.4411837877918929, "dist": 0.3117382656246282, "_child0": {"label": 15, "event": "S", "tstamp": 0.3252430928613301, "dist": 0.1159406949305628, "_child0": {"label": 17, "event": "S", "tstamp": 0.32237808306783927, "dist": 0.0028650097934908025, "_child0": {"label": 19, "event": "S", "tstamp": 0.21926845961031824, "dist": 0.10310962345752103, "_child0": {"label": 23, "event": "S", "tstamp": 0.11368165600791878, "dist": 0.10558680360239946, "_child0": {"label": 24, "event": "S", "tstamp": 0.0, "dist": 0.11368165600791878}, "_child1": {"label": 25, "event": "S", "tstamp": 0.0, "dist": 0.11368165600791878}}, "_child1": {"label": 22, "event": "S", "tstamp": 0.0, "dist": 0.21926845961031824}}, "_child1": {"label": 18, "event": "S", "tstamp": 0.0, "dist": 0.32237808306783927}}, "_child1": {"label": 16, "event": "S", "tstamp": 0.3131579597466372, "dist": 0.012085133114692892, "_child0": {"label": 20, "event": "S", "tstamp": 0.0, "dist": 0.3131579597466372}, "_child1": {"label": 21, "event": "S", "tstamp": 0.0, "dist": 0.3131579597466372}}}, "_child1": {"label": 14, "event": "S", "tstamp": 0.0, "dist": 0.4411837877918929}}}}}