{"label": 2, "event": "S", "reconc": 3, "tstamp": 0.9375152665290354, "transferred": 0, "dist": 0.0, "_child0": {"label": 4, "event": "S", "reconc": 5, "tstamp": 0.6714192092364322, "transferred": 0, "dist": 0.3001769281797646, "_child0": {"label": 6, "event": "S", "reconc": 7, "tstamp": 0.594691809722395, "transferred": 0, "dist": 0.08600325597407019, "_child0": {"label": 12, "event": "S", "reconc": 8, "tstamp": 0.47763637492898003, "transferred": 1, "dist": 0.15237631194360832, "_child0": {"label": 15, "event": "S", "reconc": 13, "tstamp": 0.316769844738555, "transferred": 0, "dist": 0.14246772395100793, "_child0": {"label": 23, "event": "S", "reconc": 14, "tstamp": 0.19488778466807866, "transferred": 0, "dist": 0.09543164391982903, "_child0": {"label": 31, "event": "D", "reconc": [14, 19], "tstamp": 0.07613444711535221, "transferred": 0, "dist": 0.1448427059364856, "_child0": {"label": 43, "event": "D", "reconc": [14, 19], "tstamp": 0.01589253905940676, "transferred": 0, "dist": 0.04953480100748184, "_child0": {"label": 45, "event": "S", "reconc": 19, "tstamp": 0.0, "transferred": 0, "dist": 0.02116171745549518}, "_child1": {"label": 46, "event": "S", "reconc": 19, "tstamp": 0.0, "transferred": 0, "dist": 0.014086193450025004}}, "_child1": {"label": 44, "event": "S", "reconc": 19, "tstamp": 0.0, "transferred": 0, "dist": 0.19598992788412228}}, "_child1": {"label": 32, "event": "S", "reconc": 18, "tstamp": 0.0, "transferred": 0, "dist": 0.1556966607525416}, "_child2": {"label": 33, "event": "S", "reconc": 16, "tstamp": 0.0, "transferred": 0, "dist": 0.14195228151782796}}, "_child1": {"label": 24, "event": "S", "reconc": 15, "tstamp": 0.0, "transferred": 0, "dist": 1.4100105048077247}}, "_child1": {"label": 16, "event": "S", "reconc": 12, "tstamp": 0.0, "transferred": 0, "dist": 0.4327090869187004}}, "_child1": {"label": 10, "event": "S", "reconc": 8, "tstamp": 0.47763637492898003, "transferred": 0, "dist": 0.12321952753066649, "_child0": {"label": 13, "event": "D", "reconc": [8, 13], "tstamp": 0.4008185896036865, "transferred": 0, "dist": 0.06801227929766583, "_child0": {"label": 26, "event": "H", "reconc": [13, 15], "tstamp": 0.1680952719305547, "transferred": 0, "dist": 0.3017247620570115, "_child0": {"label": 38, "event": "S", "reconc": 18, "tstamp": 0.0, "transferred": 1, "dist": 0.1293398770590579}, "_child1": {"label": 37, "event": "S", "reconc": 15, "tstamp": 0.0, "transferred": 0, "dist": 0.1701119377597191}}, "_child1": {"label": 18, "event": "S", "reconc": 13, "tstamp": 0.316769844738555, "transferred": 0, "dist": 0.12731582940795885, "_child0": {"label": 35, "event": "S", "reconc": 18, "tstamp": 0.0, "transferred": 0, "dist": 0.46181170983468334}, "_child1": {"label": 28, "event": "D", "reconc": [13, 15], "tstamp": 0.1437374070388855, "transferred": 0, "dist": 0.19814851347261883, "_child0": {"label": 41, "event": "S", "reconc": 15, "tstamp": 0.0, "transferred": 0, "dist": 0.1059950571278701}, "_child1": {"label": 42, "event": "S", "reconc": 15, "tstamp": 0.0, "transferred": 0, "dist": 0.10013773777769296}}}}, "_child1": {"label": 14, "event": "D", "reconc": [8, 12], "tstamp": 0.40020132614059784, "transferred": 0, "dist": 0.07012591940450905, "_child0": {"label": 19, "event": "D", "reconc": [8, 12], "tstamp": 0.34301446210301134, "transferred": 0, "dist": 0.05178896999801569, "_child0": {"label": 21, "event": "D", "reconc": [8, 12], "tstamp": 0.30311986829088716, "transferred": 0, "dist": 0.036128925003846374, "_child0": {"label": 29, "event": "S", "reconc": 12, "tstamp": 0.0, "transferred": 0, "dist": 0.27450824641129856}, "_child1": {"label": 30, "event": "S", "reconc": 12, "tstamp": 0.0, "transferred": 0, "dist": 0.27450824641129856}}, "_child1": {"label": 22, "event": "D", "reconc": [8, 12], "tstamp": 0.15936579610855903, "transferred": 0, "dist": 0.16631398509824102, "_child0": {"label": 39, "event": "S", "reconc": 12, "tstamp": 0.0, "transferred": 0, "dist": 0.23671106765757957}, "_child1": {"label": 40, "event": "S", "reconc": 12, "tstamp": 0.0, "transferred": 0, "dist": 0.14432318631690394}}}, "_child1": {"label": 20, "event": "S", "reconc": 12, "tstamp": 0.0, "transferred": 0, "dist": 0.6077352259755888}}}, "_child2": {"label": 8, "event": "S", "reconc": 11, "tstamp": 0.0, "transferred": 0, "dist": 0.6176691226469336}}, "_child1": {"label": 7, "event": "S", "reconc": 6, "tstamp": 0.0, "transferred": 0, "dist": 0.8819417402706148}}, "_child1": {"label": 5, "event": "S", "reconc": 4, "tstamp": 0.0, "transferred": 0, "dist": 1.1405673106930254}}