{"label": 1, "event": "S", "reconc": 1, "tstamp": 0.9956981397123474, "transferred": 0, "dist": 0.0, "_child0": {"label": 6, "event": "D", "reconc": [2, 5], "tstamp": 0.4287197591731786, "transferred": 0, "dist": 0.7254866608909882, "_child0": {"label": 9, "event": "H", "reconc": [2, 5], "tstamp": 0.3997207128728533, "transferred": 0, "dist": 0.03810461107998938, "_child0": {"label": 11, "event": "D", "reconc": [4, 7], "tstamp": 0.3789631648267993, "transferred": 1, "dist": 0.025786644167578365, "_child0": {"label": 12, "event": "S", "reconc": 7, "tstamp": 0.3771276619404186, "transferred": 0, "dist": 0.004450842605536867, "_child0": {"label": 20, "event": "S", "reconc": 13, "tstamp": 0.0, "transferred": 0, "dist": 0.7333617988543886}, "_child1": {"label": 31, "event": "S", "reconc": 16, "tstamp": 0.09204602497495037, "transferred": 0, "dist": 0.4646487999573302, "_child0": {"label": 42, "event": "S", "reconc": 21, "tstamp": 0.06167942854347182, "transferred": 0, "dist": 0.02451889857133616, "_child0": {"label": 48, "event": "S", "reconc": 23, "tstamp": 0.0272562387643075, "transferred": 0, "dist": 0.05329116920591341, "_child0": {"label": 54, "event": "S", "reconc": 24, "tstamp": 0.01500540725223588, "transferred": 0, "dist": 0.0175446292539259, "_child0": {"label": 60, "event": "S", "reconc": 27, "tstamp": 0.00721907690978392, "transferred": 0, "dist": 0.006408553165318487, "_child0": {"label": 68, "event": "S", "reconc": 28, "tstamp": 0.0, "transferred": 0, "dist": 0.010561493077062112}, "_child1": {"label": 69, "event": "S", "reconc": 29, "tstamp": 0.0, "transferred": 0, "dist": 0.025483337217974557}}, "_child1": {"label": 61, "event": "S", "reconc": 26, "tstamp": 0.0, "transferred": 0, "dist": 0.012894002184922652}}, "_child1": {"label": 55, "event": "S", "reconc": 25, "tstamp": 0.0, "transferred": 0, "dist": 0.03603167230159866}}, "_child1": {"label": 49, "event": "S", "reconc": 22, "tstamp": 0.0, "transferred": 0, "dist": 0.09567504046034156}}, "_child1": {"label": 43, "event": "S", "reconc": 20, "tstamp": 0.0, "transferred": 0, "dist": 0.2097614141571802}}}, "_child1": {"label": 13, "event": "S", "reconc": 7, "tstamp": 0.3771276619404186, "transferred": 0, "dist": 0.012901333821600825, "_child0": {"label": 18, "event": "S", "reconc": 12, "tstamp": 0.32531197546603624, "transferred": 0, "dist": 0.07503652459953138, "_child0": {"label": 24, "event": "D", "reconc": [12, 15], "tstamp": 0.3072815628855443, "transferred": 0, "dist": 0.029879820378337158, "_child0": {"label": 26, "event": "S", "reconc": 15, "tstamp": 0.26065039648453453, "transferred": 0, "dist": 0.10363147989504945, "_child0": {"label": 32, "event": "H", "reconc": [15, 17], "tstamp": 0.22421694901363892, "transferred": 0, "dist": 0.042849958747807365, "_child0": {"label": 41, "event": "S", "reconc": 19, "tstamp": 0.0, "transferred": 0, "dist": 0.30776607212770263}, "_child1": {"label": 37, "event": "S", "reconc": 3, "tstamp": 0.0, "transferred": 1, "dist": 0.7644839672815718}}, "_child1": {"label": 33, "event": "S", "reconc": 16, "tstamp": 0.09204602497495037, "transferred": 0, "dist": 0.21376870969084716, "_child0": {"label": 50, "event": "S", "reconc": 23, "tstamp": 0.0272562387643075, "transferred": 0, "dist": 0.22524152848264023, "_child0": {"label": 56, "event": "S", "reconc": 24, "tstamp": 0.01500540725223588, "transferred": 0, "dist": 0.023402266889654008, "_child0": {"label": 62, "event": "D", "reconc": [24, 27], "tstamp": 0.00896329632159722, "transferred": 0, "dist": 0.012770252134119472, "_child0": {"label": 66, "event": "S", "reconc": 27, "tstamp": 0.00721907690978392, "transferred": 0, "dist": 0.0030374560860691457, "_child0": {"label": 72, "event": "S", "reconc": 28, "tstamp": 0.0, "transferred": 0, "dist": 0.014036077698880704}, "_child1": {"label": 73, "event": "S", "reconc": 29, "tstamp": 0.0, "transferred": 0, "dist": 0.007242442178436718}}, "_child1": {"label": 67, "event": "S", "reconc": 27, "tstamp": 0.00721907690978392, "transferred": 0, "dist": 0.007723068932202873, "_child0": {"label": 74, "event": "S", "reconc": 28, "tstamp": 0.0, "transferred": 0, "dist": 0.007717258060213611}, "_child1": {"label": 75, "event": "S", "reconc": 29, "tstamp": 0.0, "transferred": 0, "dist": 0.007736110364891295}}}, "_child1": {"label": 63, "event": "S", "reconc": 26, "tstamp": 0.0, "transferred": 0, "dist": 0.01422066731193145}}, "_child1": {"label": 57, "event": "S", "reconc": 25, "tstamp": 0.0, "transferred": 0, "dist": 0.024732859821132904}}, "_child1": {"label": 45, "event": "S", "reconc": 20, "tstamp": 0.0, "transferred": 0, "dist": 0.1606496381232699}}}, "_child1": {"label": 27, "event": "S", "reconc": 15, "tstamp": 0.26065039648453453, "transferred": 0, "dist": 0.057992438216236175, "_child0": {"label": 34, "event": "S", "reconc": 17, "tstamp": 0.16748469351589695, "transferred": 0, "dist": 0.19443553501629832, "_child0": {"label": 38, "event": "S", "reconc": 18, "tstamp": 0.0, "transferred": 0, "dist": 0.21236901545867018}, "_child1": {"label": 39, "event": "S", "reconc": 19, "tstamp": 0.0, "transferred": 0, "dist": 0.29604019870381715}}, "_child1": {"label": 35, "event": "S", "reconc": 16, "tstamp": 0.09204602497495037, "transferred": 0, "dist": 0.17048944513464465, "_child0": {"label": 46, "event": "S", "reconc": 21, "tstamp": 0.06167942854347182, "transferred": 0, "dist": 0.02756982124935083, "_child0": {"label": 52, "event": "S", "reconc": 23, "tstamp": 0.0272562387643075, "transferred": 0, "dist": 0.02941581125191503, "_child0": {"label": 58, "event": "S", "reconc": 24, "tstamp": 0.01500540725223588, "transferred": 0, "dist": 0.019596224651170033, "_child0": {"label": 64, "event": "S", "reconc": 27, "tstamp": 0.00721907690978392, "transferred": 0, "dist": 0.00711798269172884, "_child0": {"label": 70, "event": "S", "reconc": 28, "tstamp": 0.0, "transferred": 0, "dist": 0.006729337657026006}, "_child1": {"label": 71, "event": "S", "reconc": 29, "tstamp": 0.0, "transferred": 0, "dist": 0.007136013365770002}}, "_child1": {"label": 65, "event": "S", "reconc": 26, "tstamp": 0.0, "transferred": 0, "dist": 0.01367738547435392}}, "_child1": {"label": 59, "event": "S", "reconc": 25, "tstamp": 0.0, "transferred": 0, "dist": 0.0330227967636511}}, "_child1": {"label": 53, "event": "S", "reconc": 22, "tstamp": 0.0, "transferred": 0, "dist": 0.4163638541573633}}, "_child1": {"label": 47, "event": "S", "reconc": 20, "tstamp": 0.0, "transferred": 0, "dist": 0.07813481604970472}}}}, "_child1": {"label": 25, "event": "S", "reconc": 14, "tstamp": 0.0, "transferred": 0, "dist": 0.39680601865294607}}, "_child1": {"label": 17, "event": "S", "reconc": 13, "tstamp": 0.0, "transferred": 0, "dist": 0.6871491807933263}}}, "_child1": {"label": 10, "event": "D", "reconc": [2, 5], "tstamp": 0.2747357222601249, "transferred": 0, "dist": 0.16422969254960354, "_child0": {"label": 28, "event": "S", "reconc": 5, "tstamp": 0.0, "transferred": 0, "dist": 0.3638502749649713}, "_child1": {"label": 29, "event": "S", "reconc": 5, "tstamp": 0.0, "transferred": 0, "dist": 0.9123575297815907}}}, "_child1": {"label": 8, "event": "S", "reconc": 5, "tstamp": 0.0, "transferred": 0, "dist": 0.9178417117027725}}, "_child1": {"label": 3, "event": "S", "reconc": 3, "tstamp": 0.0, "transferred": 0, "dist": 0.8813325050144368}}