{"label": 0, "event": null, "tstamp": 1.0, "dist": 0.0, "_child0": {"label": 1, "event": "S", "tstamp": 0.8144977191326549, "dist": 0.1855022808673451, "_child0": {"label": 2, "event": "S", "tstamp": 0.7008070096784774, "dist": 0.11369070945417747, "_child0": {"label": 4, "event": "S", "tstamp": 0.0, "dist": 0.7008070096784774}, "_child1": {"label": 5, "event": "S", "tstamp": 0.0, "dist": 0.7008070096784774}}, "_child1": {"label": 6, "event": "S", "tstamp": 0.0, "dist": 0.8144977191326549}, "_child2": {"label": 7, "event": "S", "tstamp": 0.3009084244080165, "dist": 0.5135892947246383, "_child0": {"label": 8, "event": "S", "tstamp": 0.2885506755346406, "dist": 0.012357748873375929, "_child0": {"label": 11, "event": "S", "tstamp": 0.1424263164820953, "dist": 0.14612435905254528, "_child0": {"label": 15, "event": "S", "tstamp": 0.0, "dist": 0.1424263164820953}, "_child1": {"label": 14, "event": "S", "tstamp": 0.0, "dist": 0.1424263164820953}, "_child2": {"label": 13, "event": "S", "tstamp": 0.0, "dist": 0.1424263164820953}}, "_child1": {"label": 10, "event": "S", "tstamp": 0.0, "dist": 0.2885506755346406}}, "_child1": {"label": 9, "event": "S", "tstamp": 0.0, "dist": 0.3009084244080165}}}}