{"label": 2, "event": "H", "reconc": [1, 2], "tstamp": 0.7656373059637132, "transferred": 0, "dist": 0.0, "_child0": {"label": 6, "event": "H", "reconc": [2, 4], "tstamp": 0.3969068578175737, "transferred": 0, "dist": 0.49672745679044517, "_child0": {"label": 9, "event": "H", "reconc": [1, 3], "tstamp": 0.2054428450591642, "transferred": 1, "dist": 0.2861275689214162, "_child0": {"label": 10, "event": "S", "reconc": 3, "tstamp": 0.12412408227012552, "transferred": 0, "dist": 0.12152435107418379, "_child0": {"label": 15, "event": "H", "reconc": [3, 9], "tstamp": 0.0713053857747948, "transferred": 0, "dist": 0.06520063865979746, "_child0": {"label": 21, "event": "S", "reconc": 4, "tstamp": 0.0, "transferred": 1, "dist": 0.23250459157412914}, "_child1": {"label": 20, "event": "S", "reconc": 9, "tstamp": 0.0, "transferred": 0, "dist": 0.0880210418068695}}, "_child1": {"label": 16, "event": "S", "reconc": 8, "tstamp": 0.0, "transferred": 0, "dist": 0.2888686752816738}, "_child2": {"label": 17, "event": "S", "reconc": 6, "tstamp": 0.0, "transferred": 0, "dist": 0.15107684915538327}}, "_child1": {"label": 11, "event": "S", "reconc": 5, "tstamp": 0.0, "transferred": 1, "dist": 0.30935850180819957}}, "_child1": {"label": 8, "event": "H", "reconc": [2, 4], "tstamp": 0.11684401855091595, "transferred": 0, "dist": 0.40209671946184306, "_child0": {"label": 18, "event": "S", "reconc": 4, "tstamp": 0.0, "transferred": 0, "dist": 0.16775733857117772}, "_child1": {"label": 19, "event": "S", "reconc": 5, "tstamp": 0.0, "transferred": 1, "dist": 0.20796244818582757}}}, "_child1": {"label": 5, "event": "S", "reconc": 3, "tstamp": 0.12412408227012552, "transferred": 1, "dist": 0.7835685982783914, "_child0": {"label": 12, "event": "S", "reconc": 9, "tstamp": 0.0, "transferred": 0, "dist": 0.14574393667442562}, "_child1": {"label": 13, "event": "S", "reconc": 8, "tstamp": 0.0, "transferred": 0, "dist": 0.12203398213503919}, "_child2": {"label": 14, "event": "S", "reconc": 6, "tstamp": 0.0, "transferred": 0, "dist": 0.12653818961796964}}}