{"label": 0, "event": null, "tstamp": 1.0, "dist": 0.0, "_child0": {"label": 1, "event": "S", "tstamp": 0.9808893207805709, "dist": 0.019110679219429105, "_child0": {"label": 2, "event": "S", "tstamp": 0.8700046219245083, "dist": 0.11088469885606256, "_child0": {"label": 4, "event": "S", "tstamp": 0.8306747988904761, "dist": 0.03932982303403221, "_child0": {"label": 6, "event": "S", "tstamp": 0.7408236044931699, "dist": 0.08985119439730627, "_child0": {"label": 8, "event": "S", "tstamp": 0.18397931931828154, "dist": 0.5568442851748883, "_child0": {"label": 18, "event": "S", "tstamp": 0.0, "dist": 0.18397931931828154}, "_child1": {"label": 19, "event": "S", "tstamp": 0.0, "dist": 0.18397931931828154}}, "_child1": {"label": 9, "event": "S", "tstamp": 0.0, "dist": 0.7408236044931699}}, "_child1": {"label": 7, "event": "S", "tstamp": 0.0, "dist": 0.8306747988904761}}, "_child1": {"label": 10, "event": "S", "tstamp": 0.0, "dist": 0.8700046219245083}, "_child2": {"label": 11, "event": "S", "tstamp": 0.2955130185985202, "dist": 0.5744916033259881, "_child0": {"label": 13, "event": "S", "tstamp": 0.2683032129410565, "dist": 0.02720980565746367, "_child0": {"label": 15, "event": "S", "tstamp": 0.187187202195555, "dist": 0.08111601074550151, "_child0": {"label": 16, "event": "S", "tstamp": 0.0, "dist": 0.187187202195555}, "_child1": {"label": 17, "event": "S", "tstamp": 0.0, "dist": 0.187187202195555}}, "_child1": {"label": 14, "event": "S", "tstamp": 0.0, "dist": 0.2683032129410565}}, "_child1": {"label": 24, "event": "S", "tstamp": 0.0, "dist": 0.2955130185985202}, "_child2": {"label": 25, "event": "S", "tstamp": 0.05750454222912966, "dist": 0.23800847636939054, "_child0": {"label": 26, "event": "S", "tstamp": 0.015497628387442848, "dist": 0.04200691384168681, "_child0": {"label": 28, "event": "S", "tstamp": 0.0, "dist": 0.015497628387442848}, "_child1": {"label": 29, "event": "S", "tstamp": 0.0, "dist": 0.015497628387442848}}, "_child1": {"label": 27, "event": "S", "tstamp": 0.0, "dist": 0.05750454222912966}}}}, "_child1": {"label": 3, "event": "S", "tstamp": 0.18189441173055687, "dist": 0.798994909050014, "_child0": {"label": 21, "event": "S", "tstamp": 0.12685700616572076, "dist": 0.055037405564836106, "_child0": {"label": 22, "event": "S", "tstamp": 0.0, "dist": 0.12685700616572076}, "_child1": {"label": 23, "event": "S", "tstamp": 0.0, "dist": 0.12685700616572076}}, "_child1": {"label": 20, "event": "S", "tstamp": 0.0, "dist": 0.18189441173055687}}}}