{"label": 1, "event": "S", "reconc": 1, "tstamp": 0.9808893207805709, "transferred": 0, "dist": 0.0, "_child0": {"label": 2, "event": "S", "reconc": 2, "tstamp": 0.8700046219245083, "transferred": 0, "dist": 0.09592997423979151, "_child0": {"label": 4, "event": "S", "reconc": 4, "tstamp": 0.8306747988904761, "transferred": 0, "dist": 0.033178419732577305, "_child0": {"label": 13, "event": "H", "reconc": [6, 9], "tstamp": 0.41000007465327126, "transferred": 0, "dist": 0.28404439327254344, "_child0": {"label": 15, "event": "H", "reconc": [6, 9], "tstamp": 0.38329834226377524, "transferred": 0, "dist": 0.016836840926544427, "_child0": {"label": 18, "event": "S", "reconc": 8, "tstamp": 0.18397931931828154, "transferred": 1, "dist": 0.13004550003923607, "_child0": {"label": 38, "event": "D", "reconc": [8, 19], "tstamp": 0.06419253004163733, "transferred": 0, "dist": 0.06176586077949059, "_child0": {"label": 49, "event": "S", "reconc": 19, "tstamp": 0.0, "transferred": 0, "dist": 0.033099700706379215}, "_child1": {"label": 50, "event": "S", "reconc": 19, "tstamp": 0.0, "transferred": 0, "dist": 0.033099700706379215}}, "_child1": {"label": 37, "event": "S", "reconc": 18, "tstamp": 0.0, "transferred": 0, "dist": 0.0783729238970518}}, "_child1": {"label": 17, "event": "S", "reconc": 9, "tstamp": 0.0, "transferred": 0, "dist": 0.24168968222608908}}, "_child1": {"label": 16, "event": "S", "reconc": 11, "tstamp": 0.2955130185985202, "transferred": 1, "dist": 0.17214978839586798, "_child0": {"label": 22, "event": "S", "reconc": 13, "tstamp": 0.2683032129410565, "transferred": 0, "dist": 0.028679021595348554, "_child0": {"label": 36, "event": "S", "reconc": 17, "tstamp": 0.0, "transferred": 0, "dist": 0.17338077448973738}, "_child1": {"label": 30, "event": "S", "reconc": 14, "tstamp": 0.0, "transferred": 0, "dist": 0.649990188825963}}, "_child1": {"label": 24, "event": "H", "reconc": [11, 25], "tstamp": 0.2349203970415918, "transferred": 0, "dist": 0.044329578507222855, "_child0": {"label": 32, "event": "H", "reconc": [11, 24], "tstamp": 0.08949893262545713, "transferred": 1, "dist": 0.3643645382965148, "_child0": {"label": 46, "event": "S", "reconc": 9, "tstamp": 0.0, "transferred": 1, "dist": 0.10636952327139106}, "_child1": {"label": 45, "event": "S", "reconc": 24, "tstamp": 0.0, "transferred": 0, "dist": 0.22424638202506944}}, "_child1": {"label": 54, "event": "S", "reconc": 27, "tstamp": 0.0, "transferred": 0, "dist": 0.25714144915915027}}, "_child2": {"label": 23, "event": "S", "reconc": 24, "tstamp": 0.0, "transferred": 0, "dist": 3.3110982738617105}}}, "_child1": {"label": 8, "event": "S", "reconc": 7, "tstamp": 0.0, "transferred": 0, "dist": 0.5314362439325686}}, "_child1": {"label": 5, "event": "H", "reconc": [2, 10], "tstamp": 0.7334850934204924, "transferred": 0, "dist": 0.1401234962012857, "_child0": {"label": 12, "event": "S", "reconc": 7, "tstamp": 0.0, "transferred": 1, "dist": 0.49867730466160615}, "_child1": {"label": 11, "event": "S", "reconc": 10, "tstamp": 0.0, "transferred": 0, "dist": 0.752848305497793}}, "_child2": {"label": 6, "event": "S", "reconc": 11, "tstamp": 0.2955130185985202, "transferred": 0, "dist": 0.43217590695687874, "_child0": {"label": 21, "event": "H", "reconc": [11, 25], "tstamp": 0.28436266070236815, "transferred": 0, "dist": 0.008144174966935466, "_child0": {"label": 26, "event": "S", "reconc": 8, "tstamp": 0.18397931931828154, "transferred": 1, "dist": 0.07122738427797336, "_child0": {"label": 39, "event": "S", "reconc": 18, "tstamp": 0.0, "transferred": 0, "dist": 0.1527752042959533}, "_child1": {"label": 40, "event": "S", "reconc": 19, "tstamp": 0.0, "transferred": 0, "dist": 0.1281934209532843}}, "_child1": {"label": 25, "event": "D", "reconc": [11, 25], "tstamp": 0.06266825500913598, "transferred": 0, "dist": 0.1619246705775728, "_child0": {"label": 51, "event": "S", "reconc": 25, "tstamp": 0.05750454222912966, "transferred": 0, "dist": 0.004958470918220023, "_child0": {"label": 55, "event": "S", "reconc": 26, "tstamp": 0.015497628387442848, "transferred": 0, "dist": 0.037294013680355315, "_child0": {"label": 63, "event": "S", "reconc": 28, "tstamp": 0.0, "transferred": 0, "dist": 0.05779146232392603}, "_child1": {"label": 64, "event": "S", "reconc": 29, "tstamp": 0.0, "transferred": 0, "dist": 0.028050369366712007}}, "_child1": {"label": 56, "event": "S", "reconc": 27, "tstamp": 0.0, "transferred": 0, "dist": 0.1148364416713278}}, "_child1": {"label": 52, "event": "S", "reconc": 25, "tstamp": 0.05750454222912966, "transferred": 0, "dist": 0.011202412581137137, "_child0": {"label": 57, "event": "S", "reconc": 26, "tstamp": 0.015497628387442848, "transferred": 0, "dist": 0.03500285236103187, "_child0": {"label": 65, "event": "S", "reconc": 28, "tstamp": 0.0, "transferred": 0, "dist": 0.02644977486256388}, "_child1": {"label": 66, "event": "S", "reconc": 29, "tstamp": 0.0, "transferred": 0, "dist": 0.012874827146123178}}, "_child1": {"label": 58, "event": "S", "reconc": 27, "tstamp": 0.0, "transferred": 0, "dist": 0.36741317473473084}}}}, "_child1": {"label": 19, "event": "S", "reconc": 13, "tstamp": 0.2683032129410565, "transferred": 0, "dist": 0.01688569589387985, "_child0": {"label": 27, "event": "S", "reconc": 15, "tstamp": 0.187187202195555, "transferred": 0, "dist": 0.04926458823946875, "_child0": {"label": 33, "event": "S", "reconc": 16, "tstamp": 0.0, "transferred": 0, "dist": 0.11361498439291341}, "_child1": {"label": 34, "event": "S", "reconc": 17, "tstamp": 0.0, "transferred": 0, "dist": 0.09666526793125325}}, "_child1": {"label": 28, "event": "S", "reconc": 14, "tstamp": 0.0, "transferred": 0, "dist": 0.18816727131902555}}}}, "_child1": {"label": 3, "event": "S", "reconc": 3, "tstamp": 0.18189441173055687, "transferred": 0, "dist": 0.7835127530396822, "_child0": {"label": 41, "event": "S", "reconc": 21, "tstamp": 0.12685700616572076, "transferred": 0, "dist": 0.06278510917340951, "_child0": {"label": 44, "event": "D", "reconc": [21, 23], "tstamp": 0.07868528732707541, "transferred": 0, "dist": 0.06305238615128664, "_child0": {"label": 48, "event": "D", "reconc": [21, 23], "tstamp": 0.052870852854475604, "transferred": 0, "dist": 0.12349051808814966, "_child0": {"label": 59, "event": "D", "reconc": [21, 23], "tstamp": 0.052020746407614275, "transferred": 0, "dist": 0.0039737969503655535, "_child0": {"label": 61, "event": "S", "reconc": 23, "tstamp": 0.0, "transferred": 0, "dist": 0.21638045987137738}, "_child1": {"label": 62, "event": "S", "reconc": 23, "tstamp": 0.0, "transferred": 0, "dist": 0.06830597164765605}}, "_child1": {"label": 60, "event": "S", "reconc": 23, "tstamp": 0.0, "transferred": 0, "dist": 0.1609240366576603}}, "_child1": {"label": 47, "event": "S", "reconc": 23, "tstamp": 0.0, "transferred": 0, "dist": 0.3396528810530825}}, "_child1": {"label": 43, "event": "S", "reconc": 22, "tstamp": 0.0, "transferred": 0, "dist": 0.1678354097545711}}, "_child1": {"label": 42, "event": "S", "reconc": 20, "tstamp": 0.0, "transferred": 0, "dist": 0.19186479421771224}}}