{"label": 1, "event": "S", "reconc": 1, "tstamp": 0.9200213903330626, "transferred": 0, "dist": 0.0, "_child0": {"label": 2, "event": "D", "reconc": [1, 2], "tstamp": 0.9103309956651847, "transferred": 0, "dist": 0.009679412361351123, "_child0": {"label": 5, "event": "S", "reconc": 2, "tstamp": 0.8807980485414149, "transferred": 0, "dist": 0.09064123940002208, "_child0": {"label": 8, "event": "H", "reconc": [2, 4], "tstamp": 0.8669270103988986, "transferred": 0, "dist": 0.016892607004696025, "_child0": {"label": 11, "event": "H", "reconc": [2, 4], "tstamp": 0.8403756824989782, "transferred": 0, "dist": 0.032335081416250404, "_child0": {"label": 37, "event": "S", "reconc": 15, "tstamp": 0.4468907705039406, "transferred": 1, "dist": 0.5922747168960736, "_child0": {"label": 43, "event": "D", "reconc": [15, 16], "tstamp": 0.39912243135097936, "transferred": 0, "dist": 0.0448591533553042, "_child0": {"label": 52, "event": "D", "reconc": [15, 16], "tstamp": 0.27242832256205246, "transferred": 0, "dist": 0.17123073306081973, "_child0": {"label": 65, "event": "S", "reconc": 16, "tstamp": 0.0, "transferred": 0, "dist": 0.8823211634255145}, "_child1": {"label": 66, "event": "S", "reconc": 16, "tstamp": 0.0, "transferred": 0, "dist": 0.493118223018626}}, "_child1": {"label": 51, "event": "S", "reconc": 16, "tstamp": 0.0, "transferred": 0, "dist": 0.4539290386476507}}, "_child1": {"label": 44, "event": "S", "reconc": 17, "tstamp": 0.0, "transferred": 0, "dist": 0.35710149133179564}}, "_child1": {"label": 18, "event": "S", "reconc": 6, "tstamp": 0.0, "transferred": 1, "dist": 0.7686557591459354}}, "_child1": {"label": 29, "event": "H", "reconc": [11, 12], "tstamp": 0.5010692066737829, "transferred": 1, "dist": 1.4118708893098575, "_child0": {"label": 40, "event": "S", "reconc": 14, "tstamp": 0.3595236934477348, "transferred": 1, "dist": 0.3253031442819705, "_child0": {"label": 69, "event": "S", "reconc": 20, "tstamp": 0.0, "transferred": 0, "dist": 1.0714390264553804}, "_child1": {"label": 59, "event": "S", "reconc": 23, "tstamp": 0.12886173832841122, "transferred": 0, "dist": 0.4429655245496176, "_child0": {"label": 75, "event": "S", "reconc": 25, "tstamp": 0.055415834998853226, "transferred": 0, "dist": 0.07271836250483572, "_child0": {"label": 79, "event": "S", "reconc": 26, "tstamp": 0.0, "transferred": 0, "dist": 0.054084779809209914}, "_child1": {"label": 80, "event": "S", "reconc": 27, "tstamp": 0.0, "transferred": 0, "dist": 0.14967991665430996}}, "_child1": {"label": 76, "event": "S", "reconc": 24, "tstamp": 0.0, "transferred": 0, "dist": 0.3909401016389729}}, "_child2": {"label": 57, "event": "S", "reconc": 29, "tstamp": 0.0, "transferred": 0, "dist": 3.6920068819136604}, "_child3": {"label": 58, "event": "S", "reconc": 28, "tstamp": 0.0, "transferred": 0, "dist": 0.4817471953610751}}, "_child1": {"label": 33, "event": "H", "reconc": [11, 12], "tstamp": 0.006769803665466338, "transferred": 0, "dist": 0.6648633162837748, "_child0": {"label": 84, "event": "S", "reconc": 29, "tstamp": 0.0, "transferred": 1, "dist": 0.009972694954016235}, "_child1": {"label": 83, "event": "S", "reconc": 12, "tstamp": 0.0, "transferred": 0, "dist": 0.005543431004234789}}}}, "_child1": {"label": 13, "event": "S", "reconc": 7, "tstamp": 0.5808688772621886, "transferred": 0, "dist": 0.42615680354711105, "_child0": {"label": 23, "event": "D", "reconc": [7, 8], "tstamp": 0.5409416579614053, "transferred": 0, "dist": 0.05870317353600814, "_child0": {"label": 68, "event": "S", "reconc": 8, "tstamp": 0.0, "transferred": 0, "dist": 1.583211231114988}, "_child1": {"label": 31, "event": "S", "reconc": 8, "tstamp": 0.0, "transferred": 0, "dist": 1.0194116265300899}}, "_child1": {"label": 24, "event": "D", "reconc": [7, 9], "tstamp": 0.009142760291442212, "transferred": 0, "dist": 0.6458240747206155, "_child0": {"label": 81, "event": "S", "reconc": 9, "tstamp": 0.0, "transferred": 0, "dist": 0.0225149064865701}, "_child1": {"label": 82, "event": "S", "reconc": 9, "tstamp": 0.0, "transferred": 0, "dist": 0.027846953486823367}}}}, "_child1": {"label": 6, "event": "S", "reconc": 2, "tstamp": 0.8807980485414149, "transferred": 0, "dist": 0.029499476879360952, "_child0": {"label": 26, "event": "S", "reconc": 9, "tstamp": 0.0, "transferred": 0, "dist": 0.8658879837076661}, "_child1": {"label": 50, "event": "H", "reconc": [4, 19], "tstamp": 0.34747545961904835, "transferred": 0, "dist": 0.5772866621616819, "_child0": {"label": 62, "event": "H", "reconc": [14, 29], "tstamp": 0.19016328590281678, "transferred": 1, "dist": 0.17444521295124907, "_child0": {"label": 71, "event": "S", "reconc": 29, "tstamp": 0.0, "transferred": 0, "dist": 0.2108741753493634}, "_child1": {"label": 72, "event": "S", "reconc": 20, "tstamp": 0.0, "transferred": 1, "dist": 0.40769334829301657}}, "_child1": {"label": 61, "event": "S", "reconc": 19, "tstamp": 0.0, "transferred": 0, "dist": 0.4159411629638757}}}}, "_child1": {"label": 28, "event": "S", "reconc": 13, "tstamp": 0.0, "transferred": 0, "dist": 0.9492336560600829}, "_child2": {"label": 3, "event": "S", "reconc": 10, "tstamp": 0.4632973943673247, "transferred": 0, "dist": 0.4280875720582193, "_child0": {"label": 35, "event": "S", "reconc": 15, "tstamp": 0.4468907705039406, "transferred": 0, "dist": 0.013472722687012068, "_child0": {"label": 41, "event": "S", "reconc": 16, "tstamp": 0.0, "transferred": 0, "dist": 0.3496945924524222}, "_child1": {"label": 42, "event": "S", "reconc": 17, "tstamp": 0.0, "transferred": 0, "dist": 0.35696661766084}}, "_child1": {"label": 36, "event": "S", "reconc": 14, "tstamp": 0.3595236934477348, "transferred": 0, "dist": 0.10116197645481448, "_child0": {"label": 55, "event": "S", "reconc": 23, "tstamp": 0.12886173832841122, "transferred": 0, "dist": 0.2429435569354817, "_child0": {"label": 73, "event": "S", "reconc": 25, "tstamp": 0.055415834998853226, "transferred": 0, "dist": 0.07156759493306136, "_child0": {"label": 77, "event": "S", "reconc": 26, "tstamp": 0.0, "transferred": 0, "dist": 0.05392784269529994}, "_child1": {"label": 78, "event": "S", "reconc": 27, "tstamp": 0.0, "transferred": 0, "dist": 0.049789670083063044}}, "_child1": {"label": 74, "event": "S", "reconc": 24, "tstamp": 0.0, "transferred": 0, "dist": 0.13277604197660797}}, "_child1": {"label": 53, "event": "S", "reconc": 29, "tstamp": 0.0, "transferred": 0, "dist": 0.3923452953397972}, "_child2": {"label": 54, "event": "S", "reconc": 28, "tstamp": 0.0, "transferred": 0, "dist": 0.43713631991411717}, "_child3": {"label": 56, "event": "S", "reconc": 20, "tstamp": 0.0, "transferred": 0, "dist": 0.3941641944570836}}}}