{"label": 0, "event": null, "tstamp": 1.0, "dist": 0.0, "_child0": {"label": 1, "event": "S", "tstamp": 0.9247106663055101, "dist": 0.07528933369448987, "_child0": {"label": 3, "event": "S", "tstamp": 0.734369658001225, "dist": 0.19034100830428513, "_child0": {"label": 5, "event": "S", "tstamp": 0.7234088758920484, "dist": 0.010960782109176614, "_child0": {"label": 6, "event": "S", "tstamp": 0.444902216262469, "dist": 0.2785066596295794, "_child0": {"label": 13, "event": "S", "tstamp": 0.3124089336558132, "dist": 0.13249328260665583, "_child0": {"label": 15, "event": "S", "tstamp": 0.2828496772609162, "dist": 0.029559256394896982, "_child0": {"label": 20, "event": "S", "tstamp": 0.0, "dist": 0.2828496772609162}, "_child1": {"label": 21, "event": "S", "tstamp": 0.10364006740561692, "dist": 0.17920960985529927, "_child0": {"label": 22, "event": "S", "tstamp": 0.09598919439109005, "dist": 0.007650873014526868, "_child0": {"label": 25, "event": "S", "tstamp": 0.09041877164667743, "dist": 0.00557042274441262, "_child0": {"label": 26, "event": "S", "tstamp": 0.0, "dist": 0.09041877164667743}, "_child1": {"label": 27, "event": "S", "tstamp": 0.0, "dist": 0.09041877164667743}}, "_child1": {"label": 24, "event": "S", "tstamp": 0.0, "dist": 0.09598919439109005}}, "_child1": {"label": 23, "event": "S", "tstamp": 0.05337332829050526, "dist": 0.050266739115111654, "_child0": {"label": 28, "event": "S", "tstamp": 0.0, "dist": 0.05337332829050526}, "_child1": {"label": 29, "event": "S", "tstamp": 0.0, "dist": 0.05337332829050526}}}, "_child2": {"label": 17, "event": "S", "tstamp": 0.0, "dist": 0.2828496772609162}}, "_child1": {"label": 14, "event": "S", "tstamp": 0.25249493768805725, "dist": 0.05991399596775593, "_child0": {"label": 18, "event": "S", "tstamp": 0.0, "dist": 0.25249493768805725}, "_child1": {"label": 19, "event": "S", "tstamp": 0.0, "dist": 0.25249493768805725}}}, "_child1": {"label": 12, "event": "S", "tstamp": 0.0, "dist": 0.444902216262469}}, "_child1": {"label": 7, "event": "S", "tstamp": 0.0, "dist": 0.7234088758920484}}, "_child1": {"label": 4, "event": "S", "tstamp": 0.5621187459805341, "dist": 0.17225091202069087, "_child0": {"label": 9, "event": "S", "tstamp": 0.4859517488583396, "dist": 0.07616699712219455, "_child0": {"label": 10, "event": "S", "tstamp": 0.0, "dist": 0.4859517488583396}, "_child1": {"label": 11, "event": "S", "tstamp": 0.0, "dist": 0.4859517488583396}}, "_child1": {"label": 8, "event": "S", "tstamp": 0.0, "dist": 0.5621187459805341}}}, "_child1": {"label": 2, "event": "S", "tstamp": 0.0, "dist": 0.9247106663055101}}}