{"label": 0, "event": null, "tstamp": 1.0, "dist": 0.0, "_child0": {"label": 1, "event": "S", "tstamp": 0.9371948885179772, "dist": 0.06280511148202284, "_child0": {"label": 2, "event": "S", "tstamp": 0.9178803035388265, "dist": 0.019314584979150617, "_child0": {"label": 5, "event": "S", "tstamp": 0.7696280499939758, "dist": 0.14825225354485072, "_child0": {"label": 8, "event": "S", "tstamp": 0.00601924378419828, "dist": 0.7636088062097776, "_child0": {"label": 14, "event": "S", "tstamp": 0.0, "dist": 0.00601924378419828}, "_child1": {"label": 15, "event": "S", "tstamp": 0.0, "dist": 0.00601924378419828}}, "_child1": {"label": 9, "event": "S", "tstamp": 0.2528852901259746, "dist": 0.5167427598680012, "_child0": {"label": 11, "event": "S", "tstamp": 0.02316631434146212, "dist": 0.22971897578451247, "_child0": {"label": 12, "event": "S", "tstamp": 0.0, "dist": 0.02316631434146212}, "_child1": {"label": 13, "event": "S", "tstamp": 0.0, "dist": 0.02316631434146212}}, "_child1": {"label": 10, "event": "S", "tstamp": 0.0, "dist": 0.2528852901259746}}, "_child2": {"label": 6, "event": "S", "tstamp": 0.0, "dist": 0.7696280499939758}}, "_child1": {"label": 4, "event": "S", "tstamp": 0.0, "dist": 0.9178803035388265}}, "_child1": {"label": 3, "event": "S", "tstamp": 0.0, "dist": 0.9371948885179772}}}