{"label": 1, "event": "S", "reconc": 1, "tstamp": 0.9371948885179772, "transferred": 0, "dist": 0.0, "_child0": {"label": 2, "event": "S", "reconc": 2, "tstamp": 0.9178803035388265, "transferred": 0, "dist": 0.020679419004037695, "_child0": {"label": 7, "event": "D", "reconc": [5, 9], "tstamp": 0.6695278186694342, "transferred": 0, "dist": 0.23330259857824112, "_child0": {"label": 10, "event": "D", "reconc": [5, 9], "tstamp": 0.3152607533510911, "transferred": 0, "dist": 0.8631387455430058, "_child0": {"label": 16, "event": "D", "reconc": [5, 9], "tstamp": 0.2933484794312868, "transferred": 0, "dist": 0.02659596419191551, "_child0": {"label": 23, "event": "S", "reconc": 11, "tstamp": 0.02316631434146212, "transferred": 0, "dist": 0.22976142880012335, "_child0": {"label": 35, "event": "H", "reconc": [11, 12], "tstamp": 0.02255962900855678, "transferred": 0, "dist": 0.0005326099405677514, "_child0": {"label": 38, "event": "D", "reconc": [5, 6], "tstamp": 0.021761504663993708, "transferred": 1, "dist": 0.0006101371760820005, "_child0": {"label": 39, "event": "S", "reconc": 6, "tstamp": 0.0, "transferred": 0, "dist": 0.04350134701917825}, "_child1": {"label": 40, "event": "S", "reconc": 6, "tstamp": 0.0, "transferred": 0, "dist": 0.01753040604963461}}, "_child1": {"label": 37, "event": "S", "reconc": 12, "tstamp": 0.0, "transferred": 0, "dist": 0.01980513128269864}}, "_child1": {"label": 36, "event": "S", "reconc": 13, "tstamp": 0.0, "transferred": 0, "dist": 0.01975003584510723}}, "_child1": {"label": 26, "event": "S", "reconc": 10, "tstamp": 0.0, "transferred": 0, "dist": 0.37417816281362803}}, "_child1": {"label": 15, "event": "S", "reconc": 9, "tstamp": 0.2528852901259746, "transferred": 0, "dist": 0.1045973229130611, "_child0": {"label": 21, "event": "S", "reconc": 11, "tstamp": 0.02316631434146212, "transferred": 0, "dist": 0.2311812354457187, "_child0": {"label": 33, "event": "S", "reconc": 12, "tstamp": 0.0, "transferred": 0, "dist": 0.04189627815822747}, "_child1": {"label": 34, "event": "S", "reconc": 13, "tstamp": 0.0, "transferred": 0, "dist": 0.02220799892745558}}, "_child1": {"label": 22, "event": "S", "reconc": 10, "tstamp": 0.0, "transferred": 0, "dist": 0.2748179940706336}}}, "_child1": {"label": 9, "event": "S", "reconc": 9, "tstamp": 0.2528852901259746, "transferred": 0, "dist": 0.3616718816153174, "_child0": {"label": 20, "event": "D", "reconc": [9, 10], "tstamp": 0.14495113340363194, "transferred": 0, "dist": 0.10083373516341546, "_child0": {"label": 29, "event": "S", "reconc": 10, "tstamp": 0.0, "transferred": 0, "dist": 0.13541555927339896}, "_child1": {"label": 30, "event": "S", "reconc": 10, "tstamp": 0.0, "transferred": 0, "dist": 0.13541555927339896}}, "_child1": {"label": 19, "event": "S", "reconc": 11, "tstamp": 0.02316631434146212, "transferred": 0, "dist": 0.1897373506689787, "_child0": {"label": 31, "event": "S", "reconc": 12, "tstamp": 0.0, "transferred": 0, "dist": 0.019622291408310656}, "_child1": {"label": 32, "event": "S", "reconc": 13, "tstamp": 0.0, "transferred": 0, "dist": 0.01843124505404099}}}}, "_child1": {"label": 11, "event": "H", "reconc": [2, 4], "tstamp": 0.16554492512976848, "transferred": 0, "dist": 0.6606394686119856, "_child0": {"label": 28, "event": "S", "reconc": 6, "tstamp": 0.0, "transferred": 1, "dist": 0.42926046335165224}, "_child1": {"label": 27, "event": "S", "reconc": 4, "tstamp": 0.0, "transferred": 0, "dist": 0.14536802934937512}}}, "_child1": {"label": 3, "event": "S", "reconc": 3, "tstamp": 0.0, "transferred": 0, "dist": 1.3539384292079333}}