{"label": 1, "event": "S", "reconc": 1, "tstamp": 0.8958622261278146, "transferred": 0, "dist": 0.0, "_child0": {"label": 3, "event": "S", "reconc": 5, "tstamp": 0.5289051504536992, "transferred": 0, "dist": 0.3068342810668717, "_child0": {"label": 5, "event": "H", "reconc": [5, 7], "tstamp": 0.5040307223391669, "transferred": 0, "dist": 0.01935122554360295, "_child0": {"label": 7, "event": "S", "reconc": 7, "tstamp": 0.3744598599098594, "transferred": 0, "dist": 0.10080050770227808, "_child0": {"label": 10, "event": "H", "reconc": [7, 9], "tstamp": 0.25720847434605354, "transferred": 0, "dist": 0.08109203254817042, "_child0": {"label": 12, "event": "H", "reconc": [5, 6], "tstamp": 0.2564650278862374, "transferred": 1, "dist": 0.00044065068809374475, "_child0": {"label": 14, "event": "H", "reconc": [1, 4], "tstamp": 0.0906999860509231, "transferred": 1, "dist": 0.24220395599035488, "_child0": {"label": 20, "event": "S", "reconc": 11, "tstamp": 0.07008147456191935, "transferred": 1, "dist": 0.025575799005080703, "_child0": {"label": 23, "event": "S", "reconc": 13, "tstamp": 0.003040593635494181, "transferred": 0, "dist": 0.0677840749203808, "_child0": {"label": 27, "event": "S", "reconc": 14, "tstamp": 0.0, "transferred": 0, "dist": 0.005537531930066872}, "_child1": {"label": 28, "event": "S", "reconc": 15, "tstamp": 0.0, "transferred": 0, "dist": 0.0031591734936493665}}, "_child1": {"label": 24, "event": "S", "reconc": 12, "tstamp": 0.0, "transferred": 0, "dist": 0.10607400294258967}}, "_child1": {"label": 19, "event": "S", "reconc": 4, "tstamp": 0.0, "transferred": 0, "dist": 0.13252429575367547}}, "_child1": {"label": 13, "event": "S", "reconc": 6, "tstamp": 0.0, "transferred": 0, "dist": 0.1520102618257091}}, "_child1": {"label": 11, "event": "S", "reconc": 9, "tstamp": 0.0, "transferred": 0, "dist": 0.1778875181136786}}, "_child1": {"label": 9, "event": "S", "reconc": 8, "tstamp": 0.1791565902259011, "transferred": 0, "dist": 0.15847186138936356, "_child0": {"label": 17, "event": "S", "reconc": 11, "tstamp": 0.07008147456191935, "transferred": 0, "dist": 0.093526461746689, "_child0": {"label": 21, "event": "S", "reconc": 13, "tstamp": 0.003040593635494181, "transferred": 0, "dist": 0.06472607010881089, "_child0": {"label": 25, "event": "S", "reconc": 14, "tstamp": 0.0, "transferred": 0, "dist": 0.003119395009996204}, "_child1": {"label": 26, "event": "S", "reconc": 15, "tstamp": 0.0, "transferred": 0, "dist": 0.003140438008730768}}, "_child1": {"label": 22, "event": "S", "reconc": 12, "tstamp": 0.0, "transferred": 0, "dist": 0.06513509587761301}}, "_child1": {"label": 18, "event": "S", "reconc": 10, "tstamp": 0.0, "transferred": 0, "dist": 0.15804197213547572}}}, "_child1": {"label": 8, "event": "S", "reconc": 3, "tstamp": 0.0, "transferred": 1, "dist": 5.764838224169185}}, "_child1": {"label": 6, "event": "H", "reconc": [5, 6], "tstamp": 0.24692413639528726, "transferred": 0, "dist": 0.16284361742675896, "_child0": {"label": 16, "event": "S", "reconc": 4, "tstamp": 0.0, "transferred": 1, "dist": 0.18210866847875512}, "_child1": {"label": 15, "event": "S", "reconc": 6, "tstamp": 0.0, "transferred": 0, "dist": 0.14259832256741073}}}, "_child1": {"label": 2, "event": "S", "reconc": 4, "tstamp": 0.0, "transferred": 0, "dist": 0.6605500519997408}, "_child2": {"label": 4, "event": "S", "reconc": 3, "tstamp": 0.0, "transferred": 0, "dist": 1.3507775653954814}}