{"label": 2, "event": "S", "reconc": 3, "tstamp": 0.6314404394236217, "transferred": 0, "dist": 0.0, "_child0": {"label": 4, "event": "H", "reconc": [3, 5], "tstamp": 0.5208025324491274, "transferred": 0, "dist": 0.1341531738590997, "_child0": {"label": 6, "event": "S", "reconc": 5, "tstamp": 0.4373932567059016, "transferred": 0, "dist": 0.101137298926146, "_child0": {"label": 8, "event": "S", "reconc": 7, "tstamp": 0.4086487674519322, "transferred": 0, "dist": 0.03440028102782289, "_child0": {"label": 14, "event": "S", "reconc": 8, "tstamp": 0.1277226757302971, "transferred": 0, "dist": 0.3319365249504747, "_child0": {"label": 36, "event": "S", "reconc": 20, "tstamp": 0.0, "transferred": 0, "dist": 0.16327847386523614}, "_child1": {"label": 33, "event": "D", "reconc": [8, 23], "tstamp": 0.031160682378072686, "transferred": 0, "dist": 0.11001073523968007, "_child0": {"label": 46, "event": "S", "reconc": 23, "tstamp": 0.0, "transferred": 0, "dist": 0.03550060909034611}, "_child1": {"label": 47, "event": "S", "reconc": 23, "tstamp": 0.0, "transferred": 0, "dist": 0.11658313054027417}}, "_child2": {"label": 34, "event": "S", "reconc": 22, "tstamp": 0.0, "transferred": 0, "dist": 0.1448267156876329}}, "_child1": {"label": 13, "event": "S", "reconc": 10, "tstamp": 0.0, "transferred": 0, "dist": 0.39664672581424987}}, "_child1": {"label": 9, "event": "S", "reconc": 6, "tstamp": 0.30603049063324417, "transferred": 0, "dist": 0.1608677506380493, "_child0": {"label": 15, "event": "S", "reconc": 13, "tstamp": 0.2585071088491862, "transferred": 0, "dist": 0.05494377228879236, "_child0": {"label": 21, "event": "S", "reconc": 15, "tstamp": 0.22952502245767145, "transferred": 0, "dist": 0.031861628685089995, "_child0": {"label": 25, "event": "S", "reconc": 16, "tstamp": 0.0, "transferred": 0, "dist": 0.2737300954824236}, "_child1": {"label": 26, "event": "S", "reconc": 17, "tstamp": 0.0, "transferred": 0, "dist": 0.23358173354299916}}, "_child1": {"label": 22, "event": "S", "reconc": 14, "tstamp": 0.22882161949809246, "transferred": 0, "dist": 0.03369347958657741, "_child0": {"label": 30, "event": "D", "reconc": [14, 19], "tstamp": 0.04367253275509712, "transferred": 0, "dist": 0.20354994513566532, "_child0": {"label": 44, "event": "S", "reconc": 19, "tstamp": 0.0, "transferred": 0, "dist": 0.17111828908546486}, "_child1": {"label": 45, "event": "S", "reconc": 19, "tstamp": 0.0, "transferred": 0, "dist": 0.048537661555257655}}, "_child1": {"label": 29, "event": "S", "reconc": 18, "tstamp": 0.0, "transferred": 0, "dist": 0.39738385818863897}}}, "_child1": {"label": 16, "event": "S", "reconc": 12, "tstamp": 0.05268572848669518, "transferred": 0, "dist": 0.3774190526485579, "_child0": {"label": 40, "event": "S", "reconc": 24, "tstamp": 0.0, "transferred": 0, "dist": 0.09428594386947119}, "_child1": {"label": 41, "event": "S", "reconc": 25, "tstamp": 0.0, "transferred": 0, "dist": 0.09388861388251833}}}}, "_child1": {"label": 7, "event": "D", "reconc": [3, 4], "tstamp": 0.2787474933744182, "transferred": 1, "dist": 0.21214840607567023, "_child0": {"label": 19, "event": "S", "reconc": 4, "tstamp": 0.0, "transferred": 0, "dist": 0.4899363594378157}, "_child1": {"label": 20, "event": "S", "reconc": 4, "tstamp": 0.0, "transferred": 0, "dist": 0.2627547787306637}}}, "_child1": {"label": 5, "event": "H", "reconc": [3, 4], "tstamp": 0.41170320117432535, "transferred": 0, "dist": 0.1925870806903531, "_child0": {"label": 11, "event": "S", "reconc": 6, "tstamp": 0.30603049063324417, "transferred": 1, "dist": 0.1379078305290557, "_child0": {"label": 17, "event": "S", "reconc": 13, "tstamp": 0.2585071088491862, "transferred": 0, "dist": 0.11027208833389676, "_child0": {"label": 23, "event": "S", "reconc": 15, "tstamp": 0.22952502245767145, "transferred": 0, "dist": 0.03349008926536575, "_child0": {"label": 27, "event": "D", "reconc": [15, 16], "tstamp": 0.08690319394409436, "transferred": 0, "dist": 0.4277665006288304, "_child0": {"label": 38, "event": "S", "reconc": 16, "tstamp": 0.0, "transferred": 0, "dist": 0.11593153415118666}, "_child1": {"label": 39, "event": "S", "reconc": 16, "tstamp": 0.0, "transferred": 0, "dist": 0.10382210138355356}}, "_child1": {"label": 28, "event": "S", "reconc": 17, "tstamp": 0.0, "transferred": 0, "dist": 0.2884595477599686}}, "_child1": {"label": 24, "event": "S", "reconc": 14, "tstamp": 0.22882161949809246, "transferred": 0, "dist": 0.12315635327703194, "_child0": {"label": 31, "event": "D", "reconc": [14, 18], "tstamp": 0.01244327288792607, "transferred": 0, "dist": 0.8094063347454613, "_child0": {"label": 51, "event": "D", "reconc": [14, 18], "tstamp": 0.006589678705489117, "transferred": 0, "dist": 0.05151644366082198, "_child0": {"label": 52, "event": "S", "reconc": 18, "tstamp": 0.0, "transferred": 0, "dist": 0.029256872052411224}, "_child1": {"label": 53, "event": "S", "reconc": 18, "tstamp": 0.0, "transferred": 0, "dist": 0.013406008907757642}}, "_child1": {"label": 50, "event": "S", "reconc": 18, "tstamp": 0.0, "transferred": 0, "dist": 0.036332402776787356}}, "_child1": {"label": 32, "event": "S", "reconc": 19, "tstamp": 0.0, "transferred": 0, "dist": 0.31742077868604385}}}, "_child1": {"label": 18, "event": "S", "reconc": 12, "tstamp": 0.05268572848669518, "transferred": 0, "dist": 0.9401356671966394, "_child0": {"label": 42, "event": "S", "reconc": 24, "tstamp": 0.0, "transferred": 0, "dist": 0.1376475782400118}, "_child1": {"label": 43, "event": "S", "reconc": 25, "tstamp": 0.0, "transferred": 0, "dist": 0.16582457054913757}}}, "_child1": {"label": 10, "event": "D", "reconc": [3, 4], "tstamp": 0.025803932665733376, "transferred": 0, "dist": 0.3382185657503158, "_child0": {"label": 48, "event": "S", "reconc": 4, "tstamp": 0.0, "transferred": 0, "dist": 0.023027288124402263}, "_child1": {"label": 49, "event": "S", "reconc": 4, "tstamp": 0.0, "transferred": 0, "dist": 0.10578798704383628}}}}