{"label": 0, "event": null, "tstamp": 1.0, "dist": 0.0, "_child0": {"label": 1, "event": "S", "tstamp": 0.4146070737452918, "dist": 0.5853929262547082, "_child0": {"label": 3, "event": "S", "tstamp": 0.05926757167258872, "dist": 0.3553395020727031, "_child0": {"label": 5, "event": "S", "tstamp": 0.035401923261663505, "dist": 0.023865648410925214, "_child0": {"label": 6, "event": "S", "tstamp": 0.0, "dist": 0.035401923261663505}, "_child1": {"label": 7, "event": "S", "tstamp": 0.0, "dist": 0.035401923261663505}}, "_child1": {"label": 4, "event": "S", "tstamp": 0.0, "dist": 0.05926757167258872}}, "_child1": {"label": 2, "event": "S", "tstamp": 0.014401289122007707, "dist": 0.4002057846232841, "_child0": {"label": 8, "event": "S", "tstamp": 0.0, "dist": 0.014401289122007707}, "_child1": {"label": 9, "event": "S", "tstamp": 0.0, "dist": 0.014401289122007707}}}}