{"label": 1, "event": "S", "reconc": 1, "tstamp": 0.8331449415132852, "transferred": 0, "dist": 0.0, "_child0": {"label": 3, "event": "D", "reconc": [1, 7], "tstamp": 0.6422315283004844, "transferred": 0, "dist": 0.18376698406925154, "_child0": {"label": 7, "event": "H", "reconc": [1, 7], "tstamp": 0.6325198980775307, "transferred": 0, "dist": 0.02133810086969275, "_child0": {"label": 8, "event": "S", "reconc": 7, "tstamp": 0.0, "transferred": 0, "dist": 1.3897536332639853}, "_child1": {"label": 9, "event": "S", "reconc": 2, "tstamp": 0.0, "transferred": 1, "dist": 0.6295705581606839}}, "_child1": {"label": 6, "event": "H", "reconc": [1, 7], "tstamp": 0.17079695387701113, "transferred": 0, "dist": 0.5714568189748045, "_child0": {"label": 28, "event": "S", "reconc": 7, "tstamp": 0.0, "transferred": 0, "dist": 0.20703420845300527}, "_child1": {"label": 29, "event": "S", "reconc": 14, "tstamp": 0.0, "transferred": 1, "dist": 0.2006912719631405}}}, "_child1": {"label": 4, "event": "S", "reconc": 6, "tstamp": 0.5363990109506671, "transferred": 0, "dist": 0.31823026795608916, "_child0": {"label": 10, "event": "S", "reconc": 9, "tstamp": 0.5324740091885461, "transferred": 0, "dist": 0.003963806123462471, "_child0": {"label": 13, "event": "H", "reconc": [9, 10], "tstamp": 0.4831956128081438, "transferred": 0, "dist": 0.05284296686964452, "_child0": {"label": 14, "event": "S", "reconc": 10, "tstamp": 0.18833381222819265, "transferred": 0, "dist": 0.3161907347570809, "_child0": {"label": 24, "event": "S", "reconc": 14, "tstamp": 0.0, "transferred": 0, "dist": 0.22077743884875708}, "_child1": {"label": 25, "event": "S", "reconc": 15, "tstamp": 0.0, "transferred": 0, "dist": 0.20434223660656345}}, "_child1": {"label": 15, "event": "S", "reconc": 2, "tstamp": 0.0, "transferred": 1, "dist": 0.5666195274118747}}, "_child1": {"label": 12, "event": "H", "reconc": [9, 11], "tstamp": 0.2736201766560042, "transferred": 0, "dist": 0.2607539010109976, "_child0": {"label": 18, "event": "S", "reconc": 11, "tstamp": 0.19600629897893507, "transferred": 0, "dist": 0.07818358793023437, "_child0": {"label": 22, "event": "S", "reconc": 12, "tstamp": 0.0, "transferred": 0, "dist": 0.19321278401230912}, "_child1": {"label": 23, "event": "S", "reconc": 13, "tstamp": 0.0, "transferred": 0, "dist": 0.19795281666185346}}, "_child1": {"label": 19, "event": "S", "reconc": 4, "tstamp": 0.0, "transferred": 1, "dist": 0.33422975560087137}}}, "_child1": {"label": 17, "event": "S", "reconc": 10, "tstamp": 0.18833381222819265, "transferred": 1, "dist": 0.42463180279713375, "_child0": {"label": 26, "event": "S", "reconc": 14, "tstamp": 0.0, "transferred": 0, "dist": 0.31548652576906006}, "_child1": {"label": 27, "event": "S", "reconc": 15, "tstamp": 0.0, "transferred": 0, "dist": 0.686132648306556}}}, "_child2": {"label": 5, "event": "D", "reconc": [1, 2], "tstamp": 0.27040303256244, "transferred": 0, "dist": 0.5544236977659358, "_child0": {"label": 20, "event": "H", "reconc": [1, 2], "tstamp": 0.04428851298012798, "transferred": 0, "dist": 0.2227721910726643, "_child0": {"label": 31, "event": "S", "reconc": 8, "tstamp": 0.0, "transferred": 1, "dist": 0.04067780985484682}, "_child1": {"label": 30, "event": "S", "reconc": 2, "tstamp": 0.0, "transferred": 0, "dist": 0.04363385904699345}}, "_child1": {"label": 21, "event": "S", "reconc": 2, "tstamp": 0.0, "transferred": 0, "dist": 0.3133200744111904}}}