{"label": 1, "event": "S", "reconc": 1, "tstamp": 0.6808370724135938, "transferred": 0, "dist": 0.0, "_child0": {"label": 3, "event": "H", "reconc": [1, 2], "tstamp": 0.520786416697124, "transferred": 0, "dist": 0.1286190971484155, "_child0": {"label": 5, "event": "S", "reconc": 3, "tstamp": 0.5113264198105625, "transferred": 1, "dist": 0.0633432718645466, "_child0": {"label": 8, "event": "S", "reconc": 5, "tstamp": 0.40356426155584313, "transferred": 0, "dist": 0.20231821116125387, "_child0": {"label": 12, "event": "S", "reconc": 6, "tstamp": 0.22436961021111365, "transferred": 0, "dist": 0.22494797628025914, "_child0": {"label": 26, "event": "D", "reconc": [6, 15], "tstamp": 0.18047490526435048, "transferred": 0, "dist": 0.042155913466941065, "_child0": {"label": 32, "event": "S", "reconc": 16, "tstamp": 0.0, "transferred": 0, "dist": 0.1953080629085306}, "_child1": {"label": 29, "event": "S", "reconc": 15, "tstamp": 0.11993074178138209, "transferred": 0, "dist": 0.17585318947634956, "_child0": {"label": 34, "event": "S", "reconc": 16, "tstamp": 0.0, "transferred": 0, "dist": 0.501029238600816}, "_child1": {"label": 35, "event": "S", "reconc": 17, "tstamp": 0.0, "transferred": 0, "dist": 0.08514133454449993}}}, "_child1": {"label": 36, "event": "S", "reconc": 19, "tstamp": 0.0, "transferred": 0, "dist": 0.33051635100727095}, "_child2": {"label": 25, "event": "S", "reconc": 18, "tstamp": 0.0, "transferred": 0, "dist": 1.1088369556327173}, "_child3": {"label": 27, "event": "S", "reconc": 12, "tstamp": 0.0, "transferred": 0, "dist": 0.232196486354631}}, "_child1": {"label": 13, "event": "S", "reconc": 7, "tstamp": 0.0, "transferred": 0, "dist": 0.3404773358051823}}, "_child1": {"label": 9, "event": "S", "reconc": 4, "tstamp": 0.0, "transferred": 0, "dist": 0.6936611516762102}}, "_child1": {"label": 4, "event": "S", "reconc": 2, "tstamp": 0.3499386151910117, "transferred": 0, "dist": 0.13729584475077303, "_child0": {"label": 14, "event": "S", "reconc": 8, "tstamp": 0.24172819309598548, "transferred": 0, "dist": 0.07413255467425126, "_child0": {"label": 18, "event": "S", "reconc": 10, "tstamp": 0.0, "transferred": 0, "dist": 0.15940256835264333}, "_child1": {"label": 19, "event": "S", "reconc": 11, "tstamp": 0.0, "transferred": 0, "dist": 0.1500245268972051}}, "_child1": {"label": 15, "event": "H", "reconc": [2, 9], "tstamp": 0.07878490609702267, "transferred": 0, "dist": 0.16014067050171668, "_child0": {"label": 41, "event": "S", "reconc": 10, "tstamp": 0.0, "transferred": 1, "dist": 0.09384452735240831}, "_child1": {"label": 40, "event": "S", "reconc": 9, "tstamp": 0.0, "transferred": 0, "dist": 0.04652957811253368}}}}, "_child1": {"label": 2, "event": "S", "reconc": 3, "tstamp": 0.5113264198105625, "transferred": 0, "dist": 0.1510088463862575, "_child0": {"label": 6, "event": "S", "reconc": 5, "tstamp": 0.40356426155584313, "transferred": 0, "dist": 0.09126307394246741, "_child0": {"label": 10, "event": "S", "reconc": 6, "tstamp": 0.22436961021111365, "transferred": 0, "dist": 0.1649603038438163, "_child0": {"label": 22, "event": "S", "reconc": 15, "tstamp": 0.11993074178138209, "transferred": 0, "dist": 0.09777045711960876, "_child0": {"label": 30, "event": "S", "reconc": 16, "tstamp": 0.0, "transferred": 0, "dist": 0.10629406095566425}, "_child1": {"label": 31, "event": "S", "reconc": 17, "tstamp": 0.0, "transferred": 0, "dist": 0.08455698281510272}}, "_child1": {"label": 20, "event": "H", "reconc": [6, 19], "tstamp": 0.09516783563985098, "transferred": 0, "dist": 0.1381938225676129, "_child0": {"label": 38, "event": "S", "reconc": 19, "tstamp": 0.0, "transferred": 0, "dist": 0.1017912256716211}, "_child1": {"label": 39, "event": "S", "reconc": 16, "tstamp": 0.0, "transferred": 1, "dist": 0.10021976259459431}}, "_child2": {"label": 21, "event": "S", "reconc": 18, "tstamp": 0.0, "transferred": 0, "dist": 0.22592132593204242}, "_child3": {"label": 23, "event": "S", "reconc": 12, "tstamp": 0.0, "transferred": 0, "dist": 0.21203642125184385}}, "_child1": {"label": 11, "event": "S", "reconc": 7, "tstamp": 0.0, "transferred": 0, "dist": 0.3344117743409842}}, "_child1": {"label": 16, "event": "S", "reconc": 4, "tstamp": 0.0, "transferred": 0, "dist": 1.1018181291130467}}}