{"label": 1, "event": "S", "reconc": 1, "tstamp": 0.9129589943795186, "transferred": 0, "dist": 0.0, "_child0": {"label": 3, "event": "S", "reconc": 5, "tstamp": 0.5470440829865845, "transferred": 0, "dist": 0.41110794651471505, "_child0": {"label": 5, "event": "S", "reconc": 6, "tstamp": 0.4533693081804467, "transferred": 0, "dist": 0.11124396290034953, "_child0": {"label": 7, "event": "S", "reconc": 9, "tstamp": 0.44432608435368887, "transferred": 0, "dist": 0.011301664740188422, "_child0": {"label": 9, "event": "S", "reconc": 10, "tstamp": 0.3701332651039263, "transferred": 0, "dist": 0.09745375911836957, "_child0": {"label": 11, "event": "S", "reconc": 12, "tstamp": 0.0, "transferred": 0, "dist": 0.4599868086175834}, "_child1": {"label": 12, "event": "S", "reconc": 13, "tstamp": 0.0, "transferred": 0, "dist": 0.5332712604437053}}, "_child1": {"label": 10, "event": "H", "reconc": [9, 11], "tstamp": 0.2715627914129873, "transferred": 0, "dist": 0.20389694270558728, "_child0": {"label": 15, "event": "S", "reconc": 11, "tstamp": 0.2575178190065636, "transferred": 0, "dist": 0.016576014993167854, "_child0": {"label": 18, "event": "H", "reconc": [11, 23], "tstamp": 0.24436744234159896, "transferred": 0, "dist": 0.015318906378300324, "_child0": {"label": 25, "event": "H", "reconc": [10, 13], "tstamp": 0.06010093957985739, "transferred": 1, "dist": 0.36517165252255696, "_child0": {"label": 42, "event": "D", "reconc": [10, 13], "tstamp": 0.019326344684077044, "transferred": 0, "dist": 0.08080538771760645, "_child0": {"label": 48, "event": "S", "reconc": 13, "tstamp": 0.0, "transferred": 0, "dist": 0.02784763535979746}, "_child1": {"label": 49, "event": "S", "reconc": 13, "tstamp": 0.0, "transferred": 0, "dist": 0.03579372761205906}}, "_child1": {"label": 43, "event": "S", "reconc": 20, "tstamp": 0.0, "transferred": 1, "dist": 0.0828196245897146}}, "_child1": {"label": 24, "event": "S", "reconc": 23, "tstamp": 0.028620971659309546, "transferred": 0, "dist": 0.2513235985578965, "_child0": {"label": 44, "event": "S", "reconc": 24, "tstamp": 0.0, "transferred": 0, "dist": 0.035448161365763654}, "_child1": {"label": 45, "event": "S", "reconc": 25, "tstamp": 0.0, "transferred": 0, "dist": 0.03267455411134892}}}, "_child1": {"label": 19, "event": "D", "reconc": [11, 14], "tstamp": 0.07173191057739572, "transferred": 0, "dist": 0.21871694732843142, "_child0": {"label": 40, "event": "S", "reconc": 14, "tstamp": 0.0, "transferred": 0, "dist": 0.08444657961508174}, "_child1": {"label": 41, "event": "S", "reconc": 14, "tstamp": 0.0, "transferred": 0, "dist": 0.09070936163717254}}}, "_child1": {"label": 16, "event": "H", "reconc": [6, 8], "tstamp": 0.11480102399204305, "transferred": 1, "dist": 0.5948808480406034, "_child0": {"label": 39, "event": "S", "reconc": 23, "tstamp": 0.028620971659309546, "transferred": 1, "dist": 0.10746722274930005, "_child0": {"label": 46, "event": "S", "reconc": 24, "tstamp": 0.0, "transferred": 0, "dist": 0.09086024000103}, "_child1": {"label": 47, "event": "S", "reconc": 25, "tstamp": 0.0, "transferred": 0, "dist": 0.06032680979757568}}, "_child1": {"label": 38, "event": "S", "reconc": 8, "tstamp": 0.0, "transferred": 0, "dist": 0.1910643564039995}}}}, "_child1": {"label": 35, "event": "S", "reconc": 7, "tstamp": 0.0, "transferred": 1, "dist": 1.4739067293016477}}, "_child1": {"label": 6, "event": "S", "reconc": 7, "tstamp": 0.0, "transferred": 0, "dist": 0.7406929104305501}}, "_child1": {"label": 4, "event": "D", "reconc": [1, 2], "tstamp": 0.2830069557994931, "transferred": 0, "dist": 0.7436277373540738, "_child0": {"label": 13, "event": "S", "reconc": 2, "tstamp": 0.25151615456377685, "transferred": 0, "dist": 0.0379702146477134, "_child0": {"label": 20, "event": "S", "reconc": 16, "tstamp": 0.19273736663519903, "transferred": 0, "dist": 0.30024771187864463, "_child0": {"label": 26, "event": "S", "reconc": 18, "tstamp": 0.14232810674122948, "transferred": 0, "dist": 0.08028576778009047, "_child0": {"label": 30, "event": "S", "reconc": 20, "tstamp": 0.0, "transferred": 0, "dist": 0.23339401369906076}, "_child1": {"label": 31, "event": "S", "reconc": 21, "tstamp": 0.0, "transferred": 0, "dist": 0.36375415191864663}}, "_child1": {"label": 27, "event": "H", "reconc": [16, 19], "tstamp": 0.11650322118583928, "transferred": 0, "dist": 0.12395646338774367, "_child0": {"label": 36, "event": "S", "reconc": 19, "tstamp": 0.0, "transferred": 0, "dist": 0.18943384472079727}, "_child1": {"label": 37, "event": "S", "reconc": 17, "tstamp": 0.0, "transferred": 1, "dist": 0.15856145214369644}}}, "_child1": {"label": 21, "event": "S", "reconc": 17, "tstamp": 0.0, "transferred": 0, "dist": 0.38634328072303764}}, "_child1": {"label": 14, "event": "S", "reconc": 2, "tstamp": 0.25151615456377685, "transferred": 0, "dist": 0.07515552106632722, "_child0": {"label": 22, "event": "S", "reconc": 16, "tstamp": 0.19273736663519903, "transferred": 0, "dist": 0.10105493538056845, "_child0": {"label": 28, "event": "S", "reconc": 18, "tstamp": 0.14232810674122948, "transferred": 0, "dist": 0.1574036353925956, "_child0": {"label": 32, "event": "H", "reconc": [18, 20], "tstamp": 0.014215249293664689, "transferred": 0, "dist": 0.28787737994833973, "_child0": {"label": 50, "event": "S", "reconc": 20, "tstamp": 0.0, "transferred": 0, "dist": 0.03194252945023564}, "_child1": {"label": 51, "event": "S", "reconc": 17, "tstamp": 0.0, "transferred": 1, "dist": 0.029498426429800204}}, "_child1": {"label": 33, "event": "S", "reconc": 21, "tstamp": 0.0, "transferred": 0, "dist": 0.2403967925036045}}, "_child1": {"label": 29, "event": "S", "reconc": 19, "tstamp": 0.0, "transferred": 0, "dist": 0.23939737326129826}}, "_child1": {"label": 23, "event": "S", "reconc": 17, "tstamp": 0.0, "transferred": 0, "dist": 0.4049125721276836}}}, "_child2": {"label": 2, "event": "S", "reconc": 4, "tstamp": 0.0, "transferred": 0, "dist": 1.0510595550509239}}