{"label": 1, "event": "S", "reconc": 1, "tstamp": 0.9535374793905962, "transferred": 0, "dist": 0.0, "_child0": {"label": 2, "event": "S", "reconc": 3, "tstamp": 0.8595095510511909, "transferred": 0, "dist": 0.098929018421314, "_child0": {"label": 6, "event": "S", "reconc": 7, "tstamp": 0.6770550238990333, "transferred": 0, "dist": 0.18431965300725406, "_child0": {"label": 11, "event": "D", "reconc": [7, 11], "tstamp": 0.6186460466804351, "transferred": 0, "dist": 0.05812128541980881, "_child0": {"label": 13, "event": "S", "reconc": 11, "tstamp": 0.47056764975331034, "transferred": 0, "dist": 0.1636990449809617, "_child0": {"label": 15, "event": "D", "reconc": [11, 12], "tstamp": 0.18080712714801123, "transferred": 0, "dist": 0.9244765795526186, "_child0": {"label": 27, "event": "D", "reconc": [11, 12], "tstamp": 0.06098410310625038, "transferred": 0, "dist": 0.17019065318292237, "_child0": {"label": 42, "event": "S", "reconc": 12, "tstamp": 0.0, "transferred": 0, "dist": 0.2859328472218658}, "_child1": {"label": 43, "event": "S", "reconc": 12, "tstamp": 0.0, "transferred": 0, "dist": 0.10129965257828001}}, "_child1": {"label": 26, "event": "H", "reconc": [11, 12], "tstamp": 0.055115350765255505, "transferred": 0, "dist": 0.3742263823258504, "_child0": {"label": 44, "event": "S", "reconc": 12, "tstamp": 0.0, "transferred": 0, "dist": 0.1640968002925893}, "_child1": {"label": 45, "event": "S", "reconc": 21, "tstamp": 0.0, "transferred": 1, "dist": 0.10934496721081763}}}, "_child1": {"label": 16, "event": "H", "reconc": [11, 13], "tstamp": 0.005457768144175756, "transferred": 0, "dist": 0.7957710092470589, "_child0": {"label": 55, "event": "S", "reconc": 12, "tstamp": 0.0, "transferred": 1, "dist": 0.022335477622792036}, "_child1": {"label": 54, "event": "S", "reconc": 13, "tstamp": 0.0, "transferred": 0, "dist": 0.009337865816355713}}}, "_child1": {"label": 14, "event": "S", "reconc": 11, "tstamp": 0.47056764975331034, "transferred": 0, "dist": 0.1473490408862824, "_child0": {"label": 17, "event": "D", "reconc": [11, 12], "tstamp": 0.45845173036001036, "transferred": 0, "dist": 0.014962017018601255, "_child0": {"label": 19, "event": "D", "reconc": [11, 12], "tstamp": 0.24801644599654513, "transferred": 0, "dist": 0.28587683642951034, "_child0": {"label": 25, "event": "D", "reconc": [11, 12], "tstamp": 0.040795930610788206, "transferred": 0, "dist": 0.7622602542240486, "_child0": {"label": 46, "event": "S", "reconc": 12, "tstamp": 0.0, "transferred": 0, "dist": 0.11167528788105087}, "_child1": {"label": 47, "event": "S", "reconc": 12, "tstamp": 0.0, "transferred": 0, "dist": 0.05041497344062926}}, "_child1": {"label": 24, "event": "S", "reconc": 12, "tstamp": 0.0, "transferred": 0, "dist": 0.620820784045612}}, "_child1": {"label": 20, "event": "H", "reconc": [11, 12], "tstamp": 0.18041341357315713, "transferred": 0, "dist": 0.5206085949517005, "_child0": {"label": 29, "event": "H", "reconc": [5, 6], "tstamp": 0.10926937180726572, "transferred": 1, "dist": 0.057242220568679204, "_child0": {"label": 33, "event": "S", "reconc": 16, "tstamp": 0.06452947119846597, "transferred": 1, "dist": 0.05530522893230153, "_child0": {"label": 40, "event": "S", "reconc": 23, "tstamp": 0.024002192871645702, "transferred": 0, "dist": 0.12745537488126998, "_child0": {"label": 52, "event": "S", "reconc": 24, "tstamp": 0.0, "transferred": 0, "dist": 0.014279536860817899}, "_child1": {"label": 53, "event": "S", "reconc": 25, "tstamp": 0.0, "transferred": 0, "dist": 0.03091908969230551}}, "_child1": {"label": 41, "event": "S", "reconc": 22, "tstamp": 0.0, "transferred": 0, "dist": 0.17274005025825348}}, "_child1": {"label": 32, "event": "S", "reconc": 6, "tstamp": 0.0, "transferred": 0, "dist": 0.08791771351668229}}, "_child1": {"label": 28, "event": "S", "reconc": 12, "tstamp": 0.0, "transferred": 0, "dist": 0.3378123376526013}}}, "_child1": {"label": 18, "event": "S", "reconc": 13, "tstamp": 0.0, "transferred": 0, "dist": 0.5338447755417035}}}, "_child1": {"label": 12, "event": "S", "reconc": 10, "tstamp": 0.0, "transferred": 0, "dist": 0.6067912219847469}}, "_child1": {"label": 5, "event": "S", "reconc": 4, "tstamp": 0.0, "transferred": 0, "dist": 0.9463667167941625}}, "_child1": {"label": 3, "event": "S", "reconc": 2, "tstamp": 0.6888820532711142, "transferred": 0, "dist": 0.21453396269625807, "_child0": {"label": 10, "event": "S", "reconc": 9, "tstamp": 0.34526283494940774, "transferred": 0, "dist": 0.22714417117826494, "_child0": {"label": 23, "event": "D", "reconc": [9, 16], "tstamp": 0.1362296325350251, "transferred": 0, "dist": 0.12716322628692803, "_child0": {"label": 30, "event": "S", "reconc": 16, "tstamp": 0.06452947119846597, "transferred": 0, "dist": 0.043618065147256115, "_child0": {"label": 36, "event": "S", "reconc": 23, "tstamp": 0.024002192871645702, "transferred": 0, "dist": 0.023460743227364782, "_child0": {"label": 48, "event": "S", "reconc": 24, "tstamp": 0.0, "transferred": 0, "dist": 0.01374014459654631}, "_child1": {"label": 49, "event": "S", "reconc": 25, "tstamp": 0.0, "transferred": 0, "dist": 0.013267539690668687}}, "_child1": {"label": 37, "event": "S", "reconc": 22, "tstamp": 0.0, "transferred": 0, "dist": 0.035119204761757644}}, "_child1": {"label": 38, "event": "S", "reconc": 23, "tstamp": 0.024002192871645702, "transferred": 0, "dist": 0.19189705514103145, "_child0": {"label": 50, "event": "S", "reconc": 24, "tstamp": 0.0, "transferred": 0, "dist": 0.01592923238826968}, "_child1": {"label": 51, "event": "S", "reconc": 25, "tstamp": 0.0, "transferred": 0, "dist": 0.024364210369907834}}}, "_child1": {"label": 22, "event": "S", "reconc": 18, "tstamp": 0.0, "transferred": 0, "dist": 0.2546476966191897}}, "_child1": {"label": 9, "event": "S", "reconc": 14, "tstamp": 0.10453851669399006, "transferred": 0, "dist": 0.34335510891611726, "_child0": {"label": 34, "event": "S", "reconc": 20, "tstamp": 0.0, "transferred": 0, "dist": 0.050068178437340335}, "_child1": {"label": 35, "event": "S", "reconc": 21, "tstamp": 0.0, "transferred": 0, "dist": 0.049185750400827066}}}}