{"label": 1, "event": "S", "reconc": 1, "tstamp": 0.989796249473885, "transferred": 0, "dist": 0.0, "_child0": {"label": 2, "event": "S", "reconc": 2, "tstamp": 0.8907792079136705, "transferred": 0, "dist": 0.09921583474636392, "_child0": {"label": 4, "event": "S", "reconc": 5, "tstamp": 0.7634428788006055, "transferred": 0, "dist": 0.13053588248048978, "_child0": {"label": 6, "event": "S", "reconc": 7, "tstamp": 0.6910953996527448, "transferred": 0, "dist": 0.07197708315175948, "_child0": {"label": 8, "event": "S", "reconc": 9, "tstamp": 0.6157779406851143, "transferred": 0, "dist": 0.075546269924787, "_child0": {"label": 10, "event": "S", "reconc": 11, "tstamp": 0.6137186293391375, "transferred": 0, "dist": 0.0022658388620933204, "_child0": {"label": 12, "event": "S", "reconc": 12, "tstamp": 0.0, "transferred": 0, "dist": 0.6296853247195408}, "_child1": {"label": 13, "event": "S", "reconc": 13, "tstamp": 0.0, "transferred": 0, "dist": 0.8570782350977671}}, "_child1": {"label": 11, "event": "H", "reconc": [9, 10], "tstamp": 0.3542292799576776, "transferred": 0, "dist": 0.28279436523419643, "_child0": {"label": 26, "event": "H", "reconc": [9, 10], "tstamp": 0.2626435398292519, "transferred": 0, "dist": 0.0990252871954595, "_child0": {"label": 30, "event": "S", "reconc": 10, "tstamp": 0.1321626167446225, "transferred": 0, "dist": 0.1410799417449245, "_child0": {"label": 44, "event": "S", "reconc": 21, "tstamp": 0.07444160806183933, "transferred": 0, "dist": 0.061182298349090565, "_child0": {"label": 52, "event": "S", "reconc": 23, "tstamp": 0.01664868098327497, "transferred": 0, "dist": 0.05648673581406938, "_child0": {"label": 70, "event": "S", "reconc": 28, "tstamp": 0.0, "transferred": 0, "dist": 0.015160306887546065}, "_child1": {"label": 71, "event": "S", "reconc": 29, "tstamp": 0.0, "transferred": 0, "dist": 0.01471121232925044}}, "_child1": {"label": 53, "event": "S", "reconc": 22, "tstamp": 0.0, "transferred": 0, "dist": 0.08106311377870268}}, "_child1": {"label": 45, "event": "S", "reconc": 20, "tstamp": 0.0, "transferred": 0, "dist": 0.14227929650308535}}, "_child1": {"label": 31, "event": "S", "reconc": 12, "tstamp": 0.0, "transferred": 1, "dist": 0.398977273579122}}, "_child1": {"label": 27, "event": "S", "reconc": 6, "tstamp": 0.0, "transferred": 1, "dist": 0.328184599109892}}}, "_child1": {"label": 9, "event": "H", "reconc": [7, 8], "tstamp": 0.07495248222588236, "transferred": 0, "dist": 0.5521083548875457, "_child0": {"label": 51, "event": "S", "reconc": 16, "tstamp": 0.020327163810508496, "transferred": 1, "dist": 0.2631180147036951, "_child0": {"label": 62, "event": "S", "reconc": 25, "tstamp": 0.01871227491662243, "transferred": 0, "dist": 0.004839034142947849, "_child0": {"label": 68, "event": "S", "reconc": 26, "tstamp": 0.0, "transferred": 0, "dist": 0.02875912854275102}, "_child1": {"label": 69, "event": "S", "reconc": 27, "tstamp": 0.0, "transferred": 0, "dist": 0.034413987747548315}}, "_child1": {"label": 63, "event": "S", "reconc": 24, "tstamp": 0.0, "transferred": 0, "dist": 0.10733143700218187}}, "_child1": {"label": 50, "event": "S", "reconc": 8, "tstamp": 0.0, "transferred": 0, "dist": 0.06716281318186547}}}, "_child1": {"label": 7, "event": "D", "reconc": [5, 6], "tstamp": 0.5874552093377116, "transferred": 0, "dist": 0.15695122758562838, "_child0": {"label": 28, "event": "S", "reconc": 6, "tstamp": 0.0, "transferred": 0, "dist": 0.7899263042258851}, "_child1": {"label": 15, "event": "D", "reconc": [5, 6], "tstamp": 0.06133020401807231, "transferred": 0, "dist": 0.4692144949724637, "_child0": {"label": 56, "event": "S", "reconc": 6, "tstamp": 0.0, "transferred": 0, "dist": 0.05469616614670295}, "_child1": {"label": 57, "event": "S", "reconc": 6, "tstamp": 0.0, "transferred": 0, "dist": 0.05469616614670295}}}}, "_child1": {"label": 5, "event": "S", "reconc": 4, "tstamp": 0.3714415168247101, "transferred": 0, "dist": 0.4918468211592473, "_child0": {"label": 22, "event": "S", "reconc": 15, "tstamp": 0.2592694915387079, "transferred": 0, "dist": 0.10324122969758905, "_child0": {"label": 37, "event": "S", "reconc": 19, "tstamp": 0.0, "transferred": 0, "dist": 0.23429917744737122}, "_child1": {"label": 33, "event": "S", "reconc": 16, "tstamp": 0.020327163810508496, "transferred": 0, "dist": 0.2437663156370345, "_child0": {"label": 58, "event": "S", "reconc": 25, "tstamp": 0.01871227491662243, "transferred": 0, "dist": 0.0018097096143114947, "_child0": {"label": 64, "event": "S", "reconc": 26, "tstamp": 0.0, "transferred": 0, "dist": 0.020706235826421972}, "_child1": {"label": 65, "event": "S", "reconc": 27, "tstamp": 0.0, "transferred": 0, "dist": 0.021064259808500938}}, "_child1": {"label": 59, "event": "S", "reconc": 24, "tstamp": 0.0, "transferred": 0, "dist": 0.021343829382652137}}}, "_child1": {"label": 23, "event": "S", "reconc": 14, "tstamp": 0.0, "transferred": 0, "dist": 0.33712794896845505}}}, "_child1": {"label": 3, "event": "D", "reconc": [1, 3], "tstamp": 0.49548512240444686, "transferred": 0, "dist": 0.526698315549024, "_child0": {"label": 24, "event": "S", "reconc": 15, "tstamp": 0.2592694915387079, "transferred": 1, "dist": 0.2697193160931218, "_child0": {"label": 38, "event": "D", "reconc": [17, 18], "tstamp": 0.11896803008988652, "transferred": 0, "dist": 0.3194308802666758, "_child0": {"label": 47, "event": "H", "reconc": [17, 18], "tstamp": 0.0696964587898156, "transferred": 0, "dist": 0.04676482436173038, "_child0": {"label": 54, "event": "S", "reconc": 18, "tstamp": 0.0, "transferred": 0, "dist": 0.06615057259064144}, "_child1": {"label": 55, "event": "S", "reconc": 14, "tstamp": 0.0, "transferred": 1, "dist": 0.12812527413580227}}, "_child1": {"label": 46, "event": "S", "reconc": 18, "tstamp": 0.0, "transferred": 0, "dist": 0.11291539695237182}}, "_child1": {"label": 35, "event": "H", "reconc": [15, 16], "tstamp": 0.20231751160594993, "transferred": 0, "dist": 0.06176226033824996, "_child0": {"label": 40, "event": "S", "reconc": 16, "tstamp": 0.020327163810508496, "transferred": 0, "dist": 0.19736162382522454, "_child0": {"label": 60, "event": "S", "reconc": 25, "tstamp": 0.01871227491662243, "transferred": 0, "dist": 0.005037001920719554, "_child0": {"label": 66, "event": "S", "reconc": 26, "tstamp": 0.0, "transferred": 0, "dist": 0.02968927534123829}, "_child1": {"label": 67, "event": "S", "reconc": 27, "tstamp": 0.0, "transferred": 0, "dist": 0.02106503776457434}}, "_child1": {"label": 61, "event": "S", "reconc": 24, "tstamp": 0.0, "transferred": 0, "dist": 0.05566271821908316}}, "_child1": {"label": 41, "event": "S", "reconc": 8, "tstamp": 0.0, "transferred": 1, "dist": 0.2685218612001645}}}, "_child1": {"label": 17, "event": "D", "reconc": [1, 3], "tstamp": 0.1364964869515023, "transferred": 0, "dist": 0.382509515242508, "_child0": {"label": 42, "event": "D", "reconc": [1, 3], "tstamp": 0.10021074944645773, "transferred": 0, "dist": 0.03866317340591914, "_child0": {"label": 48, "event": "S", "reconc": 3, "tstamp": 0.0, "transferred": 0, "dist": 0.10677654222811014}, "_child1": {"label": 49, "event": "S", "reconc": 3, "tstamp": 0.0, "transferred": 0, "dist": 0.8042320836418272}}, "_child1": {"label": 43, "event": "S", "reconc": 3, "tstamp": 0.0, "transferred": 0, "dist": 0.14543971563402927}}}}