{"label": 1, "event": "S", "reconc": 1, "tstamp": 0.9733465213035072, "transferred": 0, "dist": 0.0, "_child0": {"label": 5, "event": "H", "reconc": [1, 2], "tstamp": 0.16311268323464953, "transferred": 0, "dist": 0.7366322556487497, "_child0": {"label": 53, "event": "S", "reconc": 11, "tstamp": 0.0, "transferred": 1, "dist": 1.7503780956128832}, "_child1": {"label": 52, "event": "S", "reconc": 2, "tstamp": 0.0, "transferred": 0, "dist": 0.14829553905381151}}, "_child1": {"label": 2, "event": "S", "reconc": 3, "tstamp": 0.9347757106945742, "transferred": 0, "dist": 0.03590255987876596, "_child0": {"label": 8, "event": "D", "reconc": [3, 4], "tstamp": 0.45175022405050774, "transferred": 0, "dist": 0.392264571211437, "_child0": {"label": 20, "event": "D", "reconc": [3, 4], "tstamp": 0.42525534102486007, "transferred": 0, "dist": 0.02151647111120515, "_child0": {"label": 34, "event": "S", "reconc": 4, "tstamp": 0.0, "transferred": 0, "dist": 0.3453494869628103}, "_child1": {"label": 35, "event": "S", "reconc": 4, "tstamp": 0.0, "transferred": 0, "dist": 0.35076021579458333}}, "_child1": {"label": 21, "event": "S", "reconc": 4, "tstamp": 0.0, "transferred": 0, "dist": 0.3669228316235376}}, "_child1": {"label": 6, "event": "D", "reconc": [3, 5], "tstamp": 0.6581502297899546, "transferred": 0, "dist": 0.2756605743893762, "_child0": {"label": 12, "event": "S", "reconc": 5, "tstamp": 0.4932344922748273, "transferred": 0, "dist": 0.16434048946106475, "_child0": {"label": 16, "event": "S", "reconc": 7, "tstamp": 0.4451886533398434, "transferred": 0, "dist": 0.053744558440079304, "_child0": {"label": 26, "event": "S", "reconc": 10, "tstamp": 0.42786991563224336, "transferred": 0, "dist": 0.019703368750635816, "_child0": {"label": 30, "event": "S", "reconc": 13, "tstamp": 0.41602699480521194, "transferred": 0, "dist": 0.013167913587439866, "_child0": {"label": 42, "event": "S", "reconc": 16, "tstamp": 0.0, "transferred": 0, "dist": 0.4158538921941213}, "_child1": {"label": 37, "event": "S", "reconc": 14, "tstamp": 0.3299236692776778, "transferred": 0, "dist": 0.10840346343281262, "_child0": {"label": 48, "event": "S", "reconc": 18, "tstamp": 0.0, "transferred": 0, "dist": 0.45631330265392905}, "_child1": {"label": 49, "event": "S", "reconc": 19, "tstamp": 0.0, "transferred": 0, "dist": 0.4567859538548372}}}, "_child1": {"label": 31, "event": "D", "reconc": [10, 12], "tstamp": 0.41480944295503575, "transferred": 0, "dist": 0.014355189926341827, "_child0": {"label": 40, "event": "S", "reconc": 12, "tstamp": 0.14938936538767983, "transferred": 0, "dist": 0.29173183221714777, "_child0": {"label": 54, "event": "S", "reconc": 21, "tstamp": 0.05790552259503777, "transferred": 0, "dist": 0.0980095998018492, "_child0": {"label": 58, "event": "S", "reconc": 25, "tstamp": 0.0, "transferred": 0, "dist": 0.06037598874379922}, "_child1": {"label": 59, "event": "S", "reconc": 24, "tstamp": 0.0, "transferred": 0, "dist": 0.06299580669578814}, "_child2": {"label": 60, "event": "S", "reconc": 23, "tstamp": 0.0, "transferred": 0, "dist": 0.05936162269428296}}, "_child1": {"label": 55, "event": "S", "reconc": 20, "tstamp": 0.0, "transferred": 0, "dist": 0.1628214183600895}}, "_child1": {"label": 56, "event": "S", "reconc": 21, "tstamp": 0.05790552259503777, "transferred": 0, "dist": 0.38974143201899697, "_child0": {"label": 61, "event": "S", "reconc": 25, "tstamp": 0.0, "transferred": 0, "dist": 0.06037598874379922}, "_child1": {"label": 62, "event": "S", "reconc": 24, "tstamp": 0.0, "transferred": 0, "dist": 0.06299580669578814}, "_child2": {"label": 63, "event": "S", "reconc": 23, "tstamp": 0.0, "transferred": 0, "dist": 0.05936162269428296}}}}, "_child1": {"label": 23, "event": "D", "reconc": [7, 8], "tstamp": 0.3420615744822749, "transferred": 0, "dist": 0.11154220258924981, "_child0": {"label": 46, "event": "S", "reconc": 8, "tstamp": 0.0, "transferred": 0, "dist": 0.912074734083612}, "_child1": {"label": 47, "event": "S", "reconc": 8, "tstamp": 0.0, "transferred": 0, "dist": 0.5405780445444931}}}, "_child1": {"label": 17, "event": "S", "reconc": 6, "tstamp": 0.0, "transferred": 0, "dist": 0.49836574604442185}}, "_child1": {"label": 13, "event": "S", "reconc": 5, "tstamp": 0.4932344922748273, "transferred": 0, "dist": 0.16434048946106475, "_child0": {"label": 18, "event": "S", "reconc": 7, "tstamp": 0.4451886533398434, "transferred": 0, "dist": 0.053744558440079304, "_child0": {"label": 24, "event": "S", "reconc": 9, "tstamp": 0.441458304031874, "transferred": 0, "dist": 0.0043040816006852355, "_child0": {"label": 32, "event": "S", "reconc": 13, "tstamp": 0.41602699480521194, "transferred": 0, "dist": 0.028567200737390445, "_child0": {"label": 38, "event": "S", "reconc": 15, "tstamp": 0.4004201595747444, "transferred": 0, "dist": 0.017756299761950634, "_child0": {"label": 44, "event": "S", "reconc": 16, "tstamp": 0.0, "transferred": 0, "dist": 0.39809759243217063}, "_child1": {"label": 45, "event": "S", "reconc": 17, "tstamp": 0.0, "transferred": 0, "dist": 0.49021320749893477}}, "_child1": {"label": 50, "event": "S", "reconc": 18, "tstamp": 0.0, "transferred": 0, "dist": 0.5647167660867417}}, "_child1": {"label": 29, "event": "H", "reconc": [9, 11], "tstamp": 0.01905220686655229, "transferred": 0, "dist": 0.4692792317236956, "_child0": {"label": 65, "event": "S", "reconc": 23, "tstamp": 0.0, "transferred": 1, "dist": 0.024828121970037413}, "_child1": {"label": 64, "event": "S", "reconc": 11, "tstamp": 0.0, "transferred": 0, "dist": 0.021166372978459434}}}, "_child1": {"label": 25, "event": "S", "reconc": 8, "tstamp": 0.0, "transferred": 0, "dist": 0.48151584929358027}}, "_child1": {"label": 19, "event": "S", "reconc": 6, "tstamp": 0.0, "transferred": 0, "dist": 0.49836574604442185}}}}}