{"label": 2, "event": "S", "reconc": 3, "tstamp": 0.5323202168282402, "transferred": 0, "dist": 0.0, "_child0": {"label": 4, "event": "S", "reconc": 5, "tstamp": 0.4417550881689055, "transferred": 0, "dist": 0.08980088091536566, "_child0": {"label": 8, "event": "S", "reconc": 9, "tstamp": 0.39665761377876163, "transferred": 0, "dist": 0.047053943629846884, "_child0": {"label": 11, "event": "D", "reconc": [9, 11], "tstamp": 0.3897642059442516, "transferred": 0, "dist": 0.007603839402483925, "_child0": {"label": 12, "event": "S", "reconc": 11, "tstamp": 0.3587193963695915, "transferred": 0, "dist": 0.057892854424013165, "_child0": {"label": 17, "event": "H", "reconc": [11, 15], "tstamp": 0.27576641085534437, "transferred": 0, "dist": 0.11062592793326136, "_child0": {"label": 29, "event": "S", "reconc": 13, "tstamp": 0.0, "transferred": 1, "dist": 0.687884456818541}, "_child1": {"label": 28, "event": "S", "reconc": 15, "tstamp": 0.0, "transferred": 0, "dist": 0.3677615085771437}}, "_child1": {"label": 16, "event": "H", "reconc": [11, 14], "tstamp": 0.031191803482664454, "transferred": 0, "dist": 0.7457202355443389, "_child0": {"label": 47, "event": "S", "reconc": 14, "tstamp": 0.0, "transferred": 0, "dist": 0.07101801358206632}, "_child1": {"label": 48, "event": "S", "reconc": 7, "tstamp": 0.0, "transferred": 1, "dist": 0.037399821009603304}}}, "_child1": {"label": 13, "event": "S", "reconc": 11, "tstamp": 0.3587193963695915, "transferred": 0, "dist": 0.03424427394309091, "_child0": {"label": 19, "event": "D", "reconc": [11, 15], "tstamp": 0.3022490993715105, "transferred": 0, "dist": 0.0666263609825071, "_child0": {"label": 25, "event": "H", "reconc": [11, 15], "tstamp": 0.07119339142496599, "transferred": 0, "dist": 0.2726105904000886, "_child0": {"label": 43, "event": "S", "reconc": 15, "tstamp": 0.0, "transferred": 0, "dist": 0.08399737293412679}, "_child1": {"label": 44, "event": "S", "reconc": 2, "tstamp": 0.0, "transferred": 1, "dist": 0.09149933384365916}}, "_child1": {"label": 24, "event": "S", "reconc": 15, "tstamp": 0.0, "transferred": 0, "dist": 1.2842739147839972}}, "_child1": {"label": 18, "event": "H", "reconc": [11, 14], "tstamp": 0.11773589541864106, "transferred": 0, "dist": 0.2451924900835492, "_child0": {"label": 36, "event": "H", "reconc": [11, 15], "tstamp": 0.08126126457081007, "transferred": 1, "dist": 0.08437450488099148, "_child0": {"label": 41, "event": "S", "reconc": 15, "tstamp": 0.0, "transferred": 0, "dist": 0.18797665129962723}, "_child1": {"label": 42, "event": "S", "reconc": 2, "tstamp": 0.0, "transferred": 1, "dist": 0.07109571600727202}}, "_child1": {"label": 35, "event": "S", "reconc": 14, "tstamp": 0.0, "transferred": 0, "dist": 0.11979225654867007}}}}, "_child1": {"label": 10, "event": "S", "reconc": 10, "tstamp": 0.3590762709270315, "transferred": 0, "dist": 0.04204577505829593, "_child0": {"label": 14, "event": "H", "reconc": [10, 12], "tstamp": 0.3337977537796969, "transferred": 0, "dist": 0.025246670915367215, "_child0": {"label": 21, "event": "D", "reconc": [5, 7], "tstamp": 0.09525425987993852, "transferred": 1, "dist": 0.46843298452371435, "_child0": {"label": 37, "event": "S", "reconc": 7, "tstamp": 0.0, "transferred": 0, "dist": 0.10600330145075566}, "_child1": {"label": 38, "event": "S", "reconc": 7, "tstamp": 0.0, "transferred": 0, "dist": 0.12357033099593812}}, "_child1": {"label": 20, "event": "S", "reconc": 12, "tstamp": 0.0, "transferred": 0, "dist": 0.33337723066771613}}, "_child1": {"label": 15, "event": "S", "reconc": 13, "tstamp": 0.0, "transferred": 0, "dist": 0.4142175511559528}}}, "_child1": {"label": 7, "event": "S", "reconc": 7, "tstamp": 0.0, "transferred": 0, "dist": 0.43737420627438583}}, "_child1": {"label": 5, "event": "S", "reconc": 4, "tstamp": 0.32643325524611283, "transferred": 0, "dist": 0.2168441857142287, "_child0": {"label": 22, "event": "S", "reconc": 17, "tstamp": 0.29103349880848445, "transferred": 0, "dist": 0.03579524261907652, "_child0": {"label": 26, "event": "S", "reconc": 18, "tstamp": 0.21075596701733212, "transferred": 0, "dist": 0.07319989839311154, "_child0": {"label": 30, "event": "H", "reconc": [18, 23], "tstamp": 0.07056486453432115, "transferred": 0, "dist": 0.12594352100693476, "_child0": {"label": 45, "event": "S", "reconc": 23, "tstamp": 0.0, "transferred": 0, "dist": 0.06339337762114235}, "_child1": {"label": 46, "event": "S", "reconc": 20, "tstamp": 0.0, "transferred": 1, "dist": 0.22866698380457673}}, "_child1": {"label": 31, "event": "S", "reconc": 22, "tstamp": 0.008839450891420022, "transferred": 0, "dist": 0.2046651272654644, "_child0": {"label": 49, "event": "S", "reconc": 24, "tstamp": 0.0, "transferred": 0, "dist": 0.009907191837162503}, "_child1": {"label": 50, "event": "S", "reconc": 25, "tstamp": 0.0, "transferred": 0, "dist": 0.010290875781509366}}, "_child2": {"label": 32, "event": "S", "reconc": 20, "tstamp": 0.0, "transferred": 0, "dist": 0.1753996936644386}}, "_child1": {"label": 27, "event": "H", "reconc": [17, 19], "tstamp": 0.08170076786029865, "transferred": 0, "dist": 0.1998409607653945, "_child0": {"label": 40, "event": "S", "reconc": 22, "tstamp": 0.008839450891420022, "transferred": 1, "dist": 0.5402769243191355, "_child0": {"label": 51, "event": "S", "reconc": 24, "tstamp": 0.0, "transferred": 0, "dist": 0.0370434744899744}, "_child1": {"label": 52, "event": "S", "reconc": 25, "tstamp": 0.0, "transferred": 0, "dist": 0.01375413902934034}}, "_child1": {"label": 39, "event": "S", "reconc": 19, "tstamp": 0.0, "transferred": 0, "dist": 0.07799621144059816}}}, "_child1": {"label": 23, "event": "H", "reconc": [4, 16], "tstamp": 0.2062382233210508, "transferred": 0, "dist": 0.12707988536835582, "_child0": {"label": 34, "event": "S", "reconc": 14, "tstamp": 0.0, "transferred": 1, "dist": 0.20990738389446215}, "_child1": {"label": 33, "event": "S", "reconc": 16, "tstamp": 0.0, "transferred": 0, "dist": 0.21805168947875359}}}}