{"label": 1, "event": "D", "reconc": [0, 1], "tstamp": 0.43342226095030456, "transferred": 0, "dist": 0.0, "_child0": {"label": 4, "event": "H", "reconc": [1, 3], "tstamp": 0.29847788308455314, "transferred": 0, "dist": 0.15406982483041273, "_child0": {"label": 8, "event": "S", "reconc": 3, "tstamp": 0.10746929825917297, "transferred": 0, "dist": 0.2522393669084382, "_child0": {"label": 17, "event": "S", "reconc": 4, "tstamp": 0.0, "transferred": 1, "dist": 0.3427191370508782}, "_child1": {"label": 14, "event": "S", "reconc": 6, "tstamp": 0.0, "transferred": 0, "dist": 0.17074426426355405}, "_child2": {"label": 15, "event": "S", "reconc": 4, "tstamp": 0.0, "transferred": 0, "dist": 0.15842650833545122}}, "_child1": {"label": 9, "event": "S", "reconc": 2, "tstamp": 0.018982438330974398, "transferred": 1, "dist": 0.2905129434031855, "_child0": {"label": 20, "event": "S", "reconc": 8, "tstamp": 0.0, "transferred": 0, "dist": 0.05985293556732952}, "_child1": {"label": 21, "event": "S", "reconc": 9, "tstamp": 0.0, "transferred": 0, "dist": 0.02830592499512723}}}, "_child1": {"label": 3, "event": "S", "reconc": 1, "tstamp": 0.33181005574060213, "transferred": 0, "dist": 0.11005250416322468, "_child0": {"label": 6, "event": "S", "reconc": 3, "tstamp": 0.10746929825917297, "transferred": 0, "dist": 0.29625668757562623, "_child0": {"label": 10, "event": "S", "reconc": 7, "tstamp": 0.0, "transferred": 0, "dist": 0.14763934581028482}, "_child1": {"label": 11, "event": "S", "reconc": 6, "tstamp": 0.0, "transferred": 0, "dist": 0.17074426426355405}}, "_child1": {"label": 7, "event": "S", "reconc": 2, "tstamp": 0.018982438330974398, "transferred": 0, "dist": 0.321470842286791, "_child0": {"label": 18, "event": "H", "reconc": [2, 8], "tstamp": 0.007192971625319102, "transferred": 0, "dist": 0.010265503638402255, "_child0": {"label": 23, "event": "S", "reconc": 4, "tstamp": 0.0, "transferred": 1, "dist": 0.011718097786648179}, "_child1": {"label": 22, "event": "S", "reconc": 8, "tstamp": 0.0, "transferred": 0, "dist": 0.006263173579786889}}, "_child1": {"label": 19, "event": "S", "reconc": 9, "tstamp": 0.0, "transferred": 0, "dist": 0.01676371300956452}}}}