{"label": 1, "event": "S", "reconc": 1, "tstamp": 0.9448279109619663, "transferred": 0, "dist": 0.0, "_child0": {"label": 2, "event": "S", "reconc": 3, "tstamp": 0.8866956085970912, "transferred": 0, "dist": 0.04759297569364294, "_child0": {"label": 4, "event": "S", "reconc": 5, "tstamp": 0.8667021652033865, "transferred": 0, "dist": 0.015515448827891026, "_child0": {"label": 7, "event": "H", "reconc": [5, 7], "tstamp": 0.7904876165535448, "transferred": 0, "dist": 0.043501985390336596, "_child0": {"label": 9, "event": "S", "reconc": 6, "tstamp": 0.7245545908257209, "transferred": 1, "dist": 0.055757147325082905, "_child0": {"label": 17, "event": "S", "reconc": 10, "tstamp": 0.5704922379309657, "transferred": 0, "dist": 0.2850431408439412, "_child0": {"label": 25, "event": "H", "reconc": [10, 13], "tstamp": 0.25738384034863804, "transferred": 0, "dist": 0.20201830512779506, "_child0": {"label": 47, "event": "H", "reconc": [19, 20], "tstamp": 0.20445283858870583, "transferred": 1, "dist": 0.22350663803467488, "_child0": {"label": 52, "event": "S", "reconc": 20, "tstamp": 0.0, "transferred": 0, "dist": 0.8633232901365405}, "_child1": {"label": 53, "event": "S", "reconc": 21, "tstamp": 0.0, "transferred": 1, "dist": 1.0701821540134493}}, "_child1": {"label": 46, "event": "S", "reconc": 13, "tstamp": 0.0, "transferred": 0, "dist": 0.16606468429465596}}, "_child1": {"label": 24, "event": "S", "reconc": 12, "tstamp": 0.0, "transferred": 0, "dist": 0.6829666433618}}, "_child1": {"label": 13, "event": "S", "reconc": 8, "tstamp": 0.5412527979529606, "transferred": 0, "dist": 0.2973649683161863, "_child0": {"label": 28, "event": "S", "reconc": 17, "tstamp": 0.44454347768185726, "transferred": 0, "dist": 0.15383997364663743, "_child0": {"label": 40, "event": "H", "reconc": [19, 20], "tstamp": 0.22677270297187985, "transferred": 0, "dist": 0.3578301447358164, "_child0": {"label": 51, "event": "S", "reconc": 12, "tstamp": 0.0, "transferred": 1, "dist": 1.081027533393624}, "_child1": {"label": 50, "event": "S", "reconc": 20, "tstamp": 0.0, "transferred": 0, "dist": 0.3605677891884965}}, "_child1": {"label": 35, "event": "S", "reconc": 18, "tstamp": 0.2564117613325802, "transferred": 0, "dist": 0.31007814891482777, "_child0": {"label": 49, "event": "H", "reconc": [18, 23], "tstamp": 0.19591603449871772, "transferred": 0, "dist": 0.10446568246152858, "_child0": {"label": 55, "event": "S", "reconc": 13, "tstamp": 0.0, "transferred": 1, "dist": 0.5472272851186533}, "_child1": {"label": 54, "event": "S", "reconc": 23, "tstamp": 0.0, "transferred": 0, "dist": 0.3383131887194519}}, "_child1": {"label": 48, "event": "S", "reconc": 22, "tstamp": 0.0, "transferred": 0, "dist": 0.40160864325978257}}}, "_child1": {"label": 29, "event": "S", "reconc": 16, "tstamp": 0.0, "transferred": 0, "dist": 0.764853979467582}}}, "_child1": {"label": 20, "event": "H", "reconc": [5, 7], "tstamp": 0.3948254304315215, "transferred": 0, "dist": 0.22583733611370868, "_child0": {"label": 36, "event": "S", "reconc": 7, "tstamp": 0.19281062120868891, "transferred": 0, "dist": 0.11530666303383737, "_child0": {"label": 62, "event": "S", "reconc": 14, "tstamp": 0.0, "transferred": 1, "dist": 0.13926570298544771}, "_child1": {"label": 57, "event": "S", "reconc": 26, "tstamp": 0.0, "transferred": 0, "dist": 0.07375812996167469}, "_child2": {"label": 58, "event": "S", "reconc": 24, "tstamp": 0.0, "transferred": 0, "dist": 0.07007047808316354}}, "_child1": {"label": 37, "event": "S", "reconc": 12, "tstamp": 0.0, "transferred": 1, "dist": 2.070122228489919}}}, "_child1": {"label": 6, "event": "S", "reconc": 6, "tstamp": 0.7245545908257209, "transferred": 0, "dist": 0.118408332997405, "_child0": {"label": 10, "event": "S", "reconc": 9, "tstamp": 0.6826352922275443, "transferred": 0, "dist": 0.03688834567387139, "_child0": {"label": 14, "event": "S", "reconc": 10, "tstamp": 0.5704922379309657, "transferred": 0, "dist": 0.08867079009657418, "_child0": {"label": 23, "event": "H", "reconc": [10, 13], "tstamp": 0.4958745483781381, "transferred": 0, "dist": 0.046986392310611136, "_child0": {"label": 31, "event": "S", "reconc": 12, "tstamp": 0.0, "transferred": 1, "dist": 1.1270316721300242}, "_child1": {"label": 30, "event": "S", "reconc": 13, "tstamp": 0.0, "transferred": 0, "dist": 0.31224976552573247}}, "_child1": {"label": 22, "event": "D", "reconc": [10, 12], "tstamp": 0.45256811403421904, "transferred": 0, "dist": 0.11800801080566557, "_child0": {"label": 33, "event": "H", "reconc": [10, 12], "tstamp": 0.3745927768440555, "transferred": 0, "dist": 0.0827488496343595, "_child0": {"label": 39, "event": "S", "reconc": 19, "tstamp": 0.3482319169390235, "transferred": 1, "dist": 0.25675776151237045, "_child0": {"label": 42, "event": "H", "reconc": [19, 20], "tstamp": 0.021213033304281287, "transferred": 0, "dist": 0.5313263838846966, "_child0": {"label": 67, "event": "S", "reconc": 20, "tstamp": 0.0, "transferred": 0, "dist": 0.034466034962612135}, "_child1": {"label": 68, "event": "S", "reconc": 4, "tstamp": 0.0, "transferred": 1, "dist": 0.03149345137548035}}, "_child1": {"label": 43, "event": "S", "reconc": 21, "tstamp": 0.0, "transferred": 0, "dist": 0.7166415582110192}}, "_child1": {"label": 38, "event": "H", "reconc": [10, 12], "tstamp": 0.05896886041438651, "transferred": 0, "dist": 0.3349458552253752, "_child0": {"label": 65, "event": "S", "reconc": 12, "tstamp": 0.0, "transferred": 0, "dist": 0.0625788299143791}, "_child1": {"label": 66, "event": "S", "reconc": 4, "tstamp": 0.0, "transferred": 1, "dist": 0.07005282590156231}}}, "_child1": {"label": 32, "event": "S", "reconc": 12, "tstamp": 0.0, "transferred": 0, "dist": 1.4200880307917714}}}, "_child1": {"label": 16, "event": "H", "reconc": [9, 15], "tstamp": 0.3321526369088116, "transferred": 0, "dist": 0.33035487348388465, "_child0": {"label": 44, "event": "S", "reconc": 15, "tstamp": 0.09377337561227424, "transferred": 0, "dist": 0.22468943758481746, "_child0": {"label": 63, "event": "S", "reconc": 28, "tstamp": 0.0, "transferred": 0, "dist": 0.10179921752626206}, "_child1": {"label": 64, "event": "S", "reconc": 29, "tstamp": 0.0, "transferred": 0, "dist": 0.08842294787293282}}, "_child1": {"label": 45, "event": "S", "reconc": 20, "tstamp": 0.0, "transferred": 1, "dist": 1.496002172333741}}, "_child2": {"label": 15, "event": "D", "reconc": [9, 14], "tstamp": 0.18538510902680264, "transferred": 0, "dist": 0.40733011669804176, "_child0": {"label": 59, "event": "S", "reconc": 14, "tstamp": 0.0, "transferred": 0, "dist": 0.15186124205569337}, "_child1": {"label": 60, "event": "S", "reconc": 14, "tstamp": 0.0, "transferred": 0, "dist": 0.6220300156114751}}}, "_child1": {"label": 27, "event": "S", "reconc": 16, "tstamp": 0.0, "transferred": 0, "dist": 0.9604874089017211}}}, "_child1": {"label": 5, "event": "S", "reconc": 4, "tstamp": 0.0, "transferred": 0, "dist": 0.5697998948579401}}, "_child1": {"label": 3, "event": "S", "reconc": 2, "tstamp": 0.0, "transferred": 0, "dist": 0.8214266752280592}}