{"label": 0, "event": null, "tstamp": 1.0, "dist": 0.0, "_child0": {"label": 1, "event": "S", "tstamp": 0.5818370339930821, "dist": 0.41816296600691794, "_child0": {"label": 5, "event": "S", "tstamp": 0.0, "dist": 0.5818370339930821}, "_child1": {"label": 4, "event": "S", "tstamp": 0.0, "dist": 0.5818370339930821}, "_child2": {"label": 3, "event": "S", "tstamp": 0.3758247690749341, "dist": 0.20601226491814795, "_child0": {"label": 7, "event": "S", "tstamp": 0.2479974561689983, "dist": 0.12782731290593582, "_child0": {"label": 8, "event": "S", "tstamp": 0.2065369865761757, "dist": 0.041460469592822596, "_child0": {"label": 11, "event": "S", "tstamp": 0.19814952037857925, "dist": 0.00838746619759645, "_child0": {"label": 13, "event": "S", "tstamp": 0.15980578793432956, "dist": 0.038343732444249684, "_child0": {"label": 14, "event": "S", "tstamp": 0.0, "dist": 0.15980578793432956}, "_child1": {"label": 15, "event": "S", "tstamp": 0.0, "dist": 0.15980578793432956}}, "_child1": {"label": 12, "event": "S", "tstamp": 0.14791387353277305, "dist": 0.0502356468458062, "_child0": {"label": 16, "event": "S", "tstamp": 0.0, "dist": 0.14791387353277305}, "_child1": {"label": 17, "event": "S", "tstamp": 0.0, "dist": 0.14791387353277305}}}, "_child1": {"label": 10, "event": "S", "tstamp": 0.11221304542716432, "dist": 0.09432394114901138, "_child0": {"label": 20, "event": "S", "tstamp": 0.0139253391757905, "dist": 0.09828770625137381, "_child0": {"label": 24, "event": "S", "tstamp": 0.0, "dist": 0.0139253391757905}, "_child1": {"label": 25, "event": "S", "tstamp": 0.0, "dist": 0.0139253391757905}}, "_child1": {"label": 21, "event": "S", "tstamp": 0.05413774384900886, "dist": 0.05807530157815546, "_child0": {"label": 22, "event": "S", "tstamp": 0.0, "dist": 0.05413774384900886}, "_child1": {"label": 23, "event": "S", "tstamp": 0.0, "dist": 0.05413774384900886}}, "_child2": {"label": 18, "event": "S", "tstamp": 0.0, "dist": 0.11221304542716432}}}, "_child1": {"label": 9, "event": "S", "tstamp": 0.0, "dist": 0.2479974561689983}}, "_child1": {"label": 6, "event": "S", "tstamp": 0.0, "dist": 0.3758247690749341}}}}