{"label": 0, "event": null, "tstamp": 1.0, "dist": 0.0, "_child0": {"label": 1, "event": "S", "tstamp": 0.9699681983663868, "dist": 0.030031801633613187, "_child0": {"label": 3, "event": "S", "tstamp": 0.9428219512094724, "dist": 0.027146247156914383, "_child0": {"label": 5, "event": "S", "tstamp": 0.8960659771154367, "dist": 0.04675597409403576, "_child0": {"label": 6, "event": "S", "tstamp": 0.8959795997655764, "dist": 8.637734986027823e-05, "_child0": {"label": 9, "event": "S", "tstamp": 0.8846655093506105, "dist": 0.011314090414965894, "_child0": {"label": 11, "event": "S", "tstamp": 0.8249632680180731, "dist": 0.05970224133253743, "_child0": {"label": 12, "event": "S", "tstamp": 0.0, "dist": 0.8249632680180731}, "_child1": {"label": 13, "event": "S", "tstamp": 0.0, "dist": 0.8249632680180731}}, "_child1": {"label": 10, "event": "S", "tstamp": 0.7692902164157318, "dist": 0.11537529293487869, "_child0": {"label": 14, "event": "S", "tstamp": 0.6527615309658551, "dist": 0.11652868544987671, "_child0": {"label": 18, "event": "S", "tstamp": 0.13501345325126332, "dist": 0.5177480777145917, "_child0": {"label": 26, "event": "S", "tstamp": 0.10033610576909949, "dist": 0.034677347482163834, "_child0": {"label": 28, "event": "S", "tstamp": 0.0, "dist": 0.10033610576909949}, "_child1": {"label": 29, "event": "S", "tstamp": 0.0, "dist": 0.10033610576909949}}, "_child1": {"label": 27, "event": "S", "tstamp": 0.0, "dist": 0.13501345325126332}}, "_child1": {"label": 19, "event": "S", "tstamp": 0.5637489927367808, "dist": 0.08901253822907429, "_child0": {"label": 21, "event": "S", "tstamp": 0.3506396593347199, "dist": 0.2131093334020609, "_child0": {"label": 22, "event": "S", "tstamp": 0.0, "dist": 0.3506396593347199}, "_child1": {"label": 23, "event": "S", "tstamp": 0.0, "dist": 0.3506396593347199}}, "_child1": {"label": 20, "event": "S", "tstamp": 0.2086295784561818, "dist": 0.355119414280599, "_child0": {"label": 24, "event": "S", "tstamp": 0.0, "dist": 0.2086295784561818}, "_child1": {"label": 25, "event": "S", "tstamp": 0.0, "dist": 0.2086295784561818}}}, "_child2": {"label": 16, "event": "S", "tstamp": 0.0, "dist": 0.6527615309658551}}, "_child1": {"label": 15, "event": "S", "tstamp": 0.0, "dist": 0.7692902164157318}}}, "_child1": {"label": 8, "event": "S", "tstamp": 0.0, "dist": 0.8959795997655764}}, "_child1": {"label": 7, "event": "S", "tstamp": 0.0, "dist": 0.8960659771154367}}, "_child1": {"label": 4, "event": "S", "tstamp": 0.0, "dist": 0.9428219512094724}}, "_child1": {"label": 2, "event": "S", "tstamp": 0.0, "dist": 0.9699681983663868}}}