{"label": 1, "event": "S", "reconc": 1, "tstamp": 0.9699681983663868, "transferred": 0, "dist": 0.0, "_child0": {"label": 4, "event": "S", "reconc": 5, "tstamp": 0.8960659771154367, "transferred": 0, "dist": 0.07782291733026259, "_child0": {"label": 8, "event": "S", "reconc": 9, "tstamp": 0.8846655093506105, "transferred": 0, "dist": 0.011331121030450414, "_child0": {"label": 10, "event": "H", "reconc": [9, 11], "tstamp": 0.8369495079121364, "transferred": 0, "dist": 0.0460610342022673, "_child0": {"label": 15, "event": "H", "reconc": [11, 13], "tstamp": 0.45545986180153303, "transferred": 0, "dist": 0.5587326468623333, "_child0": {"label": 44, "event": "D", "reconc": [11, 13], "tstamp": 0.17095894182308946, "transferred": 0, "dist": 0.42129010963714264, "_child0": {"label": 72, "event": "S", "reconc": 13, "tstamp": 0.0, "transferred": 0, "dist": 0.2531566904935014}, "_child1": {"label": 73, "event": "S", "reconc": 13, "tstamp": 0.0, "transferred": 0, "dist": 0.2531566904935014}}, "_child1": {"label": 45, "event": "S", "reconc": 16, "tstamp": 0.0, "transferred": 1, "dist": 0.3770687508638614}}, "_child1": {"label": 13, "event": "S", "reconc": 10, "tstamp": 0.7692902164157318, "transferred": 1, "dist": 0.1823657453387394, "_child0": {"label": 18, "event": "S", "reconc": 14, "tstamp": 0.6527615309658551, "transferred": 0, "dist": 0.16027865507043465, "_child0": {"label": 24, "event": "H", "reconc": [14, 19], "tstamp": 0.5772535972079296, "transferred": 0, "dist": 0.08926799275678667, "_child0": {"label": 34, "event": "S", "reconc": 21, "tstamp": 0.3506396593347199, "transferred": 0, "dist": 0.3803505513953656, "_child0": {"label": 55, "event": "H", "reconc": [21, 23], "tstamp": 0.007134934133557397, "transferred": 0, "dist": 1.437950704630653, "_child0": {"label": 76, "event": "S", "reconc": 23, "tstamp": 0.0, "transferred": 0, "dist": 0.029867663563678495}, "_child1": {"label": 77, "event": "S", "reconc": 8, "tstamp": 0.0, "transferred": 1, "dist": 0.006791474484072396}}, "_child1": {"label": 54, "event": "S", "reconc": 22, "tstamp": 0.0, "transferred": 0, "dist": 0.8550400484563762}}, "_child1": {"label": 29, "event": "S", "reconc": 12, "tstamp": 0.0, "transferred": 1, "dist": 0.7898443634614987}}, "_child1": {"label": 25, "event": "D", "reconc": [14, 16], "tstamp": 0.5043894103175612, "transferred": 0, "dist": 0.325783740727892, "_child0": {"label": 40, "event": "H", "reconc": [14, 16], "tstamp": 0.4412782853728841, "transferred": 0, "dist": 0.048005168990107906, "_child0": {"label": 46, "event": "D", "reconc": [14, 16], "tstamp": 0.4323408491912945, "transferred": 0, "dist": 0.006798217186139689, "_child0": {"label": 49, "event": "H", "reconc": [14, 16], "tstamp": 0.3375013792288036, "transferred": 0, "dist": 0.16035673583396567, "_child0": {"label": 60, "event": "S", "reconc": 16, "tstamp": 0.0, "transferred": 0, "dist": 0.5706550187806518}, "_child1": {"label": 61, "event": "S", "reconc": 2, "tstamp": 0.0, "transferred": 1, "dist": 0.4299179332510068}}, "_child1": {"label": 48, "event": "S", "reconc": 16, "tstamp": 0.0, "transferred": 0, "dist": 0.34168423114355945}}, "_child1": {"label": 47, "event": "S", "reconc": 4, "tstamp": 0.0, "transferred": 1, "dist": 0.45855209472740127}}, "_child1": {"label": 41, "event": "S", "reconc": 16, "tstamp": 0.0, "transferred": 0, "dist": 0.3852679967376078}}}, "_child1": {"label": 19, "event": "S", "reconc": 15, "tstamp": 0.0, "transferred": 0, "dist": 1.9187389546772873}}}, "_child1": {"label": 11, "event": "S", "reconc": 10, "tstamp": 0.7692902164157318, "transferred": 0, "dist": 0.1228659291084902, "_child0": {"label": 16, "event": "S", "reconc": 14, "tstamp": 0.6527615309658551, "transferred": 0, "dist": 0.12901718289487973, "_child0": {"label": 21, "event": "D", "reconc": [14, 19], "tstamp": 0.5870715709466766, "transferred": 0, "dist": 0.07335269405330873, "_child0": {"label": 26, "event": "S", "reconc": 19, "tstamp": 0.5637489927367808, "transferred": 0, "dist": 0.026046304841792305, "_child0": {"label": 30, "event": "D", "reconc": [19, 21], "tstamp": 0.5305294455250867, "transferred": 0, "dist": 0.12397268083917376, "_child0": {"label": 36, "event": "S", "reconc": 21, "tstamp": 0.3506396593347199, "transferred": 0, "dist": 0.4335003054286781, "_child0": {"label": 56, "event": "H", "reconc": [21, 22], "tstamp": 0.2861955837223109, "transferred": 0, "dist": 0.13103209892408194, "_child0": {"label": 66, "event": "S", "reconc": 22, "tstamp": 0.0, "transferred": 0, "dist": 0.581912420677445}, "_child1": {"label": 67, "event": "S", "reconc": 23, "tstamp": 0.0, "transferred": 1, "dist": 0.690319973838822}}, "_child1": {"label": 57, "event": "S", "reconc": 23, "tstamp": 0.0, "transferred": 0, "dist": 1.957522619762665}}, "_child1": {"label": 37, "event": "S", "reconc": 21, "tstamp": 0.3506396593347199, "transferred": 0, "dist": 0.55980952844798, "_child0": {"label": 58, "event": "S", "reconc": 22, "tstamp": 0.0, "transferred": 0, "dist": 0.38804279536668973}, "_child1": {"label": 59, "event": "S", "reconc": 23, "tstamp": 0.0, "transferred": 0, "dist": 1.09539989918909}}}, "_child1": {"label": 42, "event": "S", "reconc": 20, "tstamp": 0.2086295784561818, "transferred": 0, "dist": 0.43467926271282653, "_child0": {"label": 70, "event": "S", "reconc": 24, "tstamp": 0.0, "transferred": 0, "dist": 0.23993074788425908}, "_child1": {"label": 71, "event": "S", "reconc": 25, "tstamp": 0.0, "transferred": 0, "dist": 0.19802472497329462}}}, "_child1": {"label": 52, "event": "D", "reconc": [21, 22], "tstamp": 0.26140717434960864, "transferred": 0, "dist": 0.3729356156317016, "_child0": {"label": 68, "event": "S", "reconc": 22, "tstamp": 0.0, "transferred": 0, "dist": 1.8625108245343787}, "_child1": {"label": 69, "event": "S", "reconc": 22, "tstamp": 0.0, "transferred": 0, "dist": 0.2891904268602778}}}, "_child1": {"label": 51, "event": "S", "reconc": 13, "tstamp": 0.0, "transferred": 1, "dist": 0.8411956328384955}, "_child2": {"label": 22, "event": "S", "reconc": 16, "tstamp": 0.0, "transferred": 0, "dist": 0.49637972745673986}}, "_child1": {"label": 17, "event": "D", "reconc": [10, 15], "tstamp": 0.33566453139947744, "transferred": 0, "dist": 0.5156752319375486, "_child0": {"label": 63, "event": "D", "reconc": [10, 15], "tstamp": 0.3168222492684102, "transferred": 0, "dist": 0.02240757073190121, "_child0": {"label": 64, "event": "S", "reconc": 15, "tstamp": 0.0, "transferred": 0, "dist": 0.37677054777864255}, "_child1": {"label": 65, "event": "S", "reconc": 15, "tstamp": 0.0, "transferred": 0, "dist": 0.37677054777864255}}, "_child1": {"label": 62, "event": "D", "reconc": [10, 15], "tstamp": 0.1092972752662833, "transferred": 0, "dist": 0.26919989138829653, "_child0": {"label": 74, "event": "S", "reconc": 15, "tstamp": 0.0, "transferred": 0, "dist": 0.12997822712224721}, "_child1": {"label": 75, "event": "S", "reconc": 15, "tstamp": 0.0, "transferred": 0, "dist": 0.21990465160659445}}}}}, "_child1": {"label": 7, "event": "S", "reconc": 7, "tstamp": 0.0, "transferred": 0, "dist": 0.6270426968035706}}, "_child1": {"label": 3, "event": "S", "reconc": 2, "tstamp": 0.0, "transferred": 0, "dist": 0.7819307339097269}}