{"label": 0, "event": null, "tstamp": 1.0, "dist": 0.0, "_child0": {"label": 1, "event": "S", "tstamp": 0.6776098722303592, "dist": 0.3223901277696408, "_child0": {"label": 2, "event": "S", "tstamp": 0.5316697683163284, "dist": 0.14594010391403078, "_child0": {"label": 15, "event": "S", "tstamp": 0.0, "dist": 0.5316697683163284}, "_child1": {"label": 14, "event": "S", "tstamp": 0.0, "dist": 0.5316697683163284}, "_child2": {"label": 5, "event": "S", "tstamp": 0.0, "dist": 0.5316697683163284}}, "_child1": {"label": 3, "event": "S", "tstamp": 0.5230567409285627, "dist": 0.1545531313017965, "_child0": {"label": 7, "event": "S", "tstamp": 0.37519281371354085, "dist": 0.14786392721502184, "_child0": {"label": 8, "event": "S", "tstamp": 0.0, "dist": 0.37519281371354085}, "_child1": {"label": 9, "event": "S", "tstamp": 0.0, "dist": 0.37519281371354085}}, "_child1": {"label": 6, "event": "S", "tstamp": 0.2373007356180755, "dist": 0.28575600531048717, "_child0": {"label": 11, "event": "S", "tstamp": 0.22619598712661396, "dist": 0.011104748491461536, "_child0": {"label": 12, "event": "S", "tstamp": 0.04995315129151709, "dist": 0.17624283583509687, "_child0": {"label": 17, "event": "S", "tstamp": 0.021437383740083398, "dist": 0.02851576755143369, "_child0": {"label": 18, "event": "S", "tstamp": 0.0, "dist": 0.021437383740083398}, "_child1": {"label": 19, "event": "S", "tstamp": 0.0, "dist": 0.021437383740083398}}, "_child1": {"label": 16, "event": "S", "tstamp": 0.0, "dist": 0.04995315129151709}}, "_child1": {"label": 13, "event": "S", "tstamp": 0.0, "dist": 0.22619598712661396}}, "_child1": {"label": 10, "event": "S", "tstamp": 0.0, "dist": 0.2373007356180755}}}}}