{"label": 1, "event": "S", "reconc": 1, "tstamp": 0.9617060017789311, "transferred": 0, "dist": 0.0, "_child0": {"label": 2, "event": "S", "reconc": 2, "tstamp": 0.9131897173121966, "transferred": 0, "dist": 0.04467389522519734, "_child0": {"label": 4, "event": "S", "reconc": 4, "tstamp": 0.9070498958081902, "transferred": 0, "dist": 0.005575151332926218, "_child0": {"label": 6, "event": "S", "reconc": 6, "tstamp": 0.8671310851429574, "transferred": 0, "dist": 0.03635974524350977, "_child0": {"label": 12, "event": "S", "reconc": 12, "tstamp": 0.0, "transferred": 0, "dist": 0.7222822320054486}, "_child1": {"label": 13, "event": "S", "reconc": 13, "tstamp": 0.0, "transferred": 0, "dist": 0.8949482865825318}}, "_child1": {"label": 7, "event": "H", "reconc": [4, 7], "tstamp": 0.33106637186389465, "transferred": 0, "dist": 0.3657177741068456, "_child0": {"label": 37, "event": "H", "reconc": [4, 7], "tstamp": 0.14476361415093647, "transferred": 0, "dist": 0.11829197716311658, "_child0": {"label": 49, "event": "D", "reconc": [4, 7], "tstamp": 0.031972815098866535, "transferred": 0, "dist": 0.07161593735629988, "_child0": {"label": 65, "event": "S", "reconc": 7, "tstamp": 0.0, "transferred": 0, "dist": 0.022690546956627086}, "_child1": {"label": 66, "event": "S", "reconc": 7, "tstamp": 0.0, "transferred": 0, "dist": 0.02030270070690022}}, "_child1": {"label": 50, "event": "S", "reconc": 8, "tstamp": 0.0, "transferred": 1, "dist": 0.1878681440153843}}, "_child1": {"label": 38, "event": "H", "reconc": [21, 22], "tstamp": 0.09951455218832264, "transferred": 1, "dist": 0.37874073767806116, "_child0": {"label": 56, "event": "S", "reconc": 27, "tstamp": 0.08018047094071444, "transferred": 1, "dist": 0.018386426819748843, "_child0": {"label": 61, "event": "S", "reconc": 28, "tstamp": 0.0, "transferred": 0, "dist": 0.06186283914768625}, "_child1": {"label": 62, "event": "S", "reconc": 29, "tstamp": 0.0, "transferred": 0, "dist": 0.06669218297318086}}, "_child1": {"label": 55, "event": "S", "reconc": 22, "tstamp": 0.0, "transferred": 0, "dist": 0.16277226824783805}}}}, "_child1": {"label": 5, "event": "S", "reconc": 5, "tstamp": 0.8898557641328669, "transferred": 0, "dist": 0.022759365464117096, "_child0": {"label": 10, "event": "S", "reconc": 10, "tstamp": 0.8552550502732951, "transferred": 0, "dist": 0.033857732844868746, "_child0": {"label": 16, "event": "H", "reconc": [15, 16], "tstamp": 0.8115154696946631, "transferred": 0, "dist": 0.04026219561356724, "_child0": {"label": 19, "event": "H", "reconc": [6, 13], "tstamp": 0.8016851698913035, "transferred": 1, "dist": 0.012923546324561826, "_child0": {"label": 21, "event": "H", "reconc": [4, 7], "tstamp": 0.6144953954143137, "transferred": 1, "dist": 0.14477526667464233, "_child0": {"label": 30, "event": "H", "reconc": [16, 20], "tstamp": 0.32833668286962797, "transferred": 1, "dist": 0.3331814125769275, "_child0": {"label": 40, "event": "H", "reconc": [23, 25], "tstamp": 0.3091505660697113, "transferred": 1, "dist": 0.017824194380735077, "_child0": {"label": 41, "event": "H", "reconc": [23, 25], "tstamp": 0.30871003761419147, "transferred": 0, "dist": 0.0004092576368275176, "_child0": {"label": 43, "event": "H", "reconc": [23, 25], "tstamp": 0.3052558996740153, "transferred": 0, "dist": 0.0032089466933631705, "_child0": {"label": 45, "event": "S", "reconc": 25, "tstamp": 0.0, "transferred": 0, "dist": 0.283587374579073}, "_child1": {"label": 46, "event": "S", "reconc": 3, "tstamp": 0.0, "transferred": 1, "dist": 0.3778011506288154}}, "_child1": {"label": 44, "event": "S", "reconc": 24, "tstamp": 0.13451383034482753, "transferred": 1, "dist": 0.12324931502443526, "_child0": {"label": 51, "event": "S", "reconc": 27, "tstamp": 0.08018047094071444, "transferred": 0, "dist": 0.03284546627246625, "_child0": {"label": 59, "event": "S", "reconc": 28, "tstamp": 0.0, "transferred": 0, "dist": 0.04654672401972686}, "_child1": {"label": 60, "event": "S", "reconc": 29, "tstamp": 0.0, "transferred": 0, "dist": 0.05052864623612519}}, "_child1": {"label": 52, "event": "S", "reconc": 26, "tstamp": 0.0, "transferred": 0, "dist": 0.08124019881902196}}}, "_child1": {"label": 42, "event": "H", "reconc": [9, 11], "tstamp": 0.08898568663469751, "transferred": 1, "dist": 0.17419687883131496, "_child0": {"label": 58, "event": "S", "reconc": 12, "tstamp": 0.0, "transferred": 1, "dist": 0.07554295587533985}, "_child1": {"label": 57, "event": "S", "reconc": 11, "tstamp": 0.0, "transferred": 0, "dist": 0.07040645588980605}}}, "_child1": {"label": 39, "event": "H", "reconc": [16, 20], "tstamp": 0.031957055011504684, "transferred": 0, "dist": 0.24288363158684026, "_child0": {"label": 67, "event": "S", "reconc": 20, "tstamp": 0.0, "transferred": 0, "dist": 0.026188863357809063}, "_child1": {"label": 68, "event": "S", "reconc": 25, "tstamp": 0.0, "transferred": 1, "dist": 0.06171803219857047}}}, "_child1": {"label": 29, "event": "D", "reconc": [4, 7], "tstamp": 0.05585932452136752, "transferred": 0, "dist": 0.43205718027905665, "_child0": {"label": 63, "event": "S", "reconc": 7, "tstamp": 0.0, "transferred": 0, "dist": 0.04502546879754461}, "_child1": {"label": 64, "event": "S", "reconc": 7, "tstamp": 0.0, "transferred": 0, "dist": 0.045831615268978596}}}, "_child1": {"label": 20, "event": "S", "reconc": 13, "tstamp": 0.0, "transferred": 0, "dist": 1.0539470451616881}}, "_child1": {"label": 18, "event": "S", "reconc": 16, "tstamp": 0.7817510406014103, "transferred": 0, "dist": 0.027298897383633645, "_child0": {"label": 26, "event": "S", "reconc": 18, "tstamp": 0.0, "transferred": 1, "dist": 3.7175250301906617}, "_child1": {"label": 28, "event": "H", "reconc": [21, 22], "tstamp": 0.12964976885347626, "transferred": 0, "dist": 0.7157390609121506, "_child0": {"label": 54, "event": "S", "reconc": 12, "tstamp": 0.0, "transferred": 1, "dist": 0.4093190140869272}, "_child1": {"label": 53, "event": "S", "reconc": 22, "tstamp": 0.0, "transferred": 0, "dist": 0.14966204928308827}}, "_child2": {"label": 24, "event": "H", "reconc": [16, 18], "tstamp": 0.3824868850431957, "transferred": 0, "dist": 0.4443692731237829, "_child0": {"label": 33, "event": "H", "reconc": [16, 18], "tstamp": 0.2509780756470258, "transferred": 0, "dist": 0.14636544059169754, "_child0": {"label": 47, "event": "S", "reconc": 18, "tstamp": 0.0, "transferred": 0, "dist": 0.27933122343363853}, "_child1": {"label": 48, "event": "S", "reconc": 8, "tstamp": 0.0, "transferred": 1, "dist": 0.7047431606907639}}, "_child1": {"label": 34, "event": "S", "reconc": 25, "tstamp": 0.0, "transferred": 1, "dist": 0.27685447217623543}}}}, "_child1": {"label": 15, "event": "H", "reconc": [10, 14], "tstamp": 0.508498205446067, "transferred": 0, "dist": 0.4255087552543477, "_child0": {"label": 36, "event": "S", "reconc": 7, "tstamp": 0.0, "transferred": 1, "dist": 0.5855309147478951}, "_child1": {"label": 31, "event": "S", "reconc": 14, "tstamp": 0.0, "transferred": 0, "dist": 0.6239831792108744}}}, "_child1": {"label": 9, "event": "S", "reconc": 8, "tstamp": 0.0, "transferred": 0, "dist": 0.8631340763236428}}}, "_child1": {"label": 3, "event": "S", "reconc": 3, "tstamp": 0.0, "transferred": 0, "dist": 0.7271508596544546}}