{"label": 0, "event": null, "tstamp": 1.0, "dist": 0.0, "_child0": {"label": 1, "event": "S", "tstamp": 0.73166483450571, "dist": 0.26833516549429004, "_child0": {"label": 3, "event": "S", "tstamp": 0.7269892001625909, "dist": 0.004675634343119017, "_child0": {"label": 5, "event": "S", "tstamp": 0.45865275906555775, "dist": 0.2683364410970332, "_child0": {"label": 6, "event": "S", "tstamp": 0.0, "dist": 0.45865275906555775}, "_child1": {"label": 7, "event": "S", "tstamp": 0.0, "dist": 0.45865275906555775}}, "_child1": {"label": 4, "event": "S", "tstamp": 0.0, "dist": 0.7269892001625909}}, "_child1": {"label": 2, "event": "S", "tstamp": 0.21250523322973314, "dist": 0.5191596012759768, "_child0": {"label": 9, "event": "S", "tstamp": 0.19381134631772282, "dist": 0.01869388691201032, "_child0": {"label": 11, "event": "S", "tstamp": 0.11034257057025562, "dist": 0.0834687757474672, "_child0": {"label": 13, "event": "S", "tstamp": 0.05151961121760911, "dist": 0.05882295935264651, "_child0": {"label": 14, "event": "S", "tstamp": 0.0, "dist": 0.05151961121760911}, "_child1": {"label": 15, "event": "S", "tstamp": 0.0, "dist": 0.05151961121760911}}, "_child1": {"label": 12, "event": "S", "tstamp": 0.0, "dist": 0.11034257057025562}}, "_child1": {"label": 10, "event": "S", "tstamp": 0.0, "dist": 0.19381134631772282}}, "_child1": {"label": 8, "event": "S", "tstamp": 0.0, "dist": 0.21250523322973314}}}}