{"label": 1, "event": "S", "reconc": 1, "tstamp": 0.7764597377016116, "transferred": 0, "dist": 0.0, "_child0": {"label": 2, "event": "D", "reconc": [1, 2], "tstamp": 0.5174683894498371, "transferred": 0, "dist": 0.2719985667449308, "_child0": {"label": 4, "event": "S", "reconc": 2, "tstamp": 0.4955064592290284, "transferred": 0, "dist": 0.02306491542414375, "_child0": {"label": 7, "event": "D", "reconc": [2, 5], "tstamp": 0.2764440743295966, "transferred": 0, "dist": 0.2516987868537468, "_child0": {"label": 16, "event": "D", "reconc": [2, 5], "tstamp": 0.24582888225542246, "transferred": 0, "dist": 0.038923539066481785, "_child0": {"label": 18, "event": "S", "reconc": 5, "tstamp": 0.0, "transferred": 0, "dist": 0.9836442527450158}, "_child1": {"label": 19, "event": "S", "reconc": 5, "tstamp": 0.0, "transferred": 0, "dist": 0.639658020984089}}, "_child1": {"label": 17, "event": "D", "reconc": [2, 5], "tstamp": 0.1007354979512744, "transferred": 0, "dist": 0.27708934048956013, "_child0": {"label": 20, "event": "S", "reconc": 5, "tstamp": 0.0, "transferred": 0, "dist": 0.1245211352924038}, "_child1": {"label": 21, "event": "S", "reconc": 5, "tstamp": 0.0, "transferred": 0, "dist": 0.22249987063207394}}}, "_child1": {"label": 6, "event": "S", "reconc": 4, "tstamp": 0.0, "transferred": 0, "dist": 0.416663572774085}}, "_child1": {"label": 5, "event": "S", "reconc": 2, "tstamp": 0.4955064592290284, "transferred": 0, "dist": 0.02306491542414375, "_child0": {"label": 12, "event": "S", "reconc": 5, "tstamp": 0.0, "transferred": 0, "dist": 0.7329178242321286}, "_child1": {"label": 8, "event": "S", "reconc": 4, "tstamp": 0.0, "transferred": 0, "dist": 0.416663572774085}}}, "_child1": {"label": 14, "event": "S", "reconc": 7, "tstamp": 0.04548164809879351, "transferred": 0, "dist": 1.2427742941068731, "_child0": {"label": 23, "event": "D", "reconc": [7, 9], "tstamp": 0.039095411836161234, "transferred": 0, "dist": 0.016265864598563346, "_child0": {"label": 24, "event": "S", "reconc": 9, "tstamp": 0.0, "transferred": 0, "dist": 0.15691945367441223}, "_child1": {"label": 25, "event": "S", "reconc": 9, "tstamp": 0.0, "transferred": 0, "dist": 0.09957675369341193}}, "_child1": {"label": 22, "event": "S", "reconc": 8, "tstamp": 0.0, "transferred": 0, "dist": 0.11243465782930957}}}