{"label": 1, "event": "S", "reconc": 1, "tstamp": 0.9945972480594162, "transferred": 0, "dist": 0.0, "_child0": {"label": 3, "event": "S", "reconc": 4, "tstamp": 0.9018645722317736, "transferred": 0, "dist": 0.08280052984659697, "_child0": {"label": 5, "event": "D", "reconc": [4, 6], "tstamp": 0.6514958449900878, "transferred": 0, "dist": 0.2196016214452133, "_child0": {"label": 17, "event": "H", "reconc": [4, 6], "tstamp": 0.6284849142728587, "transferred": 0, "dist": 0.04363832951364919, "_child0": {"label": 19, "event": "D", "reconc": [10, 19], "tstamp": 0.5761243449357589, "transferred": 1, "dist": 0.04833136372598001, "_child0": {"label": 23, "event": "D", "reconc": [10, 19], "tstamp": 0.5442503014236678, "transferred": 0, "dist": 0.082659169716004, "_child0": {"label": 27, "event": "D", "reconc": [10, 19], "tstamp": 0.06845281598254421, "transferred": 0, "dist": 1.734675766946688, "_child0": {"label": 70, "event": "S", "reconc": 19, "tstamp": 0.0, "transferred": 0, "dist": 0.11539650457791256}, "_child1": {"label": 71, "event": "S", "reconc": 19, "tstamp": 0.0, "transferred": 0, "dist": 0.22278272988087425}}, "_child1": {"label": 26, "event": "S", "reconc": 19, "tstamp": 0.0, "transferred": 0, "dist": 1.2764170552290248}}, "_child1": {"label": 22, "event": "H", "reconc": [10, 19], "tstamp": 0.17645685447324552, "transferred": 0, "dist": 0.7294053840390933, "_child0": {"label": 50, "event": "S", "reconc": 19, "tstamp": 0.0, "transferred": 0, "dist": 0.32203915198216554}, "_child1": {"label": 51, "event": "S", "reconc": 12, "tstamp": 0.0, "transferred": 1, "dist": 0.34527260679027716}}}, "_child1": {"label": 18, "event": "S", "reconc": 6, "tstamp": 0.0, "transferred": 0, "dist": 1.19186973010447}}, "_child1": {"label": 16, "event": "S", "reconc": 6, "tstamp": 0.0, "transferred": 0, "dist": 0.7620899081142944}}, "_child1": {"label": 6, "event": "H", "reconc": [4, 7], "tstamp": 0.1839054172522856, "transferred": 0, "dist": 0.5783082288556911, "_child0": {"label": 49, "event": "S", "reconc": 11, "tstamp": 0.0, "transferred": 1, "dist": 0.1272303655568337}, "_child1": {"label": 48, "event": "S", "reconc": 7, "tstamp": 0.0, "transferred": 0, "dist": 0.1481337975712207}}}, "_child1": {"label": 2, "event": "S", "reconc": 5, "tstamp": 0.7887435585909911, "transferred": 0, "dist": 0.1982353948330013, "_child0": {"label": 8, "event": "S", "reconc": 10, "tstamp": 0.7069033216087655, "transferred": 0, "dist": 0.0809064926244576, "_child0": {"label": 12, "event": "D", "reconc": [10, 14], "tstamp": 0.6538963756889811, "transferred": 0, "dist": 0.059548373511728606, "_child0": {"label": 24, "event": "S", "reconc": 14, "tstamp": 0.5068866602743352, "transferred": 0, "dist": 0.1651517417474308, "_child0": {"label": 32, "event": "H", "reconc": [14, 17], "tstamp": 0.19312789027203017, "transferred": 0, "dist": 0.3745095897205084, "_child0": {"label": 45, "event": "H", "reconc": [10, 18], "tstamp": 0.13496869345322984, "transferred": 1, "dist": 0.07514512198074173, "_child0": {"label": 62, "event": "S", "reconc": 18, "tstamp": 0.0, "transferred": 0, "dist": 0.1743875343520176}, "_child1": {"label": 63, "event": "S", "reconc": 6, "tstamp": 0.0, "transferred": 1, "dist": 0.12774816492693397}}, "_child1": {"label": 44, "event": "S", "reconc": 17, "tstamp": 0.09911007778477866, "transferred": 0, "dist": 0.11222179504579771, "_child0": {"label": 68, "event": "S", "reconc": 28, "tstamp": 0.0, "transferred": 0, "dist": 0.10091576684580195}, "_child1": {"label": 69, "event": "S", "reconc": 29, "tstamp": 0.0, "transferred": 0, "dist": 0.10232300246005065}}}, "_child1": {"label": 33, "event": "S", "reconc": 16, "tstamp": 0.0, "transferred": 0, "dist": 0.5321953176999278}}, "_child1": {"label": 14, "event": "S", "reconc": 14, "tstamp": 0.5068866602743352, "transferred": 0, "dist": 0.16515174174743077, "_child0": {"label": 30, "event": "S", "reconc": 17, "tstamp": 0.09911007778477866, "transferred": 0, "dist": 0.4867313847663061, "_child0": {"label": 66, "event": "S", "reconc": 28, "tstamp": 0.0, "transferred": 0, "dist": 0.10091576684580195}, "_child1": {"label": 67, "event": "S", "reconc": 29, "tstamp": 0.0, "transferred": 0, "dist": 0.10232300246005065}}, "_child1": {"label": 31, "event": "S", "reconc": 16, "tstamp": 0.0, "transferred": 0, "dist": 0.5321953176999278}}}, "_child1": {"label": 52, "event": "S", "reconc": 12, "tstamp": 0.0, "transferred": 0, "dist": 0.7025262241588652}, "_child2": {"label": 11, "event": "H", "reconc": [10, 18], "tstamp": 0.2278598488930063, "transferred": 0, "dist": 0.502365927874406, "_child0": {"label": 42, "event": "S", "reconc": 18, "tstamp": 0.0, "transferred": 0, "dist": 0.23895331203558087}, "_child1": {"label": 43, "event": "S", "reconc": 12, "tstamp": 0.0, "transferred": 1, "dist": 0.24479606035376483}}}, "_child1": {"label": 9, "event": "D", "reconc": [5, 8], "tstamp": 0.5278290715678614, "transferred": 0, "dist": 0.2683426099797393, "_child0": {"label": 40, "event": "S", "reconc": 8, "tstamp": 0.16696557717542004, "transferred": 0, "dist": 0.3711371224975041, "_child0": {"label": 64, "event": "S", "reconc": 24, "tstamp": 0.0, "transferred": 0, "dist": 0.1678340741767847}, "_child1": {"label": 57, "event": "S", "reconc": 27, "tstamp": 0.0, "transferred": 0, "dist": 0.17332426267983803}, "_child2": {"label": 58, "event": "S", "reconc": 26, "tstamp": 0.0, "transferred": 0, "dist": 0.1768448191614994}}, "_child1": {"label": 29, "event": "S", "reconc": 8, "tstamp": 0.16696557717542004, "transferred": 0, "dist": 0.3711371224975041, "_child0": {"label": 56, "event": "D", "reconc": [8, 24], "tstamp": 0.14880872823462268, "transferred": 0, "dist": 0.017689729191140497, "_child0": {"label": 60, "event": "S", "reconc": 24, "tstamp": 0.0, "transferred": 0, "dist": 0.1449803384018734}, "_child1": {"label": 61, "event": "S", "reconc": 24, "tstamp": 0.0, "transferred": 0, "dist": 0.19674497934585247}}, "_child1": {"label": 54, "event": "S", "reconc": 27, "tstamp": 0.0, "transferred": 0, "dist": 0.17332426267983803}, "_child2": {"label": 55, "event": "S", "reconc": 26, "tstamp": 0.0, "transferred": 0, "dist": 0.1768448191614994}}}}, "_child2": {"label": 4, "event": "S", "reconc": 3, "tstamp": 0.27192402351758516, "transferred": 0, "dist": 0.7186823231168418, "_child0": {"label": 38, "event": "S", "reconc": 21, "tstamp": 0.18440555309673642, "transferred": 0, "dist": 0.09622373556530324, "_child0": {"label": 46, "event": "S", "reconc": 22, "tstamp": 0.0, "transferred": 0, "dist": 0.19529498871987366}, "_child1": {"label": 47, "event": "S", "reconc": 23, "tstamp": 0.0, "transferred": 0, "dist": 0.22857299382426846}}, "_child1": {"label": 39, "event": "S", "reconc": 20, "tstamp": 0.0, "transferred": 0, "dist": 0.26612428553057244}}}