{"label": 1, "event": "S", "reconc": 1, "tstamp": 0.8964803268523196, "transferred": 0, "dist": 0.0, "_child0": {"label": 2, "event": "H", "reconc": [1, 2], "tstamp": 0.8925581810740016, "transferred": 0, "dist": 0.0032544752469591495, "_child0": {"label": 4, "event": "S", "reconc": 2, "tstamp": 0.6546485403485376, "transferred": 0, "dist": 0.1974100608483808, "_child0": {"label": 8, "event": "D", "reconc": [2, 5], "tstamp": 0.3956196048273775, "transferred": 0, "dist": 0.20508001703660095, "_child0": {"label": 18, "event": "S", "reconc": 5, "tstamp": 0.19085985337179986, "transferred": 0, "dist": 0.3229039860771917, "_child0": {"label": 26, "event": "S", "reconc": 11, "tstamp": 0.17792882044638406, "transferred": 0, "dist": 0.02022298970378071, "_child0": {"label": 30, "event": "S", "reconc": 13, "tstamp": 0.08439958324399288, "transferred": 0, "dist": 0.09007496682978082, "_child0": {"label": 41, "event": "S", "reconc": 19, "tstamp": 0.0, "transferred": 0, "dist": 0.08187350913441979}, "_child1": {"label": 34, "event": "S", "reconc": 16, "tstamp": 0.0, "transferred": 0, "dist": 0.07400981627740293}, "_child2": {"label": 36, "event": "S", "reconc": 14, "tstamp": 0.0, "transferred": 0, "dist": 0.2726307740550947}}, "_child1": {"label": 31, "event": "S", "reconc": 12, "tstamp": 0.0, "transferred": 0, "dist": 0.4047311210302767}}, "_child1": {"label": 27, "event": "S", "reconc": 10, "tstamp": 0.0, "transferred": 0, "dist": 0.3718189181443349}}, "_child1": {"label": 19, "event": "S", "reconc": 5, "tstamp": 0.19085985337179986, "transferred": 0, "dist": 0.16211367750260358, "_child0": {"label": 28, "event": "S", "reconc": 11, "tstamp": 0.17792882044638406, "transferred": 0, "dist": 0.010924785654799192, "_child0": {"label": 32, "event": "S", "reconc": 13, "tstamp": 0.08439958324399288, "transferred": 0, "dist": 0.07473869941288225, "_child0": {"label": 38, "event": "S", "reconc": 17, "tstamp": 0.04445924963914937, "transferred": 0, "dist": 0.026759265866808712, "_child0": {"label": 42, "event": "S", "reconc": 18, "tstamp": 0.0, "transferred": 0, "dist": 0.02497018094453607}, "_child1": {"label": 43, "event": "S", "reconc": 19, "tstamp": 0.0, "transferred": 0, "dist": 0.026874561119034197}}, "_child1": {"label": 37, "event": "S", "reconc": 16, "tstamp": 0.0, "transferred": 0, "dist": 0.07352324416184675}, "_child2": {"label": 39, "event": "S", "reconc": 14, "tstamp": 0.0, "transferred": 0, "dist": 0.07398200284980963}}, "_child1": {"label": 33, "event": "S", "reconc": 12, "tstamp": 0.0, "transferred": 0, "dist": 0.15624942186289717}}, "_child1": {"label": 29, "event": "S", "reconc": 10, "tstamp": 0.0, "transferred": 0, "dist": 0.15956057464230236}}}, "_child1": {"label": 7, "event": "D", "reconc": [2, 4], "tstamp": 0.5252463067480304, "transferred": 0, "dist": 0.0727525332462601, "_child0": {"label": 14, "event": "H", "reconc": [2, 4], "tstamp": 0.4925335653132702, "transferred": 0, "dist": 0.05661582207417129, "_child0": {"label": 17, "event": "D", "reconc": [3, 6], "tstamp": 0.018926211938708356, "transferred": 1, "dist": 0.8899470621335595, "_child0": {"label": 44, "event": "S", "reconc": 6, "tstamp": 0.0, "transferred": 0, "dist": 0.026525486271599282}, "_child1": {"label": 45, "event": "S", "reconc": 6, "tstamp": 0.0, "transferred": 0, "dist": 0.02376041543151539}}, "_child1": {"label": 16, "event": "S", "reconc": 4, "tstamp": 0.0, "transferred": 0, "dist": 0.8524260418511673}}, "_child1": {"label": 15, "event": "S", "reconc": 4, "tstamp": 0.0, "transferred": 0, "dist": 0.29530401702441433}}}, "_child1": {"label": 5, "event": "S", "reconc": 3, "tstamp": 0.5472560350136123, "transferred": 1, "dist": 0.36128076305370566, "_child0": {"label": 12, "event": "S", "reconc": 7, "tstamp": 0.38178173930495124, "transferred": 0, "dist": 1.5432793403268648, "_child0": {"label": 22, "event": "S", "reconc": 8, "tstamp": 0.0, "transferred": 0, "dist": 1.0342585819359955}, "_child1": {"label": 23, "event": "S", "reconc": 9, "tstamp": 0.0, "transferred": 0, "dist": 0.46674907821164324}}, "_child1": {"label": 13, "event": "S", "reconc": 6, "tstamp": 0.0, "transferred": 0, "dist": 1.2805223250307567}}}, "_child1": {"label": 3, "event": "S", "reconc": 3, "tstamp": 0.5472560350136123, "transferred": 0, "dist": 0.359990588749243, "_child0": {"label": 20, "event": "S", "reconc": 8, "tstamp": 0.0, "transferred": 0, "dist": 0.5795217995119428}, "_child1": {"label": 11, "event": "S", "reconc": 6, "tstamp": 0.0, "transferred": 0, "dist": 0.6843126572306762}}}