{"label": 0, "event": null, "tstamp": 1.0, "dist": 0.0, "_child0": {"label": 1, "event": "S", "tstamp": 0.5161134094870997, "dist": 0.4838865905129003, "_child0": {"label": 3, "event": "S", "tstamp": 0.4277469304487318, "dist": 0.08836647903836792, "_child0": {"label": 5, "event": "S", "tstamp": 0.41414424003750905, "dist": 0.013602690411222751, "_child0": {"label": 6, "event": "S", "tstamp": 0.18513826524920923, "dist": 0.22900597478829982, "_child0": {"label": 15, "event": "S", "tstamp": 0.18162748988298694, "dist": 0.0035107753662222962, "_child0": {"label": 16, "event": "S", "tstamp": 0.12654818530688225, "dist": 0.05507930457610469, "_child0": {"label": 18, "event": "S", "tstamp": 0.0, "dist": 0.12654818530688225}, "_child1": {"label": 19, "event": "S", "tstamp": 0.0, "dist": 0.12654818530688225}}, "_child1": {"label": 17, "event": "S", "tstamp": 0.1170800914522843, "dist": 0.06454739843070263, "_child0": {"label": 20, "event": "S", "tstamp": 0.0, "dist": 0.1170800914522843}, "_child1": {"label": 21, "event": "S", "tstamp": 0.0, "dist": 0.1170800914522843}}}, "_child1": {"label": 14, "event": "S", "tstamp": 0.0, "dist": 0.18513826524920923}}, "_child1": {"label": 7, "event": "S", "tstamp": 0.0, "dist": 0.41414424003750905}}, "_child1": {"label": 4, "event": "S", "tstamp": 0.40217345446163905, "dist": 0.025573475987092753, "_child0": {"label": 9, "event": "S", "tstamp": 0.2972696680827502, "dist": 0.10490378637888886, "_child0": {"label": 10, "event": "S", "tstamp": 0.0, "dist": 0.2972696680827502}, "_child1": {"label": 11, "event": "S", "tstamp": 0.0, "dist": 0.2972696680827502}}, "_child1": {"label": 8, "event": "S", "tstamp": 0.014374557252726447, "dist": 0.3877988972089126, "_child0": {"label": 23, "event": "S", "tstamp": 0.0013340495987536026, "dist": 0.013040507653972844, "_child0": {"label": 24, "event": "S", "tstamp": 0.0, "dist": 0.0013340495987536026}, "_child1": {"label": 25, "event": "S", "tstamp": 0.0, "dist": 0.0013340495987536026}}, "_child1": {"label": 22, "event": "S", "tstamp": 0.0, "dist": 0.014374557252726447}}}}, "_child1": {"label": 2, "event": "S", "tstamp": 0.296921902404382, "dist": 0.21919150708271773, "_child0": {"label": 12, "event": "S", "tstamp": 0.0, "dist": 0.296921902404382}, "_child1": {"label": 13, "event": "S", "tstamp": 0.0, "dist": 0.296921902404382}}}}