{"label": 1, "event": "D", "reconc": [0, 1], "tstamp": 0.7438084134781191, "transferred": 0, "dist": 0.0, "_child0": {"label": 4, "event": "S", "reconc": 3, "tstamp": 0.6201284277572663, "transferred": 0, "dist": 0.1034002432023512, "_child0": {"label": 9, "event": "D", "reconc": [3, 4], "tstamp": 0.5791594899676036, "transferred": 0, "dist": 0.029265500509845284, "_child0": {"label": 14, "event": "S", "reconc": 4, "tstamp": 0.4004934955601949, "transferred": 0, "dist": 0.5863875345812074, "_child0": {"label": 22, "event": "S", "reconc": 9, "tstamp": 0.38681773466427866, "transferred": 0, "dist": 0.0178664090192001, "_child0": {"label": 28, "event": "S", "reconc": 10, "tstamp": 0.0, "transferred": 0, "dist": 0.35000054606817327}, "_child1": {"label": 29, "event": "S", "reconc": 11, "tstamp": 0.0, "transferred": 0, "dist": 1.0887374914489212}}, "_child1": {"label": 23, "event": "S", "reconc": 8, "tstamp": 0.0, "transferred": 0, "dist": 0.4780554211819668}}, "_child1": {"label": 15, "event": "S", "reconc": 4, "tstamp": 0.4004934955601949, "transferred": 0, "dist": 0.12762717396449932, "_child0": {"label": 31, "event": "S", "reconc": 11, "tstamp": 0.0, "transferred": 0, "dist": 0.26056708131848827}, "_child1": {"label": 25, "event": "S", "reconc": 8, "tstamp": 0.0, "transferred": 0, "dist": 0.3634276504958633}}}, "_child1": {"label": 32, "event": "S", "reconc": 13, "tstamp": 0.1537750974021547, "transferred": 0, "dist": 0.39012314909305673, "_child0": {"label": 36, "event": "S", "reconc": 15, "tstamp": 0.010246727169507, "transferred": 0, "dist": 0.13809165146507998, "_child0": {"label": 44, "event": "S", "reconc": 16, "tstamp": 0.0, "transferred": 0, "dist": 0.011154674328318286}, "_child1": {"label": 45, "event": "S", "reconc": 17, "tstamp": 0.0, "transferred": 0, "dist": 0.010794359673211438}}, "_child1": {"label": 37, "event": "S", "reconc": 19, "tstamp": 0.0, "transferred": 0, "dist": 0.13723558192530586}, "_child2": {"label": 38, "event": "S", "reconc": 18, "tstamp": 0.0, "transferred": 0, "dist": 0.17484723264545557}}}, "_child1": {"label": 3, "event": "S", "reconc": 1, "tstamp": 0.727244513633861, "transferred": 0, "dist": 0.03449835725620556, "_child0": {"label": 6, "event": "S", "reconc": 3, "tstamp": 0.6201284277572663, "transferred": 0, "dist": 0.15901135418486623, "_child0": {"label": 10, "event": "S", "reconc": 5, "tstamp": 0.5790516786947857, "transferred": 0, "dist": 0.04082286829566945, "_child0": {"label": 34, "event": "S", "reconc": 13, "tstamp": 0.1537750974021547, "transferred": 0, "dist": 0.7069929734029793, "_child0": {"label": 39, "event": "S", "reconc": 15, "tstamp": 0.010246727169507, "transferred": 0, "dist": 0.4085406632162293, "_child0": {"label": 46, "event": "S", "reconc": 16, "tstamp": 0.0, "transferred": 0, "dist": 0.026941977781539183}, "_child1": {"label": 47, "event": "S", "reconc": 17, "tstamp": 0.0, "transferred": 0, "dist": 0.04271023922542007}}, "_child1": {"label": 40, "event": "S", "reconc": 19, "tstamp": 0.0, "transferred": 0, "dist": 0.7455378204137649}, "_child2": {"label": 41, "event": "S", "reconc": 18, "tstamp": 0.0, "transferred": 0, "dist": 0.19696885133954298}}, "_child1": {"label": 19, "event": "S", "reconc": 7, "tstamp": 0.0, "transferred": 0, "dist": 0.7874029669735527}}, "_child1": {"label": 11, "event": "S", "reconc": 4, "tstamp": 0.4004934955601949, "transferred": 0, "dist": 0.15710311457593643, "_child0": {"label": 20, "event": "S", "reconc": 9, "tstamp": 0.38681773466427866, "transferred": 0, "dist": 0.016782273984963014, "_child0": {"label": 26, "event": "S", "reconc": 10, "tstamp": 0.0, "transferred": 0, "dist": 0.2059170160435959}, "_child1": {"label": 27, "event": "S", "reconc": 11, "tstamp": 0.0, "transferred": 0, "dist": 0.30094315979719927}}, "_child1": {"label": 21, "event": "S", "reconc": 8, "tstamp": 0.0, "transferred": 0, "dist": 0.6022670502212546}}}, "_child1": {"label": 7, "event": "D", "reconc": [1, 2], "tstamp": 0.5803443770337767, "transferred": 0, "dist": 0.8295077528736772, "_child0": {"label": 12, "event": "H", "reconc": [1, 2], "tstamp": 0.13916918050267252, "transferred": 0, "dist": 0.5367889183606395, "_child0": {"label": 43, "event": "S", "reconc": 7, "tstamp": 0.0, "transferred": 1, "dist": 0.7567513293182917}, "_child1": {"label": 42, "event": "S", "reconc": 2, "tstamp": 0.0, "transferred": 0, "dist": 0.16933062977827515}}, "_child1": {"label": 13, "event": "S", "reconc": 2, "tstamp": 0.0, "transferred": 0, "dist": 0.8330274220637259}}}}