{"label": 0, "event": null, "tstamp": 1.0, "dist": 0.0, "_child0": {"label": 1, "event": "S", "tstamp": 0.8909942681351575, "dist": 0.10900573186484253, "_child0": {"label": 2, "event": "S", "tstamp": 0.8883486267031799, "dist": 0.002645641431977541, "_child0": {"label": 6, "event": "S", "tstamp": 0.0, "dist": 0.8883486267031799}, "_child1": {"label": 7, "event": "S", "tstamp": 0.534349996168607, "dist": 0.3539986305345729, "_child0": {"label": 9, "event": "S", "tstamp": 0.41534769642349034, "dist": 0.11900229974511667, "_child0": {"label": 11, "event": "S", "tstamp": 0.40765685551249164, "dist": 0.0076908409109986975, "_child0": {"label": 12, "event": "S", "tstamp": 0.0, "dist": 0.40765685551249164}, "_child1": {"label": 13, "event": "S", "tstamp": 0.0, "dist": 0.40765685551249164}}, "_child1": {"label": 10, "event": "S", "tstamp": 0.050329459293529215, "dist": 0.3650182371299611, "_child0": {"label": 23, "event": "S", "tstamp": 0.029152959142798317, "dist": 0.021176500150730897, "_child0": {"label": 24, "event": "S", "tstamp": 0.017448170786801782, "dist": 0.011704788355996535, "_child0": {"label": 29, "event": "S", "tstamp": 0.0, "dist": 0.017448170786801782}, "_child1": {"label": 28, "event": "S", "tstamp": 0.0, "dist": 0.017448170786801782}, "_child2": {"label": 26, "event": "S", "tstamp": 0.0, "dist": 0.017448170786801782}}, "_child1": {"label": 25, "event": "S", "tstamp": 0.0, "dist": 0.029152959142798317}}, "_child1": {"label": 22, "event": "S", "tstamp": 0.0, "dist": 0.050329459293529215}}}, "_child1": {"label": 8, "event": "S", "tstamp": 0.30086710166427055, "dist": 0.23348289450433646, "_child0": {"label": 15, "event": "S", "tstamp": 0.2865058620462295, "dist": 0.014361239618041033, "_child0": {"label": 17, "event": "S", "tstamp": 0.231688211301645, "dist": 0.05481765074458453, "_child0": {"label": 18, "event": "S", "tstamp": 0.0, "dist": 0.231688211301645}, "_child1": {"label": 19, "event": "S", "tstamp": 0.0, "dist": 0.231688211301645}}, "_child1": {"label": 21, "event": "S", "tstamp": 0.0, "dist": 0.2865058620462295}, "_child2": {"label": 20, "event": "S", "tstamp": 0.0, "dist": 0.2865058620462295}}, "_child1": {"label": 14, "event": "S", "tstamp": 0.0, "dist": 0.30086710166427055}}}, "_child2": {"label": 4, "event": "S", "tstamp": 0.0, "dist": 0.8883486267031799}}, "_child1": {"label": 3, "event": "S", "tstamp": 0.0, "dist": 0.8909942681351575}}}