{"label": 0, "event": null, "tstamp": 1.0, "dist": 0.0, "_child0": {"label": 1, "event": "S", "tstamp": 0.9554509454748868, "dist": 0.04454905452511315, "_child0": {"label": 5, "event": "S", "tstamp": 0.0, "dist": 0.9554509454748868}, "_child1": {"label": 6, "event": "S", "tstamp": 0.30274185173407037, "dist": 0.6527090937408164, "_child0": {"label": 16, "event": "S", "tstamp": 0.0, "dist": 0.30274185173407037}, "_child1": {"label": 17, "event": "S", "tstamp": 0.0, "dist": 0.30274185173407037}}, "_child2": {"label": 7, "event": "S", "tstamp": 0.7136059823771222, "dist": 0.2418449630977646, "_child0": {"label": 10, "event": "S", "tstamp": 0.0, "dist": 0.7136059823771222}, "_child1": {"label": 11, "event": "S", "tstamp": 0.5066568499395865, "dist": 0.20694913243753577, "_child0": {"label": 13, "event": "S", "tstamp": 0.33267416280576956, "dist": 0.17398268713381693, "_child0": {"label": 14, "event": "S", "tstamp": 0.0, "dist": 0.33267416280576956}, "_child1": {"label": 15, "event": "S", "tstamp": 0.0, "dist": 0.33267416280576956}}, "_child1": {"label": 12, "event": "S", "tstamp": 0.0, "dist": 0.5066568499395865}}, "_child2": {"label": 18, "event": "S", "tstamp": 0.10629136902971417, "dist": 0.6073146133474081, "_child0": {"label": 27, "event": "S", "tstamp": 0.03357145421266669, "dist": 0.07271991481704748, "_child0": {"label": 28, "event": "S", "tstamp": 0.0, "dist": 0.03357145421266669}, "_child1": {"label": 29, "event": "S", "tstamp": 0.0, "dist": 0.03357145421266669}}, "_child1": {"label": 26, "event": "S", "tstamp": 0.0, "dist": 0.10629136902971417}}, "_child3": {"label": 19, "event": "S", "tstamp": 0.19228277657862264, "dist": 0.5213232057984996, "_child0": {"label": 21, "event": "S", "tstamp": 0.18420768182362818, "dist": 0.00807509475499446, "_child0": {"label": 25, "event": "S", "tstamp": 0.0, "dist": 0.18420768182362818}, "_child1": {"label": 24, "event": "S", "tstamp": 0.0, "dist": 0.18420768182362818}, "_child2": {"label": 22, "event": "S", "tstamp": 0.0, "dist": 0.18420768182362818}}, "_child1": {"label": 20, "event": "S", "tstamp": 0.0, "dist": 0.19228277657862264}}}, "_child3": {"label": 3, "event": "S", "tstamp": 0.0, "dist": 0.9554509454748868}}}