{"label": 0, "event": null, "tstamp": 1.0, "dist": 0.0, "_child0": {"label": 1, "event": "S", "tstamp": 0.9926268384940218, "dist": 0.007373161505978221, "_child0": {"label": 3, "event": "S", "tstamp": 0.8378037859721393, "dist": 0.15482305252188244, "_child0": {"label": 5, "event": "S", "tstamp": 0.7785377416514722, "dist": 0.05926604432066718, "_child0": {"label": 6, "event": "S", "tstamp": 0.18714055401662621, "dist": 0.5913971876348459, "_child0": {"label": 14, "event": "S", "tstamp": 0.07083650411660325, "dist": 0.11630404990002297, "_child0": {"label": 18, "event": "S", "tstamp": 0.0, "dist": 0.07083650411660325}, "_child1": {"label": 19, "event": "S", "tstamp": 0.0, "dist": 0.07083650411660325}}, "_child1": {"label": 17, "event": "S", "tstamp": 0.0, "dist": 0.18714055401662621}, "_child2": {"label": 16, "event": "S", "tstamp": 0.0, "dist": 0.18714055401662621}, "_child3": {"label": 12, "event": "S", "tstamp": 0.0, "dist": 0.18714055401662621}}, "_child1": {"label": 7, "event": "S", "tstamp": 0.0, "dist": 0.7785377416514722}}, "_child1": {"label": 4, "event": "S", "tstamp": 0.7758510834928197, "dist": 0.06195270247931961, "_child0": {"label": 9, "event": "S", "tstamp": 0.5957575700387389, "dist": 0.18009351345408087, "_child0": {"label": 10, "event": "S", "tstamp": 0.0, "dist": 0.5957575700387389}, "_child1": {"label": 11, "event": "S", "tstamp": 0.0, "dist": 0.5957575700387389}}, "_child1": {"label": 8, "event": "S", "tstamp": 0.0, "dist": 0.7758510834928197}}}, "_child1": {"label": 2, "event": "S", "tstamp": 0.0, "dist": 0.9926268384940218}}}