{"label": 1, "event": "S", "reconc": 1, "tstamp": 0.9926268384940218, "transferred": 0, "dist": 0.0, "_child0": {"label": 2, "event": "S", "reconc": 3, "tstamp": 0.8378037859721393, "transferred": 0, "dist": 0.17697839598380746, "_child0": {"label": 4, "event": "S", "reconc": 5, "tstamp": 0.7785377416514722, "transferred": 0, "dist": 0.07395664530649357, "_child0": {"label": 6, "event": "S", "reconc": 6, "tstamp": 0.18714055401662621, "transferred": 0, "dist": 0.6689007936539191, "_child0": {"label": 29, "event": "D", "reconc": [6, 12], "tstamp": 0.13632248407868638, "transferred": 0, "dist": 0.05430002169911732, "_child0": {"label": 30, "event": "H", "reconc": [6, 12], "tstamp": 0.010386479541385982, "transferred": 0, "dist": 0.13456488582558665, "_child0": {"label": 41, "event": "S", "reconc": 16, "tstamp": 0.0, "transferred": 1, "dist": 0.010280035027964023}, "_child1": {"label": 40, "event": "S", "reconc": 12, "tstamp": 0.0, "transferred": 0, "dist": 0.01109814019232626}}, "_child1": {"label": 31, "event": "S", "reconc": 12, "tstamp": 0.0, "transferred": 0, "dist": 0.14858492781871707}}, "_child1": {"label": 28, "event": "D", "reconc": [6, 16], "tstamp": 0.10096258939838597, "transferred": 0, "dist": 0.08415653248361493, "_child0": {"label": 34, "event": "S", "reconc": 16, "tstamp": 0.0, "transferred": 0, "dist": 0.09859436193433559}, "_child1": {"label": 35, "event": "S", "reconc": 16, "tstamp": 0.0, "transferred": 0, "dist": 0.09859436193433559}}, "_child2": {"label": 26, "event": "S", "reconc": 14, "tstamp": 0.07083650411660325, "transferred": 0, "dist": 0.13247992959096108, "_child0": {"label": 38, "event": "S", "reconc": 18, "tstamp": 0.0, "transferred": 0, "dist": 0.09741107833693563}, "_child1": {"label": 39, "event": "S", "reconc": 19, "tstamp": 0.0, "transferred": 0, "dist": 0.09212138995290209}}, "_child3": {"label": 27, "event": "S", "reconc": 17, "tstamp": 0.0, "transferred": 0, "dist": 0.21552293180107396}}, "_child1": {"label": 7, "event": "S", "reconc": 7, "tstamp": 0.0, "transferred": 0, "dist": 0.9915942365531432}}, "_child1": {"label": 5, "event": "S", "reconc": 4, "tstamp": 0.7758510834928197, "transferred": 0, "dist": 0.08155912674805485, "_child0": {"label": 12, "event": "S", "reconc": 9, "tstamp": 0.5957575700387389, "transferred": 0, "dist": 0.23531728754399825, "_child0": {"label": 14, "event": "H", "reconc": [9, 10], "tstamp": 0.4613917757971222, "transferred": 0, "dist": 0.24603727225499492, "_child0": {"label": 19, "event": "H", "reconc": [9, 11], "tstamp": 0.35882756029051494, "transferred": 1, "dist": 0.15406847856440686, "_child0": {"label": 21, "event": "H", "reconc": [4, 8], "tstamp": 0.27149621585873124, "transferred": 1, "dist": 0.11719776368116669, "_child0": {"label": 25, "event": "S", "reconc": 11, "tstamp": 0.0, "transferred": 1, "dist": 1.7721696511490763}, "_child1": {"label": 24, "event": "S", "reconc": 8, "tstamp": 0.0, "transferred": 0, "dist": 0.3643451220586313}}, "_child1": {"label": 20, "event": "S", "reconc": 11, "tstamp": 0.0, "transferred": 0, "dist": 0.5390185651776}}, "_child1": {"label": 18, "event": "S", "reconc": 10, "tstamp": 0.0, "transferred": 0, "dist": 0.47737929163008846}}, "_child1": {"label": 15, "event": "D", "reconc": [9, 11], "tstamp": 0.0863740510924978, "transferred": 0, "dist": 0.7675755076437185, "_child0": {"label": 36, "event": "S", "reconc": 11, "tstamp": 0.0, "transferred": 0, "dist": 0.12899159531011017}, "_child1": {"label": 37, "event": "S", "reconc": 11, "tstamp": 0.0, "transferred": 0, "dist": 0.32249635462813486}}}, "_child1": {"label": 9, "event": "D", "reconc": [4, 8], "tstamp": 0.11606542726897581, "transferred": 0, "dist": 0.8836564858453284, "_child0": {"label": 32, "event": "S", "reconc": 8, "tstamp": 0.0, "transferred": 0, "dist": 0.22050246769540383}, "_child1": {"label": 33, "event": "S", "reconc": 8, "tstamp": 0.0, "transferred": 0, "dist": 0.20891486686398672}}}}, "_child1": {"label": 3, "event": "D", "reconc": [1, 2], "tstamp": 0.700712406055975, "transferred": 0, "dist": 0.317026796842611, "_child0": {"label": 10, "event": "D", "reconc": [1, 2], "tstamp": 0.3342414660125739, "transferred": 0, "dist": 0.5097174518121519, "_child0": {"label": 22, "event": "S", "reconc": 2, "tstamp": 0.0, "transferred": 0, "dist": 0.6905314575056384}, "_child1": {"label": 23, "event": "S", "reconc": 2, "tstamp": 0.0, "transferred": 0, "dist": 2.7499492439014235}}, "_child1": {"label": 11, "event": "S", "reconc": 2, "tstamp": 0.0, "transferred": 0, "dist": 6.350420853843058}}}