{"label": 0, "event": null, "tstamp": 1.0, "dist": 0.0, "_child0": {"label": 1, "event": "S", "tstamp": 0.8660600992608204, "dist": 0.1339399007391796, "_child0": {"label": 2, "event": "S", "tstamp": 0.46632923351091116, "dist": 0.39973086574990924, "_child0": {"label": 4, "event": "S", "tstamp": 0.12806656953318404, "dist": 0.3382626639777271, "_child0": {"label": 9, "event": "S", "tstamp": 0.0, "dist": 0.12806656953318404}, "_child1": {"label": 8, "event": "S", "tstamp": 0.0, "dist": 0.12806656953318404}, "_child2": {"label": 6, "event": "S", "tstamp": 0.0, "dist": 0.12806656953318404}}, "_child1": {"label": 5, "event": "S", "tstamp": 0.0, "dist": 0.46632923351091116}}, "_child1": {"label": 3, "event": "S", "tstamp": 0.0, "dist": 0.8660600992608204}}}