{"label": 0, "event": null, "tstamp": 1.0, "dist": 0.0, "_child0": {"label": 1, "event": "S", "tstamp": 0.7808190946781157, "dist": 0.21918090532188428, "_child0": {"label": 3, "event": "S", "tstamp": 0.701394333399009, "dist": 0.07942476127910669, "_child0": {"label": 5, "event": "S", "tstamp": 0.6703776523909435, "dist": 0.03101668100806554, "_child0": {"label": 6, "event": "S", "tstamp": 0.11333892798054385, "dist": 0.5570387244103996, "_child0": {"label": 14, "event": "S", "tstamp": 0.0, "dist": 0.11333892798054385}, "_child1": {"label": 15, "event": "S", "tstamp": 0.0, "dist": 0.11333892798054385}}, "_child1": {"label": 7, "event": "S", "tstamp": 0.0, "dist": 0.6703776523909435}}, "_child1": {"label": 4, "event": "S", "tstamp": 0.0, "dist": 0.701394333399009}}, "_child1": {"label": 8, "event": "S", "tstamp": 0.0, "dist": 0.7808190946781157}, "_child2": {"label": 9, "event": "S", "tstamp": 0.5877873603229664, "dist": 0.1930317343551493, "_child0": {"label": 11, "event": "S", "tstamp": 0.34576601275011576, "dist": 0.24202134757285065, "_child0": {"label": 12, "event": "S", "tstamp": 0.0, "dist": 0.34576601275011576}, "_child1": {"label": 13, "event": "S", "tstamp": 0.0, "dist": 0.34576601275011576}}, "_child1": {"label": 10, "event": "S", "tstamp": 0.0, "dist": 0.5877873603229664}}}}