{"label": 0, "event": null, "tstamp": 1.0, "dist": 0.0, "_child0": {"label": 1, "event": "S", "tstamp": 0.7101557636582362, "dist": 0.2898442363417638, "_child0": {"label": 2, "event": "S", "tstamp": 0.18853304085595135, "dist": 0.5216227228022848, "_child0": {"label": 4, "event": "S", "tstamp": 0.02977062769562865, "dist": 0.1587624131603227, "_child0": {"label": 9, "event": "S", "tstamp": 0.0, "dist": 0.02977062769562865}, "_child1": {"label": 8, "event": "S", "tstamp": 0.0, "dist": 0.02977062769562865}, "_child2": {"label": 7, "event": "S", "tstamp": 0.0, "dist": 0.02977062769562865}}, "_child1": {"label": 5, "event": "S", "tstamp": 0.0, "dist": 0.18853304085595135}}, "_child1": {"label": 3, "event": "S", "tstamp": 0.0, "dist": 0.7101557636582362}}}