{"label": 1, "event": "S", "reconc": 1, "tstamp": 0.7101557636582362, "transferred": 0, "dist": 0.0, "_child0": {"label": 3, "event": "H", "reconc": [1, 3], "tstamp": 0.562002706839844, "transferred": 0, "dist": 0.18419819846271018, "_child0": {"label": 5, "event": "S", "reconc": 2, "tstamp": 0.18853304085595135, "transferred": 1, "dist": 0.5437784970617782, "_child0": {"label": 8, "event": "S", "reconc": 4, "tstamp": 0.02977062769562865, "transferred": 0, "dist": 0.3161026826543204, "_child0": {"label": 13, "event": "S", "reconc": 9, "tstamp": 0.0, "transferred": 0, "dist": 0.08018980639819166}, "_child1": {"label": 14, "event": "S", "reconc": 8, "tstamp": 0.0, "transferred": 0, "dist": 0.06571220375579527}, "_child2": {"label": 15, "event": "S", "reconc": 7, "tstamp": 0.0, "transferred": 0, "dist": 0.09821122293111109}}, "_child1": {"label": 9, "event": "S", "reconc": 5, "tstamp": 0.0, "transferred": 0, "dist": 2.3332282773703716}}, "_child1": {"label": 4, "event": "S", "reconc": 3, "tstamp": 0.0, "transferred": 0, "dist": 0.6987360797959224}}, "_child1": {"label": 2, "event": "S", "reconc": 2, "tstamp": 0.18853304085595135, "transferred": 0, "dist": 0.7557158611258721, "_child0": {"label": 6, "event": "S", "reconc": 4, "tstamp": 0.02977062769562865, "transferred": 0, "dist": 0.3047925198739472, "_child0": {"label": 12, "event": "D", "reconc": [4, 7], "tstamp": 0.020379751185791325, "transferred": 0, "dist": 0.018683405103899903, "_child0": {"label": 16, "event": "S", "reconc": 7, "tstamp": 0.0, "transferred": 0, "dist": 0.04054607117045559}, "_child1": {"label": 17, "event": "S", "reconc": 7, "tstamp": 0.0, "transferred": 0, "dist": 0.04054607117045559}}, "_child1": {"label": 10, "event": "S", "reconc": 9, "tstamp": 0.0, "transferred": 0, "dist": 0.06092028172337859}, "_child2": {"label": 11, "event": "S", "reconc": 8, "tstamp": 0.0, "transferred": 0, "dist": 0.06200893804953352}}, "_child1": {"label": 7, "event": "S", "reconc": 5, "tstamp": 0.0, "transferred": 0, "dist": 0.34347961441525365}}}