{"label": 1, "event": "S", "reconc": 1, "tstamp": 0.9793009827351117, "transferred": 0, "dist": 0.0, "_child0": {"label": 2, "event": "S", "reconc": 2, "tstamp": 0.9604250901405199, "transferred": 0, "dist": 0.02012750262489532, "_child0": {"label": 5, "event": "H", "reconc": [2, 4], "tstamp": 0.6810349951415503, "transferred": 0, "dist": 0.4251495431423211, "_child0": {"label": 9, "event": "S", "reconc": 4, "tstamp": 0.0, "transferred": 0, "dist": 1.036334938965645}, "_child1": {"label": 10, "event": "S", "reconc": 9, "tstamp": 0.0, "transferred": 1, "dist": 1.1081346072890803}}, "_child1": {"label": 6, "event": "S", "reconc": 5, "tstamp": 0.0, "transferred": 0, "dist": 0.921039537119614}}, "_child1": {"label": 7, "event": "S", "reconc": 8, "tstamp": 0.6429258867750185, "transferred": 0, "dist": 0.5001175964286295, "_child0": {"label": 11, "event": "S", "reconc": 11, "tstamp": 0.5980140850826738, "transferred": 0, "dist": 0.07755270876524008, "_child0": {"label": 13, "event": "D", "reconc": [11, 13], "tstamp": 0.5964508711680027, "transferred": 0, "dist": 0.00271321791161803, "_child0": {"label": 15, "event": "S", "reconc": 13, "tstamp": 0.5841072334741115, "transferred": 0, "dist": 0.02142443754579403, "_child0": {"label": 17, "event": "S", "reconc": 14, "tstamp": 0.50379745775429, "transferred": 0, "dist": 0.13022429789325324, "_child0": {"label": 24, "event": "H", "reconc": [14, 18], "tstamp": 0.4089211626534458, "transferred": 0, "dist": 0.18173992345598053, "_child0": {"label": 34, "event": "S", "reconc": 20, "tstamp": 0.27123314684059135, "transferred": 1, "dist": 0.4243305868007493, "_child0": {"label": 49, "event": "H", "reconc": [20, 26], "tstamp": 0.2484946523807044, "transferred": 0, "dist": 0.0288782833072859, "_child0": {"label": 53, "event": "S", "reconc": 5, "tstamp": 0.0, "transferred": 1, "dist": 0.24573424898485563}, "_child1": {"label": 52, "event": "S", "reconc": 26, "tstamp": 0.0, "transferred": 0, "dist": 0.3155925289800907}}, "_child1": {"label": 50, "event": "S", "reconc": 27, "tstamp": 0.012740130505944606, "transferred": 0, "dist": 0.7142547506100064, "_child0": {"label": 66, "event": "S", "reconc": 28, "tstamp": 0.0, "transferred": 0, "dist": 0.02312417766938684}, "_child1": {"label": 67, "event": "S", "reconc": 29, "tstamp": 0.0, "transferred": 0, "dist": 0.04424018953412001}}}, "_child1": {"label": 27, "event": "S", "reconc": 18, "tstamp": 0.0, "transferred": 0, "dist": 0.783307365882867}}, "_child1": {"label": 23, "event": "S", "reconc": 19, "tstamp": 0.3222899523581356, "transferred": 0, "dist": 0.259115135787268, "_child0": {"label": 29, "event": "S", "reconc": 21, "tstamp": 0.29488938335307774, "transferred": 0, "dist": 0.03568772907875981, "_child0": {"label": 37, "event": "S", "reconc": 22, "tstamp": 0.0, "transferred": 0, "dist": 0.3637341879736589}, "_child1": {"label": 38, "event": "S", "reconc": 23, "tstamp": 0.0, "transferred": 0, "dist": 0.39618117172512396}}, "_child1": {"label": 30, "event": "S", "reconc": 20, "tstamp": 0.27123314684059135, "transferred": 0, "dist": 0.07109296255238846, "_child0": {"label": 43, "event": "H", "reconc": [20, 26], "tstamp": 0.12302823218950856, "transferred": 0, "dist": 0.18724583448305807, "_child0": {"label": 54, "event": "H", "reconc": [20, 26], "tstamp": 0.062289528188794074, "transferred": 0, "dist": 0.07673881357314455, "_child0": {"label": 59, "event": "S", "reconc": 22, "tstamp": 0.0, "transferred": 1, "dist": 0.10003760906369658}, "_child1": {"label": 58, "event": "S", "reconc": 26, "tstamp": 0.0, "transferred": 0, "dist": 0.07869816404351947}}, "_child1": {"label": 55, "event": "S", "reconc": 5, "tstamp": 0.0, "transferred": 1, "dist": 0.1189611028953068}}, "_child1": {"label": 44, "event": "S", "reconc": 27, "tstamp": 0.012740130505944606, "transferred": 0, "dist": 0.36111824763260747, "_child0": {"label": 62, "event": "S", "reconc": 28, "tstamp": 0.0, "transferred": 0, "dist": 0.01628009546224121}, "_child1": {"label": 63, "event": "S", "reconc": 29, "tstamp": 0.0, "transferred": 0, "dist": 0.01648795927235379}}, "_child2": {"label": 45, "event": "S", "reconc": 24, "tstamp": 0.0, "transferred": 0, "dist": 0.36578319596730824}}}}, "_child1": {"label": 18, "event": "D", "reconc": [13, 15], "tstamp": 0.3152058539669376, "transferred": 0, "dist": 0.5820912240143727, "_child0": {"label": 56, "event": "S", "reconc": 15, "tstamp": 0.0, "transferred": 0, "dist": 1.2703612866214318}, "_child1": {"label": 36, "event": "S", "reconc": 15, "tstamp": 0.0, "transferred": 0, "dist": 0.8375225886617359}}}, "_child1": {"label": 16, "event": "S", "reconc": 13, "tstamp": 0.5841072334741115, "transferred": 0, "dist": 0.02142443754579403, "_child0": {"label": 19, "event": "S", "reconc": 14, "tstamp": 0.50379745775429, "transferred": 0, "dist": 0.13022429789325324, "_child0": {"label": 25, "event": "S", "reconc": 19, "tstamp": 0.3222899523581356, "transferred": 0, "dist": 0.259115135787268, "_child0": {"label": 39, "event": "H", "reconc": [21, 22], "tstamp": 0.04644728736426584, "transferred": 0, "dist": 0.342131057134304, "_child0": {"label": 60, "event": "S", "reconc": 22, "tstamp": 0.0, "transferred": 0, "dist": 0.05729085991811477}, "_child1": {"label": 61, "event": "S", "reconc": 10, "tstamp": 0.0, "transferred": 1, "dist": 0.5962998917875343}}, "_child1": {"label": 32, "event": "S", "reconc": 20, "tstamp": 0.27123314684059135, "transferred": 0, "dist": 0.07109296255238846, "_child0": {"label": 47, "event": "S", "reconc": 27, "tstamp": 0.012740130505944606, "transferred": 0, "dist": 0.36111824763260747, "_child0": {"label": 64, "event": "S", "reconc": 28, "tstamp": 0.0, "transferred": 0, "dist": 0.01628009546224121}, "_child1": {"label": 65, "event": "S", "reconc": 29, "tstamp": 0.0, "transferred": 0, "dist": 0.01648795927235379}}, "_child1": {"label": 46, "event": "H", "reconc": [20, 26], "tstamp": 0.0029385078578220186, "transferred": 0, "dist": 0.3389702270125926, "_child0": {"label": 68, "event": "S", "reconc": 26, "tstamp": 0.0, "transferred": 0, "dist": 0.003712585087129479}, "_child1": {"label": 69, "event": "S", "reconc": 15, "tstamp": 0.0, "transferred": 1, "dist": 0.006567095954934534}}, "_child2": {"label": 48, "event": "S", "reconc": 24, "tstamp": 0.0, "transferred": 0, "dist": 0.36578319596730824}}}, "_child1": {"label": 26, "event": "S", "reconc": 18, "tstamp": 0.0, "transferred": 0, "dist": 0.9650472893388475}}, "_child1": {"label": 20, "event": "S", "reconc": 15, "tstamp": 0.0, "transferred": 0, "dist": 1.264417814113608}}}, "_child1": {"label": 14, "event": "S", "reconc": 12, "tstamp": 0.5579258687322832, "transferred": 0, "dist": 0.07054584744931182, "_child0": {"label": 21, "event": "S", "reconc": 16, "tstamp": 0.0, "transferred": 0, "dist": 1.0041355325942476}, "_child1": {"label": 22, "event": "S", "reconc": 17, "tstamp": 0.0, "transferred": 0, "dist": 0.7936445801195634}}}, "_child1": {"label": 12, "event": "S", "reconc": 10, "tstamp": 0.0, "transferred": 0, "dist": 1.081966602711586}}}