{"label": 1, "event": "S", "reconc": 1, "tstamp": 0.8893670190752447, "transferred": 0, "dist": 0.0, "_child0": {"label": 2, "event": "S", "reconc": 3, "tstamp": 0.8163369081477718, "transferred": 0, "dist": 0.08177018621449433, "_child0": {"label": 7, "event": "S", "reconc": 5, "tstamp": 0.5631348818436407, "transferred": 0, "dist": 0.2983155217423692, "_child0": {"label": 9, "event": "S", "reconc": 6, "tstamp": 0.10027274660935624, "transferred": 0, "dist": 0.7087353657027289, "_child0": {"label": 23, "event": "S", "reconc": 12, "tstamp": 0.030025209239969694, "transferred": 0, "dist": 0.12597931970226156, "_child0": {"label": 27, "event": "S", "reconc": 14, "tstamp": 0.0, "transferred": 0, "dist": 0.04920590609987307}, "_child1": {"label": 28, "event": "S", "reconc": 15, "tstamp": 0.0, "transferred": 0, "dist": 0.05252089209650836}}, "_child1": {"label": 20, "event": "S", "reconc": 10, "tstamp": 0.0, "transferred": 0, "dist": 0.15368716761297088}}, "_child1": {"label": 10, "event": "S", "reconc": 7, "tstamp": 0.0, "transferred": 0, "dist": 0.7057062946789644}}, "_child1": {"label": 6, "event": "H", "reconc": [3, 4], "tstamp": 0.22981102153315203, "transferred": 0, "dist": 0.623378742744873, "_child0": {"label": 13, "event": "S", "reconc": 4, "tstamp": 0.0, "transferred": 0, "dist": 0.24425061014635252}, "_child1": {"label": 14, "event": "S", "reconc": 9, "tstamp": 0.0, "transferred": 1, "dist": 0.3697681698226761}}}, "_child1": {"label": 3, "event": "H", "reconc": [1, 9], "tstamp": 0.41593539516662825, "transferred": 0, "dist": 0.4884911999169237, "_child0": {"label": 12, "event": "S", "reconc": 7, "tstamp": 0.0, "transferred": 1, "dist": 0.5256902634723446}, "_child1": {"label": 11, "event": "S", "reconc": 9, "tstamp": 0.0, "transferred": 0, "dist": 0.42916605062294017}}, "_child2": {"label": 4, "event": "D", "reconc": [1, 8], "tstamp": 0.15651044375328643, "transferred": 0, "dist": 0.7064565043739411, "_child0": {"label": 16, "event": "H", "reconc": [1, 8], "tstamp": 0.11135557850873606, "transferred": 0, "dist": 0.04352822821044779, "_child0": {"label": 18, "event": "S", "reconc": 6, "tstamp": 0.10027274660935624, "transferred": 1, "dist": 0.02641124007320314, "_child0": {"label": 21, "event": "S", "reconc": 11, "tstamp": 0.06368564630605429, "transferred": 0, "dist": 0.0687152564959541, "_child0": {"label": 25, "event": "S", "reconc": 12, "tstamp": 0.030025209239969694, "transferred": 0, "dist": 0.05991336482715677, "_child0": {"label": 29, "event": "S", "reconc": 14, "tstamp": 0.0, "transferred": 0, "dist": 0.049531182540701914}, "_child1": {"label": 30, "event": "S", "reconc": 15, "tstamp": 0.0, "transferred": 0, "dist": 0.10205418274196561}}, "_child1": {"label": 26, "event": "S", "reconc": 13, "tstamp": 0.0, "transferred": 0, "dist": 0.10969516261420681}}, "_child1": {"label": 22, "event": "S", "reconc": 10, "tstamp": 0.0, "transferred": 0, "dist": 0.24684104135861396}}, "_child1": {"label": 17, "event": "H", "reconc": [1, 8], "tstamp": 0.018774184170867667, "transferred": 0, "dist": 0.08924628694947892, "_child0": {"label": 32, "event": "S", "reconc": 14, "tstamp": 0.0, "transferred": 1, "dist": 0.03343066945697174}, "_child1": {"label": 31, "event": "S", "reconc": 8, "tstamp": 0.0, "transferred": 0, "dist": 0.018097872037235924}}}, "_child1": {"label": 15, "event": "S", "reconc": 8, "tstamp": 0.0, "transferred": 0, "dist": 0.15087238719716264}}}