{"label": 1, "event": "S", "reconc": 1, "tstamp": 0.3320754699161687, "transferred": 0, "dist": 0.0, "_child0": {"label": 2, "event": "S", "reconc": 3, "tstamp": 0.3144301172153168, "transferred": 0, "dist": 0.020188461246611035, "_child0": {"label": 4, "event": "S", "reconc": 5, "tstamp": 0.2603972906896082, "transferred": 0, "dist": 0.06178803483186302, "_child0": {"label": 8, "event": "S", "reconc": 7, "tstamp": 0.022467147118556074, "transferred": 0, "dist": 0.24587115483411723, "_child0": {"label": 14, "event": "S", "reconc": 8, "tstamp": 0.0, "transferred": 0, "dist": 0.02110069870570908}, "_child1": {"label": 15, "event": "S", "reconc": 9, "tstamp": 0.0, "transferred": 0, "dist": 0.022005786467134237}}, "_child1": {"label": 9, "event": "S", "reconc": 6, "tstamp": 0.0, "transferred": 0, "dist": 0.29966729294865224}}, "_child1": {"label": 5, "event": "S", "reconc": 4, "tstamp": 0.0, "transferred": 0, "dist": 0.3257972633146127}}, "_child1": {"label": 3, "event": "H", "reconc": [1, 2], "tstamp": 0.26575755045231864, "transferred": 0, "dist": 0.0689634516139789, "_child0": {"label": 7, "event": "S", "reconc": 5, "tstamp": 0.2603972906896082, "transferred": 1, "dist": 0.0061396795778202624, "_child0": {"label": 11, "event": "H", "reconc": [5, 6], "tstamp": 0.10342661518303883, "transferred": 0, "dist": 0.1889245019290057, "_child0": {"label": 13, "event": "S", "reconc": 7, "tstamp": 0.022467147118556074, "transferred": 1, "dist": 0.11208627504534294, "_child0": {"label": 18, "event": "S", "reconc": 8, "tstamp": 0.0, "transferred": 0, "dist": 0.02235272626880604}, "_child1": {"label": 19, "event": "S", "reconc": 9, "tstamp": 0.0, "transferred": 0, "dist": 0.05044885169278594}}, "_child1": {"label": 12, "event": "S", "reconc": 6, "tstamp": 0.0, "transferred": 0, "dist": 0.12448071397157738}}, "_child1": {"label": 10, "event": "S", "reconc": 7, "tstamp": 0.022467147118556074, "transferred": 0, "dist": 0.2662645379916824, "_child0": {"label": 16, "event": "S", "reconc": 8, "tstamp": 0.0, "transferred": 0, "dist": 0.02940709645343212}, "_child1": {"label": 17, "event": "S", "reconc": 9, "tstamp": 0.0, "transferred": 0, "dist": 0.10638993208356284}}}, "_child1": {"label": 6, "event": "S", "reconc": 2, "tstamp": 0.0, "transferred": 0, "dist": 0.27635906131914156}}}