{"label": 2, "event": "S", "reconc": 2, "tstamp": 0.7818547713331174, "transferred": 0, "dist": 0.0, "_child0": {"label": 4, "event": "S", "reconc": 5, "tstamp": 0.748276015471536, "transferred": 0, "dist": 0.025389989241263188, "_child0": {"label": 6, "event": "S", "reconc": 7, "tstamp": 0.678925131019359, "transferred": 0, "dist": 0.05158844594663687, "_child0": {"label": 10, "event": "S", "reconc": 9, "tstamp": 0.6577190339230751, "transferred": 0, "dist": 0.01541315441046979, "_child0": {"label": 12, "event": "D", "reconc": [9, 11], "tstamp": 0.6525182534345644, "transferred": 0, "dist": 0.0038275810656332606, "_child0": {"label": 16, "event": "S", "reconc": 13, "tstamp": 0.48049407310561004, "transferred": 0, "dist": 0.12667301781917145, "_child0": {"label": 24, "event": "S", "reconc": 15, "tstamp": 0.4031110939867921, "transferred": 0, "dist": 0.05821918921690095, "_child0": {"label": 30, "event": "D", "reconc": [15, 16], "tstamp": 0.363600420297943, "transferred": 0, "dist": 0.03168870933707805, "_child0": {"label": 36, "event": "S", "reconc": 16, "tstamp": 0.0, "transferred": 0, "dist": 0.484955192668894}, "_child1": {"label": 34, "event": "S", "reconc": 16, "tstamp": 0.0, "transferred": 0, "dist": 0.30834703019144577}}, "_child1": {"label": 31, "event": "S", "reconc": 17, "tstamp": 0.0, "transferred": 0, "dist": 0.318762826895173}}, "_child1": {"label": 25, "event": "S", "reconc": 14, "tstamp": 0.3556938524339042, "transferred": 0, "dist": 0.08479437841442128, "_child0": {"label": 38, "event": "S", "reconc": 21, "tstamp": 0.0, "transferred": 0, "dist": 0.19439272590109744}, "_child1": {"label": 39, "event": "S", "reconc": 20, "tstamp": 0.0, "transferred": 0, "dist": 0.18515352030451218}, "_child2": {"label": 40, "event": "S", "reconc": 18, "tstamp": 0.0, "transferred": 0, "dist": 0.1949991872335861}}}, "_child1": {"label": 15, "event": "S", "reconc": 11, "tstamp": 0.6494881598174819, "transferred": 0, "dist": 0.002230036238111333, "_child0": {"label": 19, "event": "H", "reconc": [11, 12], "tstamp": 0.5818682627842813, "transferred": 0, "dist": 0.04658625781271342, "_child0": {"label": 22, "event": "D", "reconc": [11, 12], "tstamp": 0.45115519515292896, "transferred": 0, "dist": 0.09005385892816406, "_child0": {"label": 28, "event": "D", "reconc": [11, 12], "tstamp": 0.08338019365993751, "transferred": 0, "dist": 0.25337602966492734, "_child0": {"label": 55, "event": "S", "reconc": 12, "tstamp": 0.0, "transferred": 0, "dist": 0.06220401256220926}, "_child1": {"label": 56, "event": "S", "reconc": 12, "tstamp": 0.0, "transferred": 0, "dist": 0.18764746128819917}}, "_child1": {"label": 29, "event": "S", "reconc": 12, "tstamp": 0.0, "transferred": 0, "dist": 0.31082023423697275}}, "_child1": {"label": 23, "event": "D", "reconc": [5, 6], "tstamp": 0.028253595288342252, "transferred": 1, "dist": 0.7575633240054539, "_child0": {"label": 57, "event": "S", "reconc": 6, "tstamp": 0.0, "transferred": 0, "dist": 0.028228676963963122}, "_child1": {"label": 58, "event": "S", "reconc": 6, "tstamp": 0.0, "transferred": 0, "dist": 0.0668297853717298}}}, "_child1": {"label": 18, "event": "S", "reconc": 13, "tstamp": 0.48049407310561004, "transferred": 0, "dist": 0.12444298158106012, "_child0": {"label": 32, "event": "D", "reconc": [15, 16], "tstamp": 0.3116956621928063, "transferred": 0, "dist": 0.13153702403429757, "_child0": {"label": 44, "event": "S", "reconc": 16, "tstamp": 0.0, "transferred": 0, "dist": 0.24998898572674805}, "_child1": {"label": 45, "event": "S", "reconc": 16, "tstamp": 0.0, "transferred": 0, "dist": 0.3800864532499932}}, "_child1": {"label": 27, "event": "S", "reconc": 14, "tstamp": 0.3556938524339042, "transferred": 0, "dist": 0.08479437841442128, "_child0": {"label": 41, "event": "S", "reconc": 21, "tstamp": 0.0, "transferred": 0, "dist": 0.19439272590109744}, "_child1": {"label": 43, "event": "S", "reconc": 18, "tstamp": 0.0, "transferred": 0, "dist": 0.1949991872335861}}}}}, "_child1": {"label": 13, "event": "S", "reconc": 10, "tstamp": 0.11044481050556372, "transferred": 0, "dist": 0.4068459531697719, "_child0": {"label": 52, "event": "D", "reconc": [10, 22], "tstamp": 0.1009387453551928, "transferred": 0, "dist": 0.006806161809304763, "_child0": {"label": 53, "event": "S", "reconc": 22, "tstamp": 0.0, "transferred": 0, "dist": 0.11951402447655193}, "_child1": {"label": 54, "event": "S", "reconc": 22, "tstamp": 0.0, "transferred": 0, "dist": 0.07784814173452753}}, "_child1": {"label": 50, "event": "S", "reconc": 25, "tstamp": 0.0, "transferred": 0, "dist": 0.08054369016191325}}}, "_child1": {"label": 11, "event": "D", "reconc": [7, 8], "tstamp": 0.6387848603410003, "transferred": 0, "dist": 0.02484406890761072, "_child0": {"label": 20, "event": "H", "reconc": [7, 8], "tstamp": 0.28688848462747557, "transferred": 0, "dist": 0.21779967246904375, "_child0": {"label": 47, "event": "S", "reconc": 18, "tstamp": 0.0, "transferred": 1, "dist": 0.6006092556280287}, "_child1": {"label": 46, "event": "S", "reconc": 8, "tstamp": 0.0, "transferred": 0, "dist": 0.17756425555764244}}, "_child1": {"label": 21, "event": "S", "reconc": 8, "tstamp": 0.0, "transferred": 0, "dist": 0.3953639280266862}}}, "_child1": {"label": 7, "event": "H", "reconc": [5, 6], "tstamp": 0.019352581779506616, "transferred": 0, "dist": 0.7181674425405418, "_child0": {"label": 60, "event": "S", "reconc": 12, "tstamp": 0.0, "transferred": 1, "dist": 0.039782895402405316}, "_child1": {"label": 59, "event": "S", "reconc": 6, "tstamp": 0.0, "transferred": 0, "dist": 0.01906701516337453}}}, "_child1": {"label": 5, "event": "D", "reconc": [2, 4], "tstamp": 0.734229344901782, "transferred": 0, "dist": 0.031368077383998515, "_child0": {"label": 8, "event": "S", "reconc": 4, "tstamp": 0.0, "transferred": 0, "dist": 0.4835938412370422}, "_child1": {"label": 9, "event": "S", "reconc": 4, "tstamp": 0.0, "transferred": 0, "dist": 1.3375252440090217}}}