{"label": 0, "event": null, "tstamp": 1.0, "dist": 0.0, "_child0": {"label": 1, "event": "S", "tstamp": 0.9515859255890263, "dist": 0.04841407441097367, "_child0": {"label": 3, "event": "S", "tstamp": 0.896051085531797, "dist": 0.05553484005722931, "_child0": {"label": 5, "event": "S", "tstamp": 0.4643662350964958, "dist": 0.4316848504353012, "_child0": {"label": 6, "event": "S", "tstamp": 0.11683573681885623, "dist": 0.3475304982776396, "_child0": {"label": 8, "event": "S", "tstamp": 0.0, "dist": 0.11683573681885623}, "_child1": {"label": 9, "event": "S", "tstamp": 0.0, "dist": 0.11683573681885623}}, "_child1": {"label": 7, "event": "S", "tstamp": 0.0, "dist": 0.4643662350964958}}, "_child1": {"label": 4, "event": "S", "tstamp": 0.0, "dist": 0.896051085531797}}, "_child1": {"label": 2, "event": "S", "tstamp": 0.0, "dist": 0.9515859255890263}}}