{"label": 0, "event": null, "tstamp": 1.0, "dist": 0.0, "_child0": {"label": 1, "event": "S", "tstamp": 0.6313573370136727, "dist": 0.3686426629863273, "_child0": {"label": 4, "event": "S", "tstamp": 0.0, "dist": 0.6313573370136727}, "_child1": {"label": 5, "event": "S", "tstamp": 0.5041531436048344, "dist": 0.12720419340883826, "_child0": {"label": 7, "event": "S", "tstamp": 0.25402000562277094, "dist": 0.2501331379820635, "_child0": {"label": 9, "event": "S", "tstamp": 0.19173218124889296, "dist": 0.062287824373877976, "_child0": {"label": 11, "event": "S", "tstamp": 0.11964052579929035, "dist": 0.07209165544960261, "_child0": {"label": 12, "event": "S", "tstamp": 0.05505499084090952, "dist": 0.06458553495838083, "_child0": {"label": 14, "event": "S", "tstamp": 0.0, "dist": 0.05505499084090952}, "_child1": {"label": 15, "event": "S", "tstamp": 0.0, "dist": 0.05505499084090952}}, "_child1": {"label": 13, "event": "S", "tstamp": 0.0, "dist": 0.11964052579929035}}, "_child1": {"label": 10, "event": "S", "tstamp": 0.0, "dist": 0.19173218124889296}}, "_child1": {"label": 8, "event": "S", "tstamp": 0.0, "dist": 0.25402000562277094}}, "_child1": {"label": 6, "event": "S", "tstamp": 0.0, "dist": 0.5041531436048344}}, "_child2": {"label": 3, "event": "S", "tstamp": 0.0, "dist": 0.6313573370136727}}}