{"label": 1, "event": "S", "reconc": 1, "tstamp": 0.7864249997506786, "transferred": 0, "dist": 0.0, "_child0": {"label": 5, "event": "D", "reconc": [1, 8], "tstamp": 0.6426717706069022, "transferred": 0, "dist": 0.1629309658465644, "_child0": {"label": 7, "event": "D", "reconc": [1, 8], "tstamp": 0.5674843486740389, "transferred": 0, "dist": 0.20814416411069314, "_child0": {"label": 9, "event": "S", "reconc": 8, "tstamp": 0.48274041834967646, "transferred": 0, "dist": 0.6027300883197096, "_child0": {"label": 13, "event": "S", "reconc": 11, "tstamp": 0.44458323887079715, "transferred": 0, "dist": 0.05072761951479205, "_child0": {"label": 32, "event": "S", "reconc": 15, "tstamp": 0.0, "transferred": 0, "dist": 3.6191169728250276}, "_child1": {"label": 22, "event": "S", "reconc": 13, "tstamp": 0.2052113780116852, "transferred": 0, "dist": 0.778586426406731, "_child0": {"label": 37, "event": "S", "reconc": 16, "tstamp": 0.0, "transferred": 0, "dist": 1.7604114644903308}, "_child1": {"label": 38, "event": "S", "reconc": 17, "tstamp": 0.0, "transferred": 0, "dist": 0.4298107559367381}}}, "_child1": {"label": 14, "event": "S", "reconc": 10, "tstamp": 0.17763578637320954, "transferred": 0, "dist": 0.5545021261751537, "_child0": {"label": 43, "event": "S", "reconc": 19, "tstamp": 0.13238016330683824, "transferred": 0, "dist": 0.07059514963458059, "_child0": {"label": 49, "event": "S", "reconc": 21, "tstamp": 0.11907223169982567, "transferred": 0, "dist": 0.01711811084160986, "_child0": {"label": 55, "event": "S", "reconc": 22, "tstamp": 0.0, "transferred": 0, "dist": 0.9384183760922928}, "_child1": {"label": 56, "event": "S", "reconc": 23, "tstamp": 0.0, "transferred": 0, "dist": 0.11253482752580396}}, "_child1": {"label": 50, "event": "S", "reconc": 20, "tstamp": 0.11818398624448397, "transferred": 0, "dist": 0.030449499314629456, "_child0": {"label": 61, "event": "S", "reconc": 24, "tstamp": 0.0, "transferred": 0, "dist": 0.13873706814798603}, "_child1": {"label": 62, "event": "S", "reconc": 25, "tstamp": 0.0, "transferred": 0, "dist": 0.1397533201947381}}}, "_child1": {"label": 44, "event": "S", "reconc": 18, "tstamp": 0.0, "transferred": 0, "dist": 0.1635236244908676}}}, "_child1": {"label": 16, "event": "S", "reconc": 10, "tstamp": 0.17763578637320954, "transferred": 0, "dist": 0.5118682730831965, "_child0": {"label": 45, "event": "S", "reconc": 19, "tstamp": 0.13238016330683824, "transferred": 0, "dist": 0.08148490161346354, "_child0": {"label": 58, "event": "S", "reconc": 23, "tstamp": 0.0, "transferred": 0, "dist": 0.2517351296425578}, "_child1": {"label": 52, "event": "S", "reconc": 20, "tstamp": 0.11818398624448397, "transferred": 0, "dist": 0.01682974892707318, "_child0": {"label": 63, "event": "S", "reconc": 24, "tstamp": 0.0, "transferred": 0, "dist": 0.14841379462374638}, "_child1": {"label": 64, "event": "S", "reconc": 25, "tstamp": 0.0, "transferred": 0, "dist": 0.3242864433253888}}}, "_child1": {"label": 46, "event": "S", "reconc": 18, "tstamp": 0.0, "transferred": 0, "dist": 0.38345934355788336}}}, "_child1": {"label": 8, "event": "S", "reconc": 8, "tstamp": 0.48274041834967646, "transferred": 0, "dist": 0.2945147570204307, "_child0": {"label": 11, "event": "S", "reconc": 11, "tstamp": 0.44458323887079715, "transferred": 0, "dist": 0.19890714904176757, "_child0": {"label": 30, "event": "S", "reconc": 15, "tstamp": 0.0, "transferred": 0, "dist": 0.6335688653003348}, "_child1": {"label": 36, "event": "S", "reconc": 17, "tstamp": 0.0, "transferred": 0, "dist": 0.885787040420023}}, "_child1": {"label": 12, "event": "S", "reconc": 10, "tstamp": 0.17763578637320954, "transferred": 0, "dist": 0.3358217713822949, "_child0": {"label": 41, "event": "S", "reconc": 19, "tstamp": 0.13238016330683824, "transferred": 0, "dist": 0.05501437105614239, "_child0": {"label": 47, "event": "S", "reconc": 21, "tstamp": 0.11907223169982567, "transferred": 0, "dist": 0.037386384044586204, "_child0": {"label": 53, "event": "S", "reconc": 22, "tstamp": 0.0, "transferred": 0, "dist": 0.1110652085684029}, "_child1": {"label": 54, "event": "S", "reconc": 23, "tstamp": 0.0, "transferred": 0, "dist": 0.18609631818314712}}, "_child1": {"label": 48, "event": "S", "reconc": 20, "tstamp": 0.11818398624448397, "transferred": 0, "dist": 0.01629545871426958, "_child0": {"label": 60, "event": "D", "reconc": [20, 25], "tstamp": 0.031112615205063792, "transferred": 0, "dist": 0.3973591208121573, "_child0": {"label": 65, "event": "S", "reconc": 25, "tstamp": 0.0, "transferred": 0, "dist": 0.0429454425861657}, "_child1": {"label": 66, "event": "S", "reconc": 25, "tstamp": 0.0, "transferred": 0, "dist": 0.04273316594341844}}, "_child1": {"label": 59, "event": "S", "reconc": 24, "tstamp": 0.0, "transferred": 0, "dist": 0.14588372942246838}}}, "_child1": {"label": 42, "event": "S", "reconc": 18, "tstamp": 0.0, "transferred": 0, "dist": 0.16889549051139713}}}}, "_child1": {"label": 6, "event": "D", "reconc": [1, 3], "tstamp": 0.46374516807178284, "transferred": 0, "dist": 0.320301821678969, "_child0": {"label": 25, "event": "S", "reconc": 3, "tstamp": 0.0, "transferred": 0, "dist": 0.46032756790336016}, "_child1": {"label": 28, "event": "H", "reconc": [11, 13], "tstamp": 0.20875357375500556, "transferred": 1, "dist": 0.30892896996752317, "_child0": {"label": 33, "event": "S", "reconc": 13, "tstamp": 0.2052113780116852, "transferred": 0, "dist": 0.005231698450099886, "_child0": {"label": 39, "event": "S", "reconc": 16, "tstamp": 0.0, "transferred": 0, "dist": 0.5320456498713892}, "_child1": {"label": 40, "event": "S", "reconc": 17, "tstamp": 0.0, "transferred": 0, "dist": 0.28809972330526756}}, "_child1": {"label": 34, "event": "S", "reconc": 3, "tstamp": 0.0, "transferred": 1, "dist": 0.2463185071378597}}}, "_child2": {"label": 3, "event": "S", "reconc": 6, "tstamp": 0.0, "transferred": 0, "dist": 0.5953940154362817}}