{"label": 1, "event": "S", "reconc": 1, "tstamp": 0.7551742963538564, "transferred": 0, "dist": 0.0, "_child0": {"label": 2, "event": "S", "reconc": 3, "tstamp": 0.6448800429715214, "transferred": 0, "dist": 0.14882977871440053, "_child0": {"label": 4, "event": "S", "reconc": 5, "tstamp": 0.6439194083829063, "transferred": 0, "dist": 0.0013658575424235406, "_child0": {"label": 7, "event": "H", "reconc": [5, 7], "tstamp": 0.5741095804614327, "transferred": 0, "dist": 0.10989723853747828, "_child0": {"label": 9, "event": "S", "reconc": 4, "tstamp": 0.5563584981425358, "transferred": 1, "dist": 0.029597311503807257, "_child0": {"label": 15, "event": "S", "reconc": 7, "tstamp": 0.0, "transferred": 1, "dist": 1.787875378554485}, "_child1": {"label": 12, "event": "S", "reconc": 9, "tstamp": 0.502501047985204, "transferred": 0, "dist": 0.2776676816091643, "_child0": {"label": 18, "event": "S", "reconc": 10, "tstamp": 0.4588346102595999, "transferred": 0, "dist": 0.0998531239490276, "_child0": {"label": 28, "event": "D", "reconc": [13, 14], "tstamp": 0.08324464577244572, "transferred": 0, "dist": 0.9991636562308397, "_child0": {"label": 34, "event": "S", "reconc": 14, "tstamp": 0.0, "transferred": 0, "dist": 0.6928308010099201}, "_child1": {"label": 35, "event": "S", "reconc": 14, "tstamp": 0.0, "transferred": 0, "dist": 0.34426003010803446}}, "_child1": {"label": 23, "event": "S", "reconc": 12, "tstamp": 0.0, "transferred": 0, "dist": 1.3091623699120605}}, "_child1": {"label": 19, "event": "S", "reconc": 11, "tstamp": 0.0, "transferred": 0, "dist": 1.0666184619269066}}}, "_child1": {"label": 8, "event": "S", "reconc": 7, "tstamp": 0.0, "transferred": 0, "dist": 0.9037847447725067}}, "_child1": {"label": 25, "event": "H", "reconc": [4, 8], "tstamp": 0.20078353354838385, "transferred": 1, "dist": 1.896689450263076, "_child0": {"label": 31, "event": "S", "reconc": 12, "tstamp": 0.0, "transferred": 1, "dist": 0.9593565535349986}, "_child1": {"label": 30, "event": "S", "reconc": 8, "tstamp": 0.0, "transferred": 0, "dist": 2.3625799937876897}}}, "_child1": {"label": 5, "event": "S", "reconc": 4, "tstamp": 0.5563584981425358, "transferred": 0, "dist": 0.1456740190888522, "_child0": {"label": 10, "event": "S", "reconc": 9, "tstamp": 0.502501047985204, "transferred": 0, "dist": 0.10093564687232473, "_child0": {"label": 16, "event": "S", "reconc": 10, "tstamp": 0.4588346102595999, "transferred": 0, "dist": 0.08661778527412194, "_child0": {"label": 20, "event": "S", "reconc": 13, "tstamp": 0.2226284719406688, "transferred": 0, "dist": 0.45830832091811274, "_child0": {"label": 26, "event": "H", "reconc": [13, 14], "tstamp": 0.09352385061721524, "transferred": 0, "dist": 0.23439366593018524, "_child0": {"label": 32, "event": "S", "reconc": 14, "tstamp": 0.0, "transferred": 0, "dist": 0.16979561206531177}, "_child1": {"label": 33, "event": "S", "reconc": 8, "tstamp": 0.0, "transferred": 1, "dist": 0.3177874371812495}}, "_child1": {"label": 27, "event": "S", "reconc": 15, "tstamp": 0.0, "transferred": 0, "dist": 0.32778461915392587}}, "_child1": {"label": 21, "event": "S", "reconc": 12, "tstamp": 0.0, "transferred": 0, "dist": 0.9721391631902226}}, "_child1": {"label": 17, "event": "S", "reconc": 11, "tstamp": 0.0, "transferred": 0, "dist": 1.0097819730843}}, "_child1": {"label": 11, "event": "S", "reconc": 8, "tstamp": 0.0, "transferred": 0, "dist": 1.0265174569300455}}}, "_child1": {"label": 3, "event": "S", "reconc": 2, "tstamp": 0.0, "transferred": 0, "dist": 0.9265952997815611}}