{"label": 4, "event": "H", "reconc": [1, 2], "tstamp": 0.8404280067576367, "transferred": 0, "dist": 0.0, "_child0": {"label": 6, "event": "S", "reconc": 2, "tstamp": 0.7293136943769593, "transferred": 0, "dist": 0.104466967709073, "_child0": {"label": 8, "event": "S", "reconc": 4, "tstamp": 0.6628747800773023, "transferred": 0, "dist": 0.05658803188588755, "_child0": {"label": 10, "event": "H", "reconc": [4, 7], "tstamp": 0.5882254490132125, "transferred": 0, "dist": 0.05396272690898143, "_child0": {"label": 18, "event": "S", "reconc": 7, "tstamp": 0.0025291428327219607, "transferred": 0, "dist": 0.4233898599155834, "_child0": {"label": 54, "event": "S", "reconc": 24, "tstamp": 0.0, "transferred": 0, "dist": 0.0015567161522207222}, "_child1": {"label": 55, "event": "S", "reconc": 25, "tstamp": 0.0, "transferred": 0, "dist": 0.0015193979274614779}}, "_child1": {"label": 19, "event": "S", "reconc": 6, "tstamp": 0.0, "transferred": 1, "dist": 0.4226534060371084}}, "_child1": {"label": 28, "event": "H", "reconc": [4, 6], "tstamp": 0.1872470235151466, "transferred": 0, "dist": 0.3381951967942416, "_child0": {"label": 33, "event": "S", "reconc": 7, "tstamp": 0.0025291428327219607, "transferred": 1, "dist": 0.13362296789691674, "_child0": {"label": 56, "event": "S", "reconc": 24, "tstamp": 0.0, "transferred": 0, "dist": 0.00733724712049366}, "_child1": {"label": 57, "event": "S", "reconc": 25, "tstamp": 0.0, "transferred": 0, "dist": 0.0015362572024383895}}, "_child1": {"label": 32, "event": "S", "reconc": 6, "tstamp": 0.0, "transferred": 0, "dist": 0.13314202775835152}}}, "_child1": {"label": 9, "event": "S", "reconc": 5, "tstamp": 0.6462270251560778, "transferred": 0, "dist": 0.07493903874037171, "_child0": {"label": 12, "event": "S", "reconc": 9, "tstamp": 0.6373143535929761, "transferred": 0, "dist": 0.00856207164757775, "_child0": {"label": 17, "event": "H", "reconc": [11, 12], "tstamp": 0.43796123757196376, "transferred": 0, "dist": 0.19747905575038002, "_child0": {"label": 24, "event": "H", "reconc": [11, 12], "tstamp": 0.35280831407280533, "transferred": 0, "dist": 0.0846395555207465, "_child0": {"label": 27, "event": "S", "reconc": 15, "tstamp": 0.16146425492133, "transferred": 1, "dist": 0.15647462107741208, "_child0": {"label": 36, "event": "S", "reconc": 17, "tstamp": 0.09209790889342782, "transferred": 0, "dist": 0.06064034759493479, "_child0": {"label": 46, "event": "S", "reconc": 21, "tstamp": 0.05308418291017071, "transferred": 0, "dist": 0.08985371316000278, "_child0": {"label": 50, "event": "S", "reconc": 22, "tstamp": 0.0, "transferred": 0, "dist": 0.0733886208544711}, "_child1": {"label": 51, "event": "S", "reconc": 23, "tstamp": 0.0, "transferred": 0, "dist": 0.045919538146105}}, "_child1": {"label": 45, "event": "S", "reconc": 20, "tstamp": 0.0, "transferred": 0, "dist": 0.06122877674357151}, "_child2": {"label": 47, "event": "S", "reconc": 18, "tstamp": 0.0, "transferred": 0, "dist": 0.0660616359422892}}, "_child1": {"label": 37, "event": "S", "reconc": 16, "tstamp": 0.0, "transferred": 0, "dist": 0.3022568197366996}}, "_child1": {"label": 26, "event": "S", "reconc": 12, "tstamp": 0.0, "transferred": 0, "dist": 0.35068131145774817}}, "_child1": {"label": 25, "event": "S", "reconc": 15, "tstamp": 0.16146425492133, "transferred": 1, "dist": 0.2243598409896979, "_child0": {"label": 34, "event": "S", "reconc": 17, "tstamp": 0.09209790889342782, "transferred": 0, "dist": 0.045394410348533136, "_child0": {"label": 43, "event": "S", "reconc": 21, "tstamp": 0.05308418291017071, "transferred": 0, "dist": 0.026820363096038382, "_child0": {"label": 49, "event": "H", "reconc": [21, 23], "tstamp": 0.04713937490657895, "transferred": 0, "dist": 0.004489715937920395, "_child0": {"label": 52, "event": "S", "reconc": 23, "tstamp": 0.0, "transferred": 0, "dist": 0.03560121751514955}, "_child1": {"label": 53, "event": "S", "reconc": 16, "tstamp": 0.0, "transferred": 1, "dist": 0.16499151810381787}}, "_child1": {"label": 48, "event": "S", "reconc": 22, "tstamp": 0.0, "transferred": 0, "dist": 0.03633671821987275}}, "_child1": {"label": 42, "event": "S", "reconc": 20, "tstamp": 0.0, "transferred": 0, "dist": 0.06026722578617486}, "_child2": {"label": 44, "event": "S", "reconc": 18, "tstamp": 0.0, "transferred": 0, "dist": 0.06490859520478373}}, "_child1": {"label": 35, "event": "S", "reconc": 16, "tstamp": 0.0, "transferred": 0, "dist": 0.1104145168585444}}}, "_child1": {"label": 15, "event": "H", "reconc": [9, 10], "tstamp": 0.110011035167931, "transferred": 0, "dist": 0.5437804153189926, "_child0": {"label": 41, "event": "S", "reconc": 6, "tstamp": 0.0, "transferred": 1, "dist": 0.08380854679949833}, "_child1": {"label": 40, "event": "S", "reconc": 10, "tstamp": 0.0, "transferred": 0, "dist": 0.11344864388861862}}}, "_child1": {"label": 13, "event": "H", "reconc": [5, 8], "tstamp": 0.5103415342291356, "transferred": 0, "dist": 0.09371649872485124, "_child0": {"label": 23, "event": "H", "reconc": [11, 12], "tstamp": 0.19549791620046178, "transferred": 1, "dist": 0.4570254983661847, "_child0": {"label": 30, "event": "S", "reconc": 12, "tstamp": 0.0, "transferred": 0, "dist": 0.28378384526418915}, "_child1": {"label": 31, "event": "S", "reconc": 3, "tstamp": 0.0, "transferred": 1, "dist": 0.5176945781258648}}, "_child1": {"label": 22, "event": "D", "reconc": [5, 8], "tstamp": 0.12541470490998433, "transferred": 0, "dist": 0.2654734840561028, "_child0": {"label": 38, "event": "S", "reconc": 8, "tstamp": 0.0, "transferred": 0, "dist": 0.08652001915001309}, "_child1": {"label": 39, "event": "S", "reconc": 8, "tstamp": 0.0, "transferred": 0, "dist": 0.6259911975761966}}}}}, "_child1": {"label": 7, "event": "S", "reconc": 3, "tstamp": 0.0, "transferred": 1, "dist": 3.508303486804283}}