{"label": 0, "event": null, "tstamp": 1.0, "dist": 0.0, "_child0": {"label": 1, "event": "S", "tstamp": 0.7868139016466159, "dist": 0.2131860983533841, "_child0": {"label": 3, "event": "S", "tstamp": 0.42576079238966014, "dist": 0.3610531092569558, "_child0": {"label": 7, "event": "S", "tstamp": 0.0, "dist": 0.42576079238966014}, "_child1": {"label": 6, "event": "S", "tstamp": 0.0, "dist": 0.42576079238966014}, "_child2": {"label": 4, "event": "S", "tstamp": 0.2975277671597522, "dist": 0.12823302522990793, "_child0": {"label": 9, "event": "S", "tstamp": 0.29737360599374657, "dist": 0.00015416116600563967, "_child0": {"label": 10, "event": "S", "tstamp": 0.2188546777987147, "dist": 0.07851892819503187, "_child0": {"label": 17, "event": "S", "tstamp": 0.21065218314989778, "dist": 0.008202494648816921, "_child0": {"label": 18, "event": "S", "tstamp": 0.0, "dist": 0.21065218314989778}, "_child1": {"label": 19, "event": "S", "tstamp": 0.0, "dist": 0.21065218314989778}}, "_child1": {"label": 16, "event": "S", "tstamp": 0.0, "dist": 0.2188546777987147}}, "_child1": {"label": 11, "event": "S", "tstamp": 0.0, "dist": 0.29737360599374657}}, "_child1": {"label": 8, "event": "S", "tstamp": 0.23471929312654935, "dist": 0.06280847403320286, "_child0": {"label": 13, "event": "S", "tstamp": 0.22214546071179286, "dist": 0.012573832414756486, "_child0": {"label": 14, "event": "S", "tstamp": 0.0, "dist": 0.22214546071179286}, "_child1": {"label": 15, "event": "S", "tstamp": 0.0, "dist": 0.22214546071179286}}, "_child1": {"label": 12, "event": "S", "tstamp": 0.0, "dist": 0.23471929312654935}}}}, "_child1": {"label": 2, "event": "S", "tstamp": 0.0, "dist": 0.7868139016466159}}}