{"label": 0, "event": null, "tstamp": 1.0, "dist": 0.0, "_child0": {"label": 1, "event": "S", "tstamp": 0.9813545481460597, "dist": 0.018645451853940287, "_child0": {"label": 2, "event": "S", "tstamp": 0.9204814437347176, "dist": 0.06087310441134208, "_child0": {"label": 4, "event": "S", "tstamp": 0.7659492871015808, "dist": 0.1545321566331368, "_child0": {"label": 7, "event": "S", "tstamp": 0.3872324282820578, "dist": 0.37871685881952305, "_child0": {"label": 13, "event": "S", "tstamp": 0.2861191151940915, "dist": 0.10111331308796628, "_child0": {"label": 14, "event": "S", "tstamp": 0.2734867692827574, "dist": 0.012632345911334109, "_child0": {"label": 19, "event": "S", "tstamp": 0.07698891066982448, "dist": 0.1964978586129329, "_child0": {"label": 22, "event": "S", "tstamp": 0.0, "dist": 0.07698891066982448}, "_child1": {"label": 23, "event": "S", "tstamp": 0.0, "dist": 0.07698891066982448}}, "_child1": {"label": 21, "event": "S", "tstamp": 0.0, "dist": 0.2734867692827574}, "_child2": {"label": 20, "event": "S", "tstamp": 0.0, "dist": 0.2734867692827574}, "_child3": {"label": 16, "event": "S", "tstamp": 0.03378992508182931, "dist": 0.23969684420092807, "_child0": {"label": 24, "event": "S", "tstamp": 0.0, "dist": 0.03378992508182931}, "_child1": {"label": 25, "event": "S", "tstamp": 0.0, "dist": 0.03378992508182931}}}, "_child1": {"label": 15, "event": "S", "tstamp": 0.0, "dist": 0.2861191151940915}}, "_child1": {"label": 12, "event": "S", "tstamp": 0.0, "dist": 0.3872324282820578}}, "_child1": {"label": 6, "event": "S", "tstamp": 0.0, "dist": 0.7659492871015808}}, "_child1": {"label": 8, "event": "S", "tstamp": 0.0, "dist": 0.9204814437347176}, "_child2": {"label": 9, "event": "S", "tstamp": 0.43159847278857016, "dist": 0.48888297094614747, "_child0": {"label": 10, "event": "S", "tstamp": 0.0, "dist": 0.43159847278857016}, "_child1": {"label": 11, "event": "S", "tstamp": 0.0, "dist": 0.43159847278857016}}}, "_child1": {"label": 3, "event": "S", "tstamp": 0.0, "dist": 0.9813545481460597}}}