{"label": 0, "event": null, "tstamp": 1.0, "dist": 0.0, "_child0": {"label": 1, "event": "S", "tstamp": 0.9907322749495631, "dist": 0.009267725050436937, "_child0": {"label": 2, "event": "S", "tstamp": 0.72253272718646, "dist": 0.26819954776310306, "_child0": {"label": 4, "event": "S", "tstamp": 0.43262475134612316, "dist": 0.28990797584033684, "_child0": {"label": 10, "event": "S", "tstamp": 0.0, "dist": 0.43262475134612316}, "_child1": {"label": 11, "event": "S", "tstamp": 0.0, "dist": 0.43262475134612316}}, "_child1": {"label": 5, "event": "S", "tstamp": 0.0, "dist": 0.72253272718646}}, "_child1": {"label": 3, "event": "S", "tstamp": 0.7164477048175234, "dist": 0.27428457013203966, "_child0": {"label": 7, "event": "S", "tstamp": 0.6185254850610511, "dist": 0.0979222197564723, "_child0": {"label": 12, "event": "S", "tstamp": 0.22454533150403228, "dist": 0.3939801535570188, "_child0": {"label": 19, "event": "S", "tstamp": 0.0, "dist": 0.22454533150403228}, "_child1": {"label": 18, "event": "S", "tstamp": 0.0, "dist": 0.22454533150403228}, "_child2": {"label": 16, "event": "S", "tstamp": 0.0, "dist": 0.22454533150403228}}, "_child1": {"label": 13, "event": "S", "tstamp": 0.2735380519174879, "dist": 0.34498743314356317, "_child0": {"label": 14, "event": "S", "tstamp": 0.0, "dist": 0.2735380519174879}, "_child1": {"label": 15, "event": "S", "tstamp": 0.0, "dist": 0.2735380519174879}}, "_child2": {"label": 8, "event": "S", "tstamp": 0.0, "dist": 0.6185254850610511}}, "_child1": {"label": 6, "event": "S", "tstamp": 0.161473709938094, "dist": 0.5549739948794294, "_child0": {"label": 21, "event": "S", "tstamp": 0.0939679817603025, "dist": 0.06750572817779152, "_child0": {"label": 24, "event": "S", "tstamp": 0.0, "dist": 0.0939679817603025}, "_child1": {"label": 25, "event": "S", "tstamp": 0.03354417805541046, "dist": 0.06042380370489203, "_child0": {"label": 26, "event": "S", "tstamp": 0.025530124083326985, "dist": 0.008014053972083476, "_child0": {"label": 28, "event": "S", "tstamp": 0.0, "dist": 0.025530124083326985}, "_child1": {"label": 29, "event": "S", "tstamp": 0.0, "dist": 0.025530124083326985}}, "_child1": {"label": 27, "event": "S", "tstamp": 0.0, "dist": 0.03354417805541046}}, "_child2": {"label": 23, "event": "S", "tstamp": 0.0, "dist": 0.0939679817603025}}, "_child1": {"label": 20, "event": "S", "tstamp": 0.0, "dist": 0.161473709938094}}}}}