{"label": 0, "event": null, "tstamp": 1.0, "dist": 0.0, "_child0": {"label": 1, "event": "S", "tstamp": 0.9607137694839176, "dist": 0.03928623051608238, "_child0": {"label": 2, "event": "S", "tstamp": 0.4870550127058609, "dist": 0.47365875677805674, "_child0": {"label": 7, "event": "S", "tstamp": 0.0, "dist": 0.4870550127058609}, "_child1": {"label": 6, "event": "S", "tstamp": 0.0, "dist": 0.4870550127058609}, "_child2": {"label": 5, "event": "S", "tstamp": 0.0, "dist": 0.4870550127058609}}, "_child1": {"label": 3, "event": "S", "tstamp": 0.10225504030019503, "dist": 0.8584587291837226, "_child0": {"label": 8, "event": "S", "tstamp": 0.0, "dist": 0.10225504030019503}, "_child1": {"label": 9, "event": "S", "tstamp": 0.0, "dist": 0.10225504030019503}}}}