{"label": 0, "event": null, "tstamp": 1.0, "dist": 0.0, "_child0": {"label": 1, "event": "S", "tstamp": 0.93521154231737, "dist": 0.06478845768262997, "_child0": {"label": 4, "event": "S", "tstamp": 0.0, "dist": 0.93521154231737}, "_child1": {"label": 5, "event": "S", "tstamp": 0.1885724231283035, "dist": 0.7466391191890666, "_child0": {"label": 11, "event": "S", "tstamp": 0.1876808896136107, "dist": 0.0008915335146927883, "_child0": {"label": 12, "event": "S", "tstamp": 0.0, "dist": 0.1876808896136107}, "_child1": {"label": 13, "event": "S", "tstamp": 0.0, "dist": 0.1876808896136107}}, "_child1": {"label": 10, "event": "S", "tstamp": 0.0, "dist": 0.1885724231283035}}, "_child2": {"label": 3, "event": "S", "tstamp": 0.4961887919835334, "dist": 0.43902275033383664, "_child0": {"label": 9, "event": "S", "tstamp": 0.0, "dist": 0.4961887919835334}, "_child1": {"label": 8, "event": "S", "tstamp": 0.0, "dist": 0.4961887919835334}, "_child2": {"label": 6, "event": "S", "tstamp": 0.18610653894202583, "dist": 0.31008225304150755, "_child0": {"label": 14, "event": "S", "tstamp": 0.0, "dist": 0.18610653894202583}, "_child1": {"label": 15, "event": "S", "tstamp": 0.0, "dist": 0.18610653894202583}}}}}