{"label": 0, "event": null, "tstamp": 1.0, "dist": 0.0, "_child0": {"label": 1, "event": "S", "tstamp": 0.9997706221141788, "dist": 0.00022937788582122476, "_child0": {"label": 3, "event": "S", "tstamp": 0.8018241595626475, "dist": 0.19794646255153125, "_child0": {"label": 5, "event": "S", "tstamp": 0.7075628798987539, "dist": 0.09426127966389364, "_child0": {"label": 6, "event": "S", "tstamp": 0.6237804967714894, "dist": 0.08378238312726449, "_child0": {"label": 9, "event": "S", "tstamp": 0.3465407201705631, "dist": 0.2772397766009263, "_child0": {"label": 10, "event": "S", "tstamp": 0.11051858868054908, "dist": 0.236022131490014, "_child0": {"label": 12, "event": "S", "tstamp": 0.0, "dist": 0.11051858868054908}, "_child1": {"label": 13, "event": "S", "tstamp": 0.0, "dist": 0.11051858868054908}}, "_child1": {"label": 11, "event": "S", "tstamp": 0.0927055549012107, "dist": 0.2538351652693524, "_child0": {"label": 14, "event": "S", "tstamp": 0.0, "dist": 0.0927055549012107}, "_child1": {"label": 15, "event": "S", "tstamp": 0.0, "dist": 0.0927055549012107}}}, "_child1": {"label": 8, "event": "S", "tstamp": 0.038988201663610784, "dist": 0.5847922951078786, "_child0": {"label": 17, "event": "S", "tstamp": 0.0026998599717609796, "dist": 0.0362883416918498, "_child0": {"label": 18, "event": "S", "tstamp": 0.0, "dist": 0.0026998599717609796}, "_child1": {"label": 19, "event": "S", "tstamp": 0.0, "dist": 0.0026998599717609796}}, "_child1": {"label": 16, "event": "S", "tstamp": 0.0, "dist": 0.038988201663610784}}}, "_child1": {"label": 7, "event": "S", "tstamp": 0.0, "dist": 0.7075628798987539}}, "_child1": {"label": 4, "event": "S", "tstamp": 0.0, "dist": 0.8018241595626475}}, "_child1": {"label": 2, "event": "S", "tstamp": 0.0, "dist": 0.9997706221141788}}}