{"label": 1, "event": "S", "reconc": 1, "tstamp": 0.9240372542096879, "transferred": 0, "dist": 0.0, "_child0": {"label": 2, "event": "S", "reconc": 2, "tstamp": 0.8587870912113926, "transferred": 0, "dist": 0.07486393368132152, "_child0": {"label": 7, "event": "H", "reconc": [2, 15], "tstamp": 0.610079371089475, "transferred": 0, "dist": 0.25869994837655, "_child0": {"label": 18, "event": "H", "reconc": [2, 15], "tstamp": 0.20745205664594246, "transferred": 0, "dist": 0.44835346543761845, "_child0": {"label": 34, "event": "S", "reconc": 11, "tstamp": 0.0, "transferred": 1, "dist": 0.5416519307662895}, "_child1": {"label": 32, "event": "S", "reconc": 7, "tstamp": 0.0, "transferred": 1, "dist": 0.2662187961197838}}, "_child1": {"label": 14, "event": "S", "reconc": 10, "tstamp": 0.0, "transferred": 1, "dist": 1.8873991996841806}}, "_child1": {"label": 6, "event": "H", "reconc": [2, 12], "tstamp": 0.35902931976265795, "transferred": 0, "dist": 0.5455339123305237, "_child0": {"label": 19, "event": "S", "reconc": 12, "tstamp": 0.3144473274279857, "transferred": 0, "dist": 0.04866555376881823, "_child0": {"label": 26, "event": "H", "reconc": [12, 16], "tstamp": 0.19476798111375052, "transferred": 0, "dist": 0.11068283982941655, "_child0": {"label": 35, "event": "S", "reconc": 16, "tstamp": 0.05378657853140054, "transferred": 0, "dist": 0.13038358314539608, "_child0": {"label": 43, "event": "S", "reconc": 21, "tstamp": 0.04072160481618955, "transferred": 0, "dist": 0.010612375234690469, "_child0": {"label": 49, "event": "S", "reconc": 22, "tstamp": 0.0, "transferred": 0, "dist": 0.03489212674938105}, "_child1": {"label": 50, "event": "S", "reconc": 23, "tstamp": 0.0, "transferred": 0, "dist": 0.03429478061787235}}, "_child1": {"label": 44, "event": "S", "reconc": 20, "tstamp": 0.0, "transferred": 0, "dist": 0.04483732642394172}}, "_child1": {"label": 36, "event": "S", "reconc": 19, "tstamp": 0.0, "transferred": 1, "dist": 0.4992385518936234}}, "_child1": {"label": 24, "event": "S", "reconc": 19, "tstamp": 0.0, "transferred": 0, "dist": 0.3338913065189173}}, "_child1": {"label": 20, "event": "S", "reconc": 14, "tstamp": 0.009232322362955167, "transferred": 1, "dist": 0.9572860475762084, "_child0": {"label": 51, "event": "S", "reconc": 24, "tstamp": 0.0, "transferred": 0, "dist": 0.00657934960546218}, "_child1": {"label": 52, "event": "S", "reconc": 25, "tstamp": 0.0, "transferred": 0, "dist": 0.0074244214672647855}}}, "_child2": {"label": 8, "event": "D", "reconc": [2, 14], "tstamp": 0.28810336560686123, "transferred": 0, "dist": 0.5212478656623079, "_child0": {"label": 27, "event": "S", "reconc": 14, "tstamp": 0.009232322362955167, "transferred": 0, "dist": 0.4045868973531704, "_child0": {"label": 53, "event": "S", "reconc": 24, "tstamp": 0.0, "transferred": 0, "dist": 0.007564201634608778}, "_child1": {"label": 54, "event": "S", "reconc": 25, "tstamp": 0.0, "transferred": 0, "dist": 0.0066297715124837365}}, "_child1": {"label": 28, "event": "S", "reconc": 14, "tstamp": 0.009232322362955167, "transferred": 0, "dist": 0.31067037378725976, "_child0": {"label": 55, "event": "S", "reconc": 24, "tstamp": 0.0, "transferred": 0, "dist": 0.024494146402118454}, "_child1": {"label": 56, "event": "S", "reconc": 25, "tstamp": 0.0, "transferred": 0, "dist": 0.02370687452733303}}}, "_child3": {"label": 4, "event": "H", "reconc": [2, 7], "tstamp": 0.16465569656594378, "transferred": 0, "dist": 0.8599997460157176, "_child0": {"label": 37, "event": "S", "reconc": 7, "tstamp": 0.0, "transferred": 0, "dist": 0.20400151659914717}, "_child1": {"label": 38, "event": "S", "reconc": 6, "tstamp": 0.0, "transferred": 1, "dist": 0.15414844120039337}}}, "_child1": {"label": 3, "event": "S", "reconc": 3, "tstamp": 0.6598834052967122, "transferred": 0, "dist": 0.38046197647874436, "_child0": {"label": 16, "event": "S", "reconc": 12, "tstamp": 0.3144473274279857, "transferred": 1, "dist": 0.49547772499181997, "_child0": {"label": 22, "event": "D", "reconc": [12, 18], "tstamp": 0.09372319722006375, "transferred": 0, "dist": 0.39642296227114987, "_child0": {"label": 39, "event": "S", "reconc": 18, "tstamp": 0.0, "transferred": 0, "dist": 0.09964225723549416}, "_child1": {"label": 40, "event": "S", "reconc": 18, "tstamp": 0.0, "transferred": 0, "dist": 0.09112857889581796}}, "_child1": {"label": 23, "event": "S", "reconc": 16, "tstamp": 0.05378657853140054, "transferred": 0, "dist": 0.4537769822760308, "_child0": {"label": 42, "event": "H", "reconc": [16, 20], "tstamp": 0.048477350771388365, "transferred": 0, "dist": 0.006327937723966611, "_child0": {"label": 46, "event": "S", "reconc": 14, "tstamp": 0.009232322362955167, "transferred": 1, "dist": 0.04130436690784053, "_child0": {"label": 57, "event": "S", "reconc": 24, "tstamp": 0.0, "transferred": 0, "dist": 0.022935210195695232}, "_child1": {"label": 58, "event": "S", "reconc": 25, "tstamp": 0.0, "transferred": 0, "dist": 0.05179548038711015}}, "_child1": {"label": 45, "event": "S", "reconc": 20, "tstamp": 0.0, "transferred": 0, "dist": 0.05777895968500072}}, "_child1": {"label": 41, "event": "S", "reconc": 21, "tstamp": 0.04072160481618955, "transferred": 0, "dist": 0.016627221180769786, "_child0": {"label": 47, "event": "S", "reconc": 22, "tstamp": 0.0, "transferred": 0, "dist": 0.08142424531971866}, "_child1": {"label": 48, "event": "S", "reconc": 23, "tstamp": 0.0, "transferred": 0, "dist": 0.07523816212282708}}}, "_child2": {"label": 21, "event": "S", "reconc": 19, "tstamp": 0.0, "transferred": 0, "dist": 1.6288860115700448}}, "_child1": {"label": 29, "event": "S", "reconc": 8, "tstamp": 0.0, "transferred": 0, "dist": 1.0752437111178592}}}