{"label": 0, "event": null, "tstamp": 1.0, "dist": 0.0, "_child0": {"label": 1, "event": "S", "tstamp": 0.6985046056737076, "dist": 0.30149539432629235, "_child0": {"label": 2, "event": "S", "tstamp": 0.6869138131703529, "dist": 0.011590792503354708, "_child0": {"label": 7, "event": "S", "tstamp": 0.0, "dist": 0.6869138131703529}, "_child1": {"label": 6, "event": "S", "tstamp": 0.0, "dist": 0.6869138131703529}, "_child2": {"label": 5, "event": "S", "tstamp": 0.0, "dist": 0.6869138131703529}}, "_child1": {"label": 3, "event": "S", "tstamp": 0.4382320328624815, "dist": 0.2602725728112261, "_child0": {"label": 9, "event": "S", "tstamp": 0.4075177414553086, "dist": 0.03071429140717291, "_child0": {"label": 10, "event": "S", "tstamp": 0.3733893258028129, "dist": 0.03412841565249569, "_child0": {"label": 13, "event": "S", "tstamp": 0.2805108227890456, "dist": 0.09287850301376732, "_child0": {"label": 14, "event": "S", "tstamp": 0.2138256309020496, "dist": 0.06668519188699601, "_child0": {"label": 16, "event": "S", "tstamp": 0.0, "dist": 0.2138256309020496}, "_child1": {"label": 17, "event": "S", "tstamp": 0.0, "dist": 0.2138256309020496}}, "_child1": {"label": 15, "event": "S", "tstamp": 0.18723101120391444, "dist": 0.09327981158513116, "_child0": {"label": 18, "event": "S", "tstamp": 0.0, "dist": 0.18723101120391444}, "_child1": {"label": 19, "event": "S", "tstamp": 0.0, "dist": 0.18723101120391444}}}, "_child1": {"label": 12, "event": "S", "tstamp": 0.0, "dist": 0.3733893258028129}}, "_child1": {"label": 11, "event": "S", "tstamp": 0.1520250975273327, "dist": 0.2554926439279759, "_child0": {"label": 21, "event": "S", "tstamp": 0.15163294239458494, "dist": 0.00039215513274776237, "_child0": {"label": 22, "event": "S", "tstamp": 0.0, "dist": 0.15163294239458494}, "_child1": {"label": 23, "event": "S", "tstamp": 0.0, "dist": 0.15163294239458494}}, "_child1": {"label": 20, "event": "S", "tstamp": 0.07156336870719579, "dist": 0.08046172882013691, "_child0": {"label": 24, "event": "S", "tstamp": 0.0, "dist": 0.07156336870719579}, "_child1": {"label": 25, "event": "S", "tstamp": 0.0, "dist": 0.07156336870719579}}}}, "_child1": {"label": 8, "event": "S", "tstamp": 0.0, "dist": 0.4382320328624815}}}}