{"label": 1, "event": "S", "reconc": 1, "tstamp": 0.9591323592116584, "transferred": 0, "dist": 0.0, "_child0": {"label": 6, "event": "H", "reconc": [1, 9], "tstamp": 0.8521784958089554, "transferred": 0, "dist": 0.08024646967546242, "_child0": {"label": 8, "event": "S", "reconc": 9, "tstamp": 0.7175175928595405, "transferred": 0, "dist": 0.10103479875536238, "_child0": {"label": 10, "event": "S", "reconc": 10, "tstamp": 0.5907149011446887, "transferred": 0, "dist": 0.07827948459273178, "_child0": {"label": 20, "event": "D", "reconc": [10, 12], "tstamp": 0.3937649717179741, "transferred": 0, "dist": 0.12274378309873801, "_child0": {"label": 24, "event": "H", "reconc": [10, 12], "tstamp": 0.1341116947310242, "transferred": 0, "dist": 0.16318353269164693, "_child0": {"label": 35, "event": "S", "reconc": 16, "tstamp": 0.0, "transferred": 1, "dist": 0.10661395875721234}, "_child1": {"label": 34, "event": "S", "reconc": 12, "tstamp": 0.0, "transferred": 0, "dist": 0.08428478305926478}}, "_child1": {"label": 25, "event": "S", "reconc": 12, "tstamp": 0.0, "transferred": 0, "dist": 1.0201574610656579}}, "_child1": {"label": 14, "event": "S", "reconc": 13, "tstamp": 0.3312285210532141, "transferred": 0, "dist": 0.15226058156820066, "_child0": {"label": 29, "event": "H", "reconc": [13, 19], "tstamp": 0.162669861721944, "transferred": 0, "dist": 0.08126226526287898, "_child0": {"label": 30, "event": "S", "reconc": 19, "tstamp": 0.11707902084386887, "transferred": 0, "dist": 0.021979381063483284, "_child0": {"label": 36, "event": "S", "reconc": 24, "tstamp": 0.0, "transferred": 0, "dist": 0.04940210534279837}, "_child1": {"label": 37, "event": "S", "reconc": 25, "tstamp": 0.0, "transferred": 0, "dist": 0.047358674350733966}}, "_child1": {"label": 31, "event": "S", "reconc": 20, "tstamp": 0.0, "transferred": 1, "dist": 0.4116210192476444}}, "_child1": {"label": 27, "event": "D", "reconc": [13, 16], "tstamp": 0.02745137144324528, "transferred": 0, "dist": 0.14768220966895526, "_child0": {"label": 46, "event": "S", "reconc": 16, "tstamp": 0.0, "transferred": 0, "dist": 0.013345569929755774}, "_child1": {"label": 47, "event": "S", "reconc": 16, "tstamp": 0.0, "transferred": 0, "dist": 0.013345569929755774}}, "_child2": {"label": 26, "event": "S", "reconc": 17, "tstamp": 0.0, "transferred": 0, "dist": 0.16389942392801962}, "_child3": {"label": 28, "event": "S", "reconc": 18, "tstamp": 0.0, "transferred": 0, "dist": 0.2215771133511315}}}, "_child1": {"label": 11, "event": "D", "reconc": [9, 11], "tstamp": 0.49747166186035907, "transferred": 0, "dist": 0.10217127753626079, "_child0": {"label": 18, "event": "D", "reconc": [9, 11], "tstamp": 0.4361655697483057, "transferred": 0, "dist": 0.039084132047069786, "_child0": {"label": 23, "event": "D", "reconc": [9, 11], "tstamp": 0.0020005678514874482, "transferred": 0, "dist": 0.20515087734030818, "_child0": {"label": 48, "event": "S", "reconc": 11, "tstamp": 0.0, "transferred": 0, "dist": 0.002545652917616418}, "_child1": {"label": 49, "event": "S", "reconc": 11, "tstamp": 0.0, "transferred": 0, "dist": 0.0021306133428525414}}, "_child1": {"label": 22, "event": "S", "reconc": 11, "tstamp": 0.0, "transferred": 0, "dist": 0.25175311940537115}}, "_child1": {"label": 19, "event": "S", "reconc": 11, "tstamp": 0.0, "transferred": 0, "dist": 0.2309850266240492}}}, "_child1": {"label": 16, "event": "S", "reconc": 6, "tstamp": 0.0, "transferred": 1, "dist": 0.6914737007475038}}, "_child1": {"label": 2, "event": "H", "reconc": [1, 20], "tstamp": 0.5929171763573545, "transferred": 0, "dist": 0.2318282493112567, "_child0": {"label": 13, "event": "D", "reconc": [1, 2], "tstamp": 0.08943564101316238, "transferred": 1, "dist": 0.4851033839962648, "_child0": {"label": 42, "event": "S", "reconc": 2, "tstamp": 0.0, "transferred": 0, "dist": 0.12268207206939137}, "_child1": {"label": 43, "event": "S", "reconc": 2, "tstamp": 0.0, "transferred": 0, "dist": 0.07547262126920402}}, "_child1": {"label": 12, "event": "H", "reconc": [1, 20], "tstamp": 0.06709172016803494, "transferred": 0, "dist": 0.33286767086377306, "_child0": {"label": 44, "event": "S", "reconc": 20, "tstamp": 0.0, "transferred": 0, "dist": 0.04247163077349588}, "_child1": {"label": 45, "event": "S", "reconc": 8, "tstamp": 0.0, "transferred": 1, "dist": 0.13326871882207}}}, "_child2": {"label": 3, "event": "S", "reconc": 21, "tstamp": 0.15637806105801885, "transferred": 0, "dist": 1.1225963722165564, "_child0": {"label": 32, "event": "D", "reconc": [21, 22], "tstamp": 0.10546561776374426, "transferred": 0, "dist": 0.11724901724104934, "_child0": {"label": 40, "event": "S", "reconc": 22, "tstamp": 0.0, "transferred": 0, "dist": 0.40875663271189094}, "_child1": {"label": 41, "event": "S", "reconc": 22, "tstamp": 0.0, "transferred": 0, "dist": 0.2428824710698921}}, "_child1": {"label": 33, "event": "S", "reconc": 23, "tstamp": 0.0, "transferred": 0, "dist": 0.31126268673471424}}, "_child3": {"label": 38, "event": "S", "reconc": 8, "tstamp": 0.0, "transferred": 0, "dist": 0.7817533199409448}, "_child4": {"label": 4, "event": "S", "reconc": 6, "tstamp": 0.0, "transferred": 0, "dist": 0.7024391726886772}, "_child5": {"label": 7, "event": "S", "reconc": 2, "tstamp": 0.0, "transferred": 0, "dist": 0.6917300711886887}}