{"label": 1, "event": "S", "reconc": 1, "tstamp": 0.9035774987189122, "transferred": 0, "dist": 0.0, "_child0": {"label": 2, "event": "S", "reconc": 2, "tstamp": 0.8299898937366583, "transferred": 0, "dist": 0.07984851745207507, "_child0": {"label": 4, "event": "S", "reconc": 4, "tstamp": 0.8011667234114135, "transferred": 0, "dist": 0.02994683314242558, "_child0": {"label": 6, "event": "D", "reconc": [4, 6], "tstamp": 0.7418756983353865, "transferred": 0, "dist": 0.06297993289258921, "_child0": {"label": 13, "event": "S", "reconc": 6, "tstamp": 0.47732982811687835, "transferred": 0, "dist": 0.28100511219040786, "_child0": {"label": 29, "event": "D", "reconc": [6, 16], "tstamp": 0.19743812032475244, "transferred": 0, "dist": 0.2651632465974465, "_child0": {"label": 51, "event": "S", "reconc": 16, "tstamp": 0.0, "transferred": 0, "dist": 0.2989385597050087}, "_child1": {"label": 52, "event": "S", "reconc": 16, "tstamp": 0.0, "transferred": 0, "dist": 0.187048531735321}}, "_child1": {"label": 30, "event": "S", "reconc": 17, "tstamp": 0.0, "transferred": 0, "dist": 0.5123155901424297}}, "_child1": {"label": 31, "event": "S", "reconc": 16, "tstamp": 0.0, "transferred": 0, "dist": 0.7332168905231753}}, "_child1": {"label": 7, "event": "S", "reconc": 7, "tstamp": 0.0, "transferred": 0, "dist": 1.360090433477652}}, "_child1": {"label": 5, "event": "D", "reconc": [2, 5], "tstamp": 0.5901289917112871, "transferred": 0, "dist": 0.22422055529952375, "_child0": {"label": 24, "event": "H", "reconc": [2, 5], "tstamp": 0.2719448532317484, "transferred": 0, "dist": 0.297436654389953, "_child0": {"label": 47, "event": "D", "reconc": [2, 5], "tstamp": 0.1887524486154091, "transferred": 0, "dist": 0.0777677687454256, "_child0": {"label": 53, "event": "S", "reconc": 5, "tstamp": 0.0, "transferred": 0, "dist": 0.22194081693065432}, "_child1": {"label": 54, "event": "S", "reconc": 5, "tstamp": 0.0, "transferred": 0, "dist": 0.18041843791843154}}, "_child1": {"label": 48, "event": "S", "reconc": 7, "tstamp": 0.0, "transferred": 1, "dist": 0.6207555577308739}}, "_child1": {"label": 23, "event": "S", "reconc": 5, "tstamp": 0.0, "transferred": 0, "dist": 0.5516490978836426}}}, "_child1": {"label": 3, "event": "S", "reconc": 3, "tstamp": 0.7423580478099719, "transferred": 0, "dist": 0.1755557967901949, "_child0": {"label": 9, "event": "D", "reconc": [3, 11], "tstamp": 0.7038842481637283, "transferred": 0, "dist": 0.040288859015891285, "_child0": {"label": 15, "event": "S", "reconc": 11, "tstamp": 0.6648512979332697, "transferred": 0, "dist": 0.04087438836997704, "_child0": {"label": 26, "event": "S", "reconc": 15, "tstamp": 0.0, "transferred": 0, "dist": 0.81037743569929}, "_child1": {"label": 18, "event": "S", "reconc": 12, "tstamp": 0.44192361945288167, "transferred": 0, "dist": 0.22459388188708418, "_child0": {"label": 33, "event": "S", "reconc": 19, "tstamp": 0.4210558700349388, "transferred": 0, "dist": 0.020246838219948056, "_child0": {"label": 39, "event": "S", "reconc": 20, "tstamp": 0.0, "transferred": 0, "dist": 0.4079545314542087}, "_child1": {"label": 40, "event": "S", "reconc": 21, "tstamp": 0.0, "transferred": 0, "dist": 0.4536470935988797}}, "_child1": {"label": 34, "event": "D", "reconc": [12, 18], "tstamp": 0.26068156565055794, "transferred": 0, "dist": 0.16809632942697778, "_child0": {"label": 49, "event": "S", "reconc": 18, "tstamp": 0.0, "transferred": 0, "dist": 0.24177398907060227}, "_child1": {"label": 50, "event": "S", "reconc": 18, "tstamp": 0.0, "transferred": 0, "dist": 0.24177398907060227}}}}, "_child1": {"label": 16, "event": "S", "reconc": 11, "tstamp": 0.6648512979332697, "transferred": 0, "dist": 0.04087438836997704, "_child0": {"label": 28, "event": "S", "reconc": 15, "tstamp": 0.0, "transferred": 0, "dist": 0.81037743569929}, "_child1": {"label": 20, "event": "S", "reconc": 12, "tstamp": 0.44192361945288167, "transferred": 0, "dist": 0.22459388188708418, "_child0": {"label": 35, "event": "S", "reconc": 19, "tstamp": 0.4210558700349388, "transferred": 0, "dist": 0.020246838219948056, "_child0": {"label": 41, "event": "S", "reconc": 20, "tstamp": 0.0, "transferred": 0, "dist": 0.4079545314542087}, "_child1": {"label": 42, "event": "S", "reconc": 21, "tstamp": 0.0, "transferred": 0, "dist": 0.4536470935988797}}, "_child1": {"label": 36, "event": "S", "reconc": 18, "tstamp": 0.0, "transferred": 0, "dist": 0.40987031849758004}}}}, "_child1": {"label": 11, "event": "D", "reconc": [3, 25], "tstamp": 0.6005820308435367, "transferred": 0, "dist": 0.1680525088687569, "_child0": {"label": 22, "event": "D", "reconc": [3, 25], "tstamp": 0.34980814001549854, "transferred": 0, "dist": 1.26321608490784, "_child0": {"label": 43, "event": "D", "reconc": [3, 25], "tstamp": 0.3197676632601904, "transferred": 0, "dist": 0.03562527443512858, "_child0": {"label": 45, "event": "D", "reconc": [3, 25], "tstamp": 0.08809184563294599, "transferred": 0, "dist": 0.4283773357037519, "_child0": {"label": 55, "event": "S", "reconc": 25, "tstamp": 0.0, "transferred": 0, "dist": 0.1359116593419793}, "_child1": {"label": 56, "event": "S", "reconc": 25, "tstamp": 0.0, "transferred": 0, "dist": 0.15863854907811142}}, "_child1": {"label": 46, "event": "S", "reconc": 25, "tstamp": 0.0, "transferred": 0, "dist": 0.4270876994933717}}, "_child1": {"label": 44, "event": "S", "reconc": 25, "tstamp": 0.0, "transferred": 0, "dist": 1.1525214578699372}}, "_child1": {"label": 21, "event": "S", "reconc": 25, "tstamp": 0.0, "transferred": 0, "dist": 0.7118927391551984}}, "_child2": {"label": 38, "event": "S", "reconc": 10, "tstamp": 0.0, "transferred": 0, "dist": 0.9335766348102554}, "_child3": {"label": 10, "event": "S", "reconc": 22, "tstamp": 0.0, "transferred": 0, "dist": 0.7840729511407851}}}