{"label": 1, "event": "S", "reconc": 1, "tstamp": 0.7695878121768246, "transferred": 0, "dist": 0.0, "_child0": {"label": 5, "event": "D", "reconc": [3, 4], "tstamp": 0.6907844939433417, "transferred": 0, "dist": 0.09964114006373258, "_child0": {"label": 9, "event": "D", "reconc": [3, 4], "tstamp": 0.4969981299438555, "transferred": 0, "dist": 0.4396026233171253, "_child0": {"label": 11, "event": "D", "reconc": [3, 4], "tstamp": 0.23014255964435693, "transferred": 0, "dist": 0.8979151119403028, "_child0": {"label": 20, "event": "S", "reconc": 8, "tstamp": 0.0, "transferred": 0, "dist": 0.6664024899803487}, "_child1": {"label": 15, "event": "S", "reconc": 4, "tstamp": 0.1264161149121361, "transferred": 0, "dist": 0.6109323540179175, "_child0": {"label": 22, "event": "H", "reconc": [4, 8], "tstamp": 0.05446936035436964, "transferred": 0, "dist": 0.2920993899639627, "_child0": {"label": 26, "event": "S", "reconc": 8, "tstamp": 0.0, "transferred": 0, "dist": 0.2211422464993055}, "_child1": {"label": 27, "event": "S", "reconc": 2, "tstamp": 0.0, "transferred": 1, "dist": 0.0675034612231926}}, "_child1": {"label": 23, "event": "S", "reconc": 9, "tstamp": 0.0, "transferred": 0, "dist": 0.28075634849087094}}}, "_child1": {"label": 10, "event": "S", "reconc": 4, "tstamp": 0.1264161149121361, "transferred": 0, "dist": 0.7470040490398207, "_child0": {"label": 18, "event": "S", "reconc": 8, "tstamp": 0.0, "transferred": 0, "dist": 0.31340041029000093}, "_child1": {"label": 19, "event": "S", "reconc": 9, "tstamp": 0.0, "transferred": 0, "dist": 0.29164918316900734}}}, "_child1": {"label": 8, "event": "S", "reconc": 4, "tstamp": 0.1264161149121361, "transferred": 0, "dist": 0.89374302812732, "_child0": {"label": 16, "event": "S", "reconc": 8, "tstamp": 0.0, "transferred": 0, "dist": 0.3266479795391117}, "_child1": {"label": 17, "event": "S", "reconc": 9, "tstamp": 0.0, "transferred": 0, "dist": 0.4449373998409104}}}, "_child1": {"label": 25, "event": "H", "reconc": [4, 9], "tstamp": 0.037946833796757305, "transferred": 1, "dist": 1.066624900359089, "_child0": {"label": 29, "event": "S", "reconc": 7, "tstamp": 0.0, "transferred": 1, "dist": 0.06071360384370096}, "_child1": {"label": 28, "event": "S", "reconc": 9, "tstamp": 0.0, "transferred": 0, "dist": 0.052938131443556934}}}