{"label": 1, "event": "S", "reconc": 1, "tstamp": 0.6854689282271443, "transferred": 0, "dist": 0.0, "_child0": {"label": 2, "event": "D", "reconc": [1, 3], "tstamp": 0.5640611173614649, "transferred": 0, "dist": 0.2712413066137955, "_child0": {"label": 4, "event": "S", "reconc": 3, "tstamp": 0.5351584140397995, "transferred": 0, "dist": 0.06457250944350557, "_child0": {"label": 6, "event": "S", "reconc": 5, "tstamp": 0.4472380832139325, "transferred": 0, "dist": 0.1836454813922206, "_child0": {"label": 10, "event": "S", "reconc": 6, "tstamp": 0.27299180446715243, "transferred": 0, "dist": 0.40906354945923146, "_child0": {"label": 20, "event": "S", "reconc": 13, "tstamp": 0.2589921257113584, "transferred": 0, "dist": 0.03933115846916182, "_child0": {"label": 24, "event": "S", "reconc": 14, "tstamp": 0.0, "transferred": 0, "dist": 0.6566089322544277}, "_child1": {"label": 25, "event": "S", "reconc": 15, "tstamp": 0.0, "transferred": 0, "dist": 0.946992090746874}}, "_child1": {"label": 21, "event": "S", "reconc": 12, "tstamp": 0.0, "transferred": 0, "dist": 0.6650194137525364}}, "_child1": {"label": 11, "event": "S", "reconc": 7, "tstamp": 0.0, "transferred": 0, "dist": 0.8523899233288874}}, "_child1": {"label": 15, "event": "S", "reconc": 8, "tstamp": 0.0, "transferred": 0, "dist": 1.257285022466791}}, "_child1": {"label": 5, "event": "S", "reconc": 3, "tstamp": 0.5351584140397995, "transferred": 0, "dist": 0.07415545131324483, "_child0": {"label": 8, "event": "S", "reconc": 5, "tstamp": 0.4472380832139325, "transferred": 0, "dist": 0.5931406922655861, "_child0": {"label": 12, "event": "S", "reconc": 6, "tstamp": 0.27299180446715243, "transferred": 0, "dist": 0.4095797008420901, "_child0": {"label": 22, "event": "S", "reconc": 13, "tstamp": 0.2589921257113584, "transferred": 0, "dist": 0.0830517131662299, "_child0": {"label": 27, "event": "D", "reconc": [13, 15], "tstamp": 0.16587612198510218, "transferred": 0, "dist": 1.0301419800868956, "_child0": {"label": 30, "event": "S", "reconc": 15, "tstamp": 0.0, "transferred": 0, "dist": 0.6129574746063361}, "_child1": {"label": 31, "event": "S", "reconc": 15, "tstamp": 0.0, "transferred": 0, "dist": 2.5016809268128593}}, "_child1": {"label": 26, "event": "S", "reconc": 14, "tstamp": 0.0, "transferred": 0, "dist": 3.6229322907922903}}, "_child1": {"label": 23, "event": "S", "reconc": 12, "tstamp": 0.0, "transferred": 0, "dist": 1.659808177449434}}, "_child1": {"label": 13, "event": "H", "reconc": [5, 7], "tstamp": 0.22394727876139034, "transferred": 0, "dist": 0.6888679657897954, "_child0": {"label": 29, "event": "S", "reconc": 12, "tstamp": 0.0, "transferred": 1, "dist": 1.273167825351853}, "_child1": {"label": 28, "event": "S", "reconc": 7, "tstamp": 0.0, "transferred": 0, "dist": 0.6908932355846633}}}, "_child1": {"label": 16, "event": "S", "reconc": 9, "tstamp": 0.31132329876962067, "transferred": 0, "dist": 0.6249326511369739, "_child0": {"label": 19, "event": "D", "reconc": [9, 11], "tstamp": 0.10520715995709093, "transferred": 0, "dist": 0.4481674961955302, "_child0": {"label": 32, "event": "S", "reconc": 11, "tstamp": 0.0, "transferred": 0, "dist": 0.8155218562743025}, "_child1": {"label": 33, "event": "S", "reconc": 11, "tstamp": 0.0, "transferred": 0, "dist": 1.0839678993777224}}, "_child1": {"label": 18, "event": "S", "reconc": 10, "tstamp": 0.0, "transferred": 0, "dist": 0.8653265129069041}}}}, "_child1": {"label": 3, "event": "S", "reconc": 2, "tstamp": 0.0, "transferred": 0, "dist": 1.4129054374530643}}