{"label": 1, "event": "S", "reconc": 1, "tstamp": 0.8317522273280443, "transferred": 0, "dist": 0.0, "_child0": {"label": 3, "event": "D", "reconc": [1, 3], "tstamp": 0.8238112008425312, "transferred": 0, "dist": 0.007995999499942534, "_child0": {"label": 4, "event": "S", "reconc": 3, "tstamp": 0.0, "transferred": 0, "dist": 0.8295141644472579}, "_child1": {"label": 5, "event": "S", "reconc": 3, "tstamp": 0.0, "transferred": 0, "dist": 0.8295141644472579}}, "_child1": {"label": 2, "event": "S", "reconc": 2, "tstamp": 0.7223988570981418, "transferred": 0, "dist": 0.13241381716176825, "_child0": {"label": 6, "event": "S", "reconc": 5, "tstamp": 0.6852898356420627, "transferred": 0, "dist": 0.048991479354868236, "_child0": {"label": 8, "event": "S", "reconc": 7, "tstamp": 0.5706571376725451, "transferred": 0, "dist": 0.16863652353075692, "_child0": {"label": 10, "event": "S", "reconc": 9, "tstamp": 0.44370481867505895, "transferred": 0, "dist": 0.2063825199485409, "_child0": {"label": 14, "event": "S", "reconc": 11, "tstamp": 0.43151793524905546, "transferred": 0, "dist": 0.021383731490165113, "_child0": {"label": 16, "event": "S", "reconc": 13, "tstamp": 0.42170009246836265, "transferred": 0, "dist": 0.01730231773299193, "_child0": {"label": 20, "event": "D", "reconc": [13, 19], "tstamp": 0.3955396524726742, "transferred": 0, "dist": 0.04499866738806624, "_child0": {"label": 23, "event": "D", "reconc": [13, 19], "tstamp": 0.2910951761348678, "transferred": 0, "dist": 0.1796553212415501, "_child0": {"label": 26, "event": "S", "reconc": 19, "tstamp": 0.13694322595520234, "transferred": 0, "dist": 0.4977894677956498, "_child0": {"label": 34, "event": "S", "reconc": 20, "tstamp": 0.0, "transferred": 0, "dist": 0.3829930207214284}, "_child1": {"label": 35, "event": "S", "reconc": 21, "tstamp": 0.0, "transferred": 0, "dist": 0.3807942216505202}}, "_child1": {"label": 27, "event": "S", "reconc": 19, "tstamp": 0.13694322595520234, "transferred": 0, "dist": 0.3374435803197737, "_child0": {"label": 36, "event": "S", "reconc": 20, "tstamp": 0.0, "transferred": 0, "dist": 0.4404350308867313}, "_child1": {"label": 37, "event": "S", "reconc": 21, "tstamp": 0.0, "transferred": 0, "dist": 0.282784070138118}}}, "_child1": {"label": 22, "event": "S", "reconc": 19, "tstamp": 0.13694322595520234, "transferred": 0, "dist": 0.44481264789583264, "_child0": {"label": 41, "event": "S", "reconc": 21, "tstamp": 0.0, "transferred": 0, "dist": 0.4721722449297548}, "_child1": {"label": 32, "event": "S", "reconc": 20, "tstamp": 0.0, "transferred": 0, "dist": 0.253622453040242}}}, "_child1": {"label": 21, "event": "S", "reconc": 14, "tstamp": 0.03444181396017036, "transferred": 0, "dist": 0.6814998399569543, "_child0": {"label": 57, "event": "S", "reconc": 28, "tstamp": 0.0, "transferred": 0, "dist": 0.060494690357947196}, "_child1": {"label": 58, "event": "S", "reconc": 29, "tstamp": 0.0, "transferred": 0, "dist": 0.06064841413533657}}, "_child2": {"label": 18, "event": "S", "reconc": 16, "tstamp": 0.0, "transferred": 0, "dist": 0.7480110971067939}, "_child3": {"label": 19, "event": "S", "reconc": 18, "tstamp": 0.0, "transferred": 0, "dist": 0.7706700042179682}}, "_child1": {"label": 17, "event": "D", "reconc": [11, 12], "tstamp": 0.254967998559199, "transferred": 0, "dist": 0.3100441447101339, "_child0": {"label": 29, "event": "D", "reconc": [11, 12], "tstamp": 0.1385844377680292, "transferred": 0, "dist": 0.20438433590155627, "_child0": {"label": 30, "event": "S", "reconc": 12, "tstamp": 0.0, "transferred": 0, "dist": 0.2433718996648728}, "_child1": {"label": 31, "event": "S", "reconc": 12, "tstamp": 0.0, "transferred": 0, "dist": 0.2433718996648728}}, "_child1": {"label": 28, "event": "S", "reconc": 12, "tstamp": 0.0, "transferred": 0, "dist": 0.5734639487853191}}}, "_child1": {"label": 15, "event": "S", "reconc": 10, "tstamp": 0.0, "transferred": 0, "dist": 0.8108249250185722}}, "_child1": {"label": 11, "event": "S", "reconc": 8, "tstamp": 0.0, "transferred": 0, "dist": 0.6983576574003192}}, "_child1": {"label": 24, "event": "S", "reconc": 6, "tstamp": 0.0, "transferred": 0, "dist": 1.1532252714489308}}, "_child1": {"label": 7, "event": "D", "reconc": [2, 4], "tstamp": 0.5223237167417076, "transferred": 0, "dist": 0.20330302240034603, "_child0": {"label": 12, "event": "D", "reconc": [2, 4], "tstamp": 0.11180357666750768, "transferred": 0, "dist": 0.4171432047210572, "_child0": {"label": 38, "event": "S", "reconc": 4, "tstamp": 0.08145433653618386, "transferred": 0, "dist": 0.03083887501095827, "_child0": {"label": 44, "event": "S", "reconc": 23, "tstamp": 0.07257826584309256, "transferred": 0, "dist": 0.00773300275105253, "_child0": {"label": 51, "event": "S", "reconc": 27, "tstamp": 0.0, "transferred": 0, "dist": 0.06659274192176151}, "_child1": {"label": 52, "event": "S", "reconc": 26, "tstamp": 0.0, "transferred": 0, "dist": 0.0587989748631346}, "_child2": {"label": 53, "event": "S", "reconc": 24, "tstamp": 0.0, "transferred": 0, "dist": 0.06273012877683287}}, "_child1": {"label": 45, "event": "S", "reconc": 22, "tstamp": 0.0, "transferred": 0, "dist": 0.07200602149151453}}, "_child1": {"label": 39, "event": "S", "reconc": 4, "tstamp": 0.08145433653618386, "transferred": 0, "dist": 0.03083887501095827, "_child0": {"label": 46, "event": "S", "reconc": 23, "tstamp": 0.07257826584309256, "transferred": 0, "dist": 0.00773300275105253, "_child0": {"label": 54, "event": "S", "reconc": 27, "tstamp": 0.0, "transferred": 0, "dist": 0.06659274192176151}, "_child1": {"label": 55, "event": "S", "reconc": 26, "tstamp": 0.0, "transferred": 0, "dist": 0.0587989748631346}, "_child2": {"label": 56, "event": "S", "reconc": 24, "tstamp": 0.0, "transferred": 0, "dist": 0.06273012877683287}}, "_child1": {"label": 47, "event": "S", "reconc": 22, "tstamp": 0.0, "transferred": 0, "dist": 0.07200602149151453}}}, "_child1": {"label": 13, "event": "S", "reconc": 4, "tstamp": 0.08145433653618386, "transferred": 0, "dist": 0.4479820797320155, "_child0": {"label": 42, "event": "S", "reconc": 23, "tstamp": 0.07257826584309256, "transferred": 0, "dist": 0.00773300275105253, "_child0": {"label": 48, "event": "S", "reconc": 27, "tstamp": 0.0, "transferred": 0, "dist": 0.06659274192176151}, "_child1": {"label": 49, "event": "S", "reconc": 26, "tstamp": 0.0, "transferred": 0, "dist": 0.0587989748631346}, "_child2": {"label": 50, "event": "S", "reconc": 24, "tstamp": 0.0, "transferred": 0, "dist": 0.06273012877683287}}, "_child1": {"label": 43, "event": "S", "reconc": 22, "tstamp": 0.0, "transferred": 0, "dist": 0.07200602149151453}}}}}