{"label": 3, "event": "D", "reconc": [1, 2], "tstamp": 0.7427249977824872, "transferred": 0, "dist": 0.0, "_child0": {"label": 4, "event": "S", "reconc": 2, "tstamp": 0.35431329061048983, "transferred": 0, "dist": 0.3382161948132576, "_child0": {"label": 9, "event": "D", "reconc": [2, 9], "tstamp": 0.3437340477713706, "transferred": 0, "dist": 0.011511673123018125, "_child0": {"label": 12, "event": "S", "reconc": 9, "tstamp": 0.0, "transferred": 0, "dist": 0.37402998110263236}, "_child1": {"label": 13, "event": "S", "reconc": 9, "tstamp": 0.0, "transferred": 0, "dist": 0.37402998110263236}}, "_child1": {"label": 8, "event": "S", "reconc": 8, "tstamp": 0.27108864496261625, "transferred": 0, "dist": 0.06444253570017631, "_child0": {"label": 14, "event": "S", "reconc": 11, "tstamp": 0.26090602112267625, "transferred": 0, "dist": 0.007277203035320537, "_child0": {"label": 18, "event": "H", "reconc": [11, 15], "tstamp": 0.2367058398352017, "transferred": 0, "dist": 0.01706528273682922, "_child0": {"label": 24, "event": "D", "reconc": [11, 15], "tstamp": 0.038865485657872505, "transferred": 0, "dist": 0.1395114169057071, "_child0": {"label": 38, "event": "S", "reconc": 15, "tstamp": 0.0, "transferred": 0, "dist": 0.09049741912180892}, "_child1": {"label": 39, "event": "S", "reconc": 15, "tstamp": 0.0, "transferred": 0, "dist": 0.02980171272881258}}, "_child1": {"label": 25, "event": "S", "reconc": 14, "tstamp": 0.0, "transferred": 1, "dist": 0.3418430617221868}}, "_child1": {"label": 19, "event": "H", "reconc": [11, 14], "tstamp": 0.09531882868191285, "transferred": 0, "dist": 0.1344742726255776, "_child0": {"label": 31, "event": "S", "reconc": 10, "tstamp": 0.080254224802346, "transferred": 1, "dist": 0.011147986873071444, "_child0": {"label": 37, "event": "H", "reconc": [10, 17], "tstamp": 0.000300637382867501, "transferred": 0, "dist": 0.06665524200312706, "_child0": {"label": 43, "event": "S", "reconc": 18, "tstamp": 0.0, "transferred": 1, "dist": 0.000355063237266062}, "_child1": {"label": 42, "event": "S", "reconc": 17, "tstamp": 0.0, "transferred": 0, "dist": 0.00025063362579448285}}, "_child1": {"label": 36, "event": "S", "reconc": 16, "tstamp": 0.0, "transferred": 0, "dist": 0.3948123053971102}}, "_child1": {"label": 30, "event": "S", "reconc": 14, "tstamp": 0.0, "transferred": 0, "dist": 0.07740894670406177}}, "_child2": {"label": 20, "event": "S", "reconc": 12, "tstamp": 0.0, "transferred": 0, "dist": 0.20058580307203752}}, "_child1": {"label": 15, "event": "S", "reconc": 10, "tstamp": 0.080254224802346, "transferred": 0, "dist": 0.1358148534390092, "_child0": {"label": 32, "event": "S", "reconc": 16, "tstamp": 0.0, "transferred": 0, "dist": 0.06317747060351814}, "_child1": {"label": 33, "event": "S", "reconc": 17, "tstamp": 0.0, "transferred": 0, "dist": 0.06276203004479851}}}}, "_child1": {"label": 5, "event": "S", "reconc": 2, "tstamp": 0.35431329061048983, "transferred": 0, "dist": 0.3382161948132576, "_child0": {"label": 10, "event": "S", "reconc": 8, "tstamp": 0.27108864496261625, "transferred": 0, "dist": 0.06444253570017631, "_child0": {"label": 16, "event": "S", "reconc": 11, "tstamp": 0.26090602112267625, "transferred": 0, "dist": 0.007277203035320537, "_child0": {"label": 22, "event": "H", "reconc": [11, 14], "tstamp": 0.11293053857894525, "transferred": 0, "dist": 0.12017170584376956, "_child0": {"label": 27, "event": "S", "reconc": 15, "tstamp": 0.0, "transferred": 1, "dist": 0.08198199475050248}, "_child1": {"label": 26, "event": "S", "reconc": 14, "tstamp": 0.0, "transferred": 0, "dist": 0.09171151348586981}}, "_child1": {"label": 23, "event": "H", "reconc": [11, 12], "tstamp": 0.10401114251543489, "transferred": 0, "dist": 0.12062153678134531, "_child0": {"label": 29, "event": "S", "reconc": 15, "tstamp": 0.0, "transferred": 1, "dist": 0.07995485992007798}, "_child1": {"label": 28, "event": "S", "reconc": 12, "tstamp": 0.0, "transferred": 0, "dist": 0.07996426629069221}}}, "_child1": {"label": 17, "event": "S", "reconc": 10, "tstamp": 0.080254224802346, "transferred": 0, "dist": 0.1358148534390092, "_child0": {"label": 34, "event": "H", "reconc": [10, 16], "tstamp": 0.021126162458969637, "transferred": 0, "dist": 0.046546601499693877, "_child0": {"label": 41, "event": "S", "reconc": 4, "tstamp": 0.0, "transferred": 1, "dist": 0.01727255577043694}, "_child1": {"label": 40, "event": "S", "reconc": 16, "tstamp": 0.0, "transferred": 0, "dist": 0.01663086910382426}}, "_child1": {"label": 35, "event": "S", "reconc": 17, "tstamp": 0.0, "transferred": 0, "dist": 0.06276203004479851}}}, "_child1": {"label": 11, "event": "S", "reconc": 9, "tstamp": 0.0, "transferred": 0, "dist": 0.38554165422565045}}}