{"label": 0, "event": null, "tstamp": 1.0, "dist": 0.0, "_child0": {"label": 1, "event": "S", "tstamp": 0.5085228284180752, "dist": 0.49147717158192483, "_child0": {"label": 3, "event": "S", "tstamp": 0.332146069522591, "dist": 0.17637675889548415, "_child0": {"label": 5, "event": "S", "tstamp": 0.32016479909333323, "dist": 0.011981270429257784, "_child0": {"label": 6, "event": "S", "tstamp": 0.29301451946907453, "dist": 0.0271502796242587, "_child0": {"label": 9, "event": "S", "tstamp": 0.21676144739557252, "dist": 0.07625307207350202, "_child0": {"label": 11, "event": "S", "tstamp": 0.18907252332928276, "dist": 0.027688924066289755, "_child0": {"label": 12, "event": "S", "tstamp": 0.0, "dist": 0.18907252332928276}, "_child1": {"label": 13, "event": "S", "tstamp": 0.0, "dist": 0.18907252332928276}}, "_child1": {"label": 15, "event": "S", "tstamp": 0.0, "dist": 0.21676144739557252}, "_child2": {"label": 14, "event": "S", "tstamp": 0.0, "dist": 0.21676144739557252}}, "_child1": {"label": 8, "event": "S", "tstamp": 0.0, "dist": 0.29301451946907453}}, "_child1": {"label": 7, "event": "S", "tstamp": 0.12107865758099662, "dist": 0.1990861415123366, "_child0": {"label": 17, "event": "S", "tstamp": 0.1057466887592821, "dist": 0.015331968821714517, "_child0": {"label": 18, "event": "S", "tstamp": 0.0, "dist": 0.1057466887592821}, "_child1": {"label": 19, "event": "S", "tstamp": 0.0, "dist": 0.1057466887592821}}, "_child1": {"label": 16, "event": "S", "tstamp": 0.05559759856124024, "dist": 0.06548105901975637, "_child0": {"label": 24, "event": "S", "tstamp": 0.0, "dist": 0.05559759856124024}, "_child1": {"label": 25, "event": "S", "tstamp": 0.0, "dist": 0.05559759856124024}}}}, "_child1": {"label": 20, "event": "S", "tstamp": 0.0, "dist": 0.332146069522591}, "_child2": {"label": 21, "event": "S", "tstamp": 0.07018965950689848, "dist": 0.26195641001569253, "_child0": {"label": 22, "event": "S", "tstamp": 0.0, "dist": 0.07018965950689848}, "_child1": {"label": 23, "event": "S", "tstamp": 0.0, "dist": 0.07018965950689848}}}, "_child1": {"label": 2, "event": "S", "tstamp": 0.0, "dist": 0.5085228284180752}}}