{"label": 1, "event": "S", "reconc": 1, "tstamp": 0.562523203397005, "transferred": 0, "dist": 0.0, "_child0": {"label": 2, "event": "H", "reconc": [1, 4], "tstamp": 0.44460441978893767, "transferred": 0, "dist": 0.07791168985451576, "_child0": {"label": 6, "event": "S", "reconc": 5, "tstamp": 0.4354497602638588, "transferred": 1, "dist": 0.009110710332590907, "_child0": {"label": 11, "event": "S", "reconc": 11, "tstamp": 0.2023889651579982, "transferred": 0, "dist": 0.5924087908645629, "_child0": {"label": 25, "event": "S", "reconc": 13, "tstamp": 0.18650293631118317, "transferred": 0, "dist": 0.03477533558075179, "_child0": {"label": 29, "event": "S", "reconc": 14, "tstamp": 0.0, "transferred": 0, "dist": 0.21335168302996393}, "_child1": {"label": 30, "event": "S", "reconc": 15, "tstamp": 0.0, "transferred": 0, "dist": 1.0255805818051875}}, "_child1": {"label": 26, "event": "H", "reconc": [11, 12], "tstamp": 0.16353280325817887, "transferred": 0, "dist": 0.051436891181770576, "_child0": {"label": 31, "event": "S", "reconc": 12, "tstamp": 0.05978495434832829, "transferred": 0, "dist": 0.1373390101800964, "_child0": {"label": 37, "event": "S", "reconc": 16, "tstamp": 0.0, "transferred": 0, "dist": 0.10382455704921684}, "_child1": {"label": 38, "event": "S", "reconc": 17, "tstamp": 0.0, "transferred": 0, "dist": 0.15195828592940241}}, "_child1": {"label": 32, "event": "S", "reconc": 14, "tstamp": 0.0, "transferred": 1, "dist": 0.40967597332888256}}}, "_child1": {"label": 12, "event": "S", "reconc": 7, "tstamp": 0.00846814015650765, "transferred": 0, "dist": 0.5725929468259249, "_child0": {"label": 43, "event": "S", "reconc": 18, "tstamp": 0.0, "transferred": 0, "dist": 0.006595795795860729}, "_child1": {"label": 44, "event": "S", "reconc": 19, "tstamp": 0.0, "transferred": 0, "dist": 0.010967974298531117}}, "_child2": {"label": 10, "event": "S", "reconc": 10, "tstamp": 0.0, "transferred": 0, "dist": 1.2795999316702842}}, "_child1": {"label": 21, "event": "S", "reconc": 4, "tstamp": 0.0, "transferred": 0, "dist": 0.29376050704251644}}, "_child1": {"label": 3, "event": "S", "reconc": 5, "tstamp": 0.4354497602638588, "transferred": 0, "dist": 0.10354384647175181, "_child0": {"label": 8, "event": "S", "reconc": 11, "tstamp": 0.2023889651579982, "transferred": 0, "dist": 0.23087926729017078, "_child0": {"label": 23, "event": "S", "reconc": 13, "tstamp": 0.18650293631118317, "transferred": 0, "dist": 0.01760482932771799, "_child0": {"label": 27, "event": "S", "reconc": 14, "tstamp": 0.0, "transferred": 0, "dist": 0.1826496405827787}, "_child1": {"label": 28, "event": "S", "reconc": 15, "tstamp": 0.0, "transferred": 0, "dist": 0.22252855487777207}}, "_child1": {"label": 24, "event": "S", "reconc": 12, "tstamp": 0.05978495434832829, "transferred": 0, "dist": 0.14743284073684182, "_child0": {"label": 35, "event": "S", "reconc": 16, "tstamp": 0.0, "transferred": 0, "dist": 0.0616334059662463}, "_child1": {"label": 36, "event": "S", "reconc": 17, "tstamp": 0.0, "transferred": 0, "dist": 0.06315469524868678}}}, "_child1": {"label": 9, "event": "S", "reconc": 7, "tstamp": 0.00846814015650765, "transferred": 0, "dist": 0.3551764132067673, "_child0": {"label": 41, "event": "S", "reconc": 18, "tstamp": 0.0, "transferred": 0, "dist": 0.006595177867620522}, "_child1": {"label": 42, "event": "S", "reconc": 19, "tstamp": 0.0, "transferred": 0, "dist": 0.00643829799225366}}}, "_child2": {"label": 4, "event": "D", "reconc": [1, 2], "tstamp": 0.38459121098215204, "transferred": 0, "dist": 0.1341673691960389, "_child0": {"label": 13, "event": "S", "reconc": 2, "tstamp": 0.28654544541321614, "transferred": 0, "dist": 0.0739301698849387, "_child0": {"label": 19, "event": "D", "reconc": [2, 9], "tstamp": 0.01979400694066167, "transferred": 0, "dist": 0.19676145388982508, "_child0": {"label": 39, "event": "S", "reconc": 9, "tstamp": 0.0, "transferred": 0, "dist": 0.021049022069779242}, "_child1": {"label": 40, "event": "S", "reconc": 9, "tstamp": 0.0, "transferred": 0, "dist": 0.014600474532588496}}, "_child1": {"label": 33, "event": "S", "reconc": 8, "tstamp": 0.0, "transferred": 0, "dist": 0.20742201026335189}}, "_child1": {"label": 14, "event": "S", "reconc": 2, "tstamp": 0.28654544541321614, "transferred": 0, "dist": 0.13101706620981637, "_child0": {"label": 17, "event": "S", "reconc": 8, "tstamp": 0.0, "transferred": 0, "dist": 0.47738926289622485}, "_child1": {"label": 18, "event": "S", "reconc": 9, "tstamp": 0.0, "transferred": 0, "dist": 0.5697421921851906}}}}