{"label": 1, "event": "S", "reconc": 1, "tstamp": 0.8547906571581197, "transferred": 0, "dist": 0.0, "_child0": {"label": 5, "event": "H", "reconc": [1, 2], "tstamp": 0.39872450557998296, "transferred": 1, "dist": 0.6257581529376322, "_child0": {"label": 14, "event": "H", "reconc": [2, 5], "tstamp": 0.03290248320827251, "transferred": 0, "dist": 0.2809246849102533, "_child0": {"label": 29, "event": "S", "reconc": 4, "tstamp": 0.0, "transferred": 1, "dist": 0.017112885013872318}, "_child1": {"label": 28, "event": "S", "reconc": 5, "tstamp": 0.0, "transferred": 0, "dist": 0.02308398838542571}}, "_child1": {"label": 9, "event": "S", "reconc": 3, "tstamp": 0.23276863683012247, "transferred": 1, "dist": 0.18031698208964395, "_child0": {"label": 16, "event": "H", "reconc": [3, 7], "tstamp": 0.16521318182530567, "transferred": 0, "dist": 0.08773434940529451, "_child0": {"label": 22, "event": "S", "reconc": 7, "tstamp": 0.09296847557750766, "transferred": 0, "dist": 0.09382428554696642, "_child0": {"label": 26, "event": "S", "reconc": 8, "tstamp": 0.0, "transferred": 0, "dist": 0.12848822323044337}, "_child1": {"label": 27, "event": "S", "reconc": 9, "tstamp": 0.0, "transferred": 0, "dist": 0.13096748442316045}}, "_child1": {"label": 23, "event": "S", "reconc": 6, "tstamp": 0.0, "transferred": 1, "dist": 0.23731811805130792}}, "_child1": {"label": 17, "event": "S", "reconc": 6, "tstamp": 0.0, "transferred": 0, "dist": 0.3178474020092603}}}, "_child1": {"label": 11, "event": "H", "reconc": [2, 5], "tstamp": 0.21151350639562697, "transferred": 0, "dist": 0.41229614073680415, "_child0": {"label": 19, "event": "H", "reconc": [3, 7], "tstamp": 0.20511887023058717, "transferred": 1, "dist": 0.015907967467519064, "_child0": {"label": 20, "event": "S", "reconc": 7, "tstamp": 0.09296847557750766, "transferred": 0, "dist": 0.2789970818612648, "_child0": {"label": 24, "event": "S", "reconc": 8, "tstamp": 0.0, "transferred": 0, "dist": 0.12886177263966914}, "_child1": {"label": 25, "event": "S", "reconc": 9, "tstamp": 0.0, "transferred": 0, "dist": 0.1588924043114258}}, "_child1": {"label": 21, "event": "S", "reconc": 4, "tstamp": 0.0, "transferred": 1, "dist": 0.18136045224184988}}, "_child1": {"label": 18, "event": "S", "reconc": 5, "tstamp": 0.0, "transferred": 0, "dist": 0.0933919205209581}}}