{"label": 1, "event": "S", "reconc": 1, "tstamp": 0.9723467975755841, "transferred": 0, "dist": 0.0, "_child0": {"label": 6, "event": "S", "reconc": 3, "tstamp": 0.0, "transferred": 0, "dist": 0.6964566660175272}, "_child1": {"label": 4, "event": "H", "reconc": [1, 7], "tstamp": 0.5476949627307106, "transferred": 0, "dist": 0.5107553456100833, "_child0": {"label": 8, "event": "D", "reconc": [1, 7], "tstamp": 0.28693277384068056, "transferred": 0, "dist": 0.31363500868240035, "_child0": {"label": 11, "event": "D", "reconc": [1, 7], "tstamp": 0.2780599498059313, "transferred": 0, "dist": 0.022770585381094145, "_child0": {"label": 13, "event": "H", "reconc": [1, 7], "tstamp": 0.25455502406972447, "transferred": 0, "dist": 0.02961286272440116, "_child0": {"label": 14, "event": "S", "reconc": 7, "tstamp": 0.21464091223255835, "transferred": 0, "dist": 0.05028610291585373, "_child0": {"label": 20, "event": "S", "reconc": 9, "tstamp": 0.18053534191769402, "transferred": 0, "dist": 0.04935565927297403, "_child0": {"label": 27, "event": "D", "reconc": [9, 10], "tstamp": 0.14309742853885402, "transferred": 0, "dist": 0.07920888463243585, "_child0": {"label": 32, "event": "S", "reconc": 10, "tstamp": 0.0, "transferred": 0, "dist": 0.2948329907618136}, "_child1": {"label": 31, "event": "S", "reconc": 10, "tstamp": 0.0, "transferred": 0, "dist": 0.7899178359129008}}, "_child1": {"label": 26, "event": "S", "reconc": 11, "tstamp": 0.07570720559157704, "transferred": 0, "dist": 0.28296081682945956, "_child0": {"label": 34, "event": "S", "reconc": 12, "tstamp": 0.0, "transferred": 0, "dist": 0.1607836041597894}, "_child1": {"label": 35, "event": "S", "reconc": 13, "tstamp": 0.0, "transferred": 0, "dist": 0.16018276987793378}}}, "_child1": {"label": 21, "event": "S", "reconc": 8, "tstamp": 0.0, "transferred": 0, "dist": 0.37593502584363325}}, "_child1": {"label": 15, "event": "S", "reconc": 3, "tstamp": 0.0, "transferred": 1, "dist": 0.20284526753030804}}, "_child1": {"label": 16, "event": "S", "reconc": 7, "tstamp": 0.21464091223255835, "transferred": 0, "dist": 0.1728682148403326, "_child0": {"label": 28, "event": "S", "reconc": 11, "tstamp": 0.07570720559157704, "transferred": 0, "dist": 0.2635947236210015, "_child0": {"label": 36, "event": "S", "reconc": 12, "tstamp": 0.0, "transferred": 0, "dist": 0.1401035736830903}, "_child1": {"label": 37, "event": "S", "reconc": 13, "tstamp": 0.0, "transferred": 0, "dist": 0.247690063374488}}, "_child1": {"label": 23, "event": "S", "reconc": 8, "tstamp": 0.0, "transferred": 0, "dist": 0.3588118665856815}}}, "_child1": {"label": 10, "event": "S", "reconc": 7, "tstamp": 0.21464091223255835, "transferred": 0, "dist": 0.438743533626205, "_child0": {"label": 25, "event": "S", "reconc": 10, "tstamp": 0.0, "transferred": 0, "dist": 0.7724737094459856}, "_child1": {"label": 19, "event": "S", "reconc": 8, "tstamp": 0.0, "transferred": 0, "dist": 0.8488699377597061}}}, "_child1": {"label": 9, "event": "S", "reconc": 6, "tstamp": 0.07365701712474765, "transferred": 1, "dist": 0.5305884031670559, "_child0": {"label": 38, "event": "S", "reconc": 14, "tstamp": 0.0, "transferred": 0, "dist": 0.09051895529477731}, "_child1": {"label": 39, "event": "S", "reconc": 15, "tstamp": 0.0, "transferred": 0, "dist": 0.09006923734200635}}}, "_child2": {"label": 2, "event": "S", "reconc": 4, "tstamp": 0.0, "transferred": 0, "dist": 0.8288566501040989}}