{"label": 0, "event": null, "tstamp": 1.0, "dist": 0.0, "_child0": {"label": 1, "event": "S", "tstamp": 0.8489826860245969, "dist": 0.15101731397540308, "_child0": {"label": 2, "event": "S", "tstamp": 0.7157089254436911, "dist": 0.1332737605809058, "_child0": {"label": 4, "event": "S", "tstamp": 0.6747577869332081, "dist": 0.04095113851048304, "_child0": {"label": 6, "event": "S", "tstamp": 0.0, "dist": 0.6747577869332081}, "_child1": {"label": 7, "event": "S", "tstamp": 0.0, "dist": 0.6747577869332081}}, "_child1": {"label": 5, "event": "S", "tstamp": 0.6728712938938883, "dist": 0.0428376315498028, "_child0": {"label": 9, "event": "S", "tstamp": 0.5828918738370584, "dist": 0.0899794200568299, "_child0": {"label": 10, "event": "S", "tstamp": 0.0, "dist": 0.5828918738370584}, "_child1": {"label": 11, "event": "S", "tstamp": 0.0, "dist": 0.5828918738370584}}, "_child1": {"label": 8, "event": "S", "tstamp": 0.5430944630294736, "dist": 0.12977683086441472, "_child0": {"label": 13, "event": "S", "tstamp": 0.5173006772817281, "dist": 0.02579378574774549, "_child0": {"label": 14, "event": "S", "tstamp": 0.4945118362409005, "dist": 0.022788841040827623, "_child0": {"label": 17, "event": "S", "tstamp": 0.4599989822551094, "dist": 0.034512853985791125, "_child0": {"label": 18, "event": "S", "tstamp": 0.30762396895920185, "dist": 0.15237501329590752, "_child0": {"label": 21, "event": "S", "tstamp": 0.22747149654165505, "dist": 0.0801524724175468, "_child0": {"label": 24, "event": "S", "tstamp": 0.0, "dist": 0.22747149654165505}, "_child1": {"label": 25, "event": "S", "tstamp": 0.17525797105485402, "dist": 0.05221352548680103, "_child0": {"label": 26, "event": "S", "tstamp": 0.11233267692124262, "dist": 0.0629252941336114, "_child0": {"label": 28, "event": "S", "tstamp": 0.0, "dist": 0.11233267692124262}, "_child1": {"label": 29, "event": "S", "tstamp": 0.0, "dist": 0.11233267692124262}}, "_child1": {"label": 27, "event": "S", "tstamp": 0.0, "dist": 0.17525797105485402}}, "_child2": {"label": 22, "event": "S", "tstamp": 0.0, "dist": 0.22747149654165505}}, "_child1": {"label": 20, "event": "S", "tstamp": 0.0, "dist": 0.30762396895920185}}, "_child1": {"label": 19, "event": "S", "tstamp": 0.0, "dist": 0.4599989822551094}}, "_child1": {"label": 16, "event": "S", "tstamp": 0.0, "dist": 0.4945118362409005}}, "_child1": {"label": 15, "event": "S", "tstamp": 0.0, "dist": 0.5173006772817281}}, "_child1": {"label": 12, "event": "S", "tstamp": 0.0, "dist": 0.5430944630294736}}}}, "_child1": {"label": 3, "event": "S", "tstamp": 0.0, "dist": 0.8489826860245969}}}