{"label": 0, "event": null, "tstamp": 1.0, "dist": 0.0, "_child0": {"label": 1, "event": "S", "tstamp": 0.8864915995525247, "dist": 0.11350840044747534, "_child0": {"label": 3, "event": "S", "tstamp": 0.6287475751601604, "dist": 0.2577440243923642, "_child0": {"label": 5, "event": "S", "tstamp": 0.4043808970202675, "dist": 0.22436667813989292, "_child0": {"label": 7, "event": "S", "tstamp": 0.014188593338620131, "dist": 0.39019230368164737, "_child0": {"label": 8, "event": "S", "tstamp": 0.0, "dist": 0.014188593338620131}, "_child1": {"label": 9, "event": "S", "tstamp": 0.0, "dist": 0.014188593338620131}}, "_child1": {"label": 6, "event": "S", "tstamp": 0.0, "dist": 0.4043808970202675}}, "_child1": {"label": 4, "event": "S", "tstamp": 0.0, "dist": 0.6287475751601604}}, "_child1": {"label": 2, "event": "S", "tstamp": 0.0, "dist": 0.8864915995525247}}}