{"label": 1, "event": "S", "reconc": 1, "tstamp": 0.9059363818313306, "transferred": 0, "dist": 0.0, "_child0": {"label": 2, "event": "H", "reconc": [1, 2], "tstamp": 0.6676938617247739, "transferred": 0, "dist": 0.1897666583335618, "_child0": {"label": 4, "event": "S", "reconc": 2, "tstamp": 0.45957507781252377, "transferred": 0, "dist": 0.16577228171448227, "_child0": {"label": 7, "event": "H", "reconc": [2, 5], "tstamp": 0.21937633472146986, "transferred": 0, "dist": 0.13780202930650642, "_child0": {"label": 18, "event": "S", "reconc": 5, "tstamp": 0.0, "transferred": 0, "dist": 0.12585621272373707}, "_child1": {"label": 19, "event": "S", "reconc": 6, "tstamp": 0.0, "transferred": 1, "dist": 1.0754827536201133}}, "_child1": {"label": 6, "event": "H", "reconc": [2, 4], "tstamp": 0.21124002118354007, "transferred": 0, "dist": 0.13010159668413088, "_child0": {"label": 21, "event": "H", "reconc": [2, 5], "tstamp": 0.14335843818491892, "transferred": 1, "dist": 0.12056623284875324, "_child0": {"label": 24, "event": "S", "reconc": 5, "tstamp": 0.0, "transferred": 0, "dist": 0.2546226248051348}, "_child1": {"label": 25, "event": "S", "reconc": 6, "tstamp": 0.0, "transferred": 1, "dist": 0.2062451317961646}}, "_child1": {"label": 20, "event": "S", "reconc": 4, "tstamp": 0.0, "transferred": 0, "dist": 0.11066767782459205}}}, "_child1": {"label": 5, "event": "H", "reconc": [1, 3], "tstamp": 0.3672877987655998, "transferred": 1, "dist": 0.6713617484891613, "_child0": {"label": 10, "event": "S", "reconc": 5, "tstamp": 0.0, "transferred": 1, "dist": 0.6094165289539536}, "_child1": {"label": 14, "event": "S", "reconc": 7, "tstamp": 0.23666254129387262, "transferred": 0, "dist": 0.2287635429730437, "_child0": {"label": 17, "event": "D", "reconc": [7, 9], "tstamp": 0.18983730202688953, "transferred": 0, "dist": 0.04376793005443033, "_child0": {"label": 22, "event": "S", "reconc": 9, "tstamp": 0.0, "transferred": 0, "dist": 0.1774424623750565}, "_child1": {"label": 23, "event": "S", "reconc": 9, "tstamp": 0.0, "transferred": 0, "dist": 0.1774424623750565}}, "_child1": {"label": 16, "event": "S", "reconc": 8, "tstamp": 0.0, "transferred": 0, "dist": 0.2743027342668881}}}}, "_child1": {"label": 13, "event": "S", "reconc": 6, "tstamp": 0.0, "transferred": 0, "dist": 0.9861749834515829}}