{"label": 0, "event": null, "tstamp": 1.0, "dist": 0.0, "_child0": {"label": 1, "event": "S", "tstamp": 0.8209429735990575, "dist": 0.17905702640094245, "_child0": {"label": 3, "event": "S", "tstamp": 0.7633328392543425, "dist": 0.05761013434471507, "_child0": {"label": 7, "event": "S", "tstamp": 0.0, "dist": 0.7633328392543425}, "_child1": {"label": 6, "event": "S", "tstamp": 0.0, "dist": 0.7633328392543425}, "_child2": {"label": 4, "event": "S", "tstamp": 0.13559113409773513, "dist": 0.6277417051566073, "_child0": {"label": 21, "event": "S", "tstamp": 0.10057770993235239, "dist": 0.03501342416538274, "_child0": {"label": 22, "event": "S", "tstamp": 0.0, "dist": 0.10057770993235239}, "_child1": {"label": 23, "event": "S", "tstamp": 0.0, "dist": 0.10057770993235239}}, "_child1": {"label": 20, "event": "S", "tstamp": 0.0, "dist": 0.13559113409773513}}}, "_child1": {"label": 2, "event": "S", "tstamp": 0.6002979563414282, "dist": 0.2206450172576293, "_child0": {"label": 16, "event": "S", "tstamp": 0.0, "dist": 0.6002979563414282}, "_child1": {"label": 17, "event": "S", "tstamp": 0.15404567553037266, "dist": 0.4462522808110556, "_child0": {"label": 19, "event": "S", "tstamp": 0.09612805587161345, "dist": 0.057917619658759203, "_child0": {"label": 24, "event": "S", "tstamp": 0.0, "dist": 0.09612805587161345}, "_child1": {"label": 25, "event": "S", "tstamp": 0.0, "dist": 0.09612805587161345}}, "_child1": {"label": 18, "event": "S", "tstamp": 0.0, "dist": 0.15404567553037266}}, "_child2": {"label": 13, "event": "S", "tstamp": 0.0, "dist": 0.6002979563414282}, "_child3": {"label": 12, "event": "S", "tstamp": 0.0, "dist": 0.6002979563414282}, "_child4": {"label": 8, "event": "S", "tstamp": 0.24345910377305388, "dist": 0.35683885256837433, "_child0": {"label": 14, "event": "S", "tstamp": 0.0, "dist": 0.24345910377305388}, "_child1": {"label": 15, "event": "S", "tstamp": 0.0, "dist": 0.24345910377305388}}}}}