{"label": 1, "event": "S", "reconc": 1, "tstamp": 0.683130588345312, "transferred": 0, "dist": 0.0, "_child0": {"label": 3, "event": "H", "reconc": [1, 5], "tstamp": 0.6259792145209911, "transferred": 0, "dist": 0.07129909389844898, "_child0": {"label": 8, "event": "S", "reconc": 7, "tstamp": 0.0, "transferred": 0, "dist": 0.644571195282387}, "_child1": {"label": 6, "event": "S", "reconc": 2, "tstamp": 0.0, "transferred": 1, "dist": 2.4315918815531576}}, "_child1": {"label": 2, "event": "S", "reconc": 4, "tstamp": 0.5398006509123977, "transferred": 0, "dist": 0.183179351696031, "_child0": {"label": 9, "event": "H", "reconc": [4, 8], "tstamp": 0.464944246033384, "transferred": 0, "dist": 0.1072560879065591, "_child0": {"label": 11, "event": "H", "reconc": [4, 8], "tstamp": 0.2776149668320297, "transferred": 0, "dist": 0.2684099733345029, "_child0": {"label": 13, "event": "H", "reconc": [4, 8], "tstamp": 0.07328209866210696, "transferred": 0, "dist": 0.29277313151832673, "_child0": {"label": 15, "event": "S", "reconc": 8, "tstamp": 0.0, "transferred": 0, "dist": 0.10500038345127168}, "_child1": {"label": 16, "event": "S", "reconc": 2, "tstamp": 0.0, "transferred": 1, "dist": 0.07134801438370474}}, "_child1": {"label": 14, "event": "H", "reconc": [4, 9], "tstamp": 0.03940454674127456, "transferred": 1, "dist": 1.0798313347025086, "_child0": {"label": 17, "event": "S", "reconc": 9, "tstamp": 0.0, "transferred": 0, "dist": 0.17862469779771506}, "_child1": {"label": 18, "event": "S", "reconc": 7, "tstamp": 0.0, "transferred": 1, "dist": 0.0982052911362604}}}, "_child1": {"label": 12, "event": "S", "reconc": 7, "tstamp": 0.0, "transferred": 1, "dist": 1.7175155248961114}}, "_child1": {"label": 10, "event": "H", "reconc": [4, 9], "tstamp": 0.03887627040227453, "transferred": 0, "dist": 0.7275681854939128, "_child0": {"label": 20, "event": "S", "reconc": 8, "tstamp": 0.0, "transferred": 1, "dist": 0.05579456244785903}, "_child1": {"label": 19, "event": "S", "reconc": 9, "tstamp": 0.0, "transferred": 0, "dist": 0.056465883107045076}}}, "_child2": {"label": 4, "event": "S", "reconc": 2, "tstamp": 0.0, "transferred": 0, "dist": 0.6611463187068093}}