{"label": 0, "event": null, "tstamp": 1.0, "dist": 0.0, "_child0": {"label": 1, "event": "S", "tstamp": 0.5124221960722667, "dist": 0.4875778039277333, "_child0": {"label": 3, "event": "S", "tstamp": 0.48625160113908866, "dist": 0.026170594933178026, "_child0": {"label": 5, "event": "S", "tstamp": 0.37686774640345044, "dist": 0.10938385473563822, "_child0": {"label": 6, "event": "S", "tstamp": 0.32191039011251765, "dist": 0.05495735629093279, "_child0": {"label": 9, "event": "S", "tstamp": 0.3200579603029254, "dist": 0.0018524298095922709, "_child0": {"label": 11, "event": "S", "tstamp": 0.2705735259297259, "dist": 0.04948443437319949, "_child0": {"label": 12, "event": "S", "tstamp": 0.0, "dist": 0.2705735259297259}, "_child1": {"label": 13, "event": "S", "tstamp": 0.0, "dist": 0.2705735259297259}}, "_child1": {"label": 10, "event": "S", "tstamp": 0.24750476846322597, "dist": 0.07255319183969941, "_child0": {"label": 14, "event": "S", "tstamp": 0.010771648260838889, "dist": 0.23673312020238707, "_child0": {"label": 23, "event": "S", "tstamp": 0.0012620074401166249, "dist": 0.009509640820722264, "_child0": {"label": 24, "event": "S", "tstamp": 0.0, "dist": 0.0012620074401166249}, "_child1": {"label": 25, "event": "S", "tstamp": 0.0, "dist": 0.0012620074401166249}}, "_child1": {"label": 22, "event": "S", "tstamp": 0.0, "dist": 0.010771648260838889}}, "_child1": {"label": 15, "event": "S", "tstamp": 0.0, "dist": 0.24750476846322597}}}, "_child1": {"label": 8, "event": "S", "tstamp": 0.0, "dist": 0.32191039011251765}}, "_child1": {"label": 7, "event": "S", "tstamp": 0.09379485901553941, "dist": 0.28307288738791103, "_child0": {"label": 19, "event": "S", "tstamp": 0.07730755902099849, "dist": 0.01648729999454092, "_child0": {"label": 20, "event": "S", "tstamp": 0.0, "dist": 0.07730755902099849}, "_child1": {"label": 21, "event": "S", "tstamp": 0.0, "dist": 0.07730755902099849}}, "_child1": {"label": 18, "event": "S", "tstamp": 0.0, "dist": 0.09379485901553941}}}, "_child1": {"label": 4, "event": "S", "tstamp": 0.0, "dist": 0.48625160113908866}}, "_child1": {"label": 2, "event": "S", "tstamp": 0.12917842823283912, "dist": 0.3832437678394276, "_child0": {"label": 16, "event": "S", "tstamp": 0.0, "dist": 0.12917842823283912}, "_child1": {"label": 17, "event": "S", "tstamp": 0.0, "dist": 0.12917842823283912}}}}