{"label": 0, "event": null, "tstamp": 1.0, "dist": 0.0, "_child0": {"label": 1, "event": "S", "tstamp": 0.6976093026544231, "dist": 0.3023906973455769, "_child0": {"label": 3, "event": "S", "tstamp": 0.4097077899293117, "dist": 0.2879015127251114, "_child0": {"label": 7, "event": "S", "tstamp": 0.0, "dist": 0.4097077899293117}, "_child1": {"label": 6, "event": "S", "tstamp": 0.051374392706441556, "dist": 0.35833339722287016, "_child0": {"label": 8, "event": "S", "tstamp": 0.0, "dist": 0.051374392706441556}, "_child1": {"label": 9, "event": "S", "tstamp": 0.0, "dist": 0.051374392706441556}}, "_child2": {"label": 4, "event": "S", "tstamp": 0.0, "dist": 0.4097077899293117}}, "_child1": {"label": 2, "event": "S", "tstamp": 0.0, "dist": 0.6976093026544231}}}