{"label": 1, "event": "S", "reconc": 1, "tstamp": 0.5600930011220039, "transferred": 0, "dist": 0.0, "_child0": {"label": 9, "event": "S", "reconc": 4, "tstamp": 0.0, "transferred": 0, "dist": 0.5708674516040773}, "_child1": {"label": 4, "event": "D", "reconc": [1, 7], "tstamp": 0.5107940384198174, "transferred": 0, "dist": 0.056889058147997655, "_child0": {"label": 7, "event": "H", "reconc": [1, 7], "tstamp": 0.3709098282371261, "transferred": 0, "dist": 0.16236016335719075, "_child0": {"label": 11, "event": "S", "reconc": 7, "tstamp": 0.307307063514736, "transferred": 0, "dist": 0.07382216518082743, "_child0": {"label": 15, "event": "D", "reconc": [7, 8], "tstamp": 0.17231791218702971, "transferred": 0, "dist": 0.3031650421909108, "_child0": {"label": 19, "event": "H", "reconc": [7, 8], "tstamp": 0.10218090903296018, "transferred": 0, "dist": 0.07019989000448086, "_child0": {"label": 22, "event": "S", "reconc": 4, "tstamp": 0.0, "transferred": 1, "dist": 0.13741917383014998}, "_child1": {"label": 21, "event": "S", "reconc": 8, "tstamp": 0.0, "transferred": 0, "dist": 0.10227252736924883}}, "_child1": {"label": 20, "event": "S", "reconc": 8, "tstamp": 0.0, "transferred": 0, "dist": 0.1814373874988504}}, "_child1": {"label": 16, "event": "S", "reconc": 9, "tstamp": 0.0, "transferred": 0, "dist": 0.41664825322092586}}, "_child1": {"label": 12, "event": "H", "reconc": [2, 5], "tstamp": 0.23798747582962193, "transferred": 1, "dist": 0.12374615804336406, "_child0": {"label": 18, "event": "H", "reconc": [1, 6], "tstamp": 0.07952925218221737, "transferred": 1, "dist": 0.40697892931708796, "_child0": {"label": 23, "event": "S", "reconc": 6, "tstamp": 0.0, "transferred": 0, "dist": 0.09373814949198066}, "_child1": {"label": 24, "event": "S", "reconc": 9, "tstamp": 0.0, "transferred": 1, "dist": 0.19308070428873475}}, "_child1": {"label": 17, "event": "S", "reconc": 5, "tstamp": 0.0, "transferred": 0, "dist": 0.2204736377443496}}}, "_child1": {"label": 8, "event": "S", "reconc": 7, "tstamp": 0.307307063514736, "transferred": 0, "dist": 0.23481594161862343, "_child0": {"label": 13, "event": "S", "reconc": 8, "tstamp": 0.0, "transferred": 0, "dist": 0.2949942233436445}, "_child1": {"label": 14, "event": "S", "reconc": 9, "tstamp": 0.0, "transferred": 0, "dist": 0.31250013810371374}}}}