{"label": 1, "event": "S", "reconc": 1, "tstamp": 0.7857857416247092, "transferred": 0, "dist": 0.0, "_child0": {"label": 9, "event": "S", "reconc": 7, "tstamp": 0.0, "transferred": 0, "dist": 1.0030038394690723}, "_child1": {"label": 3, "event": "D", "reconc": [1, 3], "tstamp": 0.6585236126109165, "transferred": 0, "dist": 0.13895071610824847, "_child0": {"label": 6, "event": "S", "reconc": 3, "tstamp": 0.38143880229447624, "transferred": 0, "dist": 0.3025340933280696, "_child0": {"label": 12, "event": "S", "reconc": 8, "tstamp": 0.12374414523715097, "transferred": 0, "dist": 0.26273883780439516, "_child0": {"label": 20, "event": "S", "reconc": 15, "tstamp": 0.0, "transferred": 0, "dist": 0.12391022344553031}, "_child1": {"label": 21, "event": "S", "reconc": 14, "tstamp": 0.0, "transferred": 0, "dist": 0.13011494019779463}, "_child2": {"label": 22, "event": "S", "reconc": 12, "tstamp": 0.0, "transferred": 0, "dist": 0.10671128570429751}}, "_child1": {"label": 10, "event": "S", "reconc": 11, "tstamp": 0.0, "transferred": 0, "dist": 0.38821014148779814}, "_child2": {"label": 11, "event": "S", "reconc": 10, "tstamp": 0.0, "transferred": 0, "dist": 0.40915514866345293}}, "_child1": {"label": 7, "event": "S", "reconc": 3, "tstamp": 0.38143880229447624, "transferred": 0, "dist": 0.3025340933280696, "_child0": {"label": 13, "event": "H", "reconc": [3, 11], "tstamp": 0.3097124409928893, "transferred": 0, "dist": 0.07299965473307388, "_child0": {"label": 17, "event": "H", "reconc": [3, 10], "tstamp": 0.15967290992912023, "transferred": 1, "dist": 0.3826540047839693, "_child0": {"label": 27, "event": "S", "reconc": 7, "tstamp": 0.0, "transferred": 1, "dist": 0.18492716938583093}, "_child1": {"label": 18, "event": "S", "reconc": 10, "tstamp": 0.0, "transferred": 0, "dist": 0.407222536665485}}, "_child1": {"label": 16, "event": "D", "reconc": [3, 11], "tstamp": 0.04507422806008158, "transferred": 0, "dist": 0.2693360965579224, "_child0": {"label": 28, "event": "D", "reconc": [3, 11], "tstamp": 0.03617021169543742, "transferred": 0, "dist": 0.009062081340271231, "_child0": {"label": 30, "event": "S", "reconc": 11, "tstamp": 0.0, "transferred": 0, "dist": 0.03681230885653059}, "_child1": {"label": 31, "event": "S", "reconc": 11, "tstamp": 0.0, "transferred": 0, "dist": 0.06023584084281263}}, "_child1": {"label": 29, "event": "S", "reconc": 11, "tstamp": 0.0, "transferred": 0, "dist": 0.045874390196801826}}}, "_child1": {"label": 15, "event": "S", "reconc": 8, "tstamp": 0.12374414523715097, "transferred": 0, "dist": 0.26273883780439516, "_child0": {"label": 23, "event": "S", "reconc": 15, "tstamp": 0.0, "transferred": 0, "dist": 0.12391022344553031}, "_child1": {"label": 24, "event": "S", "reconc": 14, "tstamp": 0.0, "transferred": 0, "dist": 0.13011494019779463}, "_child2": {"label": 25, "event": "S", "reconc": 12, "tstamp": 0.0, "transferred": 0, "dist": 0.10671128570429751}}, "_child2": {"label": 14, "event": "S", "reconc": 10, "tstamp": 0.0, "transferred": 0, "dist": 0.40915514866345293}}}}