{"label": 0, "event": null, "tstamp": 1.0, "dist": 0.0, "_child0": {"label": 1, "event": "S", "tstamp": 0.8136052627478663, "dist": 0.18639473725213374, "_child0": {"label": 3, "event": "S", "tstamp": 0.510587186721021, "dist": 0.3030180760268453, "_child0": {"label": 7, "event": "S", "tstamp": 0.0, "dist": 0.510587186721021}, "_child1": {"label": 6, "event": "S", "tstamp": 0.0, "dist": 0.510587186721021}, "_child2": {"label": 4, "event": "S", "tstamp": 0.3605623369085588, "dist": 0.15002484981246217, "_child0": {"label": 11, "event": "S", "tstamp": 0.0, "dist": 0.3605623369085588}, "_child1": {"label": 10, "event": "S", "tstamp": 0.0, "dist": 0.3605623369085588}, "_child2": {"label": 12, "event": "S", "tstamp": 0.2803539379810355, "dist": 0.08020839892752335, "_child0": {"label": 17, "event": "S", "tstamp": 0.14009116952771922, "dist": 0.14026276845331626, "_child0": {"label": 18, "event": "S", "tstamp": 0.0, "dist": 0.14009116952771922}, "_child1": {"label": 19, "event": "S", "tstamp": 0.0, "dist": 0.14009116952771922}}, "_child1": {"label": 16, "event": "S", "tstamp": 0.0, "dist": 0.2803539379810355}}, "_child3": {"label": 13, "event": "S", "tstamp": 0.3221703125228812, "dist": 0.038392024385677626, "_child0": {"label": 14, "event": "S", "tstamp": 0.120734372712528, "dist": 0.20143593981035318, "_child0": {"label": 23, "event": "S", "tstamp": 0.0, "dist": 0.120734372712528}, "_child1": {"label": 25, "event": "S", "tstamp": 0.0, "dist": 0.120734372712528}, "_child2": {"label": 24, "event": "S", "tstamp": 0.0, "dist": 0.120734372712528}, "_child3": {"label": 20, "event": "S", "tstamp": 0.0, "dist": 0.120734372712528}}, "_child1": {"label": 15, "event": "S", "tstamp": 0.0, "dist": 0.3221703125228812}}}}, "_child1": {"label": 2, "event": "S", "tstamp": 0.0, "dist": 0.8136052627478663}}}