{"label": 2, "event": "S", "reconc": 3, "tstamp": 0.6953720422431416, "transferred": 0, "dist": 0.0, "_child0": {"label": 4, "event": "S", "reconc": 5, "tstamp": 0.6446183870059929, "transferred": 0, "dist": 0.035252319397094334, "_child0": {"label": 6, "event": "D", "reconc": [5, 6], "tstamp": 0.5924018997998475, "transferred": 0, "dist": 0.034440879480722005, "_child0": {"label": 10, "event": "S", "reconc": 6, "tstamp": 0.4123375326832859, "transferred": 0, "dist": 0.2766306611091833, "_child0": {"label": 12, "event": "S", "reconc": 9, "tstamp": 0.3459075216316224, "transferred": 0, "dist": 0.045258180711063654, "_child0": {"label": 16, "event": "S", "reconc": 10, "tstamp": 0.3242656094688839, "transferred": 0, "dist": 0.018208412981179135, "_child0": {"label": 22, "event": "S", "reconc": 13, "tstamp": 0.2568589368086265, "transferred": 0, "dist": 0.05471046324834316, "_child0": {"label": 26, "event": "S", "reconc": 14, "tstamp": 0.0, "transferred": 0, "dist": 0.505482344937715}, "_child1": {"label": 27, "event": "S", "reconc": 15, "tstamp": 0.0, "transferred": 0, "dist": 0.44786410546280686}}, "_child1": {"label": 23, "event": "S", "reconc": 12, "tstamp": 0.0, "transferred": 0, "dist": 0.2504686812484598}}, "_child1": {"label": 17, "event": "S", "reconc": 11, "tstamp": 0.0, "transferred": 0, "dist": 0.3952331794516284}}, "_child1": {"label": 13, "event": "S", "reconc": 8, "tstamp": 0.0, "transferred": 0, "dist": 0.24677681551959801}}, "_child1": {"label": 14, "event": "S", "reconc": 9, "tstamp": 0.3459075216316224, "transferred": 0, "dist": 0.1630843394437942, "_child0": {"label": 19, "event": "H", "reconc": [9, 11], "tstamp": 0.3378175154033758, "transferred": 0, "dist": 0.004861461771580186, "_child0": {"label": 21, "event": "D", "reconc": [3, 4], "tstamp": 0.11097805462776619, "transferred": 1, "dist": 0.1899364134940071, "_child0": {"label": 32, "event": "S", "reconc": 4, "tstamp": 0.0, "transferred": 0, "dist": 0.09266127280869572}, "_child1": {"label": 33, "event": "S", "reconc": 4, "tstamp": 0.0, "transferred": 0, "dist": 0.11686500939219423}}, "_child1": {"label": 20, "event": "S", "reconc": 11, "tstamp": 0.0, "transferred": 0, "dist": 0.20300193727534993}}, "_child1": {"label": 18, "event": "S", "reconc": 10, "tstamp": 0.3242656094688839, "transferred": 0, "dist": 0.014910266773776886, "_child0": {"label": 24, "event": "S", "reconc": 13, "tstamp": 0.2568589368086265, "transferred": 0, "dist": 0.053808389247355724, "_child0": {"label": 29, "event": "D", "reconc": [13, 15], "tstamp": 0.06610041088243893, "transferred": 0, "dist": 0.14689495798737415, "_child0": {"label": 34, "event": "S", "reconc": 15, "tstamp": 0.0, "transferred": 0, "dist": 0.05968737975811977}, "_child1": {"label": 35, "event": "S", "reconc": 15, "tstamp": 0.0, "transferred": 0, "dist": 0.08835298435222146}}, "_child1": {"label": 28, "event": "S", "reconc": 14, "tstamp": 0.0, "transferred": 0, "dist": 0.28158465698062296}}, "_child1": {"label": 25, "event": "H", "reconc": [10, 12], "tstamp": 0.15077931767408725, "transferred": 0, "dist": 0.13387340735738001, "_child0": {"label": 31, "event": "S", "reconc": 15, "tstamp": 0.0, "transferred": 1, "dist": 0.12562602205644707}, "_child1": {"label": 30, "event": "S", "reconc": 12, "tstamp": 0.0, "transferred": 0, "dist": 0.11635121603686446}}}}}, "_child1": {"label": 7, "event": "S", "reconc": 7, "tstamp": 0.0, "transferred": 0, "dist": 0.311801324289671}}, "_child1": {"label": 9, "event": "S", "reconc": 4, "tstamp": 0.0, "transferred": 0, "dist": 0.5794699252333478}}