{"label": 0, "event": null, "tstamp": 1.0, "dist": 0.0, "_child0": {"label": 1, "event": "S", "tstamp": 0.9961851186342708, "dist": 0.0038148813657291614, "_child0": {"label": 2, "event": "S", "tstamp": 0.955251228468553, "dist": 0.0409338901657178, "_child0": {"label": 4, "event": "S", "tstamp": 0.8808038732534855, "dist": 0.07444735521506751, "_child0": {"label": 7, "event": "S", "tstamp": 0.3357525494687279, "dist": 0.5450513237847576, "_child0": {"label": 8, "event": "S", "tstamp": 0.0, "dist": 0.3357525494687279}, "_child1": {"label": 9, "event": "S", "tstamp": 0.0, "dist": 0.3357525494687279}}, "_child1": {"label": 6, "event": "S", "tstamp": 0.0, "dist": 0.8808038732534855}}, "_child1": {"label": 5, "event": "S", "tstamp": 0.0, "dist": 0.955251228468553}}, "_child1": {"label": 3, "event": "S", "tstamp": 0.0, "dist": 0.9961851186342708}}}