{"label": 1, "event": "S", "reconc": 1, "tstamp": 0.9348945193111736, "transferred": 0, "dist": 0.0, "_child0": {"label": 2, "event": "S", "reconc": 3, "tstamp": 0.8669611425641313, "transferred": 0, "dist": 0.0765924779565599, "_child0": {"label": 4, "event": "S", "reconc": 5, "tstamp": 0.7376307751329985, "transferred": 0, "dist": 0.15233109104101025, "_child0": {"label": 10, "event": "S", "reconc": 6, "tstamp": 0.6603968177243856, "transferred": 0, "dist": 0.08791886283009263, "_child0": {"label": 12, "event": "S", "reconc": 9, "tstamp": 0.5992579864989731, "transferred": 0, "dist": 0.05763154766193608, "_child0": {"label": 14, "event": "S", "reconc": 10, "tstamp": 0.5878272141186638, "transferred": 0, "dist": 0.009223496132325289, "_child0": {"label": 16, "event": "S", "reconc": 13, "tstamp": 0.44186078057671885, "transferred": 0, "dist": 0.11455972731688029, "_child0": {"label": 24, "event": "D", "reconc": [13, 14], "tstamp": 0.2921401922990642, "transferred": 0, "dist": 0.1421801245493625, "_child0": {"label": 48, "event": "H", "reconc": [13, 14], "tstamp": 0.15681931167336638, "transferred": 0, "dist": 0.22979199760559343, "_child0": {"label": 50, "event": "S", "reconc": 14, "tstamp": 0.0, "transferred": 0, "dist": 0.1557813620553605}, "_child1": {"label": 51, "event": "S", "reconc": 19, "tstamp": 0.0, "transferred": 1, "dist": 0.4050859275930044}}, "_child1": {"label": 42, "event": "S", "reconc": 14, "tstamp": 0.0, "transferred": 0, "dist": 0.35465720437514076}}, "_child1": {"label": 25, "event": "S", "reconc": 15, "tstamp": 0.0, "transferred": 0, "dist": 0.30324550610172546}}, "_child1": {"label": 17, "event": "S", "reconc": 12, "tstamp": 0.0, "transferred": 0, "dist": 0.3951242806591488}}, "_child1": {"label": 15, "event": "D", "reconc": [9, 11], "tstamp": 0.581430242637044, "transferred": 0, "dist": 0.01271058474813159, "_child0": {"label": 18, "event": "S", "reconc": 11, "tstamp": 0.0, "transferred": 0, "dist": 0.46111908682593566}, "_child1": {"label": 19, "event": "S", "reconc": 11, "tstamp": 0.0, "transferred": 0, "dist": 2.096003175593175}}}, "_child1": {"label": 13, "event": "S", "reconc": 8, "tstamp": 0.27248967078836756, "transferred": 0, "dist": 0.32943384102964945, "_child0": {"label": 44, "event": "S", "reconc": 21, "tstamp": 0.11745575007254813, "transferred": 0, "dist": 0.10384397549867126, "_child0": {"label": 52, "event": "S", "reconc": 23, "tstamp": 0.012466872027748377, "transferred": 0, "dist": 0.07960318833949954, "_child0": {"label": 54, "event": "S", "reconc": 24, "tstamp": 0.0, "transferred": 0, "dist": 0.010139314890813069}, "_child1": {"label": 55, "event": "S", "reconc": 25, "tstamp": 0.0, "transferred": 0, "dist": 0.00989480978022739}}, "_child1": {"label": 53, "event": "S", "reconc": 22, "tstamp": 0.0, "transferred": 0, "dist": 0.09132257621860294}}, "_child1": {"label": 45, "event": "S", "reconc": 20, "tstamp": 0.0, "transferred": 0, "dist": 0.15056457300285495}}}, "_child1": {"label": 11, "event": "H", "reconc": [5, 7], "tstamp": 0.33622271446310603, "transferred": 0, "dist": 0.46291739141984495, "_child0": {"label": 34, "event": "S", "reconc": 7, "tstamp": 0.3291201182701852, "transferred": 0, "dist": 0.008190954851400749, "_child0": {"label": 36, "event": "S", "reconc": 17, "tstamp": 0.2980763704590972, "transferred": 0, "dist": 0.037227050876912304, "_child0": {"label": 38, "event": "S", "reconc": 18, "tstamp": 0.0, "transferred": 0, "dist": 0.40151231346712857}, "_child1": {"label": 39, "event": "S", "reconc": 19, "tstamp": 0.0, "transferred": 0, "dist": 0.382996041422637}}, "_child1": {"label": 37, "event": "D", "reconc": [7, 16], "tstamp": 0.22854387630019682, "transferred": 0, "dist": 0.10144411541501079, "_child0": {"label": 46, "event": "S", "reconc": 16, "tstamp": 0.0, "transferred": 0, "dist": 0.8325777978124713}, "_child1": {"label": 47, "event": "S", "reconc": 16, "tstamp": 0.0, "transferred": 0, "dist": 0.230515983801714}}}, "_child1": {"label": 35, "event": "S", "reconc": 14, "tstamp": 0.0, "transferred": 1, "dist": 0.4685268223590789}}}, "_child1": {"label": 5, "event": "D", "reconc": [3, 4], "tstamp": 0.4228220913519904, "transferred": 0, "dist": 0.7411532471706491, "_child0": {"label": 29, "event": "H", "reconc": [3, 4], "tstamp": 0.2970347837680185, "transferred": 0, "dist": 0.2099064948562342, "_child0": {"label": 41, "event": "S", "reconc": 19, "tstamp": 0.0, "transferred": 1, "dist": 1.6380568737808776}, "_child1": {"label": 40, "event": "S", "reconc": 4, "tstamp": 0.0, "transferred": 0, "dist": 0.49567425767104134}}, "_child1": {"label": 28, "event": "S", "reconc": 4, "tstamp": 0.0, "transferred": 0, "dist": 1.0535817050871275}}}, "_child1": {"label": 8, "event": "H", "reconc": [1, 2], "tstamp": 0.5203316012065026, "transferred": 0, "dist": 0.5429934871016744, "_child0": {"label": 20, "event": "D", "reconc": [1, 2], "tstamp": 0.5045259628303302, "transferred": 0, "dist": 0.020702186140968203, "_child0": {"label": 22, "event": "D", "reconc": [1, 2], "tstamp": 0.36787134872827937, "transferred": 0, "dist": 0.1789898763233599, "_child0": {"label": 30, "event": "S", "reconc": 2, "tstamp": 0.0, "transferred": 0, "dist": 0.48183698475494163}, "_child1": {"label": 31, "event": "S", "reconc": 2, "tstamp": 0.0, "transferred": 0, "dist": 0.48183698475494163}}, "_child1": {"label": 23, "event": "S", "reconc": 2, "tstamp": 0.0, "transferred": 0, "dist": 0.7486380032767159}}, "_child1": {"label": 21, "event": "S", "reconc": 13, "tstamp": 0.44186078057671885, "transferred": 1, "dist": 0.12264458855418368, "_child0": {"label": 27, "event": "D", "reconc": [13, 15], "tstamp": 0.34015782661141, "transferred": 0, "dist": 0.08283785393054438, "_child0": {"label": 32, "event": "S", "reconc": 15, "tstamp": 0.0, "transferred": 0, "dist": 0.24006646267334644}, "_child1": {"label": 33, "event": "S", "reconc": 15, "tstamp": 0.0, "transferred": 0, "dist": 0.2643980735787892}}, "_child1": {"label": 26, "event": "S", "reconc": 14, "tstamp": 0.0, "transferred": 0, "dist": 1.43616620544371}}}}