{"label": 0, "event": null, "tstamp": 1.0, "dist": 0.0, "_child0": {"label": 1, "event": "S", "tstamp": 0.941010509646492, "dist": 0.05898949035350798, "_child0": {"label": 3, "event": "S", "tstamp": 0.9016300054931751, "dist": 0.03938050415331695, "_child0": {"label": 5, "event": "S", "tstamp": 0.4688835606393515, "dist": 0.4327464448538236, "_child0": {"label": 7, "event": "S", "tstamp": 0.44484521054171994, "dist": 0.024038350097631556, "_child0": {"label": 9, "event": "S", "tstamp": 0.3881590599997392, "dist": 0.05668615054198073, "_child0": {"label": 12, "event": "S", "tstamp": 0.0, "dist": 0.3881590599997392}, "_child1": {"label": 13, "event": "S", "tstamp": 0.28340045739351866, "dist": 0.10475860260622055, "_child0": {"label": 14, "event": "S", "tstamp": 0.2759839228568918, "dist": 0.007416534536626884, "_child0": {"label": 19, "event": "S", "tstamp": 0.0, "dist": 0.2759839228568918}, "_child1": {"label": 18, "event": "S", "tstamp": 0.0, "dist": 0.2759839228568918}, "_child2": {"label": 16, "event": "S", "tstamp": 0.0, "dist": 0.2759839228568918}}, "_child1": {"label": 15, "event": "S", "tstamp": 0.0, "dist": 0.28340045739351866}}, "_child2": {"label": 11, "event": "S", "tstamp": 0.0, "dist": 0.3881590599997392}}, "_child1": {"label": 8, "event": "S", "tstamp": 0.0, "dist": 0.44484521054171994}}, "_child1": {"label": 6, "event": "S", "tstamp": 0.0, "dist": 0.4688835606393515}}, "_child1": {"label": 4, "event": "S", "tstamp": 0.0, "dist": 0.9016300054931751}}, "_child1": {"label": 2, "event": "S", "tstamp": 0.0, "dist": 0.941010509646492}}}