{"label": 0, "event": null, "tstamp": 1.0, "dist": 0.0, "_child0": {"label": 1, "event": "S", "tstamp": 0.7935043362477582, "dist": 0.20649566375224182, "_child0": {"label": 4, "event": "S", "tstamp": 0.0, "dist": 0.7935043362477582}, "_child1": {"label": 5, "event": "S", "tstamp": 0.6699740470300805, "dist": 0.12353028921767772, "_child0": {"label": 7, "event": "S", "tstamp": 0.6581430755193163, "dist": 0.011830971510764177, "_child0": {"label": 14, "event": "S", "tstamp": 0.0, "dist": 0.6581430755193163}, "_child1": {"label": 15, "event": "S", "tstamp": 0.23021055206637867, "dist": 0.42793252345293764, "_child0": {"label": 16, "event": "S", "tstamp": 0.08486445409314998, "dist": 0.14534609797322867, "_child0": {"label": 18, "event": "S", "tstamp": 0.0, "dist": 0.08486445409314998}, "_child1": {"label": 19, "event": "S", "tstamp": 0.0, "dist": 0.08486445409314998}}, "_child1": {"label": 17, "event": "S", "tstamp": 0.0, "dist": 0.23021055206637867}}, "_child2": {"label": 9, "event": "S", "tstamp": 0.0, "dist": 0.6581430755193163}}, "_child1": {"label": 6, "event": "S", "tstamp": 0.532872711977589, "dist": 0.13710133505249145, "_child0": {"label": 11, "event": "S", "tstamp": 0.3796560406425283, "dist": 0.15321667133506073, "_child0": {"label": 12, "event": "S", "tstamp": 0.0, "dist": 0.3796560406425283}, "_child1": {"label": 13, "event": "S", "tstamp": 0.0, "dist": 0.3796560406425283}}, "_child1": {"label": 10, "event": "S", "tstamp": 0.0, "dist": 0.532872711977589}}}, "_child2": {"label": 3, "event": "S", "tstamp": 0.0, "dist": 0.7935043362477582}}}