{"label": 1, "event": "S", "reconc": 1, "tstamp": 0.9901136461441985, "transferred": 0, "dist": 0.0, "_child0": {"label": 2, "event": "S", "reconc": 2, "tstamp": 0.7248096268606288, "transferred": 0, "dist": 0.2364180156328395, "_child0": {"label": 5, "event": "H", "reconc": [2, 7], "tstamp": 0.6623829519586574, "transferred": 0, "dist": 0.04029821084820495, "_child0": {"label": 9, "event": "H", "reconc": [2, 14], "tstamp": 0.5521187727153146, "transferred": 1, "dist": 0.13133819417167572, "_child0": {"label": 11, "event": "S", "reconc": 15, "tstamp": 0.23206380825658685, "transferred": 1, "dist": 0.23090789493626984, "_child0": {"label": 25, "event": "H", "reconc": [15, 16], "tstamp": 0.1932030941643037, "transferred": 0, "dist": 0.0647356337820996, "_child0": {"label": 33, "event": "S", "reconc": 8, "tstamp": 0.0, "transferred": 1, "dist": 0.11550712960863807}, "_child1": {"label": 32, "event": "S", "reconc": 16, "tstamp": 0.0, "transferred": 0, "dist": 0.32184495425606446}}, "_child1": {"label": 24, "event": "S", "reconc": 17, "tstamp": 0.05221579956271621, "transferred": 0, "dist": 0.3841576152033427, "_child0": {"label": 50, "event": "S", "reconc": 24, "tstamp": 0.0, "transferred": 0, "dist": 0.04554004620628812}, "_child1": {"label": 51, "event": "S", "reconc": 25, "tstamp": 0.0, "transferred": 0, "dist": 0.04493404746339478}}}, "_child1": {"label": 10, "event": "H", "reconc": [2, 14], "tstamp": 0.021241955031505163, "transferred": 0, "dist": 0.632339559779629, "_child0": {"label": 56, "event": "S", "reconc": 14, "tstamp": 0.0, "transferred": 0, "dist": 0.025301780085414907}, "_child1": {"label": 57, "event": "S", "reconc": 25, "tstamp": 0.0, "transferred": 1, "dist": 0.03685095291863996}}}, "_child1": {"label": 8, "event": "S", "reconc": 7, "tstamp": 0.49344441800252065, "transferred": 0, "dist": 0.10905467370225158, "_child0": {"label": 14, "event": "S", "reconc": 9, "tstamp": 0.48130199577112304, "transferred": 0, "dist": 0.006394260722951084, "_child0": {"label": 16, "event": "S", "reconc": 10, "tstamp": 0.0, "transferred": 0, "dist": 0.2156517222716833}, "_child1": {"label": 17, "event": "S", "reconc": 11, "tstamp": 0.0, "transferred": 0, "dist": 0.23319530707899783}}, "_child1": {"label": 15, "event": "H", "reconc": [7, 8], "tstamp": 0.2145353596527549, "transferred": 0, "dist": 0.16585348608592015, "_child0": {"label": 43, "event": "H", "reconc": [2, 14], "tstamp": 0.035797067127923195, "transferred": 1, "dist": 0.18775434044177464, "_child0": {"label": 53, "event": "H", "reconc": [21, 23], "tstamp": 0.029494031226492762, "transferred": 1, "dist": 0.039554801377774305, "_child0": {"label": 54, "event": "S", "reconc": 23, "tstamp": 0.0, "transferred": 0, "dist": 0.1850902589225353}, "_child1": {"label": 55, "event": "S", "reconc": 24, "tstamp": 0.0, "transferred": 1, "dist": 0.02486490134293304}}, "_child1": {"label": 52, "event": "S", "reconc": 14, "tstamp": 0.0, "transferred": 0, "dist": 0.05181259716956253}}, "_child1": {"label": 27, "event": "S", "reconc": 11, "tstamp": 0.0, "transferred": 1, "dist": 0.10398300860951575}}}}, "_child1": {"label": 4, "event": "S", "reconc": 6, "tstamp": 0.4569951132165551, "transferred": 0, "dist": 0.2100978593810789, "_child0": {"label": 19, "event": "D", "reconc": [6, 13], "tstamp": 0.2117141985013583, "transferred": 0, "dist": 0.1799717549682569, "_child0": {"label": 39, "event": "S", "reconc": 20, "tstamp": 0.0, "transferred": 0, "dist": 0.13749573957351707}, "_child1": {"label": 28, "event": "S", "reconc": 13, "tstamp": 0.16235380976335603, "transferred": 0, "dist": 0.03621755813088242, "_child0": {"label": 36, "event": "S", "reconc": 21, "tstamp": 0.06330619786703962, "transferred": 0, "dist": 0.06851172608517062, "_child0": {"label": 46, "event": "S", "reconc": 22, "tstamp": 0.0, "transferred": 0, "dist": 0.04421625357133172}, "_child1": {"label": 47, "event": "S", "reconc": 23, "tstamp": 0.0, "transferred": 0, "dist": 0.0398266393093715}}, "_child1": {"label": 37, "event": "S", "reconc": 20, "tstamp": 0.0, "transferred": 0, "dist": 0.10127818144263465}}}, "_child1": {"label": 34, "event": "S", "reconc": 18, "tstamp": 0.0, "transferred": 0, "dist": 0.33645975536532513}}, "_child2": {"label": 7, "event": "S", "reconc": 15, "tstamp": 0.23206380825658685, "transferred": 0, "dist": 0.34966423852282885, "_child0": {"label": 22, "event": "S", "reconc": 17, "tstamp": 0.05221579956271621, "transferred": 0, "dist": 0.1305337727719795, "_child0": {"label": 48, "event": "S", "reconc": 24, "tstamp": 0.0, "transferred": 0, "dist": 0.041678182889101974}, "_child1": {"label": 49, "event": "S", "reconc": 25, "tstamp": 0.0, "transferred": 0, "dist": 0.04229345047496619}}, "_child1": {"label": 23, "event": "S", "reconc": 16, "tstamp": 0.0, "transferred": 0, "dist": 0.13952988512161996}}, "_child3": {"label": 6, "event": "S", "reconc": 14, "tstamp": 0.0, "transferred": 0, "dist": 0.6456876424491783}}, "_child1": {"label": 3, "event": "H", "reconc": [1, 3], "tstamp": 0.514934361504465, "transferred": 0, "dist": 0.5716128227061464, "_child0": {"label": 21, "event": "S", "reconc": 3, "tstamp": 0.0, "transferred": 0, "dist": 0.6194358495891008}, "_child1": {"label": 13, "event": "H", "reconc": [2, 14], "tstamp": 0.1375825082494083, "transferred": 1, "dist": 0.34103701447430357, "_child0": {"label": 40, "event": "H", "reconc": [2, 14], "tstamp": 0.11107598286837897, "transferred": 0, "dist": 0.023955642994877634, "_child0": {"label": 45, "event": "S", "reconc": 19, "tstamp": 0.0, "transferred": 1, "dist": 0.08596297044854252}, "_child1": {"label": 44, "event": "S", "reconc": 14, "tstamp": 0.0, "transferred": 0, "dist": 0.10038647286469429}}, "_child1": {"label": 41, "event": "S", "reconc": 16, "tstamp": 0.0, "transferred": 1, "dist": 0.14487362925490035}}}}