{"label": 2, "event": "S", "reconc": 2, "tstamp": 0.8749873777637758, "transferred": 0, "dist": 0.0, "_child0": {"label": 5, "event": "H", "reconc": [2, 5], "tstamp": 0.7900045918407256, "transferred": 0, "dist": 0.06164995273066353, "_child0": {"label": 6, "event": "S", "reconc": 5, "tstamp": 0.5760073945297265, "transferred": 0, "dist": 0.15524222882812327, "_child0": {"label": 21, "event": "S", "reconc": 13, "tstamp": 0.49536171595092005, "transferred": 0, "dist": 0.05829412136914548, "_child0": {"label": 27, "event": "H", "reconc": [13, 15], "tstamp": 0.022680436463367357, "transferred": 0, "dist": 0.3230239880809104, "_child0": {"label": 65, "event": "S", "reconc": 12, "tstamp": 0.0, "transferred": 1, "dist": 0.01568719719622599}, "_child1": {"label": 64, "event": "S", "reconc": 15, "tstamp": 0.0, "transferred": 0, "dist": 0.015499503271539124}}, "_child1": {"label": 26, "event": "S", "reconc": 14, "tstamp": 0.0, "transferred": 0, "dist": 0.3646689764212933}}, "_child1": {"label": 15, "event": "S", "reconc": 8, "tstamp": 0.0, "transferred": 0, "dist": 0.4028347632692842}}, "_child1": {"label": 7, "event": "H", "reconc": [1, 3], "tstamp": 0.3297681231091508, "transferred": 1, "dist": 0.8865027323742617, "_child0": {"label": 34, "event": "S", "reconc": 3, "tstamp": 0.09994670544744702, "transferred": 0, "dist": 0.44267964091748935, "_child0": {"label": 48, "event": "S", "reconc": 27, "tstamp": 0.0, "transferred": 0, "dist": 0.1337693983247608}, "_child1": {"label": 49, "event": "S", "reconc": 26, "tstamp": 0.0, "transferred": 0, "dist": 0.10440687671229722}, "_child2": {"label": 50, "event": "S", "reconc": 24, "tstamp": 0.0, "transferred": 0, "dist": 0.26591626237999605}}, "_child1": {"label": 35, "event": "S", "reconc": 15, "tstamp": 0.0, "transferred": 1, "dist": 0.2948715450058637}}}, "_child1": {"label": 4, "event": "S", "reconc": 4, "tstamp": 0.724047067231703, "transferred": 0, "dist": 0.10121914804144154, "_child0": {"label": 9, "event": "H", "reconc": [4, 6], "tstamp": 0.7237061780904518, "transferred": 0, "dist": 0.00018831791274956665, "_child0": {"label": 11, "event": "S", "reconc": 5, "tstamp": 0.5760073945297265, "transferred": 1, "dist": 0.31836748573227885, "_child0": {"label": 16, "event": "S", "reconc": 9, "tstamp": 0.540075835736725, "transferred": 0, "dist": 0.03606240677622667, "_child0": {"label": 24, "event": "S", "reconc": 13, "tstamp": 0.49536171595092005, "transferred": 0, "dist": 0.04702412049370181, "_child0": {"label": 28, "event": "S", "reconc": 14, "tstamp": 0.0, "transferred": 0, "dist": 0.4958222624607558}, "_child1": {"label": 29, "event": "S", "reconc": 15, "tstamp": 0.0, "transferred": 0, "dist": 1.7916078834410543}}, "_child1": {"label": 25, "event": "H", "reconc": [9, 10], "tstamp": 0.4652317985624376, "transferred": 0, "dist": 0.07531256638317743, "_child0": {"label": 30, "event": "S", "reconc": 10, "tstamp": 0.3645023884225695, "transferred": 0, "dist": 0.07035496587198203, "_child0": {"label": 32, "event": "S", "reconc": 17, "tstamp": 0.29042662514331374, "transferred": 0, "dist": 0.05043060169242299, "_child0": {"label": 36, "event": "S", "reconc": 19, "tstamp": 0.2795333213476622, "transferred": 0, "dist": 0.007517223019897323, "_child0": {"label": 38, "event": "S", "reconc": 20, "tstamp": 0.0, "transferred": 0, "dist": 0.189015767166094}, "_child1": {"label": 39, "event": "S", "reconc": 21, "tstamp": 0.0, "transferred": 0, "dist": 0.19565506050316714}}, "_child1": {"label": 37, "event": "S", "reconc": 18, "tstamp": 0.21007117655537483, "transferred": 0, "dist": 0.05986436968242517, "_child0": {"label": 44, "event": "S", "reconc": 22, "tstamp": 0.0, "transferred": 0, "dist": 0.18172330822019112}, "_child1": {"label": 45, "event": "S", "reconc": 23, "tstamp": 0.0, "transferred": 0, "dist": 0.14656400688969912}}}, "_child1": {"label": 33, "event": "S", "reconc": 16, "tstamp": 0.0, "transferred": 0, "dist": 0.1770155474781286}}, "_child1": {"label": 31, "event": "S", "reconc": 6, "tstamp": 0.0, "transferred": 1, "dist": 0.2571047019323136}}}, "_child1": {"label": 17, "event": "S", "reconc": 8, "tstamp": 0.0, "transferred": 0, "dist": 0.44990291142280886}}, "_child1": {"label": 10, "event": "S", "reconc": 6, "tstamp": 0.0, "transferred": 0, "dist": 0.3997981173637193}}, "_child1": {"label": 8, "event": "H", "reconc": [4, 7], "tstamp": 0.7173151253929909, "transferred": 0, "dist": 0.004065555632400582, "_child0": {"label": 13, "event": "H", "reconc": [1, 3], "tstamp": 0.555994977498074, "transferred": 1, "dist": 0.1252177976934781, "_child0": {"label": 18, "event": "H", "reconc": [1, 3], "tstamp": 0.23787328692428697, "transferred": 0, "dist": 0.24692822323795344, "_child0": {"label": 41, "event": "H", "reconc": [10, 16], "tstamp": 0.21466400013222026, "transferred": 1, "dist": 0.04560685916027301, "_child0": {"label": 43, "event": "H", "reconc": [13, 14], "tstamp": 0.14944083164939256, "transferred": 1, "dist": 0.1031838958468039, "_child0": {"label": 47, "event": "S", "reconc": 7, "tstamp": 0.05772975926190683, "transferred": 1, "dist": 0.05956288439522948, "_child0": {"label": 62, "event": "S", "reconc": 28, "tstamp": 0.0, "transferred": 0, "dist": 0.03516974702013296}, "_child1": {"label": 63, "event": "S", "reconc": 29, "tstamp": 0.0, "transferred": 0, "dist": 0.1194936230686657}}, "_child1": {"label": 46, "event": "S", "reconc": 14, "tstamp": 0.0, "transferred": 0, "dist": 0.23641732787376787}}, "_child1": {"label": 42, "event": "H", "reconc": [10, 16], "tstamp": 0.0853768046141315, "transferred": 0, "dist": 0.25405274061396954, "_child0": {"label": 56, "event": "S", "reconc": 16, "tstamp": 0.0, "transferred": 0, "dist": 0.16776766724782732}, "_child1": {"label": 57, "event": "S", "reconc": 24, "tstamp": 0.0, "transferred": 1, "dist": 0.08970942533741885}}}, "_child1": {"label": 40, "event": "S", "reconc": 3, "tstamp": 0.09994670544744702, "transferred": 0, "dist": 0.1070595520850261, "_child0": {"label": 54, "event": "S", "reconc": 27, "tstamp": 0.0, "transferred": 0, "dist": 0.17481762369609827}, "_child1": {"label": 52, "event": "S", "reconc": 26, "tstamp": 0.0, "transferred": 0, "dist": 0.06020665274349223}, "_child2": {"label": 53, "event": "S", "reconc": 24, "tstamp": 0.0, "transferred": 0, "dist": 0.07626653049841949}}}, "_child1": {"label": 19, "event": "S", "reconc": 7, "tstamp": 0.05772975926190683, "transferred": 1, "dist": 0.4100960111619639, "_child0": {"label": 60, "event": "S", "reconc": 28, "tstamp": 0.0, "transferred": 0, "dist": 0.04937462471060271}, "_child1": {"label": 61, "event": "S", "reconc": 29, "tstamp": 0.0, "transferred": 0, "dist": 0.13620596268435287}}}, "_child1": {"label": 12, "event": "S", "reconc": 7, "tstamp": 0.05772975926190683, "transferred": 0, "dist": 0.3983369233677547, "_child0": {"label": 58, "event": "S", "reconc": 28, "tstamp": 0.0, "transferred": 0, "dist": 0.031392377989824444}, "_child1": {"label": 59, "event": "S", "reconc": 29, "tstamp": 0.0, "transferred": 0, "dist": 0.030352172431642333}}}}}