{"label": 0, "event": null, "tstamp": 1.0, "dist": 0.0, "_child0": {"label": 1, "event": "S", "tstamp": 0.6602447529860718, "dist": 0.33975524701392823, "_child0": {"label": 4, "event": "S", "tstamp": 0.0, "dist": 0.6602447529860718}, "_child1": {"label": 5, "event": "S", "tstamp": 0.5928468791420344, "dist": 0.06739787384403739, "_child0": {"label": 6, "event": "S", "tstamp": 0.35121775039895475, "dist": 0.24162912874307962, "_child0": {"label": 8, "event": "S", "tstamp": 0.0, "dist": 0.35121775039895475}, "_child1": {"label": 9, "event": "S", "tstamp": 0.0, "dist": 0.35121775039895475}}, "_child1": {"label": 7, "event": "S", "tstamp": 0.0, "dist": 0.5928468791420344}}, "_child2": {"label": 2, "event": "S", "tstamp": 0.0, "dist": 0.6602447529860718}}}