{"label": 0, "event": null, "tstamp": 1.0, "dist": 0.0, "_child0": {"label": 1, "event": "S", "tstamp": 0.7954980162966239, "dist": 0.20450198370337613, "_child0": {"label": 2, "event": "S", "tstamp": 0.6744329292250367, "dist": 0.12106508707158714, "_child0": {"label": 5, "event": "S", "tstamp": 0.46738751561815123, "dist": 0.2070454136068855, "_child0": {"label": 7, "event": "S", "tstamp": 0.12442699096537153, "dist": 0.3429605246527797, "_child0": {"label": 8, "event": "S", "tstamp": 0.0, "dist": 0.12442699096537153}, "_child1": {"label": 9, "event": "S", "tstamp": 0.0, "dist": 0.12442699096537153}}, "_child1": {"label": 6, "event": "S", "tstamp": 0.0, "dist": 0.46738751561815123}}, "_child1": {"label": 4, "event": "S", "tstamp": 0.0, "dist": 0.6744329292250367}}, "_child1": {"label": 3, "event": "S", "tstamp": 0.0, "dist": 0.7954980162966239}}}