{"label": 1, "event": "S", "reconc": 1, "tstamp": 0.8182689485170427, "transferred": 0, "dist": 0.0, "_child0": {"label": 2, "event": "H", "reconc": [1, 4], "tstamp": 0.5290722483238429, "transferred": 0, "dist": 0.3077428407767339, "_child0": {"label": 5, "event": "H", "reconc": [1, 4], "tstamp": 0.38617735553529503, "transferred": 0, "dist": 0.15205872062114417, "_child0": {"label": 9, "event": "S", "reconc": 4, "tstamp": 0.0, "transferred": 0, "dist": 0.4109428508578569}, "_child1": {"label": 10, "event": "S", "reconc": 2, "tstamp": 0.0, "transferred": 1, "dist": 0.44535343479143796}}, "_child1": {"label": 6, "event": "S", "reconc": 2, "tstamp": 0.0, "transferred": 1, "dist": 0.7406779646550418}}, "_child1": {"label": 7, "event": "S", "reconc": 5, "tstamp": 0.37023870122553487, "transferred": 0, "dist": 0.4800496471428619, "_child0": {"label": 11, "event": "S", "reconc": 7, "tstamp": 0.2699176913735157, "transferred": 0, "dist": 0.12241908987634782, "_child0": {"label": 13, "event": "S", "reconc": 9, "tstamp": 0.17393700686077637, "transferred": 0, "dist": 0.12033631688513798, "_child0": {"label": 15, "event": "S", "reconc": 10, "tstamp": 0.16915212694398873, "transferred": 0, "dist": 0.006418039057787691, "_child0": {"label": 17, "event": "H", "reconc": [10, 13], "tstamp": 0.15661999093564924, "transferred": 0, "dist": 0.016851824097712423, "_child0": {"label": 23, "event": "S", "reconc": 13, "tstamp": 0.14665620073562557, "transferred": 0, "dist": 0.013398198015531866, "_child0": {"label": 25, "event": "S", "reconc": 14, "tstamp": 0.0, "transferred": 0, "dist": 0.19304585724890588}, "_child1": {"label": 26, "event": "S", "reconc": 15, "tstamp": 0.0, "transferred": 0, "dist": 0.2135485219313382}}, "_child1": {"label": 24, "event": "S", "reconc": 6, "tstamp": 0.0, "transferred": 1, "dist": 0.3402233901230181}}, "_child1": {"label": 18, "event": "H", "reconc": [10, 12], "tstamp": 0.05955725464497966, "transferred": 0, "dist": 0.16349999680082242, "_child0": {"label": 27, "event": "S", "reconc": 12, "tstamp": 0.0, "transferred": 0, "dist": 0.08885097212716936}, "_child1": {"label": 28, "event": "S", "reconc": 6, "tstamp": 0.0, "transferred": 1, "dist": 0.06443617536086672}}}, "_child1": {"label": 16, "event": "D", "reconc": [9, 11], "tstamp": 0.15829575870335527, "transferred": 0, "dist": 0.017569423746208315, "_child0": {"label": 19, "event": "H", "reconc": [9, 11], "tstamp": 0.1578460136548596, "transferred": 0, "dist": 0.0006598603648636038, "_child0": {"label": 22, "event": "S", "reconc": 12, "tstamp": 0.0, "transferred": 1, "dist": 0.26324544562064356}, "_child1": {"label": 21, "event": "S", "reconc": 11, "tstamp": 0.0, "transferred": 0, "dist": 0.23158971624244853}}, "_child1": {"label": 20, "event": "S", "reconc": 11, "tstamp": 0.0, "transferred": 0, "dist": 0.18811716537016895}}}, "_child1": {"label": 14, "event": "S", "reconc": 8, "tstamp": 0.0, "transferred": 0, "dist": 0.285754743605227}}, "_child1": {"label": 12, "event": "S", "reconc": 6, "tstamp": 0.0, "transferred": 0, "dist": 0.3849513500075507}}, "_child2": {"label": 4, "event": "H", "reconc": [1, 2], "tstamp": 0.04315722982716158, "transferred": 0, "dist": 0.8001997954786406, "_child0": {"label": 30, "event": "S", "reconc": 12, "tstamp": 0.0, "transferred": 1, "dist": 0.12043666409745439}, "_child1": {"label": 29, "event": "S", "reconc": 2, "tstamp": 0.0, "transferred": 0, "dist": 0.04455410187771455}}}