{"label": 0, "event": null, "tstamp": 1.0, "dist": 0.0, "_child0": {"label": 1, "event": "S", "tstamp": 0.9452984431593785, "dist": 0.0547015568406215, "_child0": {"label": 3, "event": "S", "tstamp": 0.9116736369708232, "dist": 0.033624806188555345, "_child0": {"label": 5, "event": "S", "tstamp": 0.7194805149826164, "dist": 0.1921931219882067, "_child0": {"label": 8, "event": "S", "tstamp": 0.0, "dist": 0.7194805149826164}, "_child1": {"label": 9, "event": "S", "tstamp": 0.5200773609212596, "dist": 0.1994031540613569, "_child0": {"label": 12, "event": "S", "tstamp": 0.0, "dist": 0.5200773609212596}, "_child1": {"label": 13, "event": "S", "tstamp": 0.2838405186859153, "dist": 0.23623684223534425, "_child0": {"label": 14, "event": "S", "tstamp": 0.282506847247605, "dist": 0.0013336714383103132, "_child0": {"label": 17, "event": "S", "tstamp": 0.19813235903921975, "dist": 0.08437448820838525, "_child0": {"label": 18, "event": "S", "tstamp": 0.15365029015421333, "dist": 0.044482068885006415, "_child0": {"label": 21, "event": "S", "tstamp": 0.13812517865534218, "dist": 0.015525111498871147, "_child0": {"label": 23, "event": "S", "tstamp": 0.08158074996378302, "dist": 0.056544428691559165, "_child0": {"label": 24, "event": "S", "tstamp": 0.0, "dist": 0.08158074996378302}, "_child1": {"label": 25, "event": "S", "tstamp": 0.0, "dist": 0.08158074996378302}}, "_child1": {"label": 22, "event": "S", "tstamp": 0.0, "dist": 0.13812517865534218}}, "_child1": {"label": 20, "event": "S", "tstamp": 0.0, "dist": 0.15365029015421333}}, "_child1": {"label": 19, "event": "S", "tstamp": 0.0, "dist": 0.19813235903921975}}, "_child1": {"label": 16, "event": "S", "tstamp": 0.0, "dist": 0.282506847247605}}, "_child1": {"label": 15, "event": "S", "tstamp": 0.0, "dist": 0.2838405186859153}}, "_child2": {"label": 11, "event": "S", "tstamp": 0.0, "dist": 0.5200773609212596}}, "_child2": {"label": 6, "event": "S", "tstamp": 0.0, "dist": 0.7194805149826164}}, "_child1": {"label": 4, "event": "S", "tstamp": 0.0, "dist": 0.9116736369708232}}, "_child1": {"label": 2, "event": "S", "tstamp": 0.0, "dist": 0.9452984431593785}}}