{"label": 1, "event": "S", "reconc": 1, "tstamp": 0.680027863024804, "transferred": 0, "dist": 0.0, "_child0": {"label": 2, "event": "H", "reconc": [1, 3], "tstamp": 0.6471588257758268, "transferred": 0, "dist": 0.025770309223865667, "_child0": {"label": 4, "event": "S", "reconc": 3, "tstamp": 0.5812428717311137, "transferred": 0, "dist": 0.05168008133768012, "_child0": {"label": 6, "event": "D", "reconc": [3, 5], "tstamp": 0.4221515076323774, "transferred": 0, "dist": 0.09154875805807687, "_child0": {"label": 9, "event": "D", "reconc": [3, 5], "tstamp": 0.33745798986922043, "transferred": 0, "dist": 0.048736689201901724, "_child0": {"label": 15, "event": "S", "reconc": 7, "tstamp": 0.0, "transferred": 0, "dist": 0.16317395120444}, "_child1": {"label": 11, "event": "S", "reconc": 5, "tstamp": 0.30066621853293585, "transferred": 0, "dist": 0.031169893728969094, "_child0": {"label": 25, "event": "S", "reconc": 9, "tstamp": 0.0, "transferred": 0, "dist": 0.8152016331423437}, "_child1": {"label": 17, "event": "S", "reconc": 7, "tstamp": 0.0, "transferred": 0, "dist": 0.14280664912944235}}}, "_child1": {"label": 8, "event": "S", "reconc": 5, "tstamp": 0.30066621853293585, "transferred": 0, "dist": 0.06990842904884392, "_child0": {"label": 12, "event": "S", "reconc": 6, "tstamp": 0.1900963800455623, "transferred": 0, "dist": 0.053974453585516474, "_child0": {"label": 20, "event": "D", "reconc": [6, 8], "tstamp": 0.10021233320360179, "transferred": 0, "dist": 0.046780431520157074, "_child0": {"label": 28, "event": "S", "reconc": 8, "tstamp": 0.0, "transferred": 0, "dist": 0.05215582025527773}, "_child1": {"label": 29, "event": "S", "reconc": 8, "tstamp": 0.0, "transferred": 0, "dist": 0.05215582025527773}}, "_child1": {"label": 21, "event": "S", "reconc": 9, "tstamp": 0.0, "transferred": 0, "dist": 0.13037573489943763}}, "_child1": {"label": 13, "event": "S", "reconc": 7, "tstamp": 0.0, "transferred": 0, "dist": 0.1420022113574978}}}, "_child1": {"label": 7, "event": "S", "reconc": 4, "tstamp": 0.0, "transferred": 0, "dist": 0.3347782615834234}}, "_child1": {"label": 19, "event": "S", "reconc": 2, "tstamp": 0.0, "transferred": 1, "dist": 0.571217224213475}}, "_child1": {"label": 3, "event": "S", "reconc": 2, "tstamp": 0.0, "transferred": 0, "dist": 0.5823629942513012}}