{"label": 1, "event": "S", "reconc": 1, "tstamp": 0.9441090239105616, "transferred": 0, "dist": 0.0, "_child0": {"label": 2, "event": "S", "reconc": 3, "tstamp": 0.8496620200452353, "transferred": 0, "dist": 0.07318269774991114, "_child0": {"label": 4, "event": "S", "reconc": 5, "tstamp": 0.5776671707297802, "transferred": 0, "dist": 0.2087347522803632, "_child0": {"label": 6, "event": "S", "reconc": 7, "tstamp": 0.47135213024033235, "transferred": 0, "dist": 0.07820991677445914, "_child0": {"label": 8, "event": "D", "reconc": [7, 9], "tstamp": 0.44952344280200035, "transferred": 0, "dist": 0.0146781945743642, "_child0": {"label": 14, "event": "S", "reconc": 9, "tstamp": 0.2334527188870151, "transferred": 0, "dist": 0.2511752522785006, "_child0": {"label": 18, "event": "S", "reconc": 10, "tstamp": 0.1276101177636078, "transferred": 0, "dist": 0.17709255019870457, "_child0": {"label": 38, "event": "S", "reconc": 17, "tstamp": 0.03304810025290803, "transferred": 0, "dist": 0.06357313636294736, "_child0": {"label": 46, "event": "S", "reconc": 18, "tstamp": 0.0, "transferred": 0, "dist": 0.04752740090667273}, "_child1": {"label": 47, "event": "S", "reconc": 19, "tstamp": 0.0, "transferred": 0, "dist": 0.04791592573956048}}, "_child1": {"label": 39, "event": "S", "reconc": 16, "tstamp": 0.0, "transferred": 0, "dist": 0.09534513658856075}}, "_child1": {"label": 19, "event": "S", "reconc": 11, "tstamp": 0.0, "transferred": 0, "dist": 0.27780753483690407}}, "_child1": {"label": 10, "event": "S", "reconc": 9, "tstamp": 0.2334527188870151, "transferred": 0, "dist": 0.14529174676249929, "_child0": {"label": 16, "event": "S", "reconc": 10, "tstamp": 0.1276101177636078, "transferred": 0, "dist": 0.07063128411466181, "_child0": {"label": 36, "event": "S", "reconc": 17, "tstamp": 0.03304810025290803, "transferred": 0, "dist": 0.0635252550769569, "_child0": {"label": 44, "event": "S", "reconc": 18, "tstamp": 0.0, "transferred": 0, "dist": 0.020708748351704914}, "_child1": {"label": 45, "event": "S", "reconc": 19, "tstamp": 0.0, "transferred": 0, "dist": 0.02251209181231925}}, "_child1": {"label": 37, "event": "S", "reconc": 16, "tstamp": 0.0, "transferred": 0, "dist": 0.08777714068472205}}, "_child1": {"label": 17, "event": "S", "reconc": 11, "tstamp": 0.0, "transferred": 0, "dist": 0.14093340372830648}}}, "_child1": {"label": 9, "event": "S", "reconc": 8, "tstamp": 0.0, "transferred": 0, "dist": 0.4038858288656239}}, "_child1": {"label": 7, "event": "S", "reconc": 6, "tstamp": 0.0, "transferred": 0, "dist": 0.5081700619663204}}, "_child1": {"label": 5, "event": "S", "reconc": 4, "tstamp": 0.20096378518673855, "transferred": 0, "dist": 0.43060803769434725, "_child0": {"label": 23, "event": "D", "reconc": [4, 12], "tstamp": 0.16975191101484433, "transferred": 0, "dist": 0.01896974341744233, "_child0": {"label": 28, "event": "D", "reconc": [4, 12], "tstamp": 0.08858683691813943, "transferred": 0, "dist": 0.049329964025634956, "_child0": {"label": 40, "event": "S", "reconc": 12, "tstamp": 0.0, "transferred": 0, "dist": 0.05384071322487734}, "_child1": {"label": 41, "event": "S", "reconc": 12, "tstamp": 0.0, "transferred": 0, "dist": 0.30857618897979483}}, "_child1": {"label": 29, "event": "S", "reconc": 12, "tstamp": 0.0, "transferred": 0, "dist": 0.1031706772505123}}, "_child1": {"label": 30, "event": "S", "reconc": 14, "tstamp": 0.0, "transferred": 0, "dist": 0.11094722878796569}}}, "_child1": {"label": 13, "event": "D", "reconc": [3, 4], "tstamp": 0.20295665379393873, "transferred": 1, "dist": 0.520866178312994, "_child0": {"label": 20, "event": "S", "reconc": 4, "tstamp": 0.20096378518673855, "transferred": 0, "dist": 0.0024322800331637974, "_child0": {"label": 32, "event": "D", "reconc": [13, 14], "tstamp": 0.06941890757110525, "transferred": 0, "dist": 0.1481990287484009, "_child0": {"label": 42, "event": "S", "reconc": 14, "tstamp": 0.0, "transferred": 0, "dist": 0.039019484852604244}, "_child1": {"label": 43, "event": "S", "reconc": 14, "tstamp": 0.0, "transferred": 0, "dist": 0.1534583423615603}}, "_child1": {"label": 25, "event": "S", "reconc": 12, "tstamp": 0.0, "transferred": 0, "dist": 0.24953722509674844}}, "_child1": {"label": 21, "event": "S", "reconc": 4, "tstamp": 0.20096378518673855, "transferred": 0, "dist": 0.0015862739071482005, "_child0": {"label": 26, "event": "S", "reconc": 13, "tstamp": 0.14500082734304912, "transferred": 0, "dist": 0.06516457798365831, "_child0": {"label": 34, "event": "S", "reconc": 14, "tstamp": 0.0, "transferred": 0, "dist": 0.275072760754}, "_child1": {"label": 35, "event": "S", "reconc": 15, "tstamp": 0.0, "transferred": 0, "dist": 0.08164954991270881}}, "_child1": {"label": 27, "event": "S", "reconc": 12, "tstamp": 0.0, "transferred": 0, "dist": 0.13838897384586646}}}}