{"label": 0, "event": null, "tstamp": 1.0, "dist": 0.0, "_child0": {"label": 1, "event": "S", "tstamp": 0.5085490211057844, "dist": 0.49145097889421563, "_child0": {"label": 3, "event": "S", "tstamp": 0.4712647454501113, "dist": 0.03728427565567305, "_child0": {"label": 5, "event": "S", "tstamp": 0.44214830070680816, "dist": 0.02911644474330316, "_child0": {"label": 7, "event": "S", "tstamp": 0.060825471654223105, "dist": 0.3813228290525851, "_child0": {"label": 17, "event": "S", "tstamp": 0.059016620970487335, "dist": 0.0018088506837357701, "_child0": {"label": 18, "event": "S", "tstamp": 0.0, "dist": 0.059016620970487335}, "_child1": {"label": 19, "event": "S", "tstamp": 0.0, "dist": 0.059016620970487335}}, "_child1": {"label": 16, "event": "S", "tstamp": 0.0, "dist": 0.060825471654223105}}, "_child1": {"label": 6, "event": "S", "tstamp": 0.0, "dist": 0.44214830070680816}}, "_child1": {"label": 4, "event": "S", "tstamp": 0.3967733940820943, "dist": 0.07449135136801704, "_child0": {"label": 10, "event": "S", "tstamp": 0.0, "dist": 0.3967733940820943}, "_child1": {"label": 11, "event": "S", "tstamp": 0.1236737078584563, "dist": 0.273099686223638, "_child0": {"label": 13, "event": "S", "tstamp": 0.06410188937300047, "dist": 0.05957181848545583, "_child0": {"label": 14, "event": "S", "tstamp": 0.0, "dist": 0.06410188937300047}, "_child1": {"label": 15, "event": "S", "tstamp": 0.0, "dist": 0.06410188937300047}}, "_child1": {"label": 12, "event": "S", "tstamp": 0.0, "dist": 0.1236737078584563}}, "_child2": {"label": 8, "event": "S", "tstamp": 0.0, "dist": 0.3967733940820943}}}, "_child1": {"label": 2, "event": "S", "tstamp": 0.0, "dist": 0.5085490211057844}}}