{"label": 1, "event": "S", "reconc": 1, "tstamp": 0.9783759252905144, "transferred": 0, "dist": 0.0, "_child0": {"label": 3, "event": "H", "reconc": [1, 5], "tstamp": 0.8361376788263677, "transferred": 0, "dist": 0.12166350472519082, "_child0": {"label": 8, "event": "S", "reconc": 5, "tstamp": 0.22024210215658094, "transferred": 1, "dist": 0.6289358868056336, "_child0": {"label": 18, "event": "S", "reconc": 11, "tstamp": 0.1495620144413232, "transferred": 0, "dist": 0.0530094448393581, "_child0": {"label": 22, "event": "S", "reconc": 12, "tstamp": 0.0, "transferred": 0, "dist": 0.0946378395425781}, "_child1": {"label": 23, "event": "S", "reconc": 13, "tstamp": 0.0, "transferred": 0, "dist": 0.24667298034738072}}, "_child1": {"label": 19, "event": "S", "reconc": 10, "tstamp": 0.11658254733814144, "transferred": 0, "dist": 0.18408474324071192, "_child0": {"label": 27, "event": "H", "reconc": [10, 14], "tstamp": 0.07908260292960242, "transferred": 0, "dist": 0.026233203276000597, "_child0": {"label": 28, "event": "D", "reconc": [10, 14], "tstamp": 0.0301214137912967, "transferred": 0, "dist": 0.034250952836277195, "_child0": {"label": 34, "event": "D", "reconc": [10, 14], "tstamp": 0.021501192432366534, "transferred": 0, "dist": 0.008865252286487636, "_child0": {"label": 36, "event": "S", "reconc": 14, "tstamp": 0.0, "transferred": 0, "dist": 0.014793983684627098}, "_child1": {"label": 37, "event": "S", "reconc": 14, "tstamp": 0.0, "transferred": 0, "dist": 0.050576381679444074}}, "_child1": {"label": 35, "event": "S", "reconc": 14, "tstamp": 0.0, "transferred": 0, "dist": 0.04950947237140472}}, "_child1": {"label": 29, "event": "S", "reconc": 9, "tstamp": 0.0, "transferred": 1, "dist": 0.5245219995877406}}, "_child1": {"label": 26, "event": "S", "reconc": 15, "tstamp": 0.04562348754861802, "transferred": 0, "dist": 0.08319907937136564, "_child0": {"label": 32, "event": "S", "reconc": 16, "tstamp": 0.011169855382824173, "transferred": 0, "dist": 0.08053241811228334, "_child0": {"label": 40, "event": "S", "reconc": 18, "tstamp": 0.0, "transferred": 0, "dist": 0.006885674054775472}, "_child1": {"label": 41, "event": "S", "reconc": 19, "tstamp": 0.0, "transferred": 0, "dist": 0.010822360043381978}}, "_child1": {"label": 33, "event": "S", "reconc": 17, "tstamp": 0.0, "transferred": 0, "dist": 0.06991432512840204}}}}, "_child1": {"label": 5, "event": "S", "reconc": 5, "tstamp": 0.22024210215658094, "transferred": 0, "dist": 0.5268063707553964, "_child0": {"label": 16, "event": "S", "reconc": 11, "tstamp": 0.1495620144413232, "transferred": 0, "dist": 0.04491026394833891, "_child0": {"label": 20, "event": "S", "reconc": 12, "tstamp": 0.0, "transferred": 0, "dist": 0.08759330441847056}, "_child1": {"label": 21, "event": "S", "reconc": 13, "tstamp": 0.0, "transferred": 0, "dist": 0.08659376764856912}}, "_child1": {"label": 17, "event": "S", "reconc": 10, "tstamp": 0.11658254733814144, "transferred": 0, "dist": 0.07244683477293003, "_child0": {"label": 24, "event": "S", "reconc": 15, "tstamp": 0.04562348754861802, "transferred": 0, "dist": 0.051833895684116525, "_child0": {"label": 30, "event": "S", "reconc": 16, "tstamp": 0.011169855382824173, "transferred": 0, "dist": 0.02341515311124749, "_child0": {"label": 38, "event": "S", "reconc": 18, "tstamp": 0.0, "transferred": 0, "dist": 0.006838496113246563}, "_child1": {"label": 39, "event": "S", "reconc": 19, "tstamp": 0.0, "transferred": 0, "dist": 0.007182531603371669}}, "_child1": {"label": 31, "event": "S", "reconc": 17, "tstamp": 0.0, "transferred": 0, "dist": 0.03236121073116561}}, "_child1": {"label": 25, "event": "S", "reconc": 14, "tstamp": 0.0, "transferred": 0, "dist": 0.0801963059068185}}}}, "_child1": {"label": 4, "event": "H", "reconc": [1, 3], "tstamp": 0.4395926583235039, "transferred": 0, "dist": 0.7238104152358916, "_child0": {"label": 9, "event": "S", "reconc": 3, "tstamp": 0.361947038738749, "transferred": 0, "dist": 0.10431041867588416, "_child0": {"label": 11, "event": "H", "reconc": [3, 9], "tstamp": 0.35131034383671955, "transferred": 0, "dist": 0.018525951031675637, "_child0": {"label": 14, "event": "S", "reconc": 9, "tstamp": 0.0, "transferred": 0, "dist": 0.6118778705966662}, "_child1": {"label": 15, "event": "S", "reconc": 6, "tstamp": 0.0, "transferred": 1, "dist": 0.8065642793568086}}, "_child1": {"label": 12, "event": "S", "reconc": 8, "tstamp": 0.0, "transferred": 0, "dist": 0.6320530971908593}}, "_child1": {"label": 10, "event": "S", "reconc": 4, "tstamp": 0.0, "transferred": 1, "dist": 0.5336327805376342}}, "_child2": {"label": 2, "event": "S", "reconc": 4, "tstamp": 0.0, "transferred": 0, "dist": 1.181515885295919}}