{"label": 1, "event": "S", "reconc": 1, "tstamp": 0.9341937917565283, "transferred": 0, "dist": 0.0, "_child0": {"label": 2, "event": "S", "reconc": 2, "tstamp": 0.9313805848680512, "transferred": 0, "dist": 0.0022777407660914714, "_child0": {"label": 4, "event": "S", "reconc": 5, "tstamp": 0.8119198914916443, "transferred": 0, "dist": 0.10797135617822416, "_child0": {"label": 6, "event": "S", "reconc": 7, "tstamp": 0.7435085829878006, "transferred": 0, "dist": 0.06451618164000518, "_child0": {"label": 8, "event": "H", "reconc": [7, 8], "tstamp": 0.6379600601662991, "transferred": 0, "dist": 0.08613010649000752, "_child0": {"label": 11, "event": "S", "reconc": 4, "tstamp": 0.615121815063977, "transferred": 1, "dist": 0.08410254062097242, "_child0": {"label": 18, "event": "S", "reconc": 13, "tstamp": 0.46912528047199786, "transferred": 0, "dist": 0.3038520423955171, "_child0": {"label": 28, "event": "S", "reconc": 15, "tstamp": 0.3098478001471535, "transferred": 0, "dist": 0.5126349073385897, "_child0": {"label": 32, "event": "S", "reconc": 16, "tstamp": 0.0, "transferred": 0, "dist": 0.9808936057622846}, "_child1": {"label": 33, "event": "S", "reconc": 17, "tstamp": 0.0, "transferred": 0, "dist": 2.883122018698067}}, "_child1": {"label": 29, "event": "S", "reconc": 14, "tstamp": 0.0, "transferred": 0, "dist": 1.1671752101616375}}, "_child1": {"label": 15, "event": "S", "reconc": 11, "tstamp": 0.0, "transferred": 0, "dist": 0.5427856712976162}}, "_child1": {"label": 10, "event": "S", "reconc": 8, "tstamp": 0.28645245738949343, "transferred": 0, "dist": 0.28683856912345224, "_child0": {"label": 34, "event": "D", "reconc": [8, 19], "tstamp": 0.24101210749954607, "transferred": 0, "dist": 0.030148310384615722, "_child0": {"label": 36, "event": "S", "reconc": 19, "tstamp": 0.20476814880364522, "transferred": 0, "dist": 0.024046780427035064, "_child0": {"label": 42, "event": "S", "reconc": 22, "tstamp": 0.0, "transferred": 0, "dist": 0.13595320131645827}, "_child1": {"label": 53, "event": "S", "reconc": 25, "tstamp": 0.0, "transferred": 0, "dist": 0.09431215148031191}}, "_child1": {"label": 37, "event": "S", "reconc": 19, "tstamp": 0.20476814880364522, "transferred": 0, "dist": 0.04665641736059102, "_child0": {"label": 45, "event": "S", "reconc": 23, "tstamp": 0.0, "transferred": 0, "dist": 0.14737621681143537}, "_child1": {"label": 41, "event": "S", "reconc": 21, "tstamp": 0.0549341796880915, "transferred": 0, "dist": 0.25308467247451705, "_child0": {"label": 54, "event": "S", "reconc": 24, "tstamp": 0.0, "transferred": 0, "dist": 0.039412148675937037}, "_child1": {"label": 55, "event": "S", "reconc": 25, "tstamp": 0.0, "transferred": 0, "dist": 0.022547668160429673}}}}, "_child1": {"label": 35, "event": "D", "reconc": [8, 18], "tstamp": 0.15454615005577288, "transferred": 0, "dist": 0.09304868100530647, "_child0": {"label": 46, "event": "S", "reconc": 18, "tstamp": 0.0, "transferred": 0, "dist": 0.10901916449496157}, "_child1": {"label": 47, "event": "S", "reconc": 18, "tstamp": 0.0, "transferred": 0, "dist": 0.11000398365482167}}}}, "_child1": {"label": 24, "event": "S", "reconc": 9, "tstamp": 0.0, "transferred": 0, "dist": 0.5180518352191983}}, "_child1": {"label": 7, "event": "D", "reconc": [5, 6], "tstamp": 0.01103912280411829, "transferred": 0, "dist": 0.7313117785680672, "_child0": {"label": 56, "event": "S", "reconc": 6, "tstamp": 0.0, "transferred": 0, "dist": 0.011916668603333059}, "_child1": {"label": 57, "event": "S", "reconc": 6, "tstamp": 0.0, "transferred": 0, "dist": 0.012352091065019243}}}, "_child1": {"label": 5, "event": "S", "reconc": 4, "tstamp": 0.615121815063977, "transferred": 0, "dist": 0.26055420440576893, "_child0": {"label": 12, "event": "S", "reconc": 10, "tstamp": 0.5452125649990587, "transferred": 0, "dist": 0.062629663704553, "_child0": {"label": 17, "event": "D", "reconc": [10, 12], "tstamp": 0.5424099674676488, "transferred": 0, "dist": 0.0031812560981160963, "_child0": {"label": 21, "event": "D", "reconc": [10, 12], "tstamp": 0.1321714186507766, "transferred": 0, "dist": 0.46566582268037615, "_child0": {"label": 48, "event": "D", "reconc": [10, 12], "tstamp": 0.0034757420076040714, "transferred": 0, "dist": 0.14608373180015957, "_child0": {"label": 58, "event": "S", "reconc": 12, "tstamp": 0.0, "transferred": 0, "dist": 0.003945349031834147}, "_child1": {"label": 59, "event": "S", "reconc": 12, "tstamp": 0.0, "transferred": 0, "dist": 0.003945349031834147}}, "_child1": {"label": 49, "event": "S", "reconc": 12, "tstamp": 0.0, "transferred": 0, "dist": 0.6232488686700668}}, "_child1": {"label": 20, "event": "D", "reconc": [10, 12], "tstamp": 0.08689128690917661, "transferred": 0, "dist": 0.5170637467890157, "_child0": {"label": 50, "event": "S", "reconc": 12, "tstamp": 0.0, "transferred": 0, "dist": 0.26037857293526284}, "_child1": {"label": 51, "event": "S", "reconc": 12, "tstamp": 0.0, "transferred": 0, "dist": 0.09863115672335424}}}, "_child1": {"label": 16, "event": "S", "reconc": 13, "tstamp": 0.46912528047199786, "transferred": 0, "dist": 0.07910798976879052, "_child0": {"label": 26, "event": "S", "reconc": 15, "tstamp": 0.3098478001471535, "transferred": 0, "dist": 0.20306111632453336, "_child0": {"label": 30, "event": "S", "reconc": 16, "tstamp": 0.0, "transferred": 0, "dist": 0.48635130055893727}, "_child1": {"label": 31, "event": "S", "reconc": 17, "tstamp": 0.0, "transferred": 0, "dist": 0.38712191295622234}}, "_child1": {"label": 27, "event": "S", "reconc": 14, "tstamp": 0.0, "transferred": 0, "dist": 0.6211233661796927}}}, "_child1": {"label": 13, "event": "S", "reconc": 11, "tstamp": 0.0, "transferred": 0, "dist": 0.4932717792241432}}}, "_child1": {"label": 3, "event": "D", "reconc": [1, 3], "tstamp": 0.5040558226312595, "transferred": 0, "dist": 0.28394173331851, "_child0": {"label": 22, "event": "S", "reconc": 3, "tstamp": 0.0, "transferred": 0, "dist": 0.33273622474728753}, "_child1": {"label": 23, "event": "S", "reconc": 3, "tstamp": 0.0, "transferred": 0, "dist": 0.33273622474728753}}}