{"label": 0, "event": null, "tstamp": 1.0, "dist": 0.0, "_child0": {"label": 1, "event": "S", "tstamp": 0.6850140155375859, "dist": 0.3149859844624141, "_child0": {"label": 3, "event": "S", "tstamp": 0.6620813290909988, "dist": 0.02293268644658708, "_child0": {"label": 5, "event": "S", "tstamp": 0.654404370244346, "dist": 0.00767695884665287, "_child0": {"label": 8, "event": "S", "tstamp": 0.0, "dist": 0.654404370244346}, "_child1": {"label": 9, "event": "S", "tstamp": 0.2726162681672922, "dist": 0.38178810207705377, "_child0": {"label": 10, "event": "S", "tstamp": 0.0, "dist": 0.2726162681672922}, "_child1": {"label": 11, "event": "S", "tstamp": 0.0, "dist": 0.2726162681672922}}, "_child2": {"label": 6, "event": "S", "tstamp": 0.25584124177805495, "dist": 0.398563128466291, "_child0": {"label": 13, "event": "S", "tstamp": 0.2436113297558075, "dist": 0.012229912022247463, "_child0": {"label": 15, "event": "S", "tstamp": 0.13799524997498505, "dist": 0.10561607978082244, "_child0": {"label": 16, "event": "S", "tstamp": 0.0, "dist": 0.13799524997498505}, "_child1": {"label": 17, "event": "S", "tstamp": 0.0, "dist": 0.13799524997498505}}, "_child1": {"label": 14, "event": "S", "tstamp": 0.0474070999953753, "dist": 0.1962042297604322, "_child0": {"label": 18, "event": "S", "tstamp": 0.0, "dist": 0.0474070999953753}, "_child1": {"label": 19, "event": "S", "tstamp": 0.0, "dist": 0.0474070999953753}}}, "_child1": {"label": 12, "event": "S", "tstamp": 0.0, "dist": 0.25584124177805495}}}, "_child1": {"label": 4, "event": "S", "tstamp": 0.0, "dist": 0.6620813290909988}}, "_child1": {"label": 2, "event": "S", "tstamp": 0.0, "dist": 0.6850140155375859}}}