{"label": 0, "event": null, "tstamp": 1.0, "dist": 0.0, "_child0": {"label": 1, "event": "S", "tstamp": 0.8536583561037316, "dist": 0.14634164389626836, "_child0": {"label": 2, "event": "S", "tstamp": 0.7237573869049689, "dist": 0.1299009691987627, "_child0": {"label": 5, "event": "S", "tstamp": 0.6334306870409175, "dist": 0.0903266998640514, "_child0": {"label": 7, "event": "S", "tstamp": 0.5631293515658727, "dist": 0.0703013354750448, "_child0": {"label": 9, "event": "S", "tstamp": 0.2934693023133709, "dist": 0.26966004925250187, "_child0": {"label": 15, "event": "S", "tstamp": 0.1011245225964947, "dist": 0.1923447797168762, "_child0": {"label": 16, "event": "S", "tstamp": 0.0, "dist": 0.1011245225964947}, "_child1": {"label": 17, "event": "S", "tstamp": 0.0, "dist": 0.1011245225964947}}, "_child1": {"label": 14, "event": "S", "tstamp": 0.0, "dist": 0.2934693023133709}}, "_child1": {"label": 8, "event": "S", "tstamp": 0.0977660861840799, "dist": 0.46536326538179285, "_child0": {"label": 18, "event": "S", "tstamp": 0.0, "dist": 0.0977660861840799}, "_child1": {"label": 19, "event": "S", "tstamp": 0.0, "dist": 0.0977660861840799}}}, "_child1": {"label": 6, "event": "S", "tstamp": 0.0, "dist": 0.6334306870409175}}, "_child1": {"label": 4, "event": "S", "tstamp": 0.4885681314657293, "dist": 0.23518925543923963, "_child0": {"label": 10, "event": "S", "tstamp": 0.4647964333389273, "dist": 0.02377169812680202, "_child0": {"label": 12, "event": "S", "tstamp": 0.0, "dist": 0.4647964333389273}, "_child1": {"label": 13, "event": "S", "tstamp": 0.0, "dist": 0.4647964333389273}}, "_child1": {"label": 11, "event": "S", "tstamp": 0.0, "dist": 0.4885681314657293}}}, "_child1": {"label": 3, "event": "S", "tstamp": 0.0, "dist": 0.8536583561037316}}}