{"label": 1, "event": "S", "reconc": 1, "tstamp": 0.8536583561037316, "transferred": 0, "dist": 0.0, "_child0": {"label": 2, "event": "S", "reconc": 2, "tstamp": 0.7237573869049689, "transferred": 0, "dist": 0.10595656431886118, "_child0": {"label": 4, "event": "S", "reconc": 5, "tstamp": 0.6334306870409175, "transferred": 0, "dist": 0.063430795709502, "_child0": {"label": 6, "event": "D", "reconc": [5, 7], "tstamp": 0.5910257183141441, "transferred": 0, "dist": 0.028727727183518154, "_child0": {"label": 8, "event": "S", "reconc": 7, "tstamp": 0.5631293515658727, "transferred": 0, "dist": 0.02522822823097926, "_child0": {"label": 10, "event": "S", "reconc": 9, "tstamp": 0.2934693023133709, "transferred": 0, "dist": 0.8258768160247725, "_child0": {"label": 19, "event": "D", "reconc": [9, 14], "tstamp": 0.2242370177766751, "transferred": 0, "dist": 0.1458396828387656, "_child0": {"label": 22, "event": "S", "reconc": 14, "tstamp": 0.0, "transferred": 0, "dist": 0.15725898343112732}, "_child1": {"label": 23, "event": "S", "reconc": 14, "tstamp": 0.0, "transferred": 0, "dist": 0.20274460855077744}}, "_child1": {"label": 18, "event": "S", "reconc": 15, "tstamp": 0.1011245225964947, "transferred": 0, "dist": 0.11940498093856325, "_child0": {"label": 29, "event": "D", "reconc": [15, 17], "tstamp": 0.07632682247265406, "transferred": 0, "dist": 0.018009059672311273, "_child0": {"label": 38, "event": "S", "reconc": 17, "tstamp": 0.0, "transferred": 0, "dist": 0.04257460875304516}, "_child1": {"label": 39, "event": "S", "reconc": 17, "tstamp": 0.0, "transferred": 0, "dist": 0.07381225758712476}}, "_child1": {"label": 28, "event": "S", "reconc": 16, "tstamp": 0.0, "transferred": 0, "dist": 0.11444836072223798}}}, "_child1": {"label": 11, "event": "S", "reconc": 8, "tstamp": 0.0977660861840799, "transferred": 0, "dist": 1.5466873322919248, "_child0": {"label": 32, "event": "S", "reconc": 18, "tstamp": 0.0, "transferred": 0, "dist": 0.06845150280807037}, "_child1": {"label": 33, "event": "S", "reconc": 19, "tstamp": 0.0, "transferred": 0, "dist": 0.10695761117599127}}}, "_child1": {"label": 9, "event": "S", "reconc": 7, "tstamp": 0.5631293515658727, "transferred": 0, "dist": 0.03230769427843747, "_child0": {"label": 12, "event": "S", "reconc": 9, "tstamp": 0.2934693023133709, "transferred": 0, "dist": 0.2187184075273587, "_child0": {"label": 20, "event": "H", "reconc": [9, 15], "tstamp": 0.14352175115668075, "transferred": 0, "dist": 0.16814650490163183, "_child0": {"label": 24, "event": "S", "reconc": 15, "tstamp": 0.1011245225964947, "transferred": 0, "dist": 0.04754292914368053, "_child0": {"label": 30, "event": "S", "reconc": 16, "tstamp": 0.0, "transferred": 0, "dist": 0.10451913629008436}, "_child1": {"label": 31, "event": "S", "reconc": 17, "tstamp": 0.0, "transferred": 0, "dist": 0.06794396628676251}}, "_child1": {"label": 25, "event": "S", "reconc": 11, "tstamp": 0.0, "transferred": 1, "dist": 0.1413402249887972}}, "_child1": {"label": 21, "event": "S", "reconc": 14, "tstamp": 0.0, "transferred": 0, "dist": 0.19272493612016783}}, "_child1": {"label": 13, "event": "D", "reconc": [7, 8], "tstamp": 0.11669195835274676, "transferred": 0, "dist": 0.31695123586744733, "_child0": {"label": 26, "event": "S", "reconc": 8, "tstamp": 0.0977660861840799, "transferred": 0, "dist": 0.018199691925091566, "_child0": {"label": 34, "event": "S", "reconc": 18, "tstamp": 0.0, "transferred": 0, "dist": 0.06224256097878203}, "_child1": {"label": 35, "event": "S", "reconc": 19, "tstamp": 0.0, "transferred": 0, "dist": 0.2453786911012164}}, "_child1": {"label": 27, "event": "S", "reconc": 8, "tstamp": 0.0977660861840799, "transferred": 0, "dist": 0.02615236167111466, "_child0": {"label": 36, "event": "S", "reconc": 18, "tstamp": 0.0, "transferred": 0, "dist": 0.06571560922662897}, "_child1": {"label": 37, "event": "S", "reconc": 19, "tstamp": 0.0, "transferred": 0, "dist": 0.06783402343627075}}}}}, "_child1": {"label": 7, "event": "S", "reconc": 6, "tstamp": 0.0, "transferred": 0, "dist": 0.39789848183239607}}, "_child1": {"label": 5, "event": "S", "reconc": 4, "tstamp": 0.4885681314657293, "transferred": 0, "dist": 0.16885483260812992, "_child0": {"label": 14, "event": "S", "reconc": 10, "tstamp": 0.4647964333389273, "transferred": 0, "dist": 0.015955695019340962, "_child0": {"label": 16, "event": "S", "reconc": 12, "tstamp": 0.0, "transferred": 0, "dist": 0.27702691464087864}, "_child1": {"label": 17, "event": "S", "reconc": 13, "tstamp": 0.0, "transferred": 0, "dist": 0.2581202682238761}}, "_child1": {"label": 15, "event": "S", "reconc": 11, "tstamp": 0.0, "transferred": 0, "dist": 0.33158709649566437}}}, "_child1": {"label": 3, "event": "S", "reconc": 3, "tstamp": 0.0, "transferred": 0, "dist": 0.8611062811481978}}