{"label": 1, "event": "S", "reconc": 1, "tstamp": 0.9821138641942461, "transferred": 0, "dist": 0.0, "_child0": {"label": 2, "event": "S", "reconc": 3, "tstamp": 0.9745543813071819, "transferred": 0, "dist": 0.006912673868662451, "_child0": {"label": 6, "event": "S", "reconc": 6, "tstamp": 0.7243171582049422, "transferred": 0, "dist": 0.21118453577248059, "_child0": {"label": 8, "event": "S", "reconc": 9, "tstamp": 0.5697449489804347, "transferred": 0, "dist": 0.14539341163422362, "_child0": {"label": 12, "event": "S", "reconc": 11, "tstamp": 0.5176399933184217, "transferred": 0, "dist": 0.054644620181945575, "_child0": {"label": 15, "event": "H", "reconc": [11, 13], "tstamp": 0.44547176974496666, "transferred": 0, "dist": 0.08674770938323764, "_child0": {"label": 34, "event": "S", "reconc": 16, "tstamp": 0.0, "transferred": 1, "dist": 3.211058229358042}, "_child1": {"label": 20, "event": "H", "reconc": [11, 13], "tstamp": 0.29582212002170505, "transferred": 0, "dist": 0.1798819990391418, "_child0": {"label": 47, "event": "S", "reconc": 13, "tstamp": 0.0, "transferred": 0, "dist": 0.3555843559133287}, "_child1": {"label": 48, "event": "S", "reconc": 20, "tstamp": 0.0, "transferred": 1, "dist": 0.539354526941962}}}, "_child1": {"label": 14, "event": "S", "reconc": 12, "tstamp": 0.0, "transferred": 0, "dist": 0.6122210408633609}}, "_child1": {"label": 13, "event": "H", "reconc": [9, 10], "tstamp": 0.48449561379932315, "transferred": 0, "dist": 0.08534746638457394, "_child0": {"label": 18, "event": "S", "reconc": 10, "tstamp": 0.38949021997535455, "transferred": 0, "dist": 0.09511475530592689, "_child0": {"label": 23, "event": "S", "reconc": 21, "tstamp": 0.2072923047578611, "transferred": 0, "dist": 0.18614996145191345, "_child0": {"label": 52, "event": "H", "reconc": [21, 23], "tstamp": 0.16219999917378244, "transferred": 0, "dist": 0.05101763519924305, "_child0": {"label": 57, "event": "S", "reconc": 23, "tstamp": 0.04912544775633457, "transferred": 0, "dist": 0.1279330506571009, "_child0": {"label": 69, "event": "S", "reconc": 27, "tstamp": 0.027069172113712146, "transferred": 0, "dist": 0.025515451208300996, "_child0": {"label": 71, "event": "S", "reconc": 28, "tstamp": 0.0, "transferred": 0, "dist": 0.029807668037808037}, "_child1": {"label": 72, "event": "S", "reconc": 29, "tstamp": 0.0, "transferred": 0, "dist": 0.032161845508904656}}, "_child1": {"label": 70, "event": "S", "reconc": 26, "tstamp": 0.0, "transferred": 0, "dist": 0.05547229511112554}}, "_child1": {"label": 58, "event": "S", "reconc": 13, "tstamp": 0.0, "transferred": 1, "dist": 0.98020825537634}}, "_child1": {"label": 51, "event": "S", "reconc": 22, "tstamp": 0.085786006427994, "transferred": 0, "dist": 0.13231733660548667, "_child0": {"label": 63, "event": "S", "reconc": 24, "tstamp": 0.0, "transferred": 0, "dist": 0.08569265149203682}, "_child1": {"label": 64, "event": "S", "reconc": 25, "tstamp": 0.0, "transferred": 0, "dist": 0.09120057241037016}}}, "_child1": {"label": 24, "event": "H", "reconc": [10, 15], "tstamp": 0.0962928739353046, "transferred": 0, "dist": 0.25896585727724664, "_child0": {"label": 59, "event": "S", "reconc": 15, "tstamp": 0.0, "transferred": 0, "dist": 0.08505045146261224}, "_child1": {"label": 60, "event": "S", "reconc": 2, "tstamp": 0.0, "transferred": 1, "dist": 0.12963499771908732}}, "_child2": {"label": 22, "event": "S", "reconc": 20, "tstamp": 0.0, "transferred": 0, "dist": 0.41002522211788195}}, "_child1": {"label": 19, "event": "S", "reconc": 4, "tstamp": 0.3789441867113298, "transferred": 1, "dist": 0.09955181332511766, "_child0": {"label": 31, "event": "S", "reconc": 17, "tstamp": 0.3709132494980647, "transferred": 0, "dist": 0.011751204314116241, "_child0": {"label": 43, "event": "H", "reconc": [17, 18], "tstamp": 0.1837607123883791, "transferred": 0, "dist": 0.6151343281270207, "_child0": {"label": 55, "event": "S", "reconc": 18, "tstamp": 0.0, "transferred": 0, "dist": 0.5836967734884361}, "_child1": {"label": 56, "event": "S", "reconc": 2, "tstamp": 0.0, "transferred": 1, "dist": 0.20295778735539907}}, "_child1": {"label": 44, "event": "S", "reconc": 19, "tstamp": 0.0, "transferred": 0, "dist": 0.4202519584180726}}, "_child1": {"label": 32, "event": "S", "reconc": 16, "tstamp": 0.0, "transferred": 0, "dist": 0.6733022408202172}}}}, "_child1": {"label": 9, "event": "S", "reconc": 8, "tstamp": 0.0, "transferred": 0, "dist": 0.5487511959804018}}, "_child1": {"label": 5, "event": "D", "reconc": [3, 4], "tstamp": 0.49506567448455996, "transferred": 0, "dist": 0.4497539364819946, "_child0": {"label": 16, "event": "S", "reconc": 4, "tstamp": 0.3789441867113298, "transferred": 0, "dist": 0.1089203885160035, "_child0": {"label": 28, "event": "D", "reconc": [4, 16], "tstamp": 0.37574917831904214, "transferred": 0, "dist": 0.0036561641410208902, "_child0": {"label": 35, "event": "D", "reconc": [4, 16], "tstamp": 0.09368471158376329, "transferred": 0, "dist": 2.2071262227284145, "_child0": {"label": 61, "event": "D", "reconc": [4, 16], "tstamp": 0.06358097773610044, "transferred": 0, "dist": 0.08157546782131564, "_child0": {"label": 67, "event": "S", "reconc": 16, "tstamp": 0.0, "transferred": 0, "dist": 0.10626006181864309}, "_child1": {"label": 68, "event": "S", "reconc": 16, "tstamp": 0.0, "transferred": 0, "dist": 0.07468471937489086}}, "_child1": {"label": 62, "event": "S", "reconc": 16, "tstamp": 0.0, "transferred": 0, "dist": 0.15077388396565733}}, "_child1": {"label": 36, "event": "D", "reconc": [4, 16], "tstamp": 0.08525709805488754, "transferred": 0, "dist": 0.3324206376659636, "_child0": {"label": 65, "event": "S", "reconc": 16, "tstamp": 0.0, "transferred": 0, "dist": 0.09756279370915598}, "_child1": {"label": 66, "event": "S", "reconc": 16, "tstamp": 0.0, "transferred": 0, "dist": 0.09756279370915598}}}, "_child1": {"label": 40, "event": "H", "reconc": [17, 19], "tstamp": 0.201334698256458, "transferred": 0, "dist": 0.1998540477667335, "_child0": {"label": 53, "event": "S", "reconc": 19, "tstamp": 0.0, "transferred": 0, "dist": 0.22806616698637466}, "_child1": {"label": 54, "event": "S", "reconc": 2, "tstamp": 0.0, "transferred": 1, "dist": 0.4062341027930544}}}, "_child1": {"label": 17, "event": "S", "reconc": 4, "tstamp": 0.3789441867113298, "transferred": 0, "dist": 0.11134671641266704, "_child0": {"label": 42, "event": "S", "reconc": 19, "tstamp": 0.0, "transferred": 0, "dist": 0.45174302465095767}, "_child1": {"label": 30, "event": "S", "reconc": 16, "tstamp": 0.0, "transferred": 0, "dist": 0.4515450783422408}}}}, "_child1": {"label": 3, "event": "H", "reconc": [1, 2], "tstamp": 0.6207935825317613, "transferred": 0, "dist": 0.3244605867877917, "_child0": {"label": 11, "event": "S", "reconc": 4, "tstamp": 0.3789441867113298, "transferred": 1, "dist": 0.23558550824557897, "_child0": {"label": 38, "event": "S", "reconc": 19, "tstamp": 0.0, "transferred": 0, "dist": 0.8898883803843032}, "_child1": {"label": 26, "event": "S", "reconc": 16, "tstamp": 0.0, "transferred": 0, "dist": 1.1357566088943687}}, "_child1": {"label": 10, "event": "S", "reconc": 2, "tstamp": 0.0, "transferred": 0, "dist": 0.5574640015655231}}}