{"label": 0, "event": null, "tstamp": 1.0, "dist": 0.0, "_child0": {"label": 1, "event": "S", "tstamp": 0.871489302011325, "dist": 0.12851069798867498, "_child0": {"label": 2, "event": "S", "tstamp": 0.7558122666657942, "dist": 0.11567703534553087, "_child0": {"label": 4, "event": "S", "tstamp": 0.6046047755992771, "dist": 0.1512074910665171, "_child0": {"label": 6, "event": "S", "tstamp": 0.5206221756025508, "dist": 0.0839825999967263, "_child0": {"label": 8, "event": "S", "tstamp": 0.0, "dist": 0.5206221756025508}, "_child1": {"label": 9, "event": "S", "tstamp": 0.0, "dist": 0.5206221756025508}}, "_child1": {"label": 7, "event": "S", "tstamp": 0.31909735295887776, "dist": 0.2855074226403993, "_child0": {"label": 11, "event": "S", "tstamp": 0.15506386202620753, "dist": 0.16403349093267022, "_child0": {"label": 12, "event": "S", "tstamp": 0.009647489366965778, "dist": 0.14541637265924176, "_child0": {"label": 18, "event": "S", "tstamp": 0.0, "dist": 0.009647489366965778}, "_child1": {"label": 19, "event": "S", "tstamp": 0.0, "dist": 0.009647489366965778}}, "_child1": {"label": 13, "event": "S", "tstamp": 0.0, "dist": 0.15506386202620753}}, "_child1": {"label": 10, "event": "S", "tstamp": 0.0, "dist": 0.31909735295887776}}}, "_child1": {"label": 14, "event": "S", "tstamp": 0.0, "dist": 0.7558122666657942}, "_child2": {"label": 15, "event": "S", "tstamp": 0.06443417802316645, "dist": 0.6913780886426277, "_child0": {"label": 16, "event": "S", "tstamp": 0.0, "dist": 0.06443417802316645}, "_child1": {"label": 17, "event": "S", "tstamp": 0.0, "dist": 0.06443417802316645}}}, "_child1": {"label": 3, "event": "S", "tstamp": 0.0, "dist": 0.871489302011325}}}