{"label": 1, "event": "S", "reconc": 1, "tstamp": 0.9368066769958469, "transferred": 0, "dist": 0.0, "_child0": {"label": 2, "event": "S", "reconc": 3, "tstamp": 0.8915613971706443, "transferred": 0, "dist": 0.04069441319893958, "_child0": {"label": 6, "event": "S", "reconc": 5, "tstamp": 0.7619967884841433, "transferred": 0, "dist": 0.1060109445416658, "_child0": {"label": 8, "event": "H", "reconc": [5, 7], "tstamp": 0.5250512240709502, "transferred": 0, "dist": 0.17338198800684052, "_child0": {"label": 17, "event": "D", "reconc": [1, 2], "tstamp": 0.49598302907374686, "transferred": 1, "dist": 0.02582757340699378, "_child0": {"label": 20, "event": "S", "reconc": 2, "tstamp": 0.09403477200352857, "transferred": 0, "dist": 2.326332276046908, "_child0": {"label": 46, "event": "S", "reconc": 24, "tstamp": 0.0, "transferred": 0, "dist": 0.049734504371940914}, "_child1": {"label": 47, "event": "S", "reconc": 25, "tstamp": 0.0, "transferred": 0, "dist": 0.28793960001139746}}, "_child1": {"label": 21, "event": "S", "reconc": 2, "tstamp": 0.09403477200352857, "transferred": 0, "dist": 0.804804537414034, "_child0": {"label": 48, "event": "S", "reconc": 24, "tstamp": 0.0, "transferred": 0, "dist": 0.04906537788761212}, "_child1": {"label": 49, "event": "S", "reconc": 25, "tstamp": 0.0, "transferred": 0, "dist": 0.051179082353217706}}}, "_child1": {"label": 16, "event": "D", "reconc": [5, 7], "tstamp": 0.3312813910956565, "transferred": 0, "dist": 0.14178868019839252, "_child0": {"label": 36, "event": "S", "reconc": 23, "tstamp": 0.0, "transferred": 0, "dist": 0.2328292163499705}, "_child1": {"label": 27, "event": "S", "reconc": 7, "tstamp": 0.1967042216523871, "transferred": 0, "dist": 0.09847518030646994, "_child0": {"label": 39, "event": "S", "reconc": 23, "tstamp": 0.0, "transferred": 0, "dist": 0.13435403604350057}, "_child1": {"label": 40, "event": "S", "reconc": 22, "tstamp": 0.0, "transferred": 0, "dist": 0.1257691707265045}, "_child2": {"label": 41, "event": "S", "reconc": 20, "tstamp": 0.0, "transferred": 0, "dist": 0.10951582745547563}}}}, "_child1": {"label": 9, "event": "S", "reconc": 6, "tstamp": 0.0, "transferred": 0, "dist": 0.4971162875442349}}, "_child1": {"label": 5, "event": "S", "reconc": 4, "tstamp": 0.6733353543116273, "transferred": 0, "dist": 0.18809049880338902, "_child0": {"label": 10, "event": "S", "reconc": 9, "tstamp": 0.5922983490580842, "transferred": 0, "dist": 0.07083241373421147, "_child0": {"label": 12, "event": "S", "reconc": 10, "tstamp": 0.5538932803260523, "transferred": 0, "dist": 0.030889970529264062, "_child0": {"label": 14, "event": "S", "reconc": 13, "tstamp": 0.5059604077878889, "transferred": 0, "dist": 0.03697666426519317, "_child0": {"label": 19, "event": "H", "reconc": [13, 14], "tstamp": 0.4922420495335107, "transferred": 0, "dist": 0.009507474919617311, "_child0": {"label": 23, "event": "S", "reconc": 15, "tstamp": 0.3172871179123381, "transferred": 1, "dist": 0.12951455052866853, "_child0": {"label": 28, "event": "S", "reconc": 16, "tstamp": 0.0, "transferred": 0, "dist": 0.3181774735078664}, "_child1": {"label": 29, "event": "S", "reconc": 17, "tstamp": 0.0, "transferred": 0, "dist": 0.20266429995810137}}, "_child1": {"label": 22, "event": "S", "reconc": 14, "tstamp": 0.2829680540544808, "transferred": 0, "dist": 0.14503683505349393, "_child0": {"label": 33, "event": "D", "reconc": [14, 19], "tstamp": 0.1211981347484236, "transferred": 0, "dist": 0.0957524692722614, "_child0": {"label": 44, "event": "S", "reconc": 19, "tstamp": 0.0, "transferred": 0, "dist": 0.07173781580120564}, "_child1": {"label": 45, "event": "S", "reconc": 19, "tstamp": 0.0, "transferred": 0, "dist": 0.07173781580120564}}, "_child1": {"label": 32, "event": "S", "reconc": 18, "tstamp": 0.0, "transferred": 0, "dist": 0.19885349420910198}}}, "_child1": {"label": 18, "event": "H", "reconc": [13, 15], "tstamp": 0.33939975388247834, "transferred": 0, "dist": 0.11758307932627235, "_child0": {"label": 24, "event": "S", "reconc": 15, "tstamp": 0.3172871179123381, "transferred": 0, "dist": 0.015610360360776192, "_child0": {"label": 30, "event": "S", "reconc": 16, "tstamp": 0.0, "transferred": 0, "dist": 0.2901736854632562}, "_child1": {"label": 31, "event": "S", "reconc": 17, "tstamp": 0.0, "transferred": 0, "dist": 0.19611387503457317}}, "_child1": {"label": 25, "event": "S", "reconc": 11, "tstamp": 0.0800473508576936, "transferred": 1, "dist": 0.2488815087471216, "_child0": {"label": 54, "event": "S", "reconc": 27, "tstamp": 0.05358646869068248, "transferred": 0, "dist": 0.01151389398230537, "_child0": {"label": 62, "event": "S", "reconc": 28, "tstamp": 0.0, "transferred": 0, "dist": 0.028072138798051986}, "_child1": {"label": 63, "event": "S", "reconc": 29, "tstamp": 0.0, "transferred": 0, "dist": 0.03433386045431878}}, "_child1": {"label": 55, "event": "S", "reconc": 26, "tstamp": 0.0, "transferred": 0, "dist": 0.0357566088387759}}}}, "_child1": {"label": 15, "event": "S", "reconc": 12, "tstamp": 0.0, "transferred": 0, "dist": 0.3805234181508599}}, "_child1": {"label": 13, "event": "S", "reconc": 11, "tstamp": 0.0800473508576936, "transferred": 0, "dist": 0.313848104174971, "_child0": {"label": 53, "event": "H", "reconc": [11, 26], "tstamp": 0.0663191026152079, "transferred": 0, "dist": 0.00544736102380804, "_child0": {"label": 58, "event": "S", "reconc": 26, "tstamp": 0.0, "transferred": 0, "dist": 0.026315381856366938}, "_child1": {"label": 59, "event": "S", "reconc": 24, "tstamp": 0.0, "transferred": 1, "dist": 0.12028102762071645}}, "_child1": {"label": 52, "event": "S", "reconc": 27, "tstamp": 0.05358646869068248, "transferred": 0, "dist": 0.01041715440632126, "_child0": {"label": 60, "event": "S", "reconc": 28, "tstamp": 0.0, "transferred": 0, "dist": 0.021533824829929663}, "_child1": {"label": 61, "event": "S", "reconc": 29, "tstamp": 0.0, "transferred": 0, "dist": 0.021248983110081568}}}}, "_child1": {"label": 11, "event": "S", "reconc": 8, "tstamp": 0.0, "transferred": 0, "dist": 0.6482151087388347}}}, "_child1": {"label": 3, "event": "H", "reconc": [1, 2], "tstamp": 0.19679380207422292, "transferred": 0, "dist": 0.571871171863881, "_child0": {"label": 35, "event": "H", "reconc": [15, 17], "tstamp": 0.1889969381714049, "transferred": 1, "dist": 0.007901514101783294, "_child0": {"label": 42, "event": "S", "reconc": 17, "tstamp": 0.0, "transferred": 0, "dist": 0.19153367184150455}, "_child1": {"label": 43, "event": "S", "reconc": 8, "tstamp": 0.0, "transferred": 1, "dist": 0.1820430385780266}}, "_child1": {"label": 34, "event": "S", "reconc": 2, "tstamp": 0.09403477200352857, "transferred": 0, "dist": 0.0794106818105667, "_child0": {"label": 50, "event": "H", "reconc": [2, 24], "tstamp": 0.07926497864422846, "transferred": 0, "dist": 0.007539914960941307, "_child0": {"label": 56, "event": "S", "reconc": 24, "tstamp": 0.0, "transferred": 0, "dist": 0.04046442518317211}, "_child1": {"label": 57, "event": "S", "reconc": 25, "tstamp": 0.0, "transferred": 1, "dist": 0.051131326256775994}}, "_child1": {"label": 51, "event": "S", "reconc": 25, "tstamp": 0.0, "transferred": 0, "dist": 0.05111243250353189}}}}