{"label": 1, "event": "S", "reconc": 1, "tstamp": 0.9935964846164327, "transferred": 0, "dist": 0.0, "_child0": {"label": 2, "event": "D", "reconc": [1, 4], "tstamp": 0.6470085062909737, "transferred": 0, "dist": 0.3577069751316062, "_child0": {"label": 5, "event": "D", "reconc": [1, 4], "tstamp": 0.3520751238300056, "transferred": 0, "dist": 0.5864934169559367, "_child0": {"label": 11, "event": "H", "reconc": [1, 4], "tstamp": 0.28219773519262364, "transferred": 0, "dist": 0.15229807487973027, "_child0": {"label": 14, "event": "D", "reconc": [7, 8], "tstamp": 0.24603251943899673, "transferred": 1, "dist": 0.03579482630693794, "_child0": {"label": 22, "event": "D", "reconc": [7, 8], "tstamp": 0.01175228259929488, "transferred": 0, "dist": 3.0864062237223293, "_child0": {"label": 43, "event": "S", "reconc": 8, "tstamp": 0.0, "transferred": 0, "dist": 0.01593566793197982}, "_child1": {"label": 44, "event": "S", "reconc": 8, "tstamp": 0.0, "transferred": 0, "dist": 0.01853297200124711}}, "_child1": {"label": 21, "event": "S", "reconc": 8, "tstamp": 0.0, "transferred": 0, "dist": 0.24616390273308367}}, "_child1": {"label": 27, "event": "S", "reconc": 14, "tstamp": 0.0, "transferred": 0, "dist": 0.8270895627326494}}, "_child1": {"label": 12, "event": "S", "reconc": 4, "tstamp": 0.22531125230650717, "transferred": 0, "dist": 0.1536904810780116, "_child0": {"label": 25, "event": "D", "reconc": [4, 14], "tstamp": 0.0781967861182451, "transferred": 0, "dist": 0.18255845665982037, "_child0": {"label": 41, "event": "S", "reconc": 14, "tstamp": 0.0, "transferred": 0, "dist": 0.07446060933045338}, "_child1": {"label": 42, "event": "S", "reconc": 14, "tstamp": 0.0, "transferred": 0, "dist": 0.07857590843053622}}, "_child1": {"label": 26, "event": "S", "reconc": 15, "tstamp": 0.0, "transferred": 0, "dist": 0.5023342121145407}}}, "_child1": {"label": 6, "event": "S", "reconc": 4, "tstamp": 0.22531125230650717, "transferred": 0, "dist": 0.8998846865442451, "_child0": {"label": 23, "event": "S", "reconc": 14, "tstamp": 0.0, "transferred": 0, "dist": 0.6981797553020489}, "_child1": {"label": 24, "event": "S", "reconc": 15, "tstamp": 0.0, "transferred": 0, "dist": 0.22357980940639097}}}, "_child1": {"label": 3, "event": "S", "reconc": 5, "tstamp": 0.4674519473779359, "transferred": 0, "dist": 0.6945232423920361, "_child0": {"label": 7, "event": "D", "reconc": [5, 11], "tstamp": 0.40270539892798685, "transferred": 0, "dist": 0.12342527006087092, "_child0": {"label": 9, "event": "S", "reconc": 11, "tstamp": 0.2713899922675348, "transferred": 0, "dist": 0.25032437895509374, "_child0": {"label": 29, "event": "S", "reconc": 12, "tstamp": 0.0, "transferred": 0, "dist": 0.6665638087224963}, "_child1": {"label": 15, "event": "S", "reconc": 13, "tstamp": 0.1481011933326972, "transferred": 0, "dist": 0.26708528909002865, "_child0": {"label": 31, "event": "S", "reconc": 17, "tstamp": 0.14411960140542157, "transferred": 0, "dist": 0.008673132086654213, "_child0": {"label": 35, "event": "S", "reconc": 18, "tstamp": 0.0, "transferred": 0, "dist": 0.3232583078569065}, "_child1": {"label": 36, "event": "S", "reconc": 19, "tstamp": 0.0, "transferred": 0, "dist": 0.35563253925216837}}, "_child1": {"label": 32, "event": "S", "reconc": 16, "tstamp": 0.0, "transferred": 0, "dist": 0.3186163884938991}}}, "_child1": {"label": 10, "event": "S", "reconc": 11, "tstamp": 0.2713899922675348, "transferred": 0, "dist": 0.25032437895509374, "_child0": {"label": 18, "event": "D", "reconc": [11, 12], "tstamp": 0.26085732564705605, "transferred": 0, "dist": 0.021215605105391305, "_child0": {"label": 19, "event": "S", "reconc": 12, "tstamp": 0.0, "transferred": 0, "dist": 0.5875959961382607}, "_child1": {"label": 20, "event": "S", "reconc": 12, "tstamp": 0.0, "transferred": 0, "dist": 0.5254363599637841}}, "_child1": {"label": 17, "event": "S", "reconc": 13, "tstamp": 0.1481011933326972, "transferred": 0, "dist": 0.26708528909002865, "_child0": {"label": 33, "event": "S", "reconc": 17, "tstamp": 0.14411960140542157, "transferred": 0, "dist": 0.008673132086654213, "_child0": {"label": 38, "event": "D", "reconc": [17, 19], "tstamp": 0.07997756415682002, "transferred": 0, "dist": 0.15827823111554362, "_child0": {"label": 39, "event": "S", "reconc": 19, "tstamp": 0.0, "transferred": 0, "dist": 0.28629446066933145}, "_child1": {"label": 40, "event": "S", "reconc": 19, "tstamp": 0.0, "transferred": 0, "dist": 0.20437987590956241}}, "_child1": {"label": 37, "event": "S", "reconc": 18, "tstamp": 0.0, "transferred": 0, "dist": 0.3232583078569065}}, "_child1": {"label": 34, "event": "S", "reconc": 16, "tstamp": 0.0, "transferred": 0, "dist": 0.3186163884938991}}}}, "_child1": {"label": 8, "event": "S", "reconc": 10, "tstamp": 0.0, "transferred": 0, "dist": 0.8406873692368431}}}