{"label": 0, "event": null, "tstamp": 1.0, "dist": 0.0, "_child0": {"label": 1, "event": "S", "tstamp": 0.9986722956800518, "dist": 0.0013277043199482197, "_child0": {"label": 4, "event": "S", "tstamp": 0.0, "dist": 0.9986722956800518}, "_child1": {"label": 6, "event": "S", "tstamp": 0.0, "dist": 0.9986722956800518}, "_child2": {"label": 8, "event": "S", "tstamp": 0.0, "dist": 0.9986722956800518}, "_child3": {"label": 9, "event": "S", "tstamp": 0.25515118652702523, "dist": 0.7435211091530265, "_child0": {"label": 11, "event": "S", "tstamp": 0.17661313358556513, "dist": 0.0785380529414601, "_child0": {"label": 13, "event": "S", "tstamp": 0.12743696005610541, "dist": 0.049176173529459716, "_child0": {"label": 15, "event": "S", "tstamp": 0.0837462532017949, "dist": 0.04369070685431051, "_child0": {"label": 17, "event": "S", "tstamp": 0.08227271098939364, "dist": 0.0014735422124012715, "_child0": {"label": 19, "event": "S", "tstamp": 0.016235911208197867, "dist": 0.06603679978119577, "_child0": {"label": 27, "event": "S", "tstamp": 0.015460079686565958, "dist": 0.0007758315216319089, "_child0": {"label": 28, "event": "S", "tstamp": 0.0, "dist": 0.015460079686565958}, "_child1": {"label": 29, "event": "S", "tstamp": 0.0, "dist": 0.015460079686565958}}, "_child1": {"label": 26, "event": "S", "tstamp": 0.0, "dist": 0.016235911208197867}}, "_child1": {"label": 18, "event": "S", "tstamp": 0.0, "dist": 0.08227271098939364}}, "_child1": {"label": 16, "event": "S", "tstamp": 0.027538852439390086, "dist": 0.056207400762404824, "_child0": {"label": 25, "event": "S", "tstamp": 0.0, "dist": 0.027538852439390086}, "_child1": {"label": 24, "event": "S", "tstamp": 0.0, "dist": 0.027538852439390086}, "_child2": {"label": 22, "event": "S", "tstamp": 0.0, "dist": 0.027538852439390086}}}, "_child1": {"label": 14, "event": "S", "tstamp": 0.0, "dist": 0.12743696005610541}}, "_child1": {"label": 12, "event": "S", "tstamp": 0.0, "dist": 0.17661313358556513}}, "_child1": {"label": 10, "event": "S", "tstamp": 0.0, "dist": 0.25515118652702523}}, "_child4": {"label": 2, "event": "S", "tstamp": 0.035333623061932065, "dist": 0.9633386726181197, "_child0": {"label": 20, "event": "S", "tstamp": 0.0, "dist": 0.035333623061932065}, "_child1": {"label": 21, "event": "S", "tstamp": 0.0, "dist": 0.035333623061932065}}}}