{"label": 0, "event": null, "tstamp": 1.0, "dist": 0.0, "_child0": {"label": 1, "event": "S", "tstamp": 0.8955790509871213, "dist": 0.10442094901287868, "_child0": {"label": 3, "event": "S", "tstamp": 0.40231097417107853, "dist": 0.4932680768160428, "_child0": {"label": 5, "event": "S", "tstamp": 0.2285512730301959, "dist": 0.17375970114088263, "_child0": {"label": 7, "event": "S", "tstamp": 0.21422155157466208, "dist": 0.014329721455533823, "_child0": {"label": 8, "event": "S", "tstamp": 0.0, "dist": 0.21422155157466208}, "_child1": {"label": 9, "event": "S", "tstamp": 0.0, "dist": 0.21422155157466208}}, "_child1": {"label": 6, "event": "S", "tstamp": 0.0, "dist": 0.2285512730301959}}, "_child1": {"label": 4, "event": "S", "tstamp": 0.0, "dist": 0.40231097417107853}}, "_child1": {"label": 2, "event": "S", "tstamp": 0.0, "dist": 0.8955790509871213}}}