{"label": 1, "event": "S", "reconc": 1, "tstamp": 0.9273549348903949, "transferred": 0, "dist": 0.0, "_child0": {"label": 5, "event": "S", "reconc": 3, "tstamp": 0.6581793888541148, "transferred": 1, "dist": 0.49160296571067097, "_child0": {"label": 18, "event": "S", "reconc": 13, "tstamp": 0.5165030968545965, "transferred": 0, "dist": 0.4072543216758904, "_child0": {"label": 22, "event": "S", "reconc": 15, "tstamp": 0.363725888454534, "transferred": 0, "dist": 0.9787747595560434, "_child0": {"label": 26, "event": "S", "reconc": 17, "tstamp": 0.30030071082255855, "transferred": 0, "dist": 0.13966180935298633, "_child0": {"label": 36, "event": "D", "reconc": [17, 23], "tstamp": 0.19018001731722667, "transferred": 0, "dist": 0.21304745235518316, "_child0": {"label": 48, "event": "S", "reconc": 23, "tstamp": 0.16155740749548594, "transferred": 0, "dist": 0.2824889630462065, "_child0": {"label": 52, "event": "S", "reconc": 24, "tstamp": 0.0, "transferred": 0, "dist": 0.641689043969445}, "_child1": {"label": 53, "event": "S", "reconc": 25, "tstamp": 0.0, "transferred": 0, "dist": 0.26280588868504845}}, "_child1": {"label": 49, "event": "S", "reconc": 23, "tstamp": 0.16155740749548594, "transferred": 0, "dist": 0.05537536958921395, "_child0": {"label": 54, "event": "D", "reconc": [23, 24], "tstamp": 0.038365988336272666, "transferred": 0, "dist": 0.23395075503683657, "_child0": {"label": 70, "event": "S", "reconc": 24, "tstamp": 0.0, "transferred": 0, "dist": 0.1384501006110119}, "_child1": {"label": 71, "event": "S", "reconc": 24, "tstamp": 0.0, "transferred": 0, "dist": 0.09253331921769042}}, "_child1": {"label": 55, "event": "S", "reconc": 25, "tstamp": 0.0, "transferred": 0, "dist": 0.24165957239933888}}}, "_child1": {"label": 37, "event": "S", "reconc": 22, "tstamp": 0.0, "transferred": 0, "dist": 0.6940262123493354}}, "_child1": {"label": 27, "event": "H", "reconc": [15, 16], "tstamp": 0.24058178758579704, "transferred": 0, "dist": 0.20937621757648614, "_child0": {"label": 43, "event": "S", "reconc": 23, "tstamp": 0.16155740749548594, "transferred": 1, "dist": 0.6823492082205873, "_child0": {"label": 50, "event": "S", "reconc": 24, "tstamp": 0.0, "transferred": 0, "dist": 0.48248409897943556}, "_child1": {"label": 51, "event": "S", "reconc": 25, "tstamp": 0.0, "transferred": 0, "dist": 0.28750326576684965}}, "_child1": {"label": 42, "event": "S", "reconc": 16, "tstamp": 0.0, "transferred": 0, "dist": 0.40905008317204705}}}, "_child1": {"label": 23, "event": "D", "reconc": [13, 14], "tstamp": 0.2962646522332465, "transferred": 0, "dist": 1.0170989198970979, "_child0": {"label": 58, "event": "S", "reconc": 14, "tstamp": 0.0, "transferred": 0, "dist": 0.7848750463646764}, "_child1": {"label": 38, "event": "S", "reconc": 14, "tstamp": 0.0, "transferred": 0, "dist": 0.7503823221357294}}}, "_child1": {"label": 12, "event": "S", "reconc": 9, "tstamp": 0.3259453977011579, "transferred": 0, "dist": 0.5681122992569835, "_child0": {"label": 41, "event": "S", "reconc": 8, "tstamp": 0.0, "transferred": 1, "dist": 7.556280583305409}, "_child1": {"label": 31, "event": "D", "reconc": [9, 21], "tstamp": 0.08080667322933414, "transferred": 0, "dist": 0.5025348403067751, "_child0": {"label": 64, "event": "S", "reconc": 21, "tstamp": 0.0, "transferred": 0, "dist": 0.1654788824282659}, "_child1": {"label": 65, "event": "S", "reconc": 21, "tstamp": 0.0, "transferred": 0, "dist": 0.47339006882716866}}}, "_child2": {"label": 35, "event": "S", "reconc": 8, "tstamp": 0.0, "transferred": 0, "dist": 7.688819215819834}}, "_child1": {"label": 3, "event": "S", "reconc": 3, "tstamp": 0.6581793888541148, "transferred": 0, "dist": 0.39620620809337487, "_child0": {"label": 15, "event": "S", "reconc": 13, "tstamp": 0.5165030968545965, "transferred": 0, "dist": 0.2751369539365661, "_child0": {"label": 25, "event": "D", "reconc": [15, 16], "tstamp": 0.14703150581193597, "transferred": 0, "dist": 0.6557122320893638, "_child0": {"label": 57, "event": "H", "reconc": [15, 16], "tstamp": 0.08038943741819522, "transferred": 0, "dist": 0.1048636404756952, "_child0": {"label": 67, "event": "S", "reconc": 8, "tstamp": 0.0, "transferred": 1, "dist": 0.4416147220851145}, "_child1": {"label": 66, "event": "S", "reconc": 16, "tstamp": 0.0, "transferred": 0, "dist": 0.12649560955489178}}, "_child1": {"label": 56, "event": "S", "reconc": 16, "tstamp": 0.0, "transferred": 0, "dist": 1.539783029092823}}, "_child1": {"label": 21, "event": "D", "reconc": [13, 14], "tstamp": 0.11192014508378373, "transferred": 0, "dist": 0.7774392284109367, "_child0": {"label": 60, "event": "H", "reconc": [13, 14], "tstamp": 0.10060918359411361, "transferred": 0, "dist": 0.17401986980993417, "_child0": {"label": 62, "event": "H", "reconc": [13, 14], "tstamp": 0.03384226604072441, "transferred": 0, "dist": 1.0272133196512419, "_child0": {"label": 73, "event": "S", "reconc": 21, "tstamp": 0.0, "transferred": 1, "dist": 0.27400327232486626}, "_child1": {"label": 72, "event": "S", "reconc": 14, "tstamp": 0.0, "transferred": 0, "dist": 0.5206654390838861}}, "_child1": {"label": 63, "event": "S", "reconc": 27, "tstamp": 0.023261243241293618, "transferred": 1, "dist": 0.0821393650156592, "_child0": {"label": 74, "event": "S", "reconc": 28, "tstamp": 0.0, "transferred": 0, "dist": 0.02360971507047665}, "_child1": {"label": 75, "event": "S", "reconc": 29, "tstamp": 0.0, "transferred": 0, "dist": 0.02568216821511394}}}, "_child1": {"label": 61, "event": "H", "reconc": [13, 14], "tstamp": 0.06856413254308164, "transferred": 0, "dist": 0.0833121237291096, "_child0": {"label": 76, "event": "S", "reconc": 28, "tstamp": 0.0, "transferred": 1, "dist": 0.10133969280959108}, "_child1": {"label": 68, "event": "S", "reconc": 14, "tstamp": 0.0, "transferred": 0, "dist": 0.13175158782062169}}}}, "_child1": {"label": 9, "event": "S", "reconc": 9, "tstamp": 0.3259453977011579, "transferred": 0, "dist": 0.5678366090544599, "_child0": {"label": 29, "event": "D", "reconc": [9, 20], "tstamp": 0.20557340583450845, "transferred": 0, "dist": 0.16754281895144774, "_child0": {"label": 44, "event": "S", "reconc": 20, "tstamp": 0.0, "transferred": 0, "dist": 0.45711536611676407}, "_child1": {"label": 45, "event": "S", "reconc": 20, "tstamp": 0.0, "transferred": 0, "dist": 0.3732433936583552}}, "_child1": {"label": 28, "event": "D", "reconc": [9, 21], "tstamp": 0.19259919041595838, "transferred": 0, "dist": 0.24928482258077755, "_child0": {"label": 46, "event": "S", "reconc": 21, "tstamp": 0.0, "transferred": 0, "dist": 0.3600556475472593}, "_child1": {"label": 47, "event": "S", "reconc": 21, "tstamp": 0.0, "transferred": 0, "dist": 0.3600556475472593}}, "_child2": {"label": 30, "event": "S", "reconc": 18, "tstamp": 0.0, "transferred": 0, "dist": 0.47114755680312537}}, "_child2": {"label": 8, "event": "S", "reconc": 8, "tstamp": 0.0, "transferred": 0, "dist": 1.9794031222860775}}}