{"label": 0, "event": null, "tstamp": 1.0, "dist": 0.0, "_child0": {"label": 1, "event": "S", "tstamp": 0.542976414634246, "dist": 0.45702358536575405, "_child0": {"label": 3, "event": "S", "tstamp": 0.3015545637597249, "dist": 0.24142185087452106, "_child0": {"label": 6, "event": "S", "tstamp": 0.0, "dist": 0.3015545637597249}, "_child1": {"label": 9, "event": "S", "tstamp": 0.0, "dist": 0.3015545637597249}, "_child2": {"label": 8, "event": "S", "tstamp": 0.0, "dist": 0.3015545637597249}, "_child3": {"label": 4, "event": "S", "tstamp": 0.0, "dist": 0.3015545637597249}}, "_child1": {"label": 2, "event": "S", "tstamp": 0.0, "dist": 0.542976414634246}}}