{"label": 0, "event": null, "tstamp": 1.0, "dist": 0.0, "_child0": {"label": 1, "event": "S", "tstamp": 0.8977212715753262, "dist": 0.10227872842467378, "_child0": {"label": 3, "event": "S", "tstamp": 0.8964853180148079, "dist": 0.0012359535605183103, "_child0": {"label": 5, "event": "S", "tstamp": 0.8676235540600031, "dist": 0.028861763954804776, "_child0": {"label": 8, "event": "S", "tstamp": 0.0, "dist": 0.8676235540600031}, "_child1": {"label": 9, "event": "S", "tstamp": 0.5841227345881748, "dist": 0.28350081947182837, "_child0": {"label": 10, "event": "S", "tstamp": 0.4809473920774725, "dist": 0.10317534251070226, "_child0": {"label": 13, "event": "S", "tstamp": 0.2805465586276715, "dist": 0.20040083344980097, "_child0": {"label": 15, "event": "S", "tstamp": 0.117513240054165, "dist": 0.16303331857350653, "_child0": {"label": 16, "event": "S", "tstamp": 0.0, "dist": 0.117513240054165}, "_child1": {"label": 17, "event": "S", "tstamp": 0.0, "dist": 0.117513240054165}}, "_child1": {"label": 14, "event": "S", "tstamp": 0.05606648537467553, "dist": 0.224480073252996, "_child0": {"label": 18, "event": "S", "tstamp": 0.0, "dist": 0.05606648537467553}, "_child1": {"label": 19, "event": "S", "tstamp": 0.0, "dist": 0.05606648537467553}}}, "_child1": {"label": 12, "event": "S", "tstamp": 0.0, "dist": 0.4809473920774725}}, "_child1": {"label": 11, "event": "S", "tstamp": 0.0, "dist": 0.5841227345881748}}, "_child2": {"label": 6, "event": "S", "tstamp": 0.0, "dist": 0.8676235540600031}}, "_child1": {"label": 4, "event": "S", "tstamp": 0.0, "dist": 0.8964853180148079}}, "_child1": {"label": 2, "event": "S", "tstamp": 0.0, "dist": 0.8977212715753262}}}