{"label": 0, "event": null, "tstamp": 1.0, "dist": 0.0, "_child0": {"label": 1, "event": "S", "tstamp": 0.8087804926744482, "dist": 0.19121950732555182, "_child0": {"label": 2, "event": "S", "tstamp": 0.7369557441505132, "dist": 0.07182474852393494, "_child0": {"label": 7, "event": "S", "tstamp": 0.14829948055884926, "dist": 0.588656263591664, "_child0": {"label": 11, "event": "S", "tstamp": 0.08631092705771412, "dist": 0.061988553501135135, "_child0": {"label": 12, "event": "S", "tstamp": 0.0, "dist": 0.08631092705771412}, "_child1": {"label": 13, "event": "S", "tstamp": 0.0, "dist": 0.08631092705771412}}, "_child1": {"label": 10, "event": "S", "tstamp": 0.0, "dist": 0.14829948055884926}}, "_child1": {"label": 6, "event": "S", "tstamp": 0.16065084162342966, "dist": 0.5763049025270836, "_child0": {"label": 15, "event": "S", "tstamp": 0.0, "dist": 0.16065084162342966}, "_child1": {"label": 14, "event": "S", "tstamp": 0.0, "dist": 0.16065084162342966}, "_child2": {"label": 9, "event": "S", "tstamp": 0.0, "dist": 0.16065084162342966}}, "_child2": {"label": 5, "event": "S", "tstamp": 0.0, "dist": 0.7369557441505132}}, "_child1": {"label": 3, "event": "S", "tstamp": 0.0, "dist": 0.8087804926744482}}}