{"label": 1, "event": "S", "reconc": 1, "tstamp": 0.8080933103685941, "transferred": 0, "dist": 0.0, "_child0": {"label": 2, "event": "H", "reconc": [1, 2], "tstamp": 0.7123792890140319, "transferred": 0, "dist": 0.10345858253247525, "_child0": {"label": 4, "event": "S", "reconc": 2, "tstamp": 0.6841636385346157, "transferred": 0, "dist": 0.030498678903255753, "_child0": {"label": 9, "event": "H", "reconc": [2, 5], "tstamp": 0.6039474786328407, "transferred": 1, "dist": 0.13499330469232929, "_child0": {"label": 10, "event": "S", "reconc": 5, "tstamp": 0.5443820807207764, "transferred": 0, "dist": 0.12896481936081702, "_child0": {"label": 16, "event": "S", "reconc": 7, "tstamp": 0.4294156233337411, "transferred": 0, "dist": 0.17030352560153086, "_child0": {"label": 21, "event": "H", "reconc": [7, 9], "tstamp": 0.40406767262328075, "transferred": 0, "dist": 0.04205959826604039, "_child0": {"label": 31, "event": "S", "reconc": 10, "tstamp": 0.0, "transferred": 1, "dist": 0.8110184843026192}, "_child1": {"label": 22, "event": "S", "reconc": 9, "tstamp": 0.0, "transferred": 0, "dist": 0.6704654027836578}}, "_child1": {"label": 24, "event": "S", "reconc": 8, "tstamp": 0.30910446756909726, "transferred": 0, "dist": 0.22655660043044062, "_child0": {"label": 28, "event": "S", "reconc": 11, "tstamp": 0.23888637881576466, "transferred": 0, "dist": 0.17883652882048293, "_child0": {"label": 46, "event": "S", "reconc": 18, "tstamp": 0.0, "transferred": 0, "dist": 2.0893720273022187}, "_child1": {"label": 35, "event": "S", "reconc": 13, "tstamp": 0.18752177106592222, "transferred": 0, "dist": 0.112863645068302, "_child0": {"label": 43, "event": "D", "reconc": [13, 17], "tstamp": 0.11612957086620421, "transferred": 0, "dist": 0.3211634959305762, "_child0": {"label": 49, "event": "H", "reconc": [13, 17], "tstamp": 0.06682476332065798, "transferred": 0, "dist": 0.16022053996295474, "_child0": {"label": 50, "event": "S", "reconc": 17, "tstamp": 0.0, "transferred": 0, "dist": 0.2171532593904147}, "_child1": {"label": 51, "event": "S", "reconc": 4, "tstamp": 0.0, "transferred": 1, "dist": 0.1859482923348805}}, "_child1": {"label": 48, "event": "S", "reconc": 17, "tstamp": 0.0, "transferred": 0, "dist": 0.37095458404443565}}, "_child1": {"label": 42, "event": "S", "reconc": 16, "tstamp": 0.0, "transferred": 0, "dist": 3.609928098331077}}}, "_child1": {"label": 29, "event": "S", "reconc": 10, "tstamp": 0.0, "transferred": 0, "dist": 0.9327595181529718}}}, "_child1": {"label": 17, "event": "S", "reconc": 6, "tstamp": 0.0, "transferred": 0, "dist": 0.7713384030638951}}, "_child1": {"label": 11, "event": "S", "reconc": 3, "tstamp": 0.0, "transferred": 1, "dist": 1.515016973642369}}, "_child1": {"label": 14, "event": "S", "reconc": 7, "tstamp": 0.4294156233337411, "transferred": 0, "dist": 0.33307140537373625, "_child0": {"label": 26, "event": "S", "reconc": 11, "tstamp": 0.23888637881576466, "transferred": 0, "dist": 0.3787775552506057, "_child0": {"label": 32, "event": "S", "reconc": 12, "tstamp": 0.21660263573713953, "transferred": 0, "dist": 0.04942106210429821, "_child0": {"label": 36, "event": "S", "reconc": 14, "tstamp": 0.14268561600167556, "transferred": 0, "dist": 0.15756808084668625, "_child0": {"label": 44, "event": "H", "reconc": [14, 18], "tstamp": 0.047707531684728896, "transferred": 0, "dist": 0.2025679506405509, "_child0": {"label": 52, "event": "S", "reconc": 18, "tstamp": 0.0, "transferred": 0, "dist": 0.1017499667738651}, "_child1": {"label": 53, "event": "S", "reconc": 15, "tstamp": 0.0, "transferred": 1, "dist": 0.3524839751750926}}, "_child1": {"label": 45, "event": "S", "reconc": 19, "tstamp": 0.0, "transferred": 0, "dist": 0.27234180982509965}}, "_child1": {"label": 37, "event": "S", "reconc": 15, "tstamp": 0.0, "transferred": 0, "dist": 0.3960239903750251}}, "_child1": {"label": 33, "event": "S", "reconc": 13, "tstamp": 0.18752177106592222, "transferred": 0, "dist": 0.11261358477934312, "_child0": {"label": 40, "event": "S", "reconc": 16, "tstamp": 0.0, "transferred": 0, "dist": 0.45714442401037425}, "_child1": {"label": 41, "event": "S", "reconc": 17, "tstamp": 0.0, "transferred": 0, "dist": 0.3860053585147472}}}, "_child1": {"label": 19, "event": "S", "reconc": 9, "tstamp": 0.0, "transferred": 0, "dist": 0.6911552317941956}}}, "_child1": {"label": 5, "event": "H", "reconc": [1, 3], "tstamp": 0.0026517870040620242, "transferred": 1, "dist": 1.2717214750329138, "_child0": {"label": 55, "event": "S", "reconc": 15, "tstamp": 0.0, "transferred": 1, "dist": 0.00607925859667072}, "_child1": {"label": 54, "event": "S", "reconc": 3, "tstamp": 0.0, "transferred": 0, "dist": 0.004751590534012441}}}, "_child1": {"label": 13, "event": "S", "reconc": 3, "tstamp": 0.0, "transferred": 0, "dist": 0.9478750531858777}}