{"label": 1, "event": "S", "reconc": 1, "tstamp": 0.8952245852034041, "transferred": 0, "dist": 0.0, "_child0": {"label": 9, "event": "D", "reconc": [1, 8], "tstamp": 0.4940562063371815, "transferred": 0, "dist": 1.1393421230181051, "_child0": {"label": 14, "event": "D", "reconc": [1, 8], "tstamp": 0.41997501598129655, "transferred": 0, "dist": 0.08888244095415411, "_child0": {"label": 15, "event": "H", "reconc": [1, 8], "tstamp": 0.3999717855930124, "transferred": 0, "dist": 0.09050451603900543, "_child0": {"label": 20, "event": "D", "reconc": [3, 5], "tstamp": 0.04388223686517232, "transferred": 1, "dist": 0.3668801933736021, "_child0": {"label": 25, "event": "S", "reconc": 5, "tstamp": 0.0370800570291181, "transferred": 0, "dist": 0.016735923394386985, "_child0": {"label": 29, "event": "S", "reconc": 6, "tstamp": 0.0, "transferred": 0, "dist": 0.05313027396607304}, "_child1": {"label": 30, "event": "S", "reconc": 7, "tstamp": 0.0, "transferred": 0, "dist": 0.0439031515265705}}, "_child1": {"label": 26, "event": "S", "reconc": 5, "tstamp": 0.0370800570291181, "transferred": 0, "dist": 0.011625595965948593, "_child0": {"label": 31, "event": "S", "reconc": 6, "tstamp": 0.0, "transferred": 0, "dist": 0.05323623904573572}, "_child1": {"label": 32, "event": "S", "reconc": 7, "tstamp": 0.0, "transferred": 0, "dist": 0.05148913887156283}}}, "_child1": {"label": 19, "event": "S", "reconc": 8, "tstamp": 0.0, "transferred": 0, "dist": 1.8096703473232119}}, "_child1": {"label": 16, "event": "D", "reconc": [1, 8], "tstamp": 0.24608899257779077, "transferred": 0, "dist": 0.4371639797496298, "_child0": {"label": 24, "event": "S", "reconc": 9, "tstamp": 0.0, "transferred": 1, "dist": 0.24846252468572044}, "_child1": {"label": 22, "event": "S", "reconc": 8, "tstamp": 0.0, "transferred": 0, "dist": 0.2301216712269118}}}, "_child1": {"label": 13, "event": "S", "reconc": 8, "tstamp": 0.0, "transferred": 0, "dist": 0.5188448622730814}}, "_child1": {"label": 18, "event": "S", "reconc": 5, "tstamp": 0.0370800570291181, "transferred": 0, "dist": 0.8908072999925438, "_child0": {"label": 27, "event": "S", "reconc": 6, "tstamp": 0.0, "transferred": 0, "dist": 0.03902763086600272}, "_child1": {"label": 28, "event": "S", "reconc": 7, "tstamp": 0.0, "transferred": 0, "dist": 0.039113245647291406}}}